hgnc_id,gene_symbol,n_patogenica,n_benigna,n_incertidumbre,n_total,prop_patogenica,prop_benigna,prop_incertidumbre
HGNC:10004,RGS9,39,261,275,575,0.06782608695652174,0.4539130434782609,0.4782608695652174
HGNC:10006,RHAG,18,54,105,177,0.1016949152542373,0.3050847457627119,0.5932203389830508
HGNC:10011,RHEB,6,2,16,24,0.25,0.08333333333333333,0.6666666666666666
HGNC:10012,RHO,200,148,314,662,0.3021148036253776,0.22356495468277945,0.4743202416918429
HGNC:10013,GRK1,21,21,63,105,0.2,0.2,0.6
HGNC:10019,RIPK1,26,202,345,573,0.04537521815008726,0.3525305410122164,0.6020942408376964
HGNC:10023,RIT1,37,157,215,409,0.09046454767726161,0.38386308068459657,0.5256723716381418
HGNC:10024,RLBP1,53,196,175,424,0.125,0.46226415094339623,0.41273584905660377
HGNC:10031,RMRP,308,29,540,877,0.35119726339794755,0.0330672748004561,0.6157354618015963
HGNC:10050,RNASEL,4,22,137,163,0.024539877300613498,0.13496932515337423,0.8404907975460123
HGNC:10057,RNF13,7,132,160,299,0.023411371237458192,0.4414715719063545,0.5351170568561873
HGNC:10061,RNF2,1,3,34,38,0.02631578947368421,0.07894736842105263,0.8947368421052632
HGNC:10074,RNH1,0,10,86,96,0,0.10416666666666667,0.8958333333333334
HGNC:1012,OPN1SW,0,116,194,310,0,0.3741935483870968,0.6258064516129033
HGNC:10152,RNU2-2P,21,7,74,102,0.20588235294117646,0.06862745098039216,0.7254901960784313
HGNC:10193,RNU4-2,30,21,37,88,0.3409090909090909,0.23863636363636365,0.42045454545454547
HGNC:1020,BCS1L,140,277,178,595,0.23529411764705882,0.46554621848739497,0.2991596638655462
HGNC:10211,RNU5A-1,0,0,5,5,0,0,1
HGNC:10212,RNU5B-1,2,0,8,10,0.2,0,0.8
HGNC:10227,RNU6-1,1,0,1,2,0.5,0,0.5
HGNC:10249,ROBO1,51,249,417,717,0.07112970711297072,0.3472803347280335,0.5815899581589958
HGNC:10250,ROBO2,0,231,457,688,0,0.33575581395348836,0.6642441860465116
HGNC:10254,ROM1,1,114,276,391,0.0025575447570332483,0.2915601023017903,0.7058823529411765
HGNC:10256,ROR1,0,79,183,262,0,0.3015267175572519,0.6984732824427481
HGNC:10257,ROR2,66,289,559,914,0.07221006564551423,0.3161925601750547,0.611597374179431
HGNC:10258,RORA,47,51,165,263,0.17870722433460076,0.19391634980988592,0.6273764258555133
HGNC:10259,RORB,80,164,262,506,0.15810276679841898,0.3241106719367589,0.5177865612648221
HGNC:10260,RORC,12,185,135,332,0.03614457831325301,0.5572289156626506,0.4066265060240964
HGNC:10263,RP1,339,344,1167,1850,0.18324324324324323,0.18594594594594593,0.6308108108108108
HGNC:10274,RP2,249,124,175,548,0.4543795620437956,0.22627737226277372,0.3193430656934307
HGNC:10288,RP9,2,55,112,169,0.011834319526627219,0.3254437869822485,0.6627218934911243
HGNC:10289,RPA1,2,18,76,96,0.020833333333333332,0.1875,0.7916666666666666
HGNC:10294,RPE65,333,421,369,1123,0.2965271593944791,0.3748886910062333,0.3285841495992876
HGNC:10295,RPGR,804,477,614,1895,0.42427440633245384,0.2517150395778364,0.32401055408970975
HGNC:10297,RPIA,10,47,81,138,0.07246376811594203,0.34057971014492755,0.5869565217391305
HGNC:10298,RPL10,9,23,48,80,0.1125,0.2875,0.6
HGNC:103,CNNM2,56,2422,390,2868,0.019525801952580194,0.8444909344490934,0.13598326359832635
HGNC:10301,RPL11,49,101,78,228,0.2149122807017544,0.44298245614035087,0.34210526315789475
HGNC:10303,RPL13,10,5,41,56,0.17857142857142858,0.08928571428571429,0.7321428571428571
HGNC:10306,RPL15,18,86,85,189,0.09523809523809523,0.455026455026455,0.4497354497354497
HGNC:10307,RPL17,2,0,13,15,0.13333333333333333,0,0.8666666666666667
HGNC:10310,RPL18,1,81,54,136,0.007352941176470588,0.5955882352941176,0.39705882352941174
HGNC:10316,RPL23,0,36,19,55,0,0.6545454545454545,0.34545454545454546
HGNC:10327,RPL26,6,50,39,95,0.06315789473684211,0.5263157894736842,0.4105263157894737
HGNC:10328,RPL27,1,44,35,80,0.0125,0.55,0.4375
HGNC:10334,RPL31,1,43,32,76,0.013157894736842105,0.5657894736842105,0.42105263157894735
HGNC:1034,BECN1,0,4,38,42,0,0.09523809523809523,0.9047619047619048
HGNC:10345,RPL35A,13,61,65,139,0.09352517985611511,0.43884892086330934,0.4676258992805755
HGNC:10351,RPL3L,8,10,121,139,0.05755395683453238,0.07194244604316546,0.8705035971223022
HGNC:10360,RPL5,91,121,148,360,0.25277777777777777,0.33611111111111114,0.4111111111111111
HGNC:10369,RPL9,0,57,48,105,0,0.5428571428571428,0.45714285714285713
HGNC:1037,CFB,13,242,378,633,0.020537124802527645,0.382306477093207,0.5971563981042654
HGNC:10378,MRPL12,1,65,56,122,0.00819672131147541,0.5327868852459017,0.45901639344262296
HGNC:10379,MRPL3,5,72,74,151,0.033112582781456956,0.4768211920529801,0.4900662251655629
HGNC:10383,RPS10,12,89,72,173,0.06936416184971098,0.5144508670520231,0.4161849710982659
HGNC:10388,RPS15,0,7,9,16,0,0.4375,0.5625
HGNC:10397,RPS17,12,13,18,43,0.27906976744186046,0.3023255813953488,0.4186046511627907
HGNC:1040,BFSP1,7,117,145,269,0.026022304832713755,0.4349442379182156,0.5390334572490706
HGNC:10402,RPS19,87,96,110,293,0.29692832764505117,0.32764505119453924,0.37542662116040953
HGNC:10405,RPS20,9,208,156,373,0.024128686327077747,0.5576407506702413,0.41823056300268097
HGNC:1041,BFSP2,3,58,97,158,0.0189873417721519,0.3670886075949367,0.6139240506329114
HGNC:10410,RPS23,2,4,7,13,0.15384615384615385,0.3076923076923077,0.5384615384615384
HGNC:10411,RPS24,20,116,90,226,0.08849557522123894,0.5132743362831859,0.39823008849557523
HGNC:10414,RPS26,37,90,62,189,0.19576719576719576,0.47619047619047616,0.328042328042328
HGNC:10416,RPS27,1,30,18,49,0.02040816326530612,0.6122448979591837,0.3673469387755102
HGNC:10417,RPS27A,0,11,12,23,0,0.4782608695652174,0.5217391304347826
HGNC:10418,RPS28,0,32,8,40,0,0.8,0.2
HGNC:10419,RPS29,4,40,27,71,0.056338028169014086,0.5633802816901409,0.38028169014084506
HGNC:10432,RPS6KA3,247,216,184,647,0.38176197836166925,0.33384853168469864,0.28438948995363217
HGNC:10436,RPS6KB1,0,4,20,24,0,0.16666666666666666,0.8333333333333334
HGNC:10439,RPS6KC1,6,128,231,365,0.01643835616438356,0.3506849315068493,0.6328767123287671
HGNC:1044,BGN,20,179,268,467,0.042826552462526764,0.38329764453961457,0.5738758029978587
HGNC:10440,RPS7,22,114,102,238,0.09243697478991597,0.4789915966386555,0.42857142857142855
HGNC:10445,CNOT9,4,1,23,28,0.14285714285714285,0.03571428571428571,0.8214285714285714
HGNC:10447,RRAS,1,162,197,360,0.002777777777777778,0.45,0.5472222222222223
HGNC:10449,RREB1,4,191,379,574,0.006968641114982578,0.3327526132404181,0.6602787456445993
HGNC:10457,RS1,386,185,150,721,0.5353675450762829,0.2565880721220527,0.20804438280166435
HGNC:10468,RTN2,15,134,202,351,0.042735042735042736,0.3817663817663818,0.5754985754985755
HGNC:10471,RUNX1,283,685,960,1928,0.14678423236514523,0.3552904564315353,0.4979253112033195
HGNC:10472,RUNX2,180,170,316,666,0.2702702702702703,0.2552552552552553,0.4744744744744745
HGNC:10480,RYBP,0,0,3,3,0,0,1
HGNC:10483,RYR1,792,4544,5733,11069,0.07155117896828982,0.41051585509079414,0.5179329659409161
HGNC:10484,RYR2,257,4027,5668,9952,0.02582395498392283,0.4046422829581994,0.5695337620578779
HGNC:10485,RYR3,1,652,1238,1891,5.288207297726071e-4,0.3447911158117398,0.6546800634584876
HGNC:105,CNNM4,48,215,305,568,0.08450704225352113,0.3785211267605634,0.5369718309859155
HGNC:10519,SACS,997,2269,1644,4910,0.20305498981670062,0.46211812627291243,0.33482688391038695
HGNC:1052,BIN1,9,407,414,830,0.010843373493975903,0.4903614457831325,0.4987951807228916
HGNC:10521,SAG,40,188,270,498,0.08032128514056225,0.37751004016064255,0.54216867469879515
HGNC:10524,SALL1,138,208,434,780,0.17692307692307693,0.26666666666666666,0.5564102564102564
HGNC:10526,SALL2,1,53,160,214,0.004672897196261682,0.24766355140186916,0.7476635514018691
HGNC:10535,SAR1B,24,99,58,181,0.13259668508287292,0.5469613259668509,0.32044198895027626
HGNC:10537,SARS,3,14,52,69,0.043478260869565216,0.2028985507246377,0.7536231884057971
HGNC:10541,SATB1,36,29,162,227,0.15859030837004406,0.1277533039647577,0.7136563876651982
HGNC:10542,SBF1,42,1183,904,2129,0.01972757162987318,0.5556599342414279,0.42461249412869895
HGNC:10545,MSMO1,3,41,45,89,0.033707865168539325,0.4606741573033708,0.5056179775280899
HGNC:10547,SC5D,5,71,150,226,0.022123893805309734,0.3141592920353982,0.6637168141592921
HGNC:1057,BLK,3,215,212,430,0.0069767441860465115,0.5,0.4930232558139535
HGNC:1058,BLM,595,1647,3016,5258,0.11316089767972613,0.3132369722327881,0.5736021300874857
HGNC:10582,SCN10A,2,975,1642,2619,7.636502481863307e-4,0.3722794959908362,0.6269568537609774
HGNC:10583,SCN11A,9,618,1071,1698,0.00530035335689046,0.36395759717314485,0.6307420494699647
HGNC:10585,SCN1A,2178,968,2060,5206,0.4183634268152132,0.18593930080676144,0.3956972723780254
HGNC:10586,SCN1B,37,238,432,707,0.05233380480905234,0.33663366336633666,0.611032531824611
HGNC:10588,SCN2A,726,889,1416,3031,0.2395249092708677,0.29330254041570436,0.4671725503134279
HGNC:10590,SCN3A,39,800,1268,2107,0.018509729473184623,0.37968675842429994,0.6018035121025154
HGNC:10591,SCN4A,168,820,1482,2470,0.0680161943319838,0.3319838056680162,0.6
HGNC:10593,SCN5A,556,1584,2721,4861,0.11437975725159433,0.3258588767743263,0.5597613659740794
HGNC:10596,SCN8A,380,893,1256,2529,0.15025701858442073,0.3531039936733887,0.49663898774219056
HGNC:10597,SCN9A,185,909,1931,3025,0.06115702479338843,0.30049586776859505,0.6383471074380165
HGNC:10599,SCNN1A,43,117,282,442,0.09728506787330317,0.2647058823529412,0.6380090497737556
HGNC:10600,SCNN1B,47,129,285,461,0.1019522776572668,0.279826464208243,0.6182212581344902
HGNC:10602,SCNN1G,16,120,217,353,0.0453257790368272,0.33994334277620397,0.6147308781869688
HGNC:10603,SCO1,14,103,156,273,0.05128205128205128,0.3772893772893773,0.5714285714285714
HGNC:10604,SCO2,50,173,209,432,0.11574074074074074,0.40046296296296297,0.4837962962962963
HGNC:10606,SCP2,27,282,208,517,0.05222437137330754,0.5454545454545454,0.402321083172147
HGNC:10618,CCL2,0,2,8,10,0,0.2,0.8
HGNC:10632,CCL5,0,2,9,11,0,0.18181818181818182,0.8181818181818182
HGNC:10648,AIMP1,22,45,85,152,0.14473684210526316,0.29605263157894735,0.5592105263157895
HGNC:10663,NEMF,30,35,139,204,0.14705882352941177,0.1715686274509804,0.6813725490196079
HGNC:10664,CWC27,45,189,177,411,0.10948905109489052,0.45985401459854014,0.4306569343065693
HGNC:1067,BMP1,51,693,327,1071,0.047619047619047616,0.6470588235294118,0.30532212885154064
HGNC:10671,SDCCAG8,94,274,428,796,0.11809045226130653,0.3442211055276382,0.5376884422110553
HGNC:1068,BMP15,13,21,49,83,0.1566265060240964,0.25301204819277107,0.5903614457831325
HGNC:10680,SDHA,340,1147,1846,3333,0.10201020102010201,0.34413441344134416,0.5538553855385538
HGNC:10681,SDHB,307,531,815,1653,0.18572292800967938,0.32123411978221417,0.49304295220810646
HGNC:10682,SDHC,112,386,496,994,0.11267605633802817,0.38832997987927564,0.49899396378269617
HGNC:10683,SDHD,165,281,482,928,0.17780172413793102,0.30280172413793105,0.5193965517241379
HGNC:1069,BMP2,37,56,154,247,0.14979757085020243,0.22672064777327935,0.6234817813765182
HGNC:10701,SEC23A,3,112,131,246,0.012195121951219513,0.45528455284552843,0.532520325203252
HGNC:10702,SEC23B,98,439,257,794,0.12342569269521411,0.552896725440806,0.3236775818639798
HGNC:10706,SEC24D,44,313,251,608,0.07236842105263158,0.5148026315789473,0.4128289473684211
HGNC:1071,BMP4,28,78,207,313,0.08945686900958466,0.24920127795527156,0.6613418530351438
HGNC:10717,SEL1L,1,4,84,89,0.011235955056179775,0.0449438202247191,0.9438202247191011
HGNC:10723,SEMA3A,11,172,196,379,0.029023746701846966,0.45382585751978893,0.5171503957783641
HGNC:10725,SEMA3C,0,89,159,248,0,0.3588709677419355,0.6411290322580645
HGNC:10726,SEMA3D,1,98,169,268,0.0037313432835820895,0.3656716417910448,0.6305970149253731
HGNC:10727,SEMA3E,2,422,476,900,0.0022222222222222222,0.4688888888888889,0.5288888888888889
HGNC:10728,SEMA3F,0,120,193,313,0,0.38338658146964855,0.6166134185303515
HGNC:10729,SEMA4A,4,232,436,672,0.005952380952380952,0.34523809523809523,0.6488095238095238
HGNC:1073,BMP6,1,30,95,126,0.007936507936507936,0.23809523809523808,0.753968253968254
HGNC:10739,SEMA6B,29,89,225,343,0.08454810495626822,0.2594752186588921,0.6559766763848397
HGNC:1074,BMP7,2,58,71,131,0.015267175572519083,0.44274809160305345,0.5419847328244275
HGNC:1076,BMPR1A,326,1010,1412,2748,0.11863173216885008,0.3675400291120815,0.5138282387190685
HGNC:10760,SET,57,29,52,138,0.41304347826086957,0.21014492753623187,0.37681159420289856
HGNC:10768,SF3B1,4,23,48,75,0.05333333333333334,0.30666666666666664,0.64
HGNC:10769,SF3B2,9,15,100,124,0.07258064516129033,0.12096774193548387,0.8064516129032258
HGNC:1077,BMPR1B,19,179,229,427,0.04449648711943794,0.41920374707259955,0.5362997658079626
HGNC:10771,SF3B4,49,53,53,155,0.3161290322580645,0.3419354838709677,0.3419354838709677
HGNC:10778,SFRP4,16,73,83,172,0.09302325581395349,0.42441860465116277,0.48255813953488375
HGNC:1078,BMPR2,539,608,1032,2179,0.24736117485084902,0.27902707664066084,0.47361174850849014
HGNC:10780,SRSF1,18,0,21,39,0.46153846153846156,0,0.5384615384615384
HGNC:10781,TRA2B,6,1,23,30,0.2,0.03333333333333333,0.7666666666666667
HGNC:10798,SFTPA1,4,46,52,102,0.0392156862745098,0.45098039215686275,0.5098039215686274
HGNC:10799,SFTPA2,6,51,51,108,0.05555555555555555,0.4722222222222222,0.4722222222222222
HGNC:10801,SFTPB,19,104,124,247,0.07692307692307693,0.42105263157894735,0.5020242914979757
HGNC:10802,SFTPC,29,75,100,204,0.14215686274509803,0.36764705882352944,0.49019607843137253
HGNC:10805,SGCA,200,354,294,848,0.2358490566037736,0.41745283018867924,0.3466981132075472
HGNC:10806,SGCB,132,236,273,641,0.2059282371294852,0.36817472698907955,0.42589703588143524
HGNC:10807,SGCD,51,380,389,820,0.06219512195121951,0.4634146341463415,0.474390243902439
HGNC:10808,SGCE,167,219,370,756,0.2208994708994709,0.2896825396825397,0.4894179894179894
HGNC:10809,SGCG,114,268,229,611,0.18657937806873978,0.4386252045826514,0.37479541734860883
HGNC:10817,SGPL1,29,189,137,355,0.08169014084507042,0.53239436619718306,0.38591549295774646
HGNC:10818,SGSH,211,517,417,1145,0.18427947598253275,0.451528384279476,0.36419213973799125
HGNC:1082,BNIP1,0,0,49,49,0,0,1
HGNC:10820,SH2D1A,132,58,70,260,0.5076923076923077,0.2230769230769231,0.2692307692307692
HGNC:10825,SH3BP2,10,410,445,865,0.011560693641618497,0.47398843930635837,0.5144508670520231
HGNC:10847,FBXW4,0,34,107,141,0,0.24113475177304963,0.7588652482269503
HGNC:10848,SHH,170,190,354,714,0.23809523809523808,0.2661064425770308,0.4957983193277311
HGNC:10852,SHMT2,3,17,70,90,0.03333333333333333,0.18888888888888888,0.7777777777777778
HGNC:10853,SHOX,232,114,345,691,0.3357452966714906,0.1649782923299566,0.4992764109985528
HGNC:10856,SI,164,663,862,1689,0.09709887507400829,0.3925399644760213,0.5103611604499704
HGNC:10857,SIAH1,21,9,37,67,0.31343283582089554,0.13432835820895522,0.5522388059701493
HGNC:10866,ST3GAL3,22,205,175,402,0.05472636815920398,0.5099502487562189,0.43532338308457713
HGNC:10872,ST3GAL5,52,231,219,502,0.10358565737051793,0.4601593625498008,0.4362549800796813
HGNC:10879,STIL,29,150,282,461,0.06290672451193059,0.32537960954446854,0.6117136659436009
HGNC:10882,SIM1,12,141,305,458,0.026200873362445413,0.3078602620087336,0.665938864628821
HGNC:10887,SIX1,28,76,173,277,0.10108303249097472,0.2743682310469314,0.6245487364620939
HGNC:10888,SIX2,1,47,70,118,0.00847457627118644,0.3983050847457627,0.5932203389830508
HGNC:10889,SIX3,37,89,152,278,0.13309352517985612,0.32014388489208634,0.5467625899280576
HGNC:10891,SIX5,2,203,387,592,0.0033783783783783786,0.34290540540540543,0.6537162162162162
HGNC:10892,SIX6,8,57,88,153,0.05228758169934641,0.37254901960784315,0.5751633986928104
HGNC:10896,SKI,32,673,748,1453,0.02202339986235375,0.4631796283551273,0.5147969717825189
HGNC:10898,SKIV2L,143,642,440,1225,0.11673469387755102,0.5240816326530612,0.35918367346938773
HGNC:1090,DST,199,1506,2396,4101,0.04852475006096074,0.3672275054864667,0.5842477444525725
HGNC:10906,SLC10A2,3,119,295,417,0.007194244604316547,0.2853717026378897,0.7074340527577938
HGNC:10908,SLC11A2,8,50,104,162,0.04938271604938271,0.30864197530864196,0.6419753086419753
HGNC:10909,SLC40A1,41,138,149,328,0.125,0.42073170731707316,0.45426829268292684
HGNC:10910,SLC12A1,133,528,431,1092,0.12179487179487179,0.4835164835164835,0.3946886446886447
HGNC:10911,SLC12A2,33,228,418,679,0.048600883652430045,0.33578792341678937,0.6156111929307806
HGNC:10912,SLC12A3,458,972,607,2037,0.22484045164457536,0.47717231222385864,0.297987236131566
HGNC:10914,SLC12A6,237,917,633,1787,0.13262451035254616,0.5131505316172356,0.35422495803021825
HGNC:10916,SLC13A1,4,17,69,90,0.044444444444444446,0.18888888888888888,0.7666666666666667
HGNC:1092,FOXL2,191,33,100,324,0.5895061728395061,0.10185185185185185,0.30864197530864196
HGNC:10922,SLC16A1,24,117,217,358,0.0670391061452514,0.3268156424581006,0.6061452513966481
HGNC:10923,SLC16A2,175,134,204,513,0.341130604288499,0.26120857699805067,0.39766081871345027
HGNC:1093,BPGM,4,14,35,53,0.07547169811320754,0.2641509433962264,0.660377358490566
HGNC:10933,SLC17A5,155,351,239,745,0.2080536912751678,0.47114093959731546,0.3208053691275168
HGNC:10935,SLC18A2,14,133,101,248,0.056451612903225805,0.5362903225806451,0.40725806451612906
HGNC:10936,SLC18A3,4,111,190,305,0.013114754098360656,0.3639344262295082,0.6229508196721312
HGNC:10937,SLC19A1,6,108,131,245,0.024489795918367346,0.44081632653061226,0.5346938775510204
HGNC:10938,SLC19A2,60,236,215,511,0.11741682974559686,0.461839530332681,0.4207436399217221
HGNC:10939,SLC1A1,2,65,167,234,0.008547008547008548,0.2777777777777778,0.7136752136752137
HGNC:10940,SLC1A2,12,292,237,541,0.022181146025878003,0.5397412199630314,0.43807763401109057
HGNC:10941,SLC1A3,2,127,200,329,0.0060790273556231,0.3860182370820669,0.60790273556231
HGNC:10942,SLC1A4,34,281,127,442,0.07692307692307693,0.6357466063348416,0.2873303167420814
HGNC:10946,SLC20A1,0,9,73,82,0,0.10975609756097561,0.8902439024390244
HGNC:10947,SLC20A2,87,131,223,441,0.19727891156462585,0.29705215419501135,0.5056689342403629
HGNC:10955,SLCO2A1,64,169,144,377,0.16976127320954906,0.4482758620689655,0.3819628647214854
HGNC:10969,SLC22A5,287,520,522,1329,0.21595184349134688,0.39127163280662153,0.3927765237020316
HGNC:1097,BRAF,130,672,734,1536,0.08463541666666667,0.4375,0.4778645833333333
HGNC:10975,SLC24A1,46,238,489,773,0.059508408796895215,0.3078913324708926,0.6326002587322122
HGNC:10978,SLC24A4,5,69,98,172,0.029069767441860465,0.4011627906976744,0.5697674418604651
HGNC:10979,SLC25A1,24,107,96,227,0.10572687224669604,0.4713656387665198,0.42290748898678415
HGNC:10982,SLC25A12,22,285,240,547,0.04021937842778794,0.5210237659963437,0.43875685557586835
HGNC:10983,SLC25A13,213,467,302,982,0.21690427698574338,0.4755600814663951,0.3075356415478615
HGNC:10985,SLC25A15,83,239,174,496,0.16733870967741934,0.48185483870967744,0.35080645161290325
HGNC:10989,SLC25A3,12,133,96,241,0.04979253112033195,0.5518672199170125,0.3983402489626556
HGNC:10990,SLC25A4,23,120,161,304,0.0756578947368421,0.39473684210526316,0.5296052631578947
HGNC:10994,SLC26A2,242,318,387,947,0.2555438225976769,0.3357972544878564,0.40865892291446676
HGNC:10998,SLC27A4,51,341,139,531,0.096045197740113,0.6421845574387948,0.2617702448210923
HGNC:1100,BRCA1,4308,3731,5433,13472,0.31977434679334915,0.2769447743467934,0.4032808788598575
HGNC:11005,SLC2A1,354,358,535,1247,0.2838813151563753,0.28708901363271855,0.4290296712109062
HGNC:11006,SLC2A2,58,147,177,382,0.1518324607329843,0.38481675392670156,0.46335078534031415
HGNC:1101,BRCA2,5773,5861,10013,21647,0.26668822469626274,0.27075345313438354,0.4625583221693537
HGNC:11013,SLC30A2,5,5,46,56,0.08928571428571429,0.08928571428571429,0.8214285714285714
HGNC:11016,SLC31A1,2,4,18,24,0.08333333333333333,0.16666666666666666,0.75
HGNC:11018,SLC32A1,6,6,88,100,0.06,0.06,0.88
HGNC:11019,SLC34A1,56,197,323,576,0.09722222222222222,0.3420138888888889,0.5607638888888888
HGNC:11020,SLC34A2,19,75,115,209,0.09090909090909091,0.3588516746411483,0.5502392344497608
HGNC:11021,SLC35A1,4,68,46,118,0.03389830508474576,0.576271186440678,0.3898305084745763
HGNC:11022,SLC35A2,136,167,145,448,0.30357142857142855,0.37276785714285715,0.3236607142857143
HGNC:11023,SLC35A3,51,207,95,353,0.14447592067988668,0.5864022662889519,0.26912181303116145
HGNC:11025,SLC3A1,141,120,360,621,0.22705314009661837,0.1932367149758454,0.5797101449275363
HGNC:11027,SLC4A1,235,232,548,1015,0.2315270935960591,0.22857142857142856,0.5399014778325123
HGNC:11029,SLC4A3,2,67,223,292,0.00684931506849315,0.22945205479452055,0.7636986301369864
HGNC:11030,SLC4A4,17,173,271,461,0.0368763557483731,0.3752711496746204,0.5878524945770065
HGNC:11036,SLC5A1,45,240,253,538,0.08364312267657993,0.44609665427509293,0.47026022304832715
HGNC:11037,SLC5A2,56,21,307,384,0.14583333333333334,0.0546875,0.7994791666666666
HGNC:11040,SLC5A5,51,363,150,564,0.09042553191489362,0.6436170212765957,0.26595744680851063
HGNC:11041,SLC5A6,14,37,75,126,0.1111111111111111,0.29365079365079366,0.5952380952380952
HGNC:11042,SLC6A1,209,456,389,1054,0.198292220113852,0.43263757115749524,0.36907020872865276
HGNC:11049,SLC6A3,18,364,180,562,0.03202846975088968,0.6476868327402135,0.3202846975088968
HGNC:11051,SLC6A5,69,443,373,885,0.07796610169491526,0.5005649717514125,0.4214689265536723
HGNC:11052,SLC6A6,3,8,65,76,0.039473684210526314,0.10526315789473684,0.8552631578947368
HGNC:11055,SLC6A8,305,679,374,1358,0.22459499263622976,0.5,0.27540500736377027
HGNC:11056,SLC6A9,14,203,155,372,0.03763440860215054,0.5456989247311828,0.4166666666666667
HGNC:11065,SLC7A7,158,417,321,896,0.17633928571428573,0.4654017857142857,0.35825892857142855
HGNC:11067,SLC7A9,89,153,218,460,0.1934782608695652,0.33260869565217394,0.47391304347826085
HGNC:11071,SLC9A1,6,116,134,256,0.0234375,0.453125,0.5234375
HGNC:11073,SLC9A3,24,515,275,814,0.029484029484029485,0.6326781326781327,0.33783783783783783
HGNC:11075,SLC9A3R1,0,71,139,210,0,0.3380952380952381,0.6619047619047619
HGNC:11079,SLC9A6,153,277,283,713,0.21458625525946703,0.3884992987377279,0.39691444600280507
HGNC:11086,SLIT2,2,191,258,451,0.004434589800443459,0.42350332594235035,0.5720620842572062
HGNC:11094,SNAI2,0,38,70,108,0,0.35185185185185186,0.6481481481481481
HGNC:11097,SMARCA1,17,19,140,176,0.09659090909090909,0.10795454545454546,0.7954545454545454
HGNC:11098,SMARCA2,122,793,603,1518,0.08036890645586298,0.5223978919631094,0.39723320158102765
HGNC:11100,SMARCA4,347,2993,3322,6662,0.05208646052236566,0.4492644851395977,0.49864905433803663
HGNC:11101,SMARCA5,9,10,118,137,0.06569343065693431,0.072992700729927,0.8613138686131386
HGNC:11102,SMARCAL1,167,688,489,1344,0.12425595238095238,0.5119047619047619,0.3638392857142857
HGNC:11103,SMARCB1,140,613,653,1406,0.09957325746799431,0.4359886201991465,0.4644381223328592
HGNC:11104,SMARCC1,12,30,163,205,0.05853658536585366,0.14634146341463414,0.7951219512195122
HGNC:11105,SMARCC2,59,81,305,445,0.13258426966292136,0.18202247191011237,0.6853932584269663
HGNC:11106,SMARCD1,9,22,92,123,0.07317073170731707,0.17886178861788618,0.7479674796747967
HGNC:11107,SMARCD2,28,219,156,403,0.06947890818858561,0.543424317617866,0.3870967741935484
HGNC:11109,SMARCE1,82,466,650,1198,0.06844741235392321,0.38898163606010017,0.5425709515859767
HGNC:11110,ARID1A,149,817,886,1852,0.08045356371490281,0.44114470842332615,0.47840172786177104
HGNC:11111,SMC1A,294,449,439,1182,0.24873096446700507,0.37986463620981387,0.37140439932318103
HGNC:11114,KDM5C,264,388,461,1113,0.2371967654986523,0.34860736747529203,0.4141958670260557
HGNC:11117,SMN1,84,52,64,200,0.42,0.26,0.32
HGNC:11119,SMO,11,74,138,223,0.04932735426008968,0.33183856502242154,0.6188340807174888
HGNC:11120,SMPD1,386,419,393,1198,0.32220367278797996,0.34974958263772954,0.3280467445742905
HGNC:11122,SMPX,24,27,38,89,0.2696629213483146,0.30337078651685395,0.42696629213483145
HGNC:11123,SMS,112,61,108,281,0.398576512455516,0.21708185053380782,0.38434163701067614
HGNC:11132,SNAP25,27,136,89,252,0.10714285714285714,0.5396825396825397,0.3531746031746032
HGNC:11133,SNAP29,24,162,173,359,0.06685236768802229,0.45125348189415043,0.4818941504178273
HGNC:11137,SNAPC4,11,57,335,403,0.02729528535980149,0.141439205955335,0.8312655086848635
HGNC:11138,SNCA,9,76,85,170,0.052941176470588235,0.4470588235294118,0.5
HGNC:11140,SNCB,1,10,12,23,0.043478260869565216,0.43478260869565216,0.5217391304347826
HGNC:11142,SIK1,8,538,552,1098,0.007285974499089253,0.4899817850637523,0.5027322404371585
HGNC:11153,SNRPB,8,78,75,161,0.049689440993788817,0.484472049689441,0.4658385093167702
HGNC:11161,SNRPE,4,6,11,21,0.19047619047619047,0.2857142857142857,0.5238095238095238
HGNC:1117,BSN,6,88,697,791,0.007585335018963337,0.11125158027812895,0.8811630847029077
HGNC:11179,SOD1,135,81,104,320,0.421875,0.253125,0.325
HGNC:11182,CAPN15,8,104,262,374,0.0213903743315508,0.27807486631016043,0.7005347593582888
HGNC:11183,SON,187,788,832,1807,0.10348644161593802,0.436081903707803,0.460431654676259
HGNC:11184,SORD,11,56,77,144,0.0763888888888889,0.3888888888888889,0.5347222222222222
HGNC:11185,SORL1,26,346,590,962,0.02702702702702703,0.3596673596673597,0.6133056133056133
HGNC:11187,SOS1,73,870,1258,2201,0.033166742389822805,0.3952748750567924,0.5715583825533849
HGNC:11188,SOS2,13,960,1071,2044,0.006360078277886497,0.46966731898238745,0.523972602739726
HGNC:11190,SOX10,247,134,205,586,0.42150170648464164,0.22866894197952217,0.34982935153583616
HGNC:11191,SOX11,100,113,252,465,0.21505376344086022,0.24301075268817204,0.5419354838709678
HGNC:11194,SOX18,8,54,163,225,0.035555555555555556,0.24,0.7244444444444444
HGNC:11195,SOX2,123,62,116,301,0.40863787375415284,0.2059800664451827,0.3853820598006645
HGNC:11199,SOX3,98,46,90,234,0.4188034188034188,0.19658119658119658,0.38461538461538464
HGNC:11200,SOX4,28,48,202,278,0.10071942446043165,0.17266187050359713,0.7266187050359713
HGNC:11201,SOX5,104,57,176,337,0.3086053412462908,0.16913946587537093,0.5222551928783383
HGNC:11204,SOX9,149,163,225,537,0.2774674115456238,0.30353817504655495,0.41899441340782123
HGNC:11212,SPAG1,70,273,255,598,0.11705685618729098,0.45652173913043476,0.42642140468227424
HGNC:11219,SPARC,4,158,95,257,0.01556420233463035,0.6147859922178989,0.36964980544747084
HGNC:1122,BTD,255,244,276,775,0.32903225806451614,0.31483870967741934,0.3561290322580645
HGNC:11226,SPG11,577,1471,1636,3684,0.1566232356134636,0.3992942453854506,0.44408251900108575
HGNC:11231,ATL1,92,231,350,673,0.13670133729569092,0.34323922734026746,0.5200594353640416
HGNC:11233,SPAST,681,317,532,1530,0.44509803921568625,0.20718954248366014,0.3477124183006536
HGNC:11237,SPG7,195,429,611,1235,0.15789473684210525,0.3473684210526316,0.49473684210526314
HGNC:11241,SPI1,25,113,34,172,0.14534883720930233,0.6569767441860465,0.19767441860465115
HGNC:11244,SPINK1,20,98,130,248,0.08064516129032258,0.3951612903225806,0.5241935483870968
HGNC:11247,SPINT2,17,122,62,201,0.0845771144278607,0.6069651741293532,0.30845771144278605
HGNC:11254,SPOP,12,13,205,230,0.05217391304347826,0.05652173913043478,0.8913043478260869
HGNC:11256,SPP2,1,85,126,212,0.0047169811320754715,0.4009433962264151,0.5943396226415094
HGNC:11257,SPR,36,122,124,282,0.1276595744680851,0.4326241134751773,0.4397163120567376
HGNC:11269,SPRY1,1,10,55,66,0.015151515151515152,0.15151515151515152,0.8333333333333334
HGNC:11272,SPTA1,216,333,1040,1589,0.13593455003146634,0.20956576463184393,0.6544996853366898
HGNC:11273,SPTAN1,153,1579,1520,3252,0.0470479704797048,0.4855473554735547,0.46740467404674046
HGNC:11274,SPTB,565,313,796,1674,0.3375149342891278,0.1869772998805257,0.4755077658303465
HGNC:11275,SPTBN1,68,101,537,706,0.09631728045325778,0.14305949008498584,0.7606232294617564
HGNC:11276,SPTBN2,59,496,825,1380,0.042753623188405795,0.35942028985507246,0.5978260869565217
HGNC:11277,SPTLC1,14,203,319,536,0.026119402985074626,0.3787313432835821,0.5951492537313433
HGNC:11278,SPTLC2,10,316,359,685,0.014598540145985401,0.46131386861313867,0.5240875912408759
HGNC:11280,SQSTM1,59,352,499,910,0.06483516483516484,0.3868131868131868,0.5483516483516484
HGNC:11283,SRC,2,48,43,93,0.021505376344086023,0.5161290322580645,0.46236559139784944
HGNC:11285,SRD5A2,97,145,72,314,0.3089171974522293,0.46178343949044587,0.22929936305732485
HGNC:11289,SREBF1,6,30,166,202,0.0297029702970297,0.1485148514851485,0.8217821782178217
HGNC:11290,SREBF2,0,55,173,228,0,0.2412280701754386,0.7587719298245614
HGNC:11300,SRP19,1,5,20,26,0.038461538461538464,0.19230769230769232,0.7692307692307693
HGNC:11301,SRP54,7,200,142,349,0.02005730659025788,0.5730659025787965,0.4068767908309456
HGNC:11303,SRP72,0,482,840,1322,0,0.36459909228441756,0.6354009077155824
HGNC:11307,SRPRA,1,7,12,20,0.05,0.35,0.6
HGNC:11311,SRY,63,6,23,92,0.6847826086956522,0.06521739130434782,0.25
HGNC:11317,SSBP1,4,3,19,26,0.15384615384615385,0.11538461538461539,0.7307692307692307
HGNC:11325,SSR3,1,19,25,45,0.022222222222222223,0.4222222222222222,0.5555555555555556
HGNC:11326,SSR4,17,57,57,131,0.1297709923664122,0.4351145038167939,0.4351145038167939
HGNC:1133,BTK,429,275,219,923,0.4647887323943662,0.2979414951245937,0.2372697724810401
HGNC:11344,ST14,15,138,127,280,0.05357142857142857,0.4928571428571429,0.45357142857142857
HGNC:11354,STAG1,62,284,333,679,0.09131075110456553,0.4182621502209131,0.49042709867452133
HGNC:11355,STAG2,134,374,334,842,0.15914489311163896,0.44418052256532065,0.39667458432304037
HGNC:11356,STAG3,29,66,151,246,0.11788617886178862,0.2682926829268293,0.6138211382113821
HGNC:11359,STAR,113,206,152,471,0.23991507430997877,0.43736730360934184,0.3227176220806794
HGNC:11362,STAT1,103,369,297,769,0.13394018205461639,0.4798439531859558,0.3862158647594278
HGNC:11363,STAT2,35,284,248,567,0.06172839506172839,0.5008818342151675,0.43738977072310403
HGNC:11364,STAT3,102,440,374,916,0.11135371179039301,0.48034934497816595,0.40829694323144106
HGNC:11365,STAT4,2,279,236,517,0.0038684719535783366,0.539651837524178,0.4564796905222437
HGNC:11367,STAT5B,32,266,296,594,0.05387205387205387,0.4478114478114478,0.4983164983164983
HGNC:11368,STAT6,6,17,99,122,0.04918032786885246,0.13934426229508196,0.8114754098360656
HGNC:11386,STIM1,37,366,500,903,0.04097452934662237,0.4053156146179402,0.5537098560354374
HGNC:11389,STK11,424,1116,1499,3039,0.13951957880881868,0.36722606120434353,0.49325435998683775
HGNC:11397,PLK4,34,290,377,701,0.04850213980028531,0.4136947218259629,0.5378031383737518
HGNC:11402,SRPK3,5,18,137,160,0.03125,0.1125,0.85625
HGNC:11405,BRSK2,35,117,180,332,0.10542168674698796,0.35240963855421686,0.54216867469879515
HGNC:11408,STK4,19,148,131,298,0.06375838926174497,0.49664429530201343,0.4395973154362416
HGNC:11411,CDKL5,688,531,480,1699,0.4049440847557387,0.3125367863449088,0.28251912889935255
HGNC:11425,STS,157,95,111,363,0.4325068870523416,0.26170798898071623,0.30578512396694213
HGNC:11427,STUB1,50,91,139,280,0.17857142857142858,0.325,0.49642857142857144
HGNC:11429,STX11,32,165,219,416,0.07692307692307693,0.39663461538461536,0.5264423076923077
HGNC:11431,STX16,3,114,178,295,0.010169491525423728,0.3864406779661017,0.6033898305084746
HGNC:11433,STX1A,6,16,26,48,0.125,0.3333333333333333,0.5416666666666666
HGNC:11438,STX3,12,126,90,228,0.05263157894736842,0.5526315789473685,0.39473684210526316
HGNC:11439,STX4,1,3,25,29,0.034482758620689655,0.10344827586206896,0.8620689655172413
HGNC:1144,BTRC,1,35,79,115,0.008695652173913044,0.30434782608695654,0.6869565217391305
HGNC:11440,STX5,0,1,32,33,0,0.030303030303030304,0.9696969696969697
HGNC:11444,STXBP1,427,496,368,1291,0.3307513555383424,0.3841982958946553,0.28505034856700234
HGNC:11445,STXBP2,101,674,456,1231,0.08204711616571893,0.5475223395613322,0.3704305442729488
HGNC:11446,STXBP3,3,2,61,66,0.045454545454545456,0.030303030303030304,0.9242424242424242
HGNC:11448,SUCLA2,36,231,215,482,0.07468879668049792,0.47925311203319504,0.4460580912863071
HGNC:11449,SUCLG1,32,177,158,367,0.08719346049046321,0.4822888283378747,0.4305177111716621
HGNC:11459,SULT2B1,7,38,61,106,0.0660377358490566,0.3584905660377358,0.5754716981132075
HGNC:11460,SUOX,79,205,229,513,0.1539961013645224,0.3996101364522417,0.44639376218323584
HGNC:11465,SUPT16H,10,25,153,188,0.05319148936170213,0.13297872340425532,0.8138297872340425
HGNC:11471,SUPV3L1,0,6,98,104,0,0.057692307692307696,0.9423076923076923
HGNC:11474,SURF1,179,383,245,807,0.2218091697645601,0.4745972738537794,0.30359355638166047
HGNC:1148,BUB1,6,523,986,1515,0.0039603960396039604,0.3452145214521452,0.6508250825082508
HGNC:11480,SVIL,8,180,348,536,0.014925373134328358,0.3358208955223881,0.6492537313432836
HGNC:1149,BUB1B,84,844,1529,2457,0.03418803418803419,0.34350834350834353,0.6223036223036224
HGNC:11491,SYK,3,42,48,93,0.03225806451612903,0.45161290322580644,0.5161290322580645
HGNC:11494,SYN1,140,243,336,719,0.19471488178025034,0.3379694019471488,0.4673157162726008
HGNC:11497,SYNGAP1,448,756,708,1912,0.23430962343096234,0.39539748953974896,0.3702928870292887
HGNC:11503,SYNJ1,56,738,756,1550,0.03612903225806452,0.4761290322580645,0.48774193548387096
HGNC:11506,SYP,89,20,77,186,0.478494623655914,0.10752688172043011,0.41397849462365593
HGNC:11509,SYT1,23,19,68,110,0.20909090909090908,0.17272727272727273,0.6181818181818182
HGNC:11510,SYT2,18,144,171,333,0.05405405405405406,0.43243243243243246,0.5135135135135135
HGNC:11515,T,2,14,39,55,0.03636363636363636,0.2545454545454545,0.7090909090909091
HGNC:1152,BVES,11,43,58,112,0.09821428571428571,0.38392857142857145,0.5178571428571429
HGNC:11521,TAC3,4,14,24,42,0.09523809523809523,0.3333333333333333,0.5714285714285714
HGNC:11528,TACR3,19,60,101,180,0.10555555555555556,0.3333333333333333,0.5611111111111111
HGNC:11529,EPCAM,80,363,571,1014,0.07889546351084813,0.35798816568047337,0.5631163708086785
HGNC:11530,TACSTD2,11,26,82,119,0.09243697478991597,0.2184873949579832,0.6890756302521008
HGNC:11532,TAF1A,0,6,46,52,0,0.11538461538461539,0.8846153846153846
HGNC:11534,TAF1C,0,29,204,233,0,0.12446351931330472,0.8755364806866953
HGNC:11535,TAF1,40,308,432,780,0.05128205128205128,0.39487179487179486,0.5538461538461539
HGNC:11536,TAF2,5,155,178,338,0.014792899408284023,0.45857988165680474,0.5266272189349113
HGNC:11537,TAF4,25,56,240,321,0.0778816199376947,0.17445482866043613,0.7476635514018691
HGNC:11540,TAF6,5,90,112,207,0.024154589371980676,0.43478260869565216,0.5410628019323671
HGNC:11546,TAF13,10,5,10,25,0.4,0.2,0.4
HGNC:11551,BRF1,13,95,136,244,0.05327868852459016,0.38934426229508196,0.5573770491803278
HGNC:11559,TALDO1,28,134,142,304,0.09210526315789473,0.4407894736842105,0.46710526315789475
HGNC:11566,TAPBP,2,145,231,378,0.005291005291005291,0.3835978835978836,0.6111111111111112
HGNC:11571,TARDBP,25,119,146,290,0.08620689655172414,0.4103448275862069,0.503448275862069
HGNC:11572,TARS,5,26,115,146,0.03424657534246575,0.1780821917808219,0.7876712328767124
HGNC:11573,TAT,67,298,106,471,0.14225053078556263,0.6326963906581741,0.22505307855626328
HGNC:11577,TAZ,103,229,237,569,0.18101933216168717,0.4024604569420035,0.4165202108963093
HGNC:11578,TBC1D1,0,54,179,233,0,0.2317596566523605,0.7682403433476395
HGNC:11581,TBCD,95,951,363,1409,0.06742370475514549,0.6749467707594038,0.2576295244854507
HGNC:11582,TBCE,64,378,196,638,0.10031347962382445,0.5924764890282131,0.3072100313479624
HGNC:11584,TBK1,85,227,290,602,0.14119601328903655,0.3770764119601329,0.48172757475083056
HGNC:11585,TBL1X,1,24,88,113,0.008849557522123894,0.21238938053097345,0.7787610619469026
HGNC:11590,TBR1,82,49,209,340,0.2411764705882353,0.14411764705882352,0.6147058823529412
HGNC:11592,TBX1,251,488,660,1399,0.17941386704789136,0.3488205861329521,0.47176554681915656
HGNC:11594,TBX15,4,124,109,237,0.016877637130801686,0.5232067510548524,0.459915611814346
HGNC:11595,TBX18,6,88,159,253,0.023715415019762844,0.34782608695652173,0.6284584980237155
HGNC:11596,TBX19,26,75,118,219,0.1187214611872146,0.3424657534246575,0.5388127853881278
HGNC:11597,TBX2,10,46,125,181,0.055248618784530384,0.2541436464088398,0.6906077348066298
HGNC:11598,TBX20,52,270,447,769,0.06762028608582575,0.3511053315994798,0.5812743823146944
HGNC:11599,TBX21,1,11,67,79,0.012658227848101266,0.13924050632911392,0.8481012658227848
HGNC:1160,TWNK,84,180,408,672,0.125,0.26785714285714285,0.6071428571428571
HGNC:11600,TBX22,80,43,79,202,0.39603960396039606,0.21287128712871287,0.3910891089108911
HGNC:11602,TBX3,43,286,387,716,0.06005586592178771,0.3994413407821229,0.5405027932960894
HGNC:11603,TBX4,75,93,164,332,0.22590361445783133,0.28012048192771083,0.4939759036144578
HGNC:11604,TBX5,200,292,373,865,0.23121387283236994,0.3375722543352601,0.43121387283236995
HGNC:11605,TBX6,25,105,201,331,0.0755287009063444,0.31722054380664655,0.6072507552870091
HGNC:11608,TBXA2R,4,95,152,251,0.01593625498007968,0.3784860557768924,0.6055776892430279
HGNC:11609,TBXAS1,25,158,184,367,0.0681198910081744,0.4305177111716621,0.5013623978201635
HGNC:1161,CEP55,12,39,74,125,0.096,0.312,0.592
HGNC:11610,TCAP,35,113,239,387,0.09043927648578812,0.29198966408268734,0.6175710594315246
HGNC:11616,TCEAL1,12,4,21,37,0.32432432432432434,0.10810810810810811,0.5675675675675675
HGNC:1162,FRA10AC1,12,4,43,59,0.2033898305084746,0.06779661016949153,0.7288135593220338
HGNC:11621,HNF1A,400,325,504,1229,0.32546786004882017,0.2644426362896664,0.4100895036615134
HGNC:11623,TCF12,144,141,267,552,0.2608695652173913,0.2554347826086957,0.483695652173913
HGNC:11630,HNF1B,339,236,397,972,0.3487654320987654,0.24279835390946503,0.40843621399176955
HGNC:11631,TCF20,156,465,715,1336,0.11676646706586827,0.34805389221556887,0.5351796407185628
HGNC:11633,TCF3,33,564,588,1185,0.027848101265822784,0.4759493670886076,0.4962025316455696
HGNC:11634,TCF4,326,513,463,1302,0.25038402457757297,0.39400921658986177,0.35560675883256526
HGNC:11640,TCF7L1,0,14,84,98,0,0.14285714285714285,0.8571428571428571
HGNC:11641,TCF7L2,26,92,110,228,0.11403508771929824,0.40350877192982454,0.4824561403508772
HGNC:11642,ZEB1,35,43,131,209,0.1674641148325359,0.20574162679425836,0.6267942583732058
HGNC:11647,TCIRG1,281,809,684,1774,0.15839909808342728,0.4560315670800451,0.3855693348365276
HGNC:1165,DAGLA,8,44,114,166,0.04819277108433735,0.26506024096385544,0.6867469879518072
HGNC:11653,TCN2,72,432,288,792,0.09090909090909091,0.5454545454545454,0.36363636363636365
HGNC:11654,TCOF1,242,410,504,1156,0.2093425605536332,0.3546712802768166,0.4359861591695502
HGNC:11655,TCP1,7,4,70,81,0.08641975308641975,0.04938271604938271,0.8641975308641975
HGNC:11699,SERINC3,0,9,63,72,0,0.125,0.875
HGNC:11714,TEAD1,1,123,152,276,0.0036231884057971015,0.44565217391304346,0.5507246376811594
HGNC:1172,VPS51,5,19,139,163,0.03067484662576687,0.1165644171779141,0.852760736196319
HGNC:11720,TECTA,127,368,928,1423,0.08924806746310611,0.258608573436402,0.6521433591004919
HGNC:11724,TEK,62,195,218,475,0.13052631578947368,0.4105263157894737,0.4589473684210526
HGNC:11727,TERC,61,6,356,423,0.14420803782505912,0.014184397163120567,0.8416075650118203
HGNC:11730,TERT,226,1693,1955,3874,0.05833763551884357,0.4370160041300981,0.5046463603510584
HGNC:11740,TF,17,357,115,489,0.034764826175869123,0.7300613496932515,0.23517382413087934
HGNC:11741,TFAM,2,56,43,101,0.019801980198019802,0.5544554455445545,0.42574257425742573
HGNC:11742,TFAP2A,55,121,140,316,0.17405063291139242,0.3829113924050633,0.4430379746835443
HGNC:11743,TFAP2B,32,63,96,191,0.16753926701570682,0.3298429319371728,0.5026178010471204
HGNC:11752,TFE3,21,28,93,142,0.14788732394366197,0.19718309859154928,0.6549295774647887
HGNC:11758,TFG,5,231,247,483,0.010351966873706004,0.4782608695652174,0.5113871635610766
HGNC:1176,MRPL49,7,1,29,37,0.1891891891891892,0.02702702702702703,0.7837837837837838
HGNC:11760,TFPI,0,3,16,19,0,0.15789473684210525,0.8421052631578947
HGNC:11762,TFR2,177,703,288,1168,0.15154109589041095,0.6018835616438356,0.2465753424657534
HGNC:11763,TFRC,1,375,334,710,0.0014084507042253522,0.528169014084507,0.4704225352112676
HGNC:11764,TG,245,1278,695,2218,0.11045987376014428,0.5761947700631199,0.3133453561767358
HGNC:11766,TGFB1,11,211,308,530,0.020754716981132074,0.39811320754716983,0.5811320754716981
HGNC:11768,TGFB2,112,298,444,854,0.13114754098360656,0.34894613583138173,0.5199063231850117
HGNC:11769,TGFB3,83,253,389,725,0.11448275862068966,0.3489655172413793,0.5365517241379311
HGNC:11771,TGFBI,22,41,157,220,0.1,0.18636363636363637,0.7136363636363636
HGNC:11772,TGFBR1,127,374,721,1222,0.1039279869067103,0.3060556464811784,0.5900163666121113
HGNC:11773,TGFBR2,130,462,785,1377,0.0944081336238199,0.3355119825708061,0.570079883805374
HGNC:11776,TGIF1,68,87,83,238,0.2857142857142857,0.36554621848739494,0.3487394957983193
HGNC:11777,TGM1,302,567,321,1190,0.253781512605042,0.4764705882352941,0.26974789915966385
HGNC:11781,TGM5,20,44,145,209,0.09569377990430622,0.21052631578947367,0.69377990430622
HGNC:11782,TH,192,604,442,1238,0.15508885298869143,0.4878836833602585,0.3570274636510501
HGNC:11784,THBD,8,152,542,702,0.011396011396011397,0.21652421652421652,0.7720797720797721
HGNC:11786,THBS2,1,59,153,213,0.004694835680751174,0.27699530516431925,0.7183098591549296
HGNC:11795,THPO,17,78,144,239,0.07112970711297072,0.3263598326359833,0.602510460251046
HGNC:11796,THRA,18,20,53,91,0.1978021978021978,0.21978021978021978,0.5824175824175825
HGNC:11799,THRB,80,99,185,364,0.21978021978021978,0.27197802197802196,0.5082417582417582
HGNC:118,ACO2,84,387,427,898,0.0935412026726058,0.4309576837416481,0.4755011135857461
HGNC:11802,TIA1,1,174,163,338,0.0029585798816568047,0.514792899408284,0.4822485207100592
HGNC:11805,TIAM1,5,67,258,330,0.015151515151515152,0.20303030303030303,0.7818181818181819
HGNC:11809,TIE1,2,13,171,186,0.010752688172043012,0.06989247311827956,0.9193548387096774
HGNC:1181,MYRF,69,78,198,345,0.2,0.22608695652173913,0.5739130434782609
HGNC:11817,TIMM8A,104,32,22,158,0.6582278481012658,0.20253164556962025,0.13924050632911392
HGNC:11822,TIMP3,11,113,151,275,0.04,0.4109090909090909,0.5490909090909091
HGNC:11824,TINF2,27,325,365,717,0.03765690376569038,0.45327754532775455,0.5090655509065551
HGNC:11825,NKX2-1,133,102,175,410,0.32439024390243903,0.24878048780487805,0.4268292682926829
HGNC:11828,TJP2,85,286,523,894,0.09507829977628636,0.319910514541387,0.5850111856823266
HGNC:11831,TK2,96,292,233,621,0.15458937198067632,0.47020933977455714,0.3752012882447665
HGNC:11834,TKT,5,42,89,136,0.03676470588235294,0.3088235294117647,0.6544117647058824
HGNC:1184,C12orf4,23,11,12,46,0.5,0.2391304347826087,0.2608695652173913
HGNC:11842,TLK2,94,39,180,313,0.3003194888178914,0.12460063897763578,0.5750798722044729
HGNC:11843,TLL1,4,58,150,212,0.018867924528301886,0.27358490566037735,0.7075471698113207
HGNC:11849,TLR3,0,183,399,582,0,0.31443298969072164,0.6855670103092784
HGNC:11850,TLR4,0,31,89,120,0,0.25833333333333336,0.7416666666666667
HGNC:11854,TSPAN7,78,13,45,136,0.5735294117647058,0.09558823529411764,0.33088235294117646
HGNC:11866,TMEFF1,0,0,13,13,0,0,1
HGNC:11868,TRAPPC10,6,26,157,189,0.031746031746031744,0.13756613756613756,0.8306878306878307
HGNC:11876,TMPRSS2,0,22,17,39,0,0.5641025641025641,0.4358974358974359
HGNC:11877,TMPRSS3,117,329,214,660,0.17727272727272728,0.4984848484848485,0.3242424242424242
HGNC:11891,CLEC3B,1,0,26,27,0.037037037037037035,0,0.9629629629629629
HGNC:11892,TNF,1,6,10,17,0.058823529411764705,0.35294117647058826,0.5882352941176471
HGNC:11896,TNFAIP3,93,243,392,728,0.12774725274725274,0.33379120879120877,0.5384615384615384
HGNC:119,ACOX1,82,464,377,923,0.08884073672806067,0.5027085590465872,0.4084507042253521
HGNC:11908,TNFRSF11A,34,268,481,783,0.04342273307790549,0.34227330779054915,0.6143039591315453
HGNC:11909,TNFRSF11B,14,73,145,232,0.0603448275862069,0.3146551724137931,0.625
HGNC:11916,TNFRSF1A,35,263,297,595,0.058823529411764705,0.44201680672268906,0.4991596638655462
HGNC:11918,TNFRSF4,0,165,191,356,0,0.46348314606741575,0.5365168539325843
HGNC:11919,CD40,15,181,92,288,0.052083333333333336,0.6284722222222222,0.3194444444444444
HGNC:11920,FAS,122,156,238,516,0.2364341085271318,0.3023255813953488,0.46124031007751937
HGNC:11922,CD27,19,104,122,245,0.07755102040816327,0.42448979591836733,0.49795918367346936
HGNC:11924,TNFRSF9,13,95,88,196,0.0663265306122449,0.4846938775510204,0.4489795918367347
HGNC:11925,TNFSF10,0,11,35,46,0,0.2391304347826087,0.7608695652173914
HGNC:11926,TNFSF11,5,126,131,262,0.019083969465648856,0.48091603053435117,0.5
HGNC:11927,TNFSF12,0,120,154,274,0,0.43795620437956206,0.5620437956204379
HGNC:11935,CD40LG,191,118,94,403,0.4739454094292804,0.29280397022332505,0.23325062034739455
HGNC:11936,FASLG,7,106,113,226,0.030973451327433628,0.4690265486725664,0.5
HGNC:11937,CD70,3,12,29,44,0.06818181818181818,0.2727272727272727,0.6590909090909091
HGNC:11943,TNNC1,10,147,236,393,0.02544529262086514,0.37404580152671757,0.6005089058524173
HGNC:11944,TNNC2,2,0,10,12,0.16666666666666666,0,0.8333333333333334
HGNC:11945,TNNI1,0,1,25,26,0,0.038461538461538464,0.9615384615384616
HGNC:11946,TNNI2,14,40,58,112,0.125,0.35714285714285715,0.5178571428571429
HGNC:11947,TNNI3,91,288,483,862,0.10556844547563805,0.33410672853828305,0.5603248259860789
HGNC:11948,TNNT1,38,234,151,423,0.08983451536643026,0.5531914893617021,0.35697399527186763
HGNC:11949,TNNT2,65,452,628,1145,0.056768558951965066,0.3947598253275109,0.548471615720524
HGNC:11950,TNNT3,5,165,140,310,0.016129032258064516,0.532258064516129,0.45161290322580644
HGNC:11953,TNR,14,57,213,284,0.04929577464788732,0.2007042253521127,0.75
HGNC:11957,MED12,137,1142,1097,2376,0.05765993265993266,0.48063973063973064,0.4617003367003367
HGNC:11960,GIGYF2,13,81,149,243,0.053497942386831275,0.3333333333333333,0.6131687242798354
HGNC:11963,BHLHE22,3,4,69,76,0.039473684210526314,0.05263157894736842,0.9078947368421053
HGNC:11968,CNPY3,9,10,59,78,0.11538461538461539,0.1282051282051282,0.7564102564102564
HGNC:11976,TNXB,156,1431,2220,3807,0.04097714736012608,0.375886524822695,0.5831363278171788
HGNC:11985,TOMM70,0,3,12,15,0,0.2,0.8
HGNC:11990,TOP2B,5,567,583,1155,0.004329004329004329,0.4909090909090909,0.5047619047619047
HGNC:11992,TOP3A,38,235,225,498,0.07630522088353414,0.4718875502008032,0.45180722891566266
HGNC:11998,TP53,1169,1166,1499,3834,0.3049034950443401,0.30412102243088157,0.3909754825247783
HGNC:120,ACOX2,2,121,203,326,0.006134969325153374,0.37116564417177916,0.6226993865030674
HGNC:12003,TP73,6,31,95,132,0.045454545454545456,0.23484848484848486,0.7196969696969697
HGNC:12009,TPI1,11,74,89,174,0.06321839080459771,0.42528735632183906,0.5114942528735632
HGNC:12010,TPM1,53,442,573,1068,0.04962546816479401,0.41385767790262173,0.5365168539325843
HGNC:12011,TPM2,75,171,149,395,0.189873417721519,0.43291139240506327,0.37721518987341773
HGNC:12012,TPM3,37,134,232,403,0.09181141439205956,0.3325062034739454,0.575682382133995
HGNC:12013,TPM4,3,8,35,46,0.06521739130434782,0.17391304347826086,0.7608695652173914
HGNC:12015,TPO,122,517,221,860,0.14186046511627906,0.6011627906976744,0.2569767441860465
HGNC:12016,TPP2,19,458,348,825,0.02303030303030303,0.5551515151515152,0.4218181818181818
HGNC:12029,TRAC,1,0,0,1,1,0,0
HGNC:12033,TRAF3,5,231,208,444,0.01126126126126126,0.5202702702702703,0.46846846846846846
HGNC:12261,TRDN,52,829,672,1553,0.0334835801674179,0.5338055376690277,0.4327108821635544
HGNC:12269,TREX1,80,153,382,615,0.13008130081300814,0.24878048780487805,0.6211382113821138
HGNC:1228,SERPING1,377,214,271,862,0.43735498839907194,0.2482598607888631,0.314385150812065
HGNC:12299,TRHR,7,16,42,65,0.1076923076923077,0.24615384615384617,0.6461538461538462
HGNC:12303,TRIO,225,666,1090,1981,0.11357900050479555,0.33619384149419484,0.5502271580010096
HGNC:12305,TRIP11,92,419,535,1046,0.08795411089866156,0.4005736137667304,0.511472275334608
HGNC:12306,TRIP12,115,135,430,680,0.16911764705882354,0.19852941176470587,0.6323529411764706
HGNC:12307,TRIP13,9,136,86,231,0.03896103896103896,0.5887445887445888,0.3722943722943723
HGNC:12309,ZNHIT3,3,10,35,48,0.0625,0.20833333333333334,0.7291666666666666
HGNC:12310,TRIP4,33,162,143,338,0.09763313609467456,0.47928994082840237,0.4230769230769231
HGNC:12313,JMJD1C,4,545,1034,1583,0.002526847757422615,0.34428300694883135,0.6531901452937461
HGNC:1232,EGLN1,15,549,774,1338,0.011210762331838564,0.4103139013452915,0.57847533632287
HGNC:12337,TRPC5,0,69,85,154,0,0.44805194805194803,0.551948051948052
HGNC:12338,TRPC6,34,171,334,539,0.06307977736549165,0.3172541743970315,0.6196660482374768
HGNC:12340,TRPS1,206,240,404,850,0.24235294117647058,0.2823529411764706,0.4752941176470588
HGNC:12347,TRRAP,37,1272,1261,2570,0.014396887159533073,0.49494163424124515,0.49066147859922177
HGNC:12362,TSC1,779,1782,2900,5461,0.14264786669108223,0.32631386193004946,0.5310382713788684
HGNC:12363,TSC2,1490,4289,6043,11822,0.12603620368803925,0.3627981728979868,0.511165623413974
HGNC:12367,TSFM,88,288,197,573,0.15357766143106458,0.5026178010471204,0.343804537521815
HGNC:12370,CEP41,23,177,263,463,0.04967602591792657,0.38228941684665224,0.5680345572354212
HGNC:12371,RSPH1,28,167,110,305,0.09180327868852459,0.5475409836065573,0.36065573770491804
HGNC:12372,TSHB,12,40,31,83,0.14457831325301204,0.4819277108433735,0.37349397590361444
HGNC:12373,TSHR,110,304,206,620,0.1774193548387097,0.49032258064516127,0.33225806451612905
HGNC:12382,TSPYL1,3,27,67,97,0.030927835051546393,0.27835051546391754,0.6907216494845361
HGNC:12383,EIPR1,4,3,51,58,0.06896551724137931,0.05172413793103448,0.8793103448275862
HGNC:12392,DNAJC7,0,12,27,39,0,0.3076923076923077,0.6923076923076923
HGNC:12399,MYOT,10,163,329,502,0.0199203187250996,0.3247011952191235,0.6553784860557769
HGNC:124,ACP5,39,138,168,345,0.11304347826086956,0.4,0.48695652173913045
HGNC:1240,SUCO,0,204,357,561,0,0.36363636363636365,0.6363636363636364
HGNC:12403,TTN,5926,17351,16395,39672,0.14937487396652552,0.43736136317806007,0.4132637628554144
HGNC:12404,TTPA,92,213,188,493,0.18661257606490872,0.43204868154158216,0.3813387423935091
HGNC:12405,TTR,133,125,179,437,0.30434782608695654,0.28604118993135014,0.4096109839816934
HGNC:12406,TUB,12,276,322,610,0.019672131147540985,0.4524590163934426,0.5278688524590164
HGNC:12407,TUBA4A,29,61,38,128,0.2265625,0.4765625,0.296875
HGNC:1241,C1QA,12,65,83,160,0.075,0.40625,0.51875
HGNC:12410,TUBA8,1,161,217,379,0.002638522427440633,0.42480211081794195,0.5725593667546174
HGNC:12412,TUBB2A,37,193,142,372,0.09946236559139784,0.5188172043010753,0.3817204301075269
HGNC:12417,TUBG1,14,127,77,218,0.06422018348623854,0.5825688073394495,0.3532110091743119
HGNC:1242,C1QB,8,64,83,155,0.05161290322580645,0.4129032258064516,0.535483870967742
HGNC:12420,TUFM,6,97,130,233,0.02575107296137339,0.41630901287553645,0.5579399141630901
HGNC:12422,TUFT1,2,7,52,61,0.03278688524590164,0.11475409836065574,0.8524590163934426
HGNC:12423,TULP1,151,357,351,859,0.17578579743888242,0.41559953434225844,0.4086146682188591
HGNC:12425,TULP3,9,16,76,101,0.0891089108910891,0.15841584158415842,0.7524752475247525
HGNC:12428,TWIST1,117,30,148,295,0.39661016949152544,0.1016949152542373,0.5016949152542373
HGNC:1243,C1QBP,13,117,74,204,0.06372549019607843,0.5735294117647058,0.3627450980392157
HGNC:12437,TXNRD1,0,13,81,94,0,0.13829787234042554,0.8617021276595744
HGNC:12440,TYK2,46,517,540,1103,0.04170444242973708,0.46872166817769717,0.48957388939256574
HGNC:12442,TYR,312,218,276,806,0.3870967741935484,0.2704714640198511,0.3424317617866005
HGNC:12449,TYROBP,9,53,57,119,0.07563025210084033,0.44537815126050423,0.4789915966386555
HGNC:1245,C1QC,2,92,81,175,0.011428571428571429,0.5257142857142857,0.46285714285714286
HGNC:12450,TYRP1,92,283,327,702,0.13105413105413105,0.4031339031339031,0.4658119658119658
HGNC:1246,C1R,20,94,52,166,0.12048192771084337,0.5662650602409639,0.3132530120481928
HGNC:12461,UBAP1,21,16,78,115,0.1826086956521739,0.1391304347826087,0.6782608695652174
HGNC:12469,UBA1,1,373,324,698,0.0014326647564469914,0.5343839541547278,0.46418338108882523
HGNC:1247,C1S,40,254,398,692,0.057803468208092484,0.3670520231213873,0.5751445086705202
HGNC:12472,UBE2A,106,24,39,169,0.6272189349112426,0.14201183431952663,0.23076923076923078
HGNC:1248,C2,29,192,241,462,0.06277056277056277,0.4155844155844156,0.5216450216450217
HGNC:12496,UBE3A,459,323,436,1218,0.3768472906403941,0.2651888341543514,0.3579638752052545
HGNC:12499,UBE4A,9,18,129,156,0.057692307692307696,0.11538461538461539,0.8269230769230769
HGNC:12509,UBQLN2,7,65,181,253,0.02766798418972332,0.25691699604743085,0.7154150197628458
HGNC:12511,UBTF,7,47,120,174,0.040229885057471264,0.27011494252873564,0.6896551724137931
HGNC:12513,UCHL1,26,116,86,228,0.11403508771929824,0.5087719298245614,0.37719298245614036
HGNC:12518,UCP2,0,22,88,110,0,0.2,0.8
HGNC:12525,UGDH,26,13,58,97,0.26804123711340205,0.13402061855670103,0.5979381443298969
HGNC:12527,UGP2,1,18,51,70,0.014285714285714285,0.2571428571428571,0.7285714285714285
HGNC:12530,UGT1A1,74,53,214,341,0.21700879765395895,0.15542521994134897,0.6275659824046921
HGNC:12559,UMOD,107,158,358,623,0.17174959871589085,0.2536115569823435,0.5746388443017657
HGNC:12563,UMPS,5,100,182,287,0.017421602787456445,0.34843205574912894,0.6341463414634146
HGNC:12565,UNC119,1,86,157,244,0.004098360655737705,0.3524590163934426,0.6434426229508197
HGNC:12572,UNG,23,135,155,313,0.07348242811501597,0.43130990415335463,0.4952076677316294
HGNC:12582,UQCRB,4,44,35,83,0.04819277108433735,0.5301204819277109,0.42168674698795183
HGNC:12585,UQCRC1,4,4,85,93,0.043010752688172046,0.043010752688172046,0.9139784946236559
HGNC:12586,UQCRC2,8,88,95,191,0.041884816753926704,0.4607329842931937,0.4973821989528796
HGNC:12587,UQCRFS1,3,10,26,39,0.07692307692307693,0.2564102564102564,0.6666666666666666
HGNC:12590,UQCRH,1,0,13,14,0.07142857142857142,0,0.9285714285714286
HGNC:12591,UROD,59,27,109,195,0.30256410256410254,0.13846153846153847,0.558974358974359
HGNC:12592,UROS,31,68,57,156,0.1987179487179487,0.4358974358974359,0.36538461538461536
HGNC:12597,USH1C,200,782,529,1511,0.13236267372600927,0.5175380542686963,0.3500992720052945
HGNC:1260,C21orf2,48,206,184,438,0.1095890410958904,0.4703196347031963,0.4200913242009132
HGNC:12601,USH2A,2133,3831,3555,9519,0.2240781594705326,0.402458241411913,0.3734635991175544
HGNC:12605,CLRN1,100,169,181,450,0.2222222222222222,0.37555555555555553,0.4022222222222222
HGNC:12612,USP14,1,12,43,56,0.017857142857142856,0.21428571428571427,0.7678571428571429
HGNC:12616,USP18,4,25,49,78,0.05128205128205128,0.32051282051282054,0.6282051282051282
HGNC:12630,USP7,60,275,266,601,0.09983361064891846,0.45757071547420963,0.4425956738768719
HGNC:12632,USP9X,210,439,603,1252,0.16773162939297126,0.3506389776357827,0.481629392971246
HGNC:12637,KDM6A,254,521,623,1398,0.18168812589413447,0.3726752503576538,0.4456366237482117
HGNC:12642,VAMP1,14,67,55,136,0.10294117647058823,0.49264705882352944,0.40441176470588236
HGNC:12643,VAMP2,14,12,30,56,0.25,0.21428571428571427,0.5357142857142857
HGNC:12649,VAPB,2,165,245,412,0.0048543689320388345,0.40048543689320387,0.5946601941747572
HGNC:12651,VARS,36,58,246,340,0.10588235294117647,0.17058823529411765,0.7235294117647059
HGNC:12660,VAX1,2,24,57,83,0.024096385542168676,0.2891566265060241,0.6867469879518072
HGNC:12665,VCL,4,695,1039,1738,0.0023014959723820483,0.3998849252013809,0.5978135788262371
HGNC:12666,VCP,52,392,325,769,0.06762028608582575,0.5097529258777633,0.4226267880364109
HGNC:12679,VDR,39,265,256,560,0.06964285714285715,0.4732142857142857,0.45714285714285713
HGNC:1268,TSPEAR,72,247,283,602,0.11960132890365449,0.41029900332225916,0.4700996677740864
HGNC:12682,VEGFC,3,28,64,95,0.031578947368421054,0.29473684210526313,0.6736842105263158
HGNC:12687,VHL,473,585,1103,2161,0.21888014807959277,0.27070800555298474,0.5104118463674225
HGNC:12692,VIM,3,58,76,137,0.021897810218978103,0.4233576642335766,0.5547445255474452
HGNC:12698,VLDLR,64,531,257,852,0.07511737089201878,0.6232394366197183,0.30164319248826293
HGNC:12703,BEST1,336,249,367,952,0.35294117647058826,0.2615546218487395,0.3855042016806723
HGNC:12712,VPS33B,62,249,275,586,0.10580204778156997,0.4249146757679181,0.46928327645051193
HGNC:12713,VPS41,11,57,121,189,0.0582010582010582,0.30158730158730157,0.6402116402116402
HGNC:12718,VRK1,97,309,194,600,0.16166666666666665,0.515,0.3233333333333333
HGNC:12723,VSX1,0,55,116,171,0,0.3216374269005848,0.6783625730994152
HGNC:12726,VWF,467,361,1085,1913,0.24411918452692108,0.18870883429168844,0.56717198118139045
HGNC:12729,WARS,5,41,86,132,0.03787878787878788,0.3106060606060606,0.6515151515151515
HGNC:12730,WARS2,18,61,97,176,0.10227272727272728,0.3465909090909091,0.5511363636363636
HGNC:12731,WAS,288,290,249,827,0.3482466747279323,0.35066505441354295,0.3010882708585248
HGNC:12732,WASF1,12,21,104,137,0.08759124087591241,0.15328467153284672,0.7591240875912408
HGNC:12736,WIPF1,6,177,181,364,0.016483516483516484,0.48626373626373626,0.49725274725274726
HGNC:12738,WBP2,1,61,75,137,0.0072992700729927005,0.44525547445255476,0.5474452554744526
HGNC:12739,WBP4,6,8,57,71,0.08450704225352113,0.11267605633802817,0.8028169014084507
HGNC:12754,WDR1,8,390,168,566,0.014134275618374558,0.6890459363957597,0.2968197879858657
HGNC:12756,WDR4,17,174,144,335,0.050746268656716415,0.5194029850746269,0.4298507462686567
HGNC:12757,WDR5,3,4,33,40,0.075,0.1,0.825
HGNC:12762,WFS1,239,655,1252,2146,0.11136999068033551,0.30521901211556385,0.5834109972041006
HGNC:12765,FOXN1,81,392,416,889,0.09111361079865017,0.4409448818897638,0.46794150731158607
HGNC:12766,NSD2,156,288,349,793,0.19672131147540983,0.36317780580075665,0.4401008827238335
HGNC:12771,WISP3,69,108,79,256,0.26953125,0.421875,0.30859375
HGNC:12774,WNT1,48,71,179,298,0.1610738255033557,0.23825503355704697,0.6006711409395973
HGNC:12775,WNT10B,26,30,84,140,0.18571428571428572,0.21428571428571427,0.6
HGNC:12776,WNT11,0,7,56,63,0,0.1111111111111111,0.8888888888888888
HGNC:12779,WNT9B,2,40,63,105,0.01904761904761905,0.38095238095238093,0.6
HGNC:12781,WNT2B,3,101,99,203,0.014778325123152709,0.4975369458128079,0.4876847290640394
HGNC:12782,WNT3,2,86,54,142,0.014084507042253521,0.6056338028169014,0.38028169014084506
HGNC:12783,WNT4,5,62,100,167,0.029940119760479042,0.3712574850299401,0.5988023952095808
HGNC:12784,WNT5A,12,120,170,302,0.039735099337748346,0.3973509933774834,0.5629139072847682
HGNC:12786,WNT7A,9,56,65,130,0.06923076923076923,0.4307692307692308,0.5
HGNC:12787,WNT7B,6,6,40,52,0.11538461538461539,0.11538461538461539,0.7692307692307693
HGNC:12791,WRN,426,1367,2041,3834,0.1111111111111111,0.35654668753260305,0.5323422013562858
HGNC:12796,WT1,170,748,1135,2053,0.08280565026790063,0.3643448611787628,0.5528494885533366
HGNC:12799,WWOX,108,527,501,1136,0.09507042253521127,0.4639084507042254,0.4410211267605634
HGNC:12805,XDH,52,393,582,1027,0.05063291139240506,0.38266796494644595,0.5666991236611489
HGNC:12811,XK,15,36,65,116,0.12931034482758622,0.3103448275862069,0.5603448275862069
HGNC:12814,XPA,113,189,103,405,0.27901234567901234,0.4666666666666667,0.254320987654321
HGNC:12816,XPC,221,674,255,1150,0.19217391304347825,0.5860869565217391,0.2217391304347826
HGNC:12825,XPO1,16,11,54,81,0.19753086419753085,0.13580246913580246,0.6666666666666666
HGNC:12827,XPR1,7,163,151,321,0.021806853582554516,0.5077881619937694,0.470404984423676
HGNC:12828,XRCC1,4,39,82,125,0.032,0.312,0.656
HGNC:12829,XRCC2,17,248,588,853,0.01992966002344666,0.29073856975381007,0.6893317702227433
HGNC:12831,XRCC4,22,70,91,183,0.12021857923497267,0.3825136612021858,0.4972677595628415
HGNC:12840,YARS,15,244,378,637,0.023547880690737835,0.38304552590266877,0.5934065934065934
HGNC:12843,YME1L1,2,151,133,286,0.006993006993006993,0.527972027972028,0.46503496503496505
HGNC:12851,YWHAE,8,55,16,79,0.10126582278481013,0.6962025316455697,0.20253164556962025
HGNC:12852,YWHAG,31,110,88,229,0.13537117903930132,0.48034934497816595,0.38427947598253276
HGNC:12856,YY1,48,25,89,162,0.2962962962962963,0.15432098765432098,0.5493827160493827
HGNC:12858,ZAP70,38,293,235,566,0.06713780918727916,0.5176678445229682,0.41519434628975266
HGNC:12869,ZFX,10,7,78,95,0.10526315789473684,0.07368421052631578,0.8210526315789474
HGNC:12872,ZIC1,13,92,100,205,0.06341463414634146,0.44878048780487806,0.4878048780487805
HGNC:12873,ZIC2,83,195,290,568,0.14612676056338028,0.34330985915492956,0.5105633802816901
HGNC:12874,ZIC3,130,49,108,287,0.4529616724738676,0.17073170731707318,0.37630662020905925
HGNC:12877,ZMPSTE24,38,89,99,226,0.168141592920354,0.3938053097345133,0.43805309734513276
HGNC:129,ACTA1,237,167,225,629,0.3767885532591415,0.2655007949125596,0.35771065182829886
HGNC:12927,ZNF142,47,99,312,458,0.10262008733624454,0.21615720524017468,0.6812227074235808
HGNC:12929,PCGF2,3,157,155,315,0.009523809523809525,0.4984126984126984,0.49206349206349204
HGNC:12933,ZNF148,27,26,101,154,0.17532467532467533,0.16883116883116883,0.6558441558441559
HGNC:12950,SF1,2,11,91,104,0.019230769230769232,0.10576923076923077,0.875
HGNC:12974,RNF113A,5,25,99,129,0.03875968992248062,0.1937984496124031,0.7674418604651163
HGNC:1298,SPATC1L,0,9,82,91,0,0.0989010989010989,0.9010989010989011
HGNC:12989,ZMYM2,107,43,264,414,0.2584541062801932,0.10386473429951691,0.6376811594202898
HGNC:12997,ZSCAN10,5,23,137,165,0.030303030303030304,0.1393939393939394,0.8303030303030303
HGNC:130,ACTA2,41,293,394,728,0.05631868131868132,0.4024725274725275,0.5412087912087912
HGNC:1301,C21orf59,12,100,61,173,0.06936416184971098,0.5780346820809249,0.35260115606936415
HGNC:13013,KAT6A,235,1006,845,2086,0.11265580057526366,0.4822627037392138,0.40508149568552254
HGNC:13030,ZBTB18,123,117,177,417,0.2949640287769784,0.2805755395683453,0.4244604316546763
HGNC:1304,MRAP,9,20,49,78,0.11538461538461539,0.2564102564102564,0.6282051282051282
HGNC:13051,ZPR1,2,7,67,76,0.02631578947368421,0.09210526315789473,0.881578947368421
HGNC:13054,ZMYM3,12,38,178,228,0.05263157894736842,0.16666666666666666,0.7807017543859649
HGNC:1307,CBY1,2,0,5,7,0.2857142857142857,0,0.7142857142857143
HGNC:13081,SCAPER,28,87,201,316,0.08860759493670886,0.27531645569620256,0.6360759493670886
HGNC:13128,ZNF711,92,42,147,281,0.3274021352313167,0.1494661921708185,0.5231316725978647
HGNC:13176,IKZF1,31,148,271,450,0.06888888888888889,0.3288888888888889,0.6022222222222222
HGNC:13177,IKZF2,0,22,69,91,0,0.24175824175824176,0.7582417582417582
HGNC:13178,IKZF3,2,8,58,68,0.029411764705882353,0.11764705882352941,0.8529411764705882
HGNC:1318,C3,77,741,1009,1827,0.0421455938697318,0.40558292282430214,0.5522714833059661
HGNC:132,ACTB,139,339,190,668,0.20808383233532934,0.5074850299401198,0.2844311377245509
HGNC:13201,ADAMTS10,37,603,433,1073,0.034482758620689655,0.5619757688723206,0.40354147250698974
HGNC:13202,ADAMTS9,1,207,334,542,0.0018450184501845018,0.38191881918819187,0.6162361623616236
HGNC:13203,AICDA,36,120,138,294,0.12244897959183673,0.40816326530612246,0.46938775510204084
HGNC:1321,TIMMDC1,9,41,84,134,0.06716417910447761,0.30597014925373134,0.6268656716417911
HGNC:13210,ARL6,52,131,110,293,0.17747440273037543,0.447098976109215,0.37542662116040953
HGNC:13211,ATP2C1,54,94,139,287,0.18815331010452963,0.32752613240418116,0.4843205574912892
HGNC:13221,BCL11A,106,51,180,337,0.314540059347181,0.1513353115727003,0.5341246290801187
HGNC:13222,BCL11B,69,419,457,945,0.07301587301587302,0.4433862433862434,0.4835978835978836
HGNC:1323,C4A,0,24,54,78,0,0.3076923076923077,0.6923076923076923
HGNC:1324,C4B,3,15,76,94,0.031914893617021274,0.1595744680851064,0.8085106382978723
HGNC:13243,LMBR1,19,188,156,363,0.05234159779614325,0.5179063360881543,0.4297520661157025
HGNC:13254,FTSJ1,94,48,57,199,0.4723618090452261,0.24120603015075376,0.2864321608040201
HGNC:13273,DUOX2,242,983,1118,2343,0.10328638497652583,0.41954758856167307,0.4771660264618011
HGNC:13281,ESPN,28,239,318,585,0.04786324786324787,0.40854700854700854,0.5435897435897435
HGNC:1329,SLC30A9,7,17,58,82,0.08536585365853659,0.2073170731707317,0.7073170731707317
HGNC:1331,C5,56,442,401,899,0.06229143492769744,0.4916573971078977,0.4460511679644049
HGNC:13315,HDAC8,161,168,129,458,0.35152838427947597,0.36681222707423583,0.2816593886462882
HGNC:13339,KIF4A,8,43,194,245,0.0326530612244898,0.17551020408163265,0.7918367346938775
HGNC:13345,LPIN1,57,413,381,851,0.06698002350176263,0.48531139835487663,0.44770857814336074
HGNC:13356,MCOLN1,132,590,263,985,0.13401015228426397,0.5989847715736041,0.267005076142132
HGNC:1337,KDM3B,47,93,303,443,0.10609480812641084,0.20993227990970656,0.6839729119638827
HGNC:13387,NEK8,41,143,309,493,0.08316430020283976,0.29006085192697767,0.6267748478701826
HGNC:1339,C6,64,253,308,625,0.1024,0.4048,0.4928
HGNC:13394,NPHS2,161,267,193,621,0.25925925925925924,0.42995169082125606,0.3107890499194847
HGNC:13398,NSDHL,120,111,124,355,0.3380281690140845,0.3126760563380282,0.3492957746478873
HGNC:13406,PCLO,73,1314,1959,3346,0.02181709503885236,0.3927077106993425,0.5854751942618052
HGNC:13420,PRUNE1,27,70,45,142,0.19014084507042253,0.49295774647887325,0.31690140845070425
HGNC:13429,RLIM,12,33,113,158,0.0759493670886076,0.2088607594936709,0.7151898734177216
HGNC:1343,TRAF3IP2,21,134,159,314,0.06687898089171974,0.4267515923566879,0.5063694267515924
HGNC:13433,ROBO3,43,81,305,429,0.10023310023310024,0.1888111888111888,0.710955710955711
HGNC:13436,RPGRIP1,180,401,570,1151,0.15638575152041703,0.3483927019982624,0.4952215464813206
HGNC:13444,SLC2A10,54,297,391,742,0.07277628032345014,0.4002695417789757,0.5269541778975741
HGNC:13446,SLC2A9,20,160,133,313,0.06389776357827476,0.5111821086261981,0.4249201277955272
HGNC:13449,SLITRK2,5,19,94,118,0.0423728813559322,0.16101694915254236,0.7966101694915254
HGNC:1346,C7,62,294,308,664,0.09337349397590361,0.4427710843373494,0.463855421686747
HGNC:13478,UBE3B,73,265,228,566,0.12897526501766785,0.46819787985865724,0.4028268551236749
HGNC:1348,SAMD9,33,820,1875,2728,0.012096774193548387,0.30058651026392963,0.6873167155425219
HGNC:13481,UNC93B1,13,245,209,467,0.027837259100642397,0.5246252676659529,0.4475374732334047
HGNC:13486,USP27X,10,13,62,85,0.11764705882352941,0.15294117647058825,0.7294117647058823
HGNC:13487,VPS35,3,120,138,261,0.011494252873563218,0.45977011494252873,0.5287356321839081
HGNC:13488,VPS4A,7,19,76,102,0.06862745098039216,0.18627450980392157,0.7450980392156863
HGNC:1349,SAMD9L,20,727,1832,2579,0.0077549437766576195,0.28189220628150446,0.7103528499418379
HGNC:13503,ZBTB20,90,177,192,459,0.19607843137254902,0.38562091503267976,0.41830065359477125
HGNC:13506,FEZF2,5,4,68,77,0.06493506493506493,0.05194805194805195,0.8831168831168831
HGNC:13517,CLIC5,3,95,97,195,0.015384615384615385,0.48717948717948717,0.49743589743589745
HGNC:1352,C8A,27,219,202,448,0.060267857142857144,0.4888392857142857,0.45089285714285715
HGNC:13520,MESD,8,41,57,106,0.07547169811320754,0.3867924528301887,0.5377358490566038
HGNC:13523,CLEC4M,0,7,29,36,0,0.19444444444444445,0.8055555555555556
HGNC:1353,C8B,42,180,217,439,0.09567198177676538,0.41002277904328016,0.49430523917995445
HGNC:13530,TMEM5,56,214,178,448,0.125,0.47767857142857145,0.39732142857142855
HGNC:13533,ATP8A2,53,250,265,568,0.09330985915492958,0.44014084507042256,0.4665492957746479
HGNC:1354,C8G,0,15,44,59,0,0.2542372881355932,0.7457627118644068
HGNC:13540,ATP9A,13,23,111,147,0.08843537414965986,0.1564625850340136,0.7551020408163265
HGNC:13552,ATP11A,7,67,226,300,0.023333333333333334,0.22333333333333333,0.7533333333333333
HGNC:13554,ATP11C,3,17,124,144,0.020833333333333332,0.11805555555555555,0.8611111111111112
HGNC:13556,IFT122,96,419,555,1070,0.08971962616822429,0.39158878504672895,0.5186915887850467
HGNC:13557,ACE2,0,6,16,22,0,0.2727272727272727,0.7272727272727273
HGNC:1356,ERLIN2,35,82,103,220,0.1590909090909091,0.37272727272727274,0.4681818181818182
HGNC:13575,BRD4,33,483,430,946,0.03488372093023256,0.5105708245243129,0.45454545454545453
HGNC:1358,C9,47,178,200,425,0.11058823529411765,0.4188235294117647,0.47058823529411764
HGNC:13586,FBXO7,47,255,160,462,0.10173160173160173,0.551948051948052,0.3463203463203463
HGNC:13590,FBXO11,153,610,452,1215,0.1259259259259259,0.5020576131687243,0.3720164609053498
HGNC:13593,FBXO22,4,3,46,53,0.07547169811320754,0.05660377358490566,0.8679245283018868
HGNC:13599,FBXL3,5,9,29,43,0.11627906976744186,0.20930232558139536,0.6744186046511628
HGNC:13601,FBXL4,84,109,440,633,0.13270142180094788,0.1721958925750395,0.6951026856240127
HGNC:13606,KDM2A,20,3,85,108,0.18518518518518517,0.027777777777777776,0.7870370370370371
HGNC:13607,FBXW11,12,8,111,131,0.0916030534351145,0.061068702290076333,0.8473282442748091
HGNC:13610,KDM2B,19,58,236,313,0.06070287539936102,0.1853035143769968,0.7539936102236422
HGNC:1362,FRRS1L,39,171,228,438,0.08904109589041095,0.3904109589041096,0.5205479452054794
HGNC:13631,RPL36,0,2,9,11,0,0.18181818181818182,0.8181818181818182
HGNC:13635,PLVAP,8,140,120,268,0.029850746268656716,0.5223880597014925,0.44776119402985076
HGNC:13655,SCUBE3,12,6,141,159,0.07547169811320754,0.03773584905660377,0.8867924528301887
HGNC:1366,ADAMTS13,129,461,559,1149,0.1122715404699739,0.4012184508268059,0.4865100087032202
HGNC:13664,MACF1,23,910,1079,2012,0.01143141153081511,0.452286282306163,0.5362823061630219
HGNC:13666,AAAS,107,300,150,557,0.19210053859964094,0.5385996409335727,0.26929982046678635
HGNC:13681,DCHS1,44,921,1672,2637,0.016685627607129314,0.3492605233219568,0.6340538490709139
HGNC:13709,DEGS1,20,30,55,105,0.19047619047619047,0.2857142857142857,0.5238095238095238
HGNC:13711,POF1B,0,41,84,125,0,0.328,0.672
HGNC:13717,ENPP5,0,4,60,64,0,0.0625,0.9375
HGNC:13723,CTCF,106,93,196,395,0.2683544303797468,0.23544303797468355,0.4962025316455696
HGNC:13726,KMT2C,226,1039,1329,2594,0.08712413261372398,0.40053970701619124,0.5123361603700848
HGNC:1373,CA2,23,93,103,219,0.1050228310502283,0.4246575342465753,0.4703196347031963
HGNC:13733,CDH23,731,3042,2453,6226,0.1174108576935432,0.48859620944426596,0.39399293286219084
HGNC:13743,ALOXE3,71,106,189,366,0.19398907103825136,0.2896174863387978,0.5163934426229508
HGNC:13753,FSD1L,5,4,50,59,0.0847457627118644,0.06779661016949153,0.847457627118644
HGNC:13760,CYFIP2,22,650,436,1108,0.019855595667870037,0.5866425992779783,0.3935018050541516
HGNC:13764,RELT,8,17,69,94,0.0851063829787234,0.18085106382978725,0.7340425531914894
HGNC:1377,CA5A,9,97,121,227,0.039647577092511016,0.42731277533039647,0.5330396475770925
HGNC:13771,SOST,7,30,59,96,0.07291666666666667,0.3125,0.6145833333333334
HGNC:13780,GFM1,202,528,272,1002,0.20159680638722555,0.5269461077844312,0.2714570858283433
HGNC:13797,PRX,96,483,949,1528,0.06282722513089005,0.3160994764397906,0.6210732984293194
HGNC:13806,NEUROG3,14,68,88,170,0.08235294117647059,0.4,0.5176470588235295
HGNC:13811,SLC4A10,18,24,115,157,0.11464968152866242,0.15286624203821655,0.732484076433121
HGNC:13818,SLC12A5,46,585,400,1031,0.0446168768186227,0.5674102812803103,0.3879728419010669
HGNC:1382,CA8,10,47,33,90,0.1111111111111111,0.5222222222222223,0.36666666666666664
HGNC:13829,WNT10A,118,277,223,618,0.19093851132686085,0.4482200647249191,0.36084142394822005
HGNC:13830,CNTNAP2,152,807,1032,1991,0.07634354595680562,0.40532395781014563,0.5183324962330487
HGNC:13831,WDR11,18,268,255,541,0.033271719038817,0.4953789279112754,0.4713493530499076
HGNC:13841,ADGRG6,9,78,160,247,0.03643724696356275,0.3157894736842105,0.6477732793522267
HGNC:1385,CABP2,10,58,74,142,0.07042253521126761,0.4084507042253521,0.5211267605633803
HGNC:1386,CABP4,30,132,233,395,0.0759493670886076,0.3341772151898734,0.589873417721519
HGNC:13867,SH3KBP1,0,194,184,378,0,0.5132275132275133,0.48677248677248675
HGNC:13869,LOXL3,4,252,274,530,0.007547169811320755,0.47547169811320755,0.5169811320754717
HGNC:13872,RIPOR2,2,263,257,522,0.0038314176245210726,0.5038314176245211,0.49233716475095785
HGNC:13875,FOXP2,73,143,215,431,0.16937354988399073,0.33178654292343385,0.4988399071925754
HGNC:1388,CACNA1A,587,1642,2222,4451,0.13188047629746125,0.36890586385082,0.4992136598517187
HGNC:13886,ABCG5,70,316,519,905,0.07734806629834254,0.34917127071823206,0.5734806629834254
HGNC:13887,ABCG8,63,357,580,1000,0.063,0.357,0.58
HGNC:1389,CACNA1B,57,1134,713,1904,0.029936974789915968,0.5955882352941176,0.3744747899159664
HGNC:13890,ITCH,20,291,203,514,0.038910505836575876,0.566147859922179,0.3949416342412451
HGNC:1390,CACNA1C,126,1908,1721,3755,0.03355525965379494,0.5081225033288949,0.45832223701731023
HGNC:13902,SERPINB7,11,33,71,115,0.09565217391304348,0.28695652173913044,0.6173913043478261
HGNC:13907,ATOH7,5,30,107,142,0.035211267605633804,0.2112676056338028,0.7535211267605634
HGNC:1391,CACNA1D,22,1260,1355,2637,0.008342813803564657,0.4778156996587031,0.5138414865377323
HGNC:13917,DDX39B,0,3,29,32,0,0.09375,0.90625
HGNC:1392,CACNA1E,44,1562,930,2536,0.017350157728706624,0.6159305993690851,0.3667192429022082
HGNC:13921,ABHD16A,8,14,71,93,0.08602150537634409,0.15053763440860216,0.7634408602150538
HGNC:1393,CACNA1F,196,533,779,1508,0.129973474801061,0.35344827586206895,0.51657824933687
HGNC:13937,MPIG6B,10,12,16,38,0.2631578947368421,0.3157894736842105,0.42105263157894735
HGNC:1394,CACNA1G,30,567,906,1503,0.01996007984031936,0.3772455089820359,0.6027944111776448
HGNC:1395,CACNA1H,9,2071,2101,4181,0.0021525950729490554,0.49533604400861037,0.5025113609184406
HGNC:1396,CACNA1I,6,95,512,613,0.009787928221859706,0.15497553017944535,0.835236541598695
HGNC:1397,CACNA1S,130,1422,1946,3498,0.037164093767867355,0.4065180102915952,0.5563178959405375
HGNC:1399,CACNA2D1,4,684,443,1131,0.0035366931918656055,0.6047745358090185,0.3916887709991158
HGNC:13997,PRDM12,19,162,165,346,0.05491329479768786,0.4682080924855491,0.476878612716763
HGNC:13998,PRDM13,9,216,397,622,0.014469453376205787,0.34726688102893893,0.6382636655948553
HGNC:13999,PRDM15,1,20,229,250,0.004,0.08,0.916
HGNC:1400,CACNA2D2,80,720,491,1291,0.061967467079783116,0.557707203718048,0.3803253292021689
HGNC:14000,PRDM16,17,708,830,1555,0.010932475884244373,0.4553054662379421,0.5337620578778135
HGNC:14004,ANO3,12,334,304,650,0.018461538461538463,0.5138461538461538,0.4676923076923077
HGNC:14006,TRPV6,24,152,222,398,0.06030150753768844,0.38190954773869346,0.5577889447236181
HGNC:14015,CELF4,24,25,84,133,0.18045112781954886,0.18796992481203006,0.631578947368421
HGNC:1402,CACNB2,1,535,594,1130,8.849557522123894e-4,0.47345132743362833,0.5256637168141592
HGNC:14025,SLC5A7,19,234,333,586,0.032423208191126277,0.3993174061433447,0.568259385665529
HGNC:14026,CSMD1,61,209,837,1107,0.05510388437217705,0.18879855465221318,0.7560975609756098
HGNC:14027,MRPL39,4,5,53,62,0.06451612903225806,0.08064516129032258,0.8548387096774194
HGNC:1403,CACNB3,0,1,67,68,0,0.014705882352941176,0.9852941176470589
HGNC:1404,CACNB4,3,112,205,320,0.009375,0.35,0.640625
HGNC:14048,MRPS16,2,42,56,100,0.02,0.42,0.56
HGNC:14049,MRPS14,1,16,46,63,0.015873015873015872,0.25396825396825395,0.7301587301587301
HGNC:14063,HDAC4,53,372,324,749,0.07076101468624833,0.49666221628838453,0.4325767690253672
HGNC:14064,HDAC6,3,54,103,160,0.01875,0.3375,0.64375
HGNC:14074,FMN2,19,340,254,613,0.03099510603588907,0.5546492659053833,0.41435562805872755
HGNC:14078,BACH2,1,235,352,588,0.0017006802721088435,0.39965986394557823,0.5986394557823129
HGNC:14082,ANLN,2,248,341,591,0.00338409475465313,0.4196277495769882,0.5769881556683587
HGNC:14103,ARHGEF10,1,416,642,1059,9.442870632672333e-4,0.392823418319169,0.6062322946175638
HGNC:14107,PMEPA1,0,2,33,35,0,0.05714285714285714,0.9428571428571428
HGNC:14121,POLR3K,3,4,17,24,0.125,0.16666666666666666,0.7083333333333334
HGNC:14124,NPRL3,161,425,480,1066,0.15103189493433397,0.398686679174484,0.450281425891182
HGNC:14135,PIGQ,47,382,374,803,0.058530510585305104,0.47571606475716066,0.4657534246575342
HGNC:14153,CCDC78,0,305,370,675,0,0.45185185185185184,0.5481481481481482
HGNC:14154,LMF1,30,402,356,788,0.03807106598984772,0.5101522842639594,0.4517766497461929
HGNC:14198,ELAC2,82,687,469,1238,0.06623586429725363,0.5549273021001615,0.3788368336025848
HGNC:14201,JPH1,4,16,74,94,0.0425531914893617,0.1702127659574468,0.7872340425531915
HGNC:14202,JPH2,9,433,690,1132,0.007950530035335688,0.3825088339222615,0.6095406360424028
HGNC:1421,SLC25A20,75,155,121,351,0.21367521367521367,0.4415954415954416,0.34472934472934474
HGNC:14211,BLNK,16,230,150,396,0.04040404040404041,0.5808080808080808,0.3787878787878788
HGNC:14214,CIC,91,310,556,957,0.09508881922675026,0.3239289446185998,0.58098223615465
HGNC:14234,NSD1,753,793,1207,2753,0.27351979658554304,0.28804940065383217,0.4384308027606248
HGNC:1424,CAD,98,1472,769,2339,0.04189824711415135,0.629328772979906,0.32877297990594273
HGNC:14244,RAB18,9,76,109,194,0.04639175257731959,0.3917525773195876,0.5618556701030928
HGNC:14245,SNUPN,4,3,47,54,0.07407407407407407,0.05555555555555555,0.8703703703703703
HGNC:14253,CERS1,4,169,160,333,0.012012012012012012,0.5075075075075075,0.4804804804804805
HGNC:14255,BRPF1,123,101,311,535,0.22990654205607478,0.18878504672897195,0.5813084112149532
HGNC:14258,CD2AP,20,166,256,442,0.04524886877828054,0.3755656108597285,0.579185520361991
HGNC:14262,AUTS2,135,552,649,1336,0.10104790419161677,0.41317365269461076,0.48577844311377244
HGNC:14263,RAB23,38,164,114,316,0.12025316455696203,0.5189873417721519,0.36075949367088606
HGNC:14270,PCDH19,523,386,720,1629,0.3210558624923266,0.23695518723143033,0.4419889502762431
HGNC:14280,CIAO1,3,4,45,52,0.057692307692307696,0.07692307692307693,0.8653846153846154
HGNC:14282,IRF2BPL,109,145,341,595,0.18319327731092436,0.24369747899159663,0.573109243697479
HGNC:14283,IKZF5,7,5,16,28,0.25,0.17857142857142858,0.5714285714285714
HGNC:14287,NLGN4X,117,92,240,449,0.26057906458797325,0.20489977728285078,0.534521158129176
HGNC:14288,NTNG2,8,21,62,91,0.08791208791208792,0.23076923076923078,0.6813186813186813
HGNC:14289,NLGN3,12,42,172,226,0.05309734513274336,0.18584070796460178,0.7610619469026548
HGNC:14294,SHANK3,281,397,550,1228,0.2288273615635179,0.32328990228013027,0.44788273615635177
HGNC:14295,SHANK2,46,195,252,493,0.09330628803245436,0.39553752535496955,0.5111561866125761
HGNC:143,ACTC1,29,378,480,887,0.03269447576099211,0.42615558060879366,0.5411499436302142
HGNC:14304,UNC45B,7,169,217,393,0.017811704834605598,0.4300254452926209,0.5521628498727735
HGNC:14312,CRIPT,12,46,33,91,0.13186813186813187,0.5054945054945055,0.3626373626373626
HGNC:14313,IFT81,50,212,244,506,0.09881422924901186,0.4189723320158103,0.48221343873517786
HGNC:14315,FCMR,0,19,57,76,0,0.25,0.75
HGNC:14334,MKL1,1,371,543,915,0.001092896174863388,0.4054644808743169,0.5934426229508196
HGNC:14341,EDARADD,16,65,89,170,0.09411764705882353,0.38235294117647056,0.5235294117647059
HGNC:14344,C1QTNF5,6,92,205,303,0.019801980198019802,0.30363036303630364,0.6765676567656765
HGNC:14347,BCAS3,17,11,120,148,0.11486486486486487,0.07432432432432433,0.8108108108108109
HGNC:14348,HTRA2,17,173,159,349,0.04871060171919771,0.49570200573065903,0.45558739255014324
HGNC:14357,MMP21,24,31,118,173,0.13872832369942195,0.1791907514450867,0.6820809248554913
HGNC:14361,IRX5,4,43,96,143,0.027972027972027972,0.3006993006993007,0.6713286713286714
HGNC:14372,SCYL1,37,97,142,276,0.13405797101449277,0.35144927536231885,0.5144927536231884
HGNC:14373,GLMN,56,46,78,180,0.3111111111111111,0.25555555555555554,0.43333333333333335
HGNC:14374,NLRP1,6,462,755,1223,0.004905968928863451,0.3777596075224857,0.6173344235486509
HGNC:14376,ACP4,13,25,92,130,0.1,0.19230769230769232,0.7076923076923077
HGNC:14377,NHP2,3,92,121,216,0.013888888888888888,0.42592592592592593,0.5601851851851852
HGNC:14378,NOP10,1,37,46,84,0.011904761904761904,0.44047619047619047,0.5476190476190477
HGNC:14388,GP6,19,176,153,348,0.05459770114942529,0.5057471264367817,0.4396551724137931
HGNC:144,ACTG1,61,419,233,713,0.08555399719495091,0.5876577840112202,0.3267882187938289
HGNC:14406,PTPN23,54,757,775,1586,0.034047919293820936,0.47730138713745274,0.48865069356872637
HGNC:14409,SLC25A19,14,91,94,199,0.07035175879396985,0.457286432160804,0.4723618090452261
HGNC:14411,SLC25A21,1,72,90,163,0.006134969325153374,0.44171779141104295,0.5521472392638037
HGNC:14415,ELOVL4,28,137,191,356,0.07865168539325842,0.3848314606741573,0.5365168539325843
HGNC:14418,ELOVL1,1,33,37,71,0.014084507042253521,0.4647887323943662,0.5211267605633803
HGNC:1442,CALM1,20,126,40,186,0.10752688172043011,0.6774193548387096,0.21505376344086022
HGNC:14430,SLC13A3,4,95,133,232,0.017241379310344827,0.40948275862068967,0.5732758620689655
HGNC:14432,TMEM237,44,203,279,526,0.08365019011406843,0.38593155893536124,0.5304182509505704
HGNC:1445,CALM2,21,136,73,230,0.09130434782608696,0.591304347826087,0.3173913043478261
HGNC:14450,LPIN2,47,462,503,1012,0.046442687747035576,0.45652173913043476,0.49703557312252966
HGNC:14467,SLC26A7,4,8,95,107,0.037383177570093455,0.07476635514018691,0.8878504672897196
HGNC:1449,CALM3,8,144,54,206,0.038834951456310676,0.6990291262135923,0.2621359223300971
HGNC:14495,MRPS2,4,46,84,134,0.029850746268656716,0.34328358208955223,0.6268656716417911
HGNC:14499,MRPS7,1,69,65,135,0.007407407407407408,0.5111111111111111,0.48148148148148145
HGNC:145,ACTG2,42,14,49,105,0.4,0.13333333333333333,0.4666666666666667
HGNC:14508,MRPS22,20,90,123,233,0.08583690987124463,0.38626609442060084,0.5278969957081545
HGNC:14509,MRPS23,1,37,37,75,0.013333333333333334,0.49333333333333335,0.49333333333333335
HGNC:14530,SP6,2,1,52,55,0.03636363636363636,0.01818181818181818,0.9454545454545454
HGNC:14537,NPC2,60,157,83,300,0.2,0.5233333333333333,0.27666666666666667
HGNC:14539,RNF213,23,569,435,1027,0.022395326192794548,0.5540408958130477,0.42356377799415773
HGNC:14540,WNK1,74,865,1400,2339,0.03163745190252244,0.3698161607524583,0.5985463873450192
HGNC:14543,WNK3,10,49,213,272,0.03676470588235294,0.1801470588235294,0.7830882352941176
HGNC:14544,WNK4,7,175,462,644,0.010869565217391304,0.2717391304347826,0.717391304347826
HGNC:1455,CALR,3,26,42,71,0.04225352112676056,0.36619718309859156,0.5915492957746479
HGNC:14550,CDHR1,100,354,542,996,0.10040160642570281,0.35542168674698793,0.5441767068273092
HGNC:14561,ARHGEF9,112,213,248,573,0.19546247818499127,0.3717277486910995,0.4328097731239092
HGNC:14562,BET1,1,0,13,14,0.07142857142857142,0,0.9285714285714286
HGNC:14579,VPS45,16,447,217,680,0.023529411764705882,0.6573529411764706,0.3191176470588235
HGNC:14581,PINK1,50,166,242,458,0.1091703056768559,0.3624454148471616,0.5283842794759825
HGNC:14583,VPS11,3,434,133,570,0.005263157894736842,0.7614035087719299,0.23333333333333334
HGNC:14584,VPS16,23,36,215,274,0.08394160583941605,0.13138686131386862,0.7846715328467153
HGNC:1460,CAMK2A,33,51,105,189,0.1746031746031746,0.2698412698412698,0.5555555555555556
HGNC:14604,AMN,79,441,189,709,0.11142454160789844,0.6220028208744711,0.26657263751763044
HGNC:1461,CAMK2B,29,544,372,945,0.030687830687830688,0.5756613756613757,0.39365079365079364
HGNC:14615,PAPPA2,12,45,250,307,0.03908794788273615,0.1465798045602606,0.8143322475570033
HGNC:1462,CAMK2D,9,8,49,66,0.13636363636363635,0.12121212121212122,0.7424242424242424
HGNC:14628,CDCA7,3,154,121,278,0.01079136690647482,0.5539568345323741,0.4352517985611511
HGNC:14629,CDCA8,0,5,27,32,0,0.15625,0.84375
HGNC:1463,CAMK2G,5,23,96,124,0.04032258064516129,0.18548387096774194,0.7741935483870968
HGNC:14630,CRELD1,15,81,129,225,0.06666666666666667,0.36,0.5733333333333334
HGNC:14631,ADAMTSL2,23,96,229,348,0.06609195402298851,0.27586206896551724,0.6580459770114943
HGNC:14637,ABCA12,210,1054,537,1801,0.11660188784008883,0.5852304275402554,0.29816768461965576
HGNC:1464,CAMK4,2,12,81,95,0.021052631578947368,0.12631578947368421,0.8526315789473684
HGNC:14673,FYCO1,40,192,344,576,0.06944444444444445,0.3333333333333333,0.5972222222222222
HGNC:14674,PCDH15,530,1792,1516,3838,0.13809275664408546,0.4669098488796248,0.39499739447628973
HGNC:14677,DEAF1,104,377,537,1018,0.10216110019646366,0.3703339882121807,0.5275049115913556
HGNC:14686,JAM2,8,25,38,71,0.11267605633802817,0.352112676056338,0.5352112676056338
HGNC:1476,CAPN1,51,148,167,366,0.13934426229508196,0.40437158469945356,0.4562841530054645
HGNC:1480,CAPN3,531,748,843,2122,0.25023562676720074,0.352497643732328,0.39726672950047126
HGNC:1481,CAPNS1,3,3,34,40,0.075,0.075,0.85
HGNC:1482,CAPN5,4,281,416,701,0.005706134094151213,0.4008559201141227,0.5934379457917262
HGNC:14857,COG5,67,435,466,968,0.06921487603305786,0.4493801652892562,0.48140495867768596
HGNC:14880,GTPBP3,49,296,271,616,0.07954545454545454,0.4805194805194805,0.43993506493506496
HGNC:14881,ZEB2,417,589,637,1643,0.25380401704199634,0.3584905660377358,0.3877054169202678
HGNC:14886,DNAJB4,4,1,36,41,0.0975609756097561,0.024390243902439025,0.8780487804878049
HGNC:14888,DNAJB6,15,216,279,510,0.029411764705882353,0.4235294117647059,0.5470588235294118
HGNC:14889,DNAJB11,29,89,75,193,0.15025906735751296,0.46113989637305697,0.38860103626943004
HGNC:14896,SPTBN4,34,160,443,637,0.05337519623233909,0.25117739403453687,0.695447409733124
HGNC:14897,ITPKC,0,14,113,127,0,0.11023622047244094,0.889763779527559
HGNC:1490,CAPZA2,2,0,47,49,0.04081632653061224,0,0.9591836734693877
HGNC:1493,CARS,7,42,148,197,0.03553299492385787,0.2131979695431472,0.751269035532995
HGNC:14934,SIRT6,2,13,59,74,0.02702702702702703,0.17567567567567569,0.7972972972972973
HGNC:14937,PIGS,13,36,87,136,0.09558823529411764,0.2647058823529412,0.6397058823529411
HGNC:14938,PIGT,28,149,204,381,0.07349081364829396,0.3910761154855643,0.5354330708661418
HGNC:1494,ALX1,3,25,40,68,0.04411764705882353,0.36764705882352944,0.5882352941176471
HGNC:14944,PPP1R3F,1,29,141,171,0.005847953216374269,0.1695906432748538,0.8245614035087719
HGNC:14951,PPP1R15B,0,61,170,231,0,0.26406926406926406,0.7359307359307359
HGNC:14957,PUM1,25,75,264,364,0.06868131868131869,0.20604395604395603,0.7252747252747253
HGNC:14963,GPR101,1,27,64,92,0.010869565217391304,0.29347826086956524,0.6956521739130435
HGNC:14966,PXDN,28,310,251,589,0.04753820033955857,0.5263157894736842,0.42614601018675724
HGNC:1497,CASK,285,390,380,1055,0.27014218009478674,0.3696682464454976,0.36018957345971564
HGNC:14974,SNX10,21,75,66,162,0.12962962962962962,0.46296296296296297,0.4074074074074074
HGNC:14977,SNX14,48,168,172,388,0.12371134020618557,0.4329896907216495,0.44329896907216493
HGNC:14988,POFUT1,6,69,75,150,0.04,0.46,0.5
HGNC:1499,CASP1,0,15,51,66,0,0.22727272727272727,0.7727272727272727
HGNC:1500,CASP10,18,226,404,648,0.027777777777777776,0.3487654320987654,0.6234567901234568
HGNC:1503,CASP2,5,16,46,67,0.07462686567164178,0.23880597014925373,0.6865671641791045
HGNC:1504,CASP3,0,5,16,21,0,0.23809523809523808,0.7619047619047619
HGNC:1509,CASP8,24,167,194,385,0.06233766233766234,0.43376623376623374,0.5038961038961038
HGNC:1512,CASQ1,6,155,239,400,0.015,0.3875,0.5975
HGNC:1513,CASQ2,80,410,382,872,0.09174311926605505,0.4701834862385321,0.4380733944954128
HGNC:1514,CASR,329,1025,1775,3129,0.10514541387024609,0.3275806967082135,0.5672738894215404
HGNC:1515,CAST,14,144,108,266,0.05263157894736842,0.5413533834586466,0.40601503759398494
HGNC:1516,CAT,5,30,31,66,0.07575757575757576,0.45454545454545453,0.4696969696969697
HGNC:1527,CAV1,12,99,81,192,0.0625,0.515625,0.421875
HGNC:1529,CAV3,27,160,211,398,0.0678391959798995,0.4020100502512563,0.5301507537688442
HGNC:1530,MICU1,45,188,114,347,0.12968299711815562,0.5417867435158501,0.3285302593659942
HGNC:1535,RUNX1T1,2,16,77,95,0.021052631578947368,0.16842105263157894,0.8105263157894737
HGNC:1539,CBFB,2,8,9,19,0.10526315789473684,0.42105263157894735,0.47368421052631576
HGNC:1541,CBL,36,876,1606,2518,0.014297061159650517,0.34789515488482925,0.6378077839555203
HGNC:1542,CBLB,4,22,96,122,0.03278688524590164,0.18032786885245902,0.7868852459016393
HGNC:15446,PRPF31,278,237,292,807,0.3444857496902107,0.2936802973977695,0.3618339529120198
HGNC:15454,SHOC2,6,332,376,714,0.008403361344537815,0.4649859943977591,0.5266106442577031
HGNC:15455,MBTPS2,17,93,127,237,0.07172995780590717,0.3924050632911392,0.5358649789029536
HGNC:15456,MBTPS1,25,271,272,568,0.04401408450704225,0.477112676056338,0.4788732394366197
HGNC:15459,P2RX2,5,136,197,338,0.014792899408284023,0.40236686390532544,0.5828402366863905
HGNC:1546,SERPINH1,13,103,177,293,0.04436860068259386,0.3515358361774744,0.6040955631399317
HGNC:15464,SPINK5,127,582,462,1171,0.10845431255337319,0.49701110162254486,0.39453458582408196
HGNC:15465,GPHN,52,422,398,872,0.05963302752293578,0.48394495412844035,0.45642201834862384
HGNC:15469,DNAJC6,14,187,183,384,0.036458333333333336,0.4869791666666667,0.4765625
HGNC:15472,ALDH1A2,4,44,36,84,0.047619047619047616,0.5238095238095238,0.42857142857142855
HGNC:15474,SHANK1,26,146,443,615,0.04227642276422764,0.23739837398373984,0.7203252032520325
HGNC:15480,DIAPH3,2,244,338,584,0.003424657534246575,0.4178082191780822,0.5787671232876712
HGNC:15492,ANKH,14,262,258,534,0.026217228464419477,0.49063670411985016,0.48314606741573035
HGNC:1550,CBS,281,704,430,1415,0.19858657243816255,0.4975265017667845,0.303886925795053
HGNC:15505,MBOAT7,29,33,139,201,0.14427860696517414,0.16417910447761194,0.6915422885572139
HGNC:15506,TSEN34,2,84,118,204,0.00980392156862745,0.4117647058823529,0.5784313725490197
HGNC:15508,PUS1,78,408,206,692,0.11271676300578035,0.5895953757225434,0.2976878612716763
HGNC:1551,CBX1,0,0,12,12,0,0,1
HGNC:15516,XYLT1,26,300,317,643,0.04043545878693624,0.4665629860031104,0.49300155520995337
HGNC:15517,XYLT2,16,236,233,485,0.032989690721649485,0.4865979381443299,0.48041237113402063
HGNC:15520,LPAR6,18,31,48,97,0.18556701030927836,0.31958762886597936,0.4948453608247423
HGNC:15527,KLB,1,75,162,238,0.004201680672268907,0.31512605042016806,0.680672268907563
HGNC:15532,JAM3,16,121,99,236,0.06779661016949153,0.5127118644067796,0.4194915254237288
HGNC:15533,SPRY4,1,40,81,122,0.00819672131147541,0.32786885245901637,0.6639344262295082
HGNC:15559,CHCHD10,5,121,154,280,0.017857142857142856,0.43214285714285716,0.55
HGNC:15561,IL36RN,13,78,119,210,0.06190476190476191,0.37142857142857144,0.5666666666666667
HGNC:15573,SETBP1,150,849,901,1900,0.07894736842105263,0.4468421052631579,0.47421052631578947
HGNC:15579,TRIM8,26,227,209,462,0.05627705627705628,0.49134199134199136,0.4523809523809524
HGNC:15592,SS18L1,0,55,53,108,0,0.5092592592592593,0.49074074074074076
HGNC:15594,DBR1,1,112,137,250,0.004,0.448,0.548
HGNC:15597,HPS3,282,731,431,1444,0.19529085872576177,0.5062326869806094,0.2984764542936288
HGNC:15598,HAMP,8,56,27,91,0.08791208791208792,0.6153846153846154,0.2967032967032967
HGNC:15625,NBAS,246,1423,1185,2854,0.0861948142957253,0.4985984583041346,0.41520672740014014
HGNC:15629,B3GNT2,0,18,31,49,0,0.3673469387755102,0.6326530612244898
HGNC:15631,TLR7,8,141,185,334,0.023952095808383235,0.4221556886227545,0.5538922155688623
HGNC:15632,TLR8,6,19,70,95,0.06315789473684211,0.2,0.7368421052631579
HGNC:15646,KLHL7,46,184,210,440,0.10454545454545454,0.41818181818181815,0.4772727272727273
HGNC:15663,UGGT1,10,27,184,221,0.04524886877828054,0.12217194570135746,0.832579185520362
HGNC:15672,ALG9,38,158,192,388,0.0979381443298969,0.4072164948453608,0.4948453608247423
HGNC:15673,PHIP,185,558,588,1331,0.13899323816679188,0.4192336589030804,0.4417731029301277
HGNC:15685,B4GAT1,7,121,118,246,0.028455284552845527,0.491869918699187,0.4796747967479675
HGNC:15710,LDB3,39,537,1032,1608,0.024253731343283583,0.333955223880597,0.6417910447761194
HGNC:15714,LRPPRC,337,1343,659,2339,0.14407866609662248,0.5741769987174006,0.2817443351859769
HGNC:15717,GEMIN4,3,77,223,303,0.009900990099009901,0.25412541254125415,0.735973597359736
HGNC:15718,APCDD1,1,59,106,166,0.006024096385542169,0.35542168674698793,0.6385542168674698
HGNC:15719,OBSCN,64,2593,3291,5948,0.010759919300605245,0.4359448554135844,0.5532952252858103
HGNC:1573,KRIT1,359,154,303,816,0.43995098039215685,0.18872549019607843,0.3713235294117647
HGNC:15734,KIRREL1,2,25,120,147,0.013605442176870748,0.17006802721088435,0.8163265306122449
HGNC:15736,HID1,9,9,125,143,0.06293706293706294,0.06293706293706294,0.8741258741258742
HGNC:15751,NAPB,3,3,36,42,0.07142857142857142,0.07142857142857142,0.8571428571428571
HGNC:15754,MYL9,1,1,22,24,0.041666666666666664,0.041666666666666664,0.9166666666666666
HGNC:15761,OSBPL2,6,176,112,294,0.02040816326530612,0.5986394557823129,0.38095238095238093
HGNC:15762,CRNKL1,3,7,70,80,0.0375,0.0875,0.875
HGNC:15763,POLR3F,1,69,107,177,0.005649717514124294,0.3898305084745763,0.6045197740112994
HGNC:15766,ADNP,177,281,470,928,0.19073275862068967,0.30280172413793105,0.5064655172413793
HGNC:15772,ARFGEF1,69,61,339,469,0.14712153518123666,0.1300639658848614,0.7228144989339019
HGNC:15791,PIGU,3,77,47,127,0.023622047244094488,0.6062992125984252,0.3700787401574803
HGNC:15802,GATA5,5,267,353,625,0.008,0.4272,0.5648
HGNC:15804,OVOL2,4,16,41,61,0.06557377049180328,0.26229508196721313,0.6721311475409836
HGNC:15807,ZNF335,27,310,401,738,0.036585365853658534,0.42005420054200543,0.5433604336043361
HGNC:15808,GZF1,14,124,155,293,0.04778156996587031,0.4232081911262799,0.5290102389078498
HGNC:15819,ANKRD1,0,214,362,576,0,0.3715277777777778,0.6284722222222222
HGNC:15822,OXR1,2,24,121,147,0.013605442176870748,0.16326530612244897,0.8231292517006803
HGNC:1583,CCND2,17,70,78,165,0.10303030303030303,0.42424242424242425,0.4727272727272727
HGNC:15832,BSCL2,58,218,391,667,0.08695652173913043,0.3268365817091454,0.5862068965517241
HGNC:15836,PROKR2,13,70,169,252,0.051587301587301584,0.2777777777777778,0.6706349206349206
HGNC:15840,KMT2B,151,1313,1171,2635,0.05730550284629981,0.498292220113852,0.4444022770398482
HGNC:15842,ERBIN,0,376,601,977,0,0.38485158648925283,0.6151484135107472
HGNC:15844,HPS4,91,483,357,931,0.09774436090225563,0.518796992481203,0.38345864661654133
HGNC:15853,ARFGEF2,26,357,470,853,0.03048065650644783,0.41852286049237986,0.5509964830011723
HGNC:15859,TASP1,5,18,49,72,0.06944444444444445,0.25,0.6805555555555556
HGNC:15860,PRPF6,2,384,342,728,0.0027472527472527475,0.5274725274725275,0.4697802197802198
HGNC:15864,RBCK1,51,299,219,569,0.08963093145869948,0.5254833040421792,0.38488576449912126
HGNC:15865,KIZ,54,185,249,488,0.11065573770491803,0.3790983606557377,0.5102459016393442
HGNC:15868,ABHD12,56,268,270,594,0.09427609427609428,0.4511784511784512,0.45454545454545453
HGNC:15888,RTEL1,287,2214,2315,4816,0.059593023255813955,0.4597176079734219,0.4806893687707641
HGNC:15889,FERMT1,51,291,264,606,0.08415841584158416,0.4801980198019802,0.43564356435643564
HGNC:15894,PANK2,143,358,295,796,0.17964824120603015,0.44974874371859297,0.3706030150753769
HGNC:15899,NDUFAF5,120,323,145,588,0.20408163265306123,0.5493197278911565,0.2465986394557823
HGNC:15901,IFT52,8,131,89,228,0.03508771929824561,0.5745614035087719,0.39035087719298245
HGNC:15908,NAA20,3,2,18,23,0.13043478260869565,0.08695652173913043,0.782608695652174
HGNC:1591,CCNF,3,91,118,212,0.014150943396226415,0.42924528301886794,0.5566037735849056
HGNC:15910,NFS1,0,99,80,179,0,0.553072625698324,0.44692737430167595
HGNC:15917,PLCB1,29,670,527,1226,0.02365415986949429,0.5464926590538336,0.4298531810766721
HGNC:15924,SALL4,63,172,369,604,0.10430463576158941,0.2847682119205298,0.6109271523178808
HGNC:15925,SAMHD1,138,469,380,987,0.1398176291793313,0.475177304964539,0.3850050658561297
HGNC:15927,ERGIC3,1,3,43,47,0.02127659574468085,0.06382978723404255,0.9148936170212766
HGNC:15939,WFDC2,3,2,22,27,0.1111111111111111,0.07407407407407407,0.8148148148148148
HGNC:15945,CELA3B,0,12,48,60,0,0.2,0.8
HGNC:15946,RP1L1,53,472,1241,1766,0.03001132502831257,0.26727066817667045,0.702718006795017
HGNC:15954,TOE1,32,79,125,236,0.13559322033898305,0.3347457627118644,0.5296610169491526
HGNC:1596,CCNK,1,17,70,88,0.011363636363636364,0.19318181818181818,0.7954545454545454
HGNC:15968,GDAP1,103,182,345,630,0.1634920634920635,0.28888888888888886,0.5476190476190477
HGNC:15974,TRIM2,7,270,277,554,0.01263537906137184,0.48736462093862815,0.5
HGNC:15975,SASH3,5,10,47,62,0.08064516129032258,0.16129032258064516,0.7580645161290323
HGNC:15977,HES7,6,58,83,147,0.04081632653061224,0.3945578231292517,0.564625850340136
HGNC:15979,TP63,152,333,371,856,0.17757009345794392,0.38901869158878505,0.433411214953271
HGNC:15984,APTX,40,155,131,326,0.12269938650306748,0.4754601226993865,0.401840490797546
HGNC:15992,ZNF341,28,365,324,717,0.03905160390516039,0.5090655509065551,0.45188284518828453
HGNC:15998,NAV3,4,19,295,318,0.012578616352201259,0.059748427672955975,0.9276729559748428
HGNC:15999,SELENON,117,332,358,807,0.1449814126394052,0.4114002478314746,0.4436183395291202
HGNC:160,ACTL6B,54,22,98,174,0.3103448275862069,0.12643678160919541,0.5632183908045977
HGNC:16002,MPLKIP,23,60,89,172,0.13372093023255813,0.3488372093023256,0.5174418604651163
HGNC:16007,TRIM63,6,54,99,159,0.03773584905660377,0.33962264150943394,0.6226415094339622
HGNC:1603,CCR2,6,11,39,56,0.10714285714285714,0.19642857142857142,0.6964285714285714
HGNC:16031,RNF31,3,400,478,881,0.00340522133938706,0.4540295119182747,0.5425652667423383
HGNC:16035,STRC,82,65,228,375,0.21866666666666668,0.17333333333333334,0.608
HGNC:16046,UNC50,0,6,32,38,0,0.15789473684210525,0.8421052631578947
HGNC:16050,MED12L,35,82,448,565,0.061946902654867256,0.14513274336283186,0.7929203539823009
HGNC:16053,CFAP52,4,42,110,156,0.02564102564102564,0.2692307692307692,0.7051282051282052
HGNC:16066,ACER3,6,43,65,114,0.05263157894736842,0.37719298245614036,0.5701754385964912
HGNC:16067,MYOCD,12,51,140,203,0.059113300492610835,0.2512315270935961,0.6896551724137931
HGNC:16068,PCNT,358,2139,1582,4079,0.0877666094631037,0.524393233635695,0.38784015690120127
HGNC:16075,RAB33B,13,41,88,142,0.09154929577464789,0.2887323943661972,0.6197183098591549
HGNC:1608,CCR7,0,3,31,34,0,0.08823529411764706,0.9117647058823529
HGNC:16088,SFXN4,15,139,50,204,0.07352941176470588,0.6813725490196079,0.24509803921568626
HGNC:16090,PGRMC1,2,4,29,35,0.05714285714285714,0.11428571428571428,0.8285714285714286
HGNC:16110,DDRGK1,3,76,82,161,0.018633540372670808,0.4720496894409938,0.5093167701863354
HGNC:16133,TBC1D20,9,101,77,187,0.0481283422459893,0.5401069518716578,0.4117647058823529
HGNC:16135,FITM2,11,16,36,63,0.1746031746031746,0.25396825396825395,0.5714285714285714
HGNC:16147,MCM8,15,23,109,147,0.10204081632653061,0.1564625850340136,0.7414965986394558
HGNC:16148,CRLS1,3,6,38,47,0.06382978723404255,0.1276595744680851,0.8085106382978723
HGNC:1615,CCT2,0,175,230,405,0,0.43209876543209874,0.5679012345679012
HGNC:1616,CCT3,2,4,67,73,0.0273972602739726,0.0547945205479452,0.9178082191780822
HGNC:16171,CHMP4B,3,22,16,41,0.07317073170731707,0.5365853658536586,0.3902439024390244
HGNC:16175,RSPO4,12,6,64,82,0.14634146341463414,0.07317073170731707,0.7804878048780488
HGNC:16187,SLC52A3,32,216,242,490,0.0653061224489796,0.44081632653061226,0.49387755102040815
HGNC:16192,SLC17A9,1,26,71,98,0.01020408163265306,0.2653061224489796,0.7244897959183674
HGNC:16197,TP53RK,9,37,71,117,0.07692307692307693,0.3162393162393162,0.6068376068376068
HGNC:1620,CCT6A,0,2,50,52,0,0.038461538461538464,0.9615384615384616
HGNC:16205,MGME1,13,80,103,196,0.0663265306122449,0.40816326530612246,0.5255102040816326
HGNC:1623,CCT8,0,4,72,76,0,0.05263157894736842,0.9473684210526315
HGNC:16232,COX4I2,0,35,49,84,0,0.4166666666666667,0.5833333333333334
HGNC:16235,DNAJC5,4,215,194,413,0.009685230024213076,0.5205811138014528,0.46973365617433416
HGNC:16243,MYLK2,0,336,441,777,0,0.43243243243243246,0.5675675675675675
HGNC:16255,TGM6,14,221,326,561,0.024955436720142603,0.3939393939393939,0.5811051693404634
HGNC:16257,TUBB1,19,89,224,332,0.0572289156626506,0.2680722891566265,0.6746987951807228
HGNC:16262,YAP1,13,43,80,136,0.09558823529411764,0.3161764705882353,0.5882352941176471
HGNC:16264,TRAP1,6,189,311,506,0.011857707509881422,0.37351778656126483,0.6146245059288538
HGNC:16266,SLC19A3,77,304,328,709,0.10860366713681241,0.4287729196050776,0.46262341325811
HGNC:16268,PNPLA6,124,734,643,1501,0.08261159227181879,0.4890073284477015,0.4283810792804797
HGNC:1628,CD14,0,6,49,55,0,0.10909090909090909,0.8909090909090909
HGNC:16287,NFU1,18,101,89,208,0.08653846153846154,0.4855769230769231,0.42788461538461536
HGNC:16297,UPB1,21,80,145,246,0.08536585365853659,0.3252032520325203,0.5894308943089431
HGNC:163,ACTN1,23,277,287,587,0.039182282793867124,0.47189097103918226,0.4889267461669506
HGNC:1630,CD151,6,103,125,234,0.02564102564102564,0.44017094017094016,0.5341880341880342
HGNC:16305,ADAMTS15,5,16,155,176,0.028409090909090908,0.09090909090909091,0.8806818181818182
HGNC:1632,CD164,0,78,55,133,0,0.5864661654135338,0.41353383458646614
HGNC:1633,CD19,17,203,199,419,0.0405727923627685,0.48448687350835323,0.47494033412887826
HGNC:16352,MRM2,2,9,6,17,0.11764705882352941,0.5294117647058824,0.35294117647058826
HGNC:16353,MAGED2,17,73,85,175,0.09714285714285714,0.41714285714285715,0.4857142857142857
HGNC:16356,USH1G,61,151,280,492,0.12398373983739837,0.30691056910569103,0.5691056910569106
HGNC:16361,WHRN,56,388,505,949,0.059009483667017915,0.4088514225500527,0.5321390937829295
HGNC:16369,PARK7,17,76,57,150,0.11333333333333333,0.5066666666666667,0.38
HGNC:16378,OTOA,91,437,255,783,0.11621966794380588,0.558109833971903,0.32567049808429116
HGNC:16379,TRIM22,0,32,67,99,0,0.32323232323232326,0.6767676767676768
HGNC:16380,TRIM32,76,248,454,778,0.09768637532133675,0.31876606683804626,0.583547557840617
HGNC:16384,TRIM28,14,170,167,351,0.039886039886039885,0.4843304843304843,0.4757834757834758
HGNC:16391,CARD9,24,288,306,618,0.038834951456310676,0.46601941747572817,0.49514563106796117
HGNC:16393,CARD11,47,683,594,1324,0.035498489425981876,0.5158610271903323,0.4486404833836858
HGNC:164,ACTN2,26,771,1057,1854,0.014023732470334413,0.41585760517799353,0.5701186623516721
HGNC:16400,NLRP3,66,414,709,1189,0.05550883095037847,0.3481917577796468,0.5962994112699748
HGNC:16404,IL17F,0,63,113,176,0,0.35795454545454547,0.6420454545454546
HGNC:16406,EFHC1,1,151,298,450,0.0022222222222222222,0.33555555555555555,0.6622222222222223
HGNC:16410,DNAJC30,9,10,38,57,0.15789473684210525,0.17543859649122806,0.6666666666666666
HGNC:16412,NLRC4,15,302,595,912,0.01644736842105263,0.33114035087719296,0.6524122807017544
HGNC:16421,SOX6,37,81,180,298,0.12416107382550336,0.27181208053691275,0.6040268456375839
HGNC:16429,LIAS,33,218,199,450,0.07333333333333333,0.48444444444444446,0.44222222222222224
HGNC:16438,SLC4A11,179,765,337,1281,0.13973458235753317,0.5971896955503513,0.26307572209211555
HGNC:16446,CARD14,16,592,787,1395,0.011469534050179211,0.4243727598566308,0.5641577060931899
HGNC:16448,ASRGL1,0,126,175,301,0,0.4186046511627907,0.5813953488372093
HGNC:16461,WBP11,23,4,119,146,0.15753424657534246,0.0273972602739726,0.815068493150685
HGNC:16466,SUFU,135,754,1032,1921,0.07027589796980739,0.3925039042165539,0.5372201978136387
HGNC:16472,SLC45A2,113,277,276,666,0.16966966966966968,0.4159159159159159,0.4144144144144144
HGNC:16491,PIDD1,17,67,230,314,0.054140127388535034,0.21337579617834396,0.732484076433121
HGNC:16493,ZMIZ1,63,365,405,833,0.07563025210084033,0.4381752701080432,0.48619447779111646
HGNC:16499,RAB39B,123,30,72,225,0.5466666666666666,0.13333333333333333,0.32
HGNC:16510,FBXO31,3,29,82,114,0.02631578947368421,0.2543859649122807,0.7192982456140351
HGNC:16512,BSND,39,220,156,415,0.09397590361445783,0.5301204819277109,0.3759036144578313
HGNC:16513,TMC1,176,413,307,896,0.19642857142857142,0.4609375,0.34263392857142855
HGNC:16517,TMPRSS6,37,124,246,407,0.09090909090909091,0.3046683046683047,0.6044226044226044
HGNC:16519,RAB34,4,5,34,43,0.09302325581395349,0.11627906976744186,0.7906976744186046
HGNC:16524,RAB14,0,2,9,11,0,0.18181818181818182,0.8181818181818182
HGNC:1653,CD28,1,3,15,19,0.05263157894736842,0.15789473684210525,0.7894736842105263
HGNC:166,ACTN4,18,246,259,523,0.03441682600382409,0.47036328871892924,0.49521988527724664
HGNC:16618,MRPS34,11,57,66,134,0.08208955223880597,0.4253731343283582,0.4925373134328358
HGNC:16627,CHEK2,1105,1167,2366,4638,0.2382492453643812,0.2516170763260026,0.5101336783096162
HGNC:16639,SRRM2,78,227,875,1180,0.06610169491525424,0.1923728813559322,0.7415254237288136
HGNC:1664,SCARB1,1,120,94,215,0.004651162790697674,0.5581395348837209,0.4372093023255814
HGNC:16644,IFITM5,3,83,97,183,0.01639344262295082,0.453551912568306,0.5300546448087432
HGNC:16648,PJA1,0,17,56,73,0,0.2328767123287671,0.7671232876712328
HGNC:1665,SCARB2,39,256,240,535,0.07289719626168224,0.4785046728971963,0.4485981308411215
HGNC:16650,MRPL44,6,72,87,165,0.03636363636363636,0.43636363636363634,0.5272727272727272
HGNC:16687,EIF4ENIF1,0,5,140,145,0,0.034482758620689655,0.9655172413793104
HGNC:16691,TUBGCP4,45,350,183,578,0.07785467128027682,0.6055363321799307,0.3166089965397924
HGNC:16692,CD320,0,107,124,231,0,0.46320346320346323,0.5367965367965368
HGNC:16695,BCAP31,129,115,97,341,0.3782991202346041,0.33724340175953077,0.2844574780058651
HGNC:16700,ZFPM2,42,143,307,492,0.08536585365853659,0.29065040650406504,0.6239837398373984
HGNC:16709,CALCRL,1,7,31,39,0.02564102564102564,0.1794871794871795,0.7948717948717948
HGNC:16712,FBXW7,31,83,142,256,0.12109375,0.32421875,0.5546875
HGNC:16716,DHX30,19,81,215,315,0.06031746031746032,0.2571428571428571,0.6825396825396826
HGNC:16717,DHX32,0,162,300,462,0,0.35064935064935066,0.6493506493506493
HGNC:16719,DHX34,3,55,252,310,0.00967741935483871,0.1774193548387097,0.8129032258064516
HGNC:16725,LRRC6,50,143,153,346,0.14450867052023122,0.41329479768786126,0.4421965317919075
HGNC:1673,CD3D,17,120,86,223,0.07623318385650224,0.5381165919282511,0.38565022421524664
HGNC:16732,MCEE,9,78,48,135,0.06666666666666667,0.5777777777777777,0.35555555555555557
HGNC:1674,CD3E,21,179,93,293,0.07167235494880546,0.6109215017064846,0.3174061433447099
HGNC:16740,ZBTB11,10,33,123,166,0.060240963855421686,0.19879518072289157,0.7409638554216867
HGNC:16744,CIZ1,0,192,244,436,0,0.44036697247706424,0.5596330275229358
HGNC:1675,CD3G,22,74,79,175,0.12571428571428572,0.4228571428571429,0.4514285714285714
HGNC:16762,ZNF423,5,449,509,963,0.005192107995846314,0.46625129802699894,0.5285565939771547
HGNC:1677,CD247,8,125,68,201,0.03980099502487562,0.6218905472636815,0.3383084577114428
HGNC:1678,CD4,2,26,18,46,0.043478260869565216,0.5652173913043478,0.391304347826087
HGNC:16783,CDC73,165,859,947,1971,0.0837138508371385,0.43581938102486045,0.480466768138001
HGNC:16787,EDEM3,16,8,117,141,0.11347517730496454,0.05673758865248227,0.8297872340425532
HGNC:16789,NMNAT2,2,0,25,27,0.07407407407407407,0,0.9259259259259259
HGNC:16791,TSEN15,2,28,31,61,0.03278688524590164,0.45901639344262296,0.5081967213114754
HGNC:16803,UBE3C,1,15,109,125,0.008,0.12,0.872
HGNC:16806,UBR5,9,64,264,337,0.026706231454005934,0.18991097922848665,0.7833827893175074
HGNC:16808,UBR1,72,846,262,1180,0.061016949152542375,0.7169491525423729,0.22203389830508474
HGNC:16812,COQ8A,110,329,367,806,0.13647642679900746,0.40818858560794047,0.45533498759305213
HGNC:16814,DACH2,0,6,68,74,0,0.08108108108108109,0.918918918918919
HGNC:16816,CHD5,66,78,454,598,0.11036789297658862,0.13043478260869565,0.7591973244147158
HGNC:16831,TSPOAP1,7,34,37,78,0.08974358974358974,0.4358974358974359,0.47435897435897434
HGNC:16835,TAOK2,1,406,551,958,0.0010438413361169101,0.42379958246346555,0.5751565762004175
HGNC:16841,LITAF,8,128,168,304,0.02631578947368421,0.42105263157894735,0.5526315789473685
HGNC:16850,CTR9,17,361,390,768,0.022135416666666668,0.4700520833333333,0.5078125
HGNC:16853,IPO13,0,6,93,99,0,0.06060606060606061,0.9393939393939394
HGNC:16859,NOS1AP,2,45,63,110,0.01818181818181818,0.4090909090909091,0.5727272727272728
HGNC:16860,SART3,8,9,119,136,0.058823529411764705,0.0661764705882353,0.875
HGNC:16872,SLC35B2,3,7,87,97,0.030927835051546393,0.07216494845360824,0.8969072164948454
HGNC:16873,FIG4,128,503,506,1137,0.11257695690413369,0.44239226033421286,0.4450307827616535
HGNC:16877,MFN2,202,452,772,1426,0.14165497896213183,0.3169705469845722,0.541374474053296
HGNC:16882,HCN4,21,912,1332,2265,0.009271523178807948,0.40264900662251657,0.5880794701986755
HGNC:1689,CD59,11,66,35,112,0.09821428571428571,0.5892857142857143,0.3125
HGNC:16892,CD96,5,58,131,194,0.02577319587628866,0.29896907216494845,0.6752577319587629
HGNC:16901,SPEG,51,1011,1189,2251,0.02265659706796979,0.4491337183474012,0.528209684584629
HGNC:16902,BCKDK,17,69,97,183,0.09289617486338798,0.3770491803278688,0.5300546448087432
HGNC:16905,KLHL41,33,143,181,357,0.09243697478991597,0.4005602240896359,0.5070028011204482
HGNC:16912,EMG1,1,18,8,27,0.037037037037037035,0.6666666666666666,0.2962962962962963
HGNC:16915,HAX1,63,281,366,710,0.08873239436619719,0.3957746478873239,0.5154929577464789
HGNC:16918,SYNCRIP,12,14,103,129,0.09302325581395349,0.10852713178294573,0.7984496124031008
HGNC:16920,CIB1,15,106,80,201,0.07462686567164178,0.527363184079602,0.39800995024875624
HGNC:16922,AGAP1,1,162,210,373,0.002680965147453083,0.4343163538873995,0.5630026809651475
HGNC:16931,HYOU1,4,307,525,836,0.004784688995215311,0.3672248803827751,0.6279904306220095
HGNC:16933,FEM1C,1,2,51,54,0.018518518518518517,0.037037037037037035,0.9444444444444444
HGNC:16935,ATG7,9,21,94,124,0.07258064516129033,0.1693548387096774,0.7580645161290323
HGNC:16941,SCGN,0,4,41,45,0,0.08888888888888889,0.9111111111111111
HGNC:16947,ERLIN1,4,88,80,172,0.023255813953488372,0.5116279069767442,0.46511627906976744
HGNC:16949,FAM120C,0,8,59,67,0,0.11940298507462686,0.8805970149253731
HGNC:16950,STAMBP,27,95,112,234,0.11538461538461539,0.405982905982906,0.47863247863247865
HGNC:16951,IVNS1ABP,2,9,43,54,0.037037037037037035,0.16666666666666666,0.7962962962962963
HGNC:16960,LBX1,1,4,26,31,0.03225806451612903,0.12903225806451613,0.8387096774193549
HGNC:16966,ZMYND11,105,148,196,449,0.23385300668151449,0.32962138084632514,0.4365256124721604
HGNC:16974,SRCAP,119,800,1517,2436,0.04885057471264368,0.3284072249589491,0.6227422003284072
HGNC:16979,CFHR4,0,81,127,208,0,0.3894230769230769,0.6105769230769231
HGNC:1698,CD79A,8,92,79,179,0.0446927374301676,0.5139664804469274,0.441340782122905
HGNC:16980,CFHR3,5,59,72,136,0.03676470588235294,0.4338235294117647,0.5294117647058824
HGNC:1699,CD79B,4,123,66,193,0.02072538860103627,0.6373056994818653,0.34196891191709844
HGNC:16993,SEC61B,0,4,10,14,0,0.2857142857142857,0.7142857142857143
HGNC:16999,CLP1,4,54,72,130,0.03076923076923077,0.4153846153846154,0.5538461538461539
HGNC:17009,TRIOBP,104,487,530,1121,0.0927743086529884,0.4344335414808207,0.4727921498661909
HGNC:1701,CD81,1,180,127,308,0.003246753246753247,0.5844155844155844,0.41233766233766234
HGNC:17019,PRICKLE1,3,243,374,620,0.004838709677419355,0.3919354838709677,0.603225806451613
HGNC:17022,HPS5,134,609,417,1160,0.11551724137931034,0.525,0.3594827586206897
HGNC:17028,SNF8,6,1,31,38,0.15789473684210525,0.02631578947368421,0.8157894736842105
HGNC:17035,EXOSC8,3,56,69,128,0.0234375,0.4375,0.5390625
HGNC:17042,PUF60,136,51,118,305,0.4459016393442623,0.16721311475409836,0.38688524590163936
HGNC:17043,NIPA1,4,156,218,378,0.010582010582010581,0.4126984126984127,0.5767195767195767
HGNC:17052,SEC31A,1,26,114,141,0.0070921985815602835,0.18439716312056736,0.8085106382978723
HGNC:17057,CARD8,1,185,296,482,0.002074688796680498,0.38381742738589214,0.6141078838174274
HGNC:1706,CD8A,2,119,91,212,0.009433962264150943,0.5613207547169812,0.42924528301886794
HGNC:17063,RAB3GAP1,80,260,268,608,0.13157894736842105,0.4276315789473684,0.4407894736842105
HGNC:17075,TAB2,90,116,220,426,0.2112676056338028,0.27230046948356806,0.5164319248826291
HGNC:17082,MLC1,143,411,229,783,0.1826309067688378,0.524904214559387,0.29246487867177523
HGNC:17084,SYNE2,12,1752,2994,4758,0.0025220680958385876,0.3682219419924338,0.6292559899117276
HGNC:17085,EXOC6B,14,156,152,322,0.043478260869565216,0.484472049689441,0.4720496894409938
HGNC:17087,ICOSLG,2,146,160,308,0.006493506493506494,0.474025974025974,0.5194805194805194
HGNC:17089,SYNE1,388,2493,4132,7013,0.055325823470697276,0.35548267503208325,0.5891915014972194
HGNC:17090,ARHGEF18,31,518,534,1083,0.028624192059095107,0.47830101569713757,0.4930747922437673
HGNC:17091,NCSTN,23,244,288,555,0.04144144144144144,0.43963963963963965,0.518918918918919
HGNC:17095,LARS2,66,316,234,616,0.10714285714285714,0.512987012987013,0.37987012987012986
HGNC:17097,EXOSC2,2,140,151,293,0.006825938566552901,0.4778156996587031,0.515358361774744
HGNC:17098,DICER1,869,2707,4193,7769,0.11185480756854164,0.3484360921611533,0.539709100270305
HGNC:171,ACVR1,10,205,215,430,0.023255813953488372,0.47674418604651164,0.5
HGNC:17101,SUZ12,35,46,119,200,0.175,0.23,0.595
HGNC:17103,TNPO3,9,340,437,786,0.011450381679389313,0.43256997455470736,0.5559796437659033
HGNC:17104,CDON,5,327,478,810,0.006172839506172839,0.40370370370370373,0.5901234567901235
HGNC:17109,ADAMTS17,71,745,671,1487,0.04774714189643578,0.5010087424344317,0.4512441156691325
HGNC:17110,ADAMTS18,60,565,645,1270,0.047244094488188976,0.4448818897637795,0.5078740157480315
HGNC:17111,ADAMTS19,11,20,179,210,0.05238095238095238,0.09523809523809523,0.8523809523809524
HGNC:17123,SLC9A7,2,71,169,242,0.008264462809917356,0.29338842975206614,0.6983471074380165
HGNC:17129,SLC39A4,147,700,251,1098,0.13387978142076504,0.6375227686703097,0.22859744990892533
HGNC:1713,CDAN1,66,364,481,911,0.07244785949506037,0.3995609220636663,0.5279912184412733
HGNC:17142,OPTN,66,201,306,573,0.11518324607329843,0.3507853403141361,0.5340314136125655
HGNC:17145,SNAPIN,5,0,15,20,0.25,0,0.75
HGNC:17146,ARL2BP,16,37,56,109,0.14678899082568808,0.3394495412844037,0.5137614678899083
HGNC:17151,ORC6,17,67,90,174,0.09770114942528736,0.3850574712643678,0.5172413793103449
HGNC:17155,RABGAP1,2,5,97,104,0.019230769230769232,0.04807692307692308,0.9326923076923077
HGNC:17168,RAB3GAP2,49,366,428,843,0.05812574139976275,0.43416370106761565,0.5077105575326216
HGNC:17175,PLCE1,65,299,629,993,0.06545820745216516,0.3011077542799597,0.6334340382678751
HGNC:1718,CDC14A,20,148,129,297,0.06734006734006734,0.4983164983164983,0.43434343434343436
HGNC:17189,OLFM2,0,16,63,79,0,0.20253164556962025,0.7974683544303798
HGNC:17192,TIRAP,0,16,18,34,0,0.47058823529411764,0.5294117647058824
HGNC:17194,NDUFA13,7,33,56,96,0.07291666666666667,0.34375,0.5833333333333334
HGNC:17198,CHSY1,9,122,192,323,0.02786377708978328,0.37770897832817335,0.5944272445820433
HGNC:17208,BICD2,39,432,486,957,0.04075235109717868,0.45141065830721006,0.5078369905956113
HGNC:17209,STK36,4,84,175,263,0.015209125475285171,0.3193916349809886,0.6653992395437263
HGNC:17210,DHX37,16,255,356,627,0.025518341307814992,0.40669856459330145,0.5677830940988836
HGNC:17211,DHX38,4,442,468,914,0.00437636761487965,0.48358862144420134,0.5120350109409191
HGNC:17213,COLEC11,6,65,58,129,0.046511627906976744,0.5038759689922481,0.4496124031007752
HGNC:17229,CFAP45,5,10,107,122,0.040983606557377046,0.08196721311475409,0.8770491803278688
HGNC:17233,ELMO2,7,32,59,98,0.07142857142857142,0.32653061224489793,0.6020408163265306
HGNC:17258,AGTPBP1,24,20,134,178,0.1348314606741573,0.11235955056179775,0.7528089887640449
HGNC:17264,POLR1A,12,506,640,1158,0.010362694300518135,0.4369602763385147,0.5526770293609672
HGNC:17271,RRAS2,11,37,55,103,0.10679611650485436,0.3592233009708738,0.5339805825242718
HGNC:17272,CENPJ,81,280,338,699,0.11587982832618025,0.4005722460658083,0.48354792560801146
HGNC:17283,RIMS2,7,26,199,232,0.03017241379310345,0.11206896551724138,0.8577586206896551
HGNC:17284,POT1,229,909,1466,2604,0.08794162826420891,0.3490783410138249,0.5629800307219662
HGNC:17286,EXOSC1,1,0,23,24,0.041666666666666664,0,0.9583333333333334
HGNC:17288,APOA5,16,121,211,348,0.04597701149425287,0.34770114942528735,0.6063218390804598
HGNC:17290,IL27RA,0,14,88,102,0,0.13725490196078433,0.8627450980392157
HGNC:17296,RRM2B,45,173,222,440,0.10227272727272728,0.3931818181818182,0.5045454545454545
HGNC:17298,BRF2,0,1,67,68,0,0.014705882352941176,0.9852941176470589
HGNC:17300,TAF8,8,6,50,64,0.125,0.09375,0.78125
HGNC:17317,TIMM22,1,6,30,37,0.02702702702702703,0.16216216216216217,0.8108108108108109
HGNC:17321,SP7,3,78,118,199,0.01507537688442211,0.39195979899497485,0.592964824120603
HGNC:17327,WAC,123,121,179,423,0.2907801418439716,0.2860520094562648,0.4231678486997636
HGNC:17328,DTNBP1,15,191,147,353,0.042492917847025496,0.5410764872521246,0.4164305949008499
HGNC:1733,CDK13,96,454,639,1189,0.08074011774600505,0.38183347350714886,0.5374264087468461
HGNC:17340,PRPF8,80,883,722,1685,0.04747774480712166,0.5240356083086053,0.428486646884273
HGNC:17341,TRNT1,81,250,308,639,0.1267605633802817,0.39123630672926446,0.48200312989045385
HGNC:17342,BRWD3,136,349,506,991,0.13723511604439959,0.3521695257315843,0.5105953582240161
HGNC:17347,DDX23,5,12,115,132,0.03787878787878788,0.09090909090909091,0.8712121212121212
HGNC:17348,PRPF3,12,208,207,427,0.02810304449648712,0.48711943793911006,0.4847775175644028
HGNC:17349,PRPF4,1,170,203,374,0.00267379679144385,0.45454545454545453,0.5427807486631016
HGNC:17350,CDC40,1,2,48,51,0.0196078431372549,0.0392156862745098,0.9411764705882353
HGNC:17358,TPK1,31,149,121,301,0.10299003322259136,0.4950166112956811,0.4019933554817276
HGNC:17359,NUP54,3,3,44,50,0.06,0.06,0.88
HGNC:1736,CDC42,22,74,44,140,0.15714285714285714,0.5285714285714286,0.3142857142857143
HGNC:17366,AASS,23,110,161,294,0.0782312925170068,0.3741496598639456,0.5476190476190477
HGNC:17367,IFT57,3,104,152,259,0.011583011583011582,0.4015444015444015,0.5868725868725869
HGNC:1738,CDC42BPB,64,125,337,526,0.12167300380228137,0.2376425855513308,0.6406844106463878
HGNC:1739,CDC45,24,192,159,375,0.064,0.512,0.424
HGNC:17397,BANF1,0,16,16,32,0,0.5,0.5
HGNC:174,ACVR2B,1,154,221,376,0.0026595744680851063,0.4095744680851064,0.5877659574468085
HGNC:17412,CLCF1,4,19,44,67,0.05970149253731343,0.2835820895522388,0.6567164179104478
HGNC:17416,ADGRV1,663,3638,2800,7101,0.09336713138994508,0.5123222081396986,0.3943106604703563
HGNC:1742,LRBA,187,1039,1229,2455,0.07617107942973524,0.42321792260692465,0.5006109979633401
HGNC:17433,CHP1,1,3,0,4,0.25,0.75,0
HGNC:17435,SLC12A9,0,10,135,145,0,0.06896551724137931,0.9310344827586207
HGNC:1744,CDC6,0,84,167,251,0,0.3346613545816733,0.6653386454183267
HGNC:17474,ESAM,8,12,61,81,0.09876543209876543,0.14814814814814814,0.7530864197530864
HGNC:1748,CDH1,660,1805,2686,5151,0.128130460104834,0.35041739468064453,0.5214521452145214
HGNC:17485,PPP2R3C,7,6,57,70,0.1,0.08571428571428572,0.8142857142857143
HGNC:17493,GMNN,3,55,61,119,0.025210084033613446,0.46218487394957986,0.5126050420168067
HGNC:17494,GJC2,77,90,263,430,0.17906976744186046,0.20930232558139536,0.6116279069767442
HGNC:175,ACVRL1,565,327,356,1248,0.452724358974359,0.2620192307692308,0.28525641025641024
HGNC:1750,CDH11,15,41,112,168,0.08928571428571429,0.24404761904761904,0.6666666666666666
HGNC:17513,HOMER2,5,108,106,219,0.0228310502283105,0.4931506849315068,0.4840182648401826
HGNC:17550,KREMEN1,2,40,89,131,0.015267175572519083,0.3053435114503817,0.6793893129770993
HGNC:17556,MED16,15,32,220,267,0.056179775280898875,0.1198501872659176,0.8239700374531835
HGNC:17574,ALPK3,276,1033,1995,3304,0.08353510895883777,0.31265133171912834,0.6038135593220338
HGNC:17575,SPEN,122,250,618,990,0.12323232323232323,0.25252525252525254,0.6242424242424243
HGNC:17582,KAT6B,180,676,917,1773,0.10152284263959391,0.38127467569091933,0.5172024816694868
HGNC:1759,CDH2,25,475,641,1141,0.021910604732690624,0.4163014899211218,0.5617879053461875
HGNC:17597,NCDN,7,21,95,123,0.056910569105691054,0.17073170731707318,0.7723577235772358
HGNC:17601,CADM3,1,12,71,84,0.011904761904761904,0.14285714285714285,0.8452380952380952
HGNC:17616,IL17RD,5,115,181,301,0.016611295681063124,0.38205980066445183,0.6013289036544851
HGNC:17619,NDE1,10,124,180,314,0.03184713375796178,0.39490445859872614,0.5732484076433121
HGNC:1762,CDH3,56,345,423,824,0.06796116504854369,0.4186893203883495,0.5133495145631068
HGNC:1763,CDH4,1,34,152,187,0.0053475935828877,0.18181818181818182,0.8128342245989305
HGNC:17637,PERP,6,5,20,31,0.1935483870967742,0.16129032258064516,0.6451612903225806
HGNC:17641,DCLRE1B,5,58,111,174,0.028735632183908046,0.3333333333333333,0.6379310344827587
HGNC:17642,DCLRE1C,191,558,440,1189,0.16063919259882253,0.4693019343986543,0.3700588730025231
HGNC:17646,NGLY1,129,440,352,921,0.14006514657980457,0.4777415852334419,0.38219326818675353
HGNC:17648,POPDC2,0,1,59,60,0,0.016666666666666666,0.9833333333333333
HGNC:17649,POPDC3,6,9,32,47,0.1276595744680851,0.19148936170212766,0.6808510638297872
HGNC:17652,PORCN,147,66,90,303,0.48514851485148514,0.21782178217821782,0.297029702970297
HGNC:17663,PITRM1,5,196,256,457,0.010940919037199124,0.4288840262582057,0.5601750547045952
HGNC:17686,RIC1,1,38,192,231,0.004329004329004329,0.1645021645021645,0.8311688311688312
HGNC:17693,DHRS3,2,9,48,59,0.03389830508474576,0.15254237288135594,0.8135593220338984
HGNC:17697,SARS2,5,172,220,397,0.012594458438287154,0.4332493702770781,0.5541561712846348
HGNC:177,ACY1,14,71,113,198,0.0707070707070707,0.35858585858585856,0.5707070707070707
HGNC:1770,CDK10,33,27,92,152,0.21710526315789475,0.17763157894736842,0.6052631578947368
HGNC:17722,SPRED2,8,17,73,98,0.08163265306122448,0.17346938775510204,0.7448979591836735
HGNC:1773,CDK4,4,546,768,1318,0.0030349013657056147,0.4142640364188164,0.582701062215478
HGNC:17735,TMEM63B,11,19,96,126,0.0873015873015873,0.15079365079365079,0.7619047619047619
HGNC:1774,CDK5,2,59,15,76,0.02631578947368421,0.7763157894736842,0.19736842105263158
HGNC:17754,THSD1,7,31,101,139,0.050359712230215826,0.22302158273381295,0.7266187050359713
HGNC:17755,TNFRSF13C,2,78,130,210,0.009523809523809525,0.37142857142857144,0.6190476190476191
HGNC:17759,PDSS1,15,204,196,415,0.03614457831325301,0.491566265060241,0.472289156626506
HGNC:17761,TREM2,24,73,90,187,0.12834224598930483,0.39037433155080214,0.48128342245989303
HGNC:17768,TDP2,14,27,58,99,0.1414141414141414,0.2727272727272727,0.5858585858585859
HGNC:17770,RALGAPA1,14,50,248,312,0.04487179487179487,0.16025641025641027,0.7948717948717948
HGNC:17772,TXN2,1,31,40,72,0.013888888888888888,0.4305555555555556,0.5555555555555556
HGNC:1779,CDK8,20,12,71,103,0.1941747572815534,0.11650485436893204,0.6893203883495146
HGNC:17797,MAP3K20,14,281,156,451,0.031042128603104215,0.623059866962306,0.3458980044345898
HGNC:1780,CDK9,1,12,34,47,0.02127659574468085,0.2553191489361702,0.723404255319149
HGNC:17800,FARSB,14,82,125,221,0.06334841628959276,0.37104072398190047,0.5656108597285068
HGNC:17810,AMOT,1,18,112,131,0.007633587786259542,0.13740458015267176,0.8549618320610687
HGNC:17811,AMOTL1,5,13,149,167,0.029940119760479042,0.07784431137724551,0.8922155688622755
HGNC:17814,SLF2,8,22,151,181,0.04419889502762431,0.12154696132596685,0.8342541436464088
HGNC:17820,NT5C3A,19,60,79,158,0.12025316455696203,0.379746835443038,0.5
HGNC:17825,PLA2G16,4,3,38,45,0.08888888888888889,0.06666666666666667,0.8444444444444444
HGNC:1784,CDKN1A,1,14,22,37,0.02702702702702703,0.3783783783783784,0.5945945945945946
HGNC:1785,CDKN1B,142,294,717,1153,0.12315698178664354,0.25498699045967044,0.6218560277536861
HGNC:17851,REXO2,0,1,20,21,0,0.047619047619047616,0.9523809523809523
HGNC:17859,NUP188,19,83,294,396,0.047979797979797977,0.20959595959595959,0.7424242424242424
HGNC:1786,CDKN1C,139,506,642,1287,0.108003108003108,0.39316239316239315,0.4988344988344988
HGNC:17861,TRAF3IP1,41,309,327,677,0.060561299852289516,0.4564254062038405,0.48301329394387
HGNC:17866,HAVCR1,0,29,46,75,0,0.38666666666666666,0.6133333333333333
HGNC:17869,AFF4,6,292,447,745,0.008053691275167786,0.3919463087248322,0.6
HGNC:1787,CDKN2A,212,508,904,1624,0.13054187192118227,0.312807881773399,0.5566502463054187
HGNC:17870,INVS,125,462,538,1125,0.1111111111111111,0.4106666666666667,0.4782222222222222
HGNC:17877,NMNAT1,69,62,89,220,0.31363636363636366,0.2818181818181818,0.40454545454545454
HGNC:1788,CDKN2B,5,17,30,52,0.09615384615384616,0.3269230769230769,0.5769230769230769
HGNC:1789,CDKN2C,1,5,14,20,0.05,0.25,0.7
HGNC:17893,PGAP2,18,53,78,149,0.12080536912751678,0.35570469798657717,0.5234899328859061
HGNC:17896,PRPF19,1,0,44,45,0.022222222222222223,0,0.9777777777777777
HGNC:17904,DROSHA,9,65,138,212,0.04245283018867924,0.30660377358490565,0.6509433962264151
HGNC:17928,PSMC3IP,5,25,38,68,0.07352941176470588,0.36764705882352944,0.5588235294117647
HGNC:17933,KAT8,11,18,127,156,0.07051282051282051,0.11538461538461539,0.8141025641025641
HGNC:17935,CD207,0,15,50,65,0,0.23076923076923078,0.7692307692307693
HGNC:17939,SLC45A1,1,80,138,219,0.0045662100456621,0.365296803652968,0.6301369863013698
HGNC:17944,EXOSC3,51,145,125,321,0.1588785046728972,0.4517133956386293,0.3894080996884735
HGNC:17950,BORCS5,1,1,27,29,0.034482758620689655,0.034482758620689655,0.9310344827586207
HGNC:17964,RDH11,9,87,123,219,0.0410958904109589,0.3972602739726027,0.5616438356164384
HGNC:17966,CEP83,46,256,245,547,0.08409506398537477,0.4680073126142596,0.44789762340036565
HGNC:17967,IRAK4,36,150,186,372,0.0967741935483871,0.4032258064516129,0.5
HGNC:17975,REEP2,7,81,68,156,0.04487179487179487,0.5192307692307693,0.4358974358974359
HGNC:17978,B3GALT6,37,123,254,414,0.0893719806763285,0.2971014492753623,0.6135265700483091
HGNC:17985,ROBO4,16,54,223,293,0.05460750853242321,0.18430034129692832,0.7610921501706485
HGNC:17989,SLC22A12,23,116,195,334,0.0688622754491018,0.3473053892215569,0.5838323353293413
HGNC:17992,TRPM3,8,80,366,454,0.01762114537444934,0.1762114537444934,0.8061674008810573
HGNC:17993,TRPM4,8,838,1403,2249,0.0035571365051133837,0.37261004891062693,0.6238328145842597
HGNC:17994,TRPM7,4,66,254,324,0.012345679012345678,0.2037037037037037,0.7839506172839507
HGNC:17995,TRPM6,68,345,550,963,0.07061266874350987,0.3582554517133956,0.5711318795430945
HGNC:17996,NAGS,114,393,194,701,0.16262482168330955,0.5606276747503567,0.2767475035663338
HGNC:17997,FKRP,228,450,560,1238,0.1841680129240711,0.36348949919224555,0.45234248788368336
HGNC:18000,PHF5A,3,0,8,11,0.2727272727272727,0,0.7272727272727273
HGNC:18005,GIMAP5,3,5,2,10,0.3,0.5,0.2
HGNC:18008,NXN,8,160,89,257,0.0311284046692607,0.622568093385214,0.3463035019455253
HGNC:18010,GDAP2,9,15,56,80,0.1125,0.1875,0.7
HGNC:18016,NUP133,8,131,240,379,0.021108179419525065,0.34564643799472294,0.633245382585752
HGNC:1802,CDSN,11,78,73,162,0.06790123456790123,0.48148148148148145,0.4506172839506173
HGNC:18021,TMC6,36,461,378,875,0.04114285714285714,0.5268571428571428,0.432
HGNC:18025,COA6,5,44,25,74,0.06756756756756757,0.5945945945945946,0.33783783783783783
HGNC:18028,OSGEP,29,79,83,191,0.1518324607329843,0.41361256544502617,0.43455497382198954
HGNC:18037,ARID2,119,155,297,571,0.2084063047285464,0.2714535901926445,0.5201401050788091
HGNC:18039,KDM5B,105,87,336,528,0.19886363636363635,0.16477272727272727,0.6363636363636364
HGNC:18040,ARID1B,611,1063,1059,2733,0.22356384924990852,0.3889498719356019,0.38748627881448955
HGNC:18044,SLC38A3,7,3,57,67,0.1044776119402985,0.04477611940298507,0.8507462686567164
HGNC:1805,CDX1,0,1,54,55,0,0.01818181818181818,0.9818181818181818
HGNC:18053,PKD1L1,63,534,590,1187,0.05307497893850042,0.44987363100252736,0.4970513900589722
HGNC:1806,CDX2,1,2,47,50,0.02,0.04,0.94
HGNC:18060,ARX,220,397,444,1061,0.20735155513666353,0.37417530631479734,0.4184731385485391
HGNC:18062,GPT2,18,37,80,135,0.13333333333333333,0.2740740740740741,0.5925925925925926
HGNC:18063,STARD7,2,4,57,63,0.031746031746031744,0.06349206349206349,0.9047619047619048
HGNC:18078,ZBTB7A,23,24,113,160,0.14375,0.15,0.70625
HGNC:18083,TRPV4,69,495,739,1303,0.052954719877206444,0.37989255564082886,0.5671527244819647
HGNC:18084,TRPV3,10,223,254,487,0.02053388090349076,0.45790554414784396,0.5215605749486653
HGNC:18085,TMEM199,7,39,45,91,0.07692307692307693,0.42857142857142855,0.4945054945054945
HGNC:18111,CCDC50,2,156,166,324,0.006172839506172839,0.48148148148148145,0.5123456790123457
HGNC:18116,KHDRBS1,1,0,34,35,0.02857142857142857,0,0.9714285714285714
HGNC:18118,RSF1,0,9,182,191,0,0.04712041884816754,0.9528795811518325
HGNC:18119,SPATA5,102,386,411,899,0.11345939933259176,0.42936596218020023,0.457174638487208
HGNC:18121,MFRP,67,280,381,728,0.09203296703296704,0.38461538461538464,0.5233516483516484
HGNC:18122,SOX17,8,76,186,270,0.02962962962962963,0.2814814814814815,0.6888888888888889
HGNC:18124,P2RY12,5,38,93,136,0.03676470588235294,0.27941176470588236,0.6838235294117647
HGNC:18126,ZNRF3,7,13,128,148,0.0472972972972973,0.08783783783783784,0.8648648648648649
HGNC:18127,TUBGCP6,137,1055,1109,2301,0.0595393307257714,0.4584963059539331,0.4819643633202955
HGNC:18141,DCDC2,34,157,193,384,0.08854166666666667,0.4088541666666667,0.5026041666666666
HGNC:18143,DAAM2,5,59,185,249,0.020080321285140562,0.23694779116465864,0.7429718875502008
HGNC:18145,PHF6,142,98,112,352,0.4034090909090909,0.2784090909090909,0.3181818181818182
HGNC:18150,MYO18B,143,1186,1172,2501,0.057177129148340666,0.47421031587365053,0.4686125549780088
HGNC:18153,TNFRSF13B,35,129,217,381,0.09186351706036745,0.33858267716535434,0.5695538057742782
HGNC:18155,TXNRD2,0,437,495,932,0,0.4688841201716738,0.5311158798283262
HGNC:18163,IFNE,0,4,32,36,0,0.1111111111111111,0.8888888888888888
HGNC:18169,FKBP10,81,350,251,682,0.1187683284457478,0.5131964809384164,0.3680351906158358
HGNC:18171,CD244,0,14,38,52,0,0.2692307692307692,0.7307692307692307
HGNC:18179,VPS33A,1,207,143,351,0.002849002849002849,0.5897435897435898,0.4074074074074074
HGNC:18183,GIPC3,28,115,131,274,0.10218978102189781,0.4197080291970803,0.4781021897810219
HGNC:18188,TMCO1,18,39,28,85,0.21176470588235294,0.4588235294117647,0.32941176470588235
HGNC:18234,MOCOS,41,200,280,521,0.07869481765834933,0.3838771593090211,0.5374280230326296
HGNC:18243,RCBTB1,34,204,194,432,0.0787037037037037,0.4722222222222222,0.44907407407407407
HGNC:18248,ELP2,21,44,163,228,0.09210526315789473,0.19298245614035087,0.7149122807017544
HGNC:18249,KCTD1,13,51,153,217,0.059907834101382486,0.2350230414746544,0.7050691244239631
HGNC:18267,FMNL2,1,11,113,125,0.008,0.088,0.904
HGNC:18270,HHAT,8,64,98,170,0.047058823529411764,0.3764705882352941,0.5764705882352941
HGNC:18276,SEC61A1,9,211,127,347,0.025936599423631124,0.6080691642651297,0.3659942363112392
HGNC:18286,RAX2,10,102,175,287,0.03484320557491289,0.3554006968641115,0.6097560975609756
HGNC:18292,CFC1,3,20,24,47,0.06382978723404255,0.425531914893617,0.5106382978723404
HGNC:18294,ALG1,119,521,345,985,0.12081218274111676,0.5289340101522843,0.350253807106599
HGNC:18305,ATP6AP2,6,122,142,270,0.022222222222222223,0.45185185185185184,0.5259259259259259
HGNC:18308,TMLHE,108,19,71,198,0.5454545454545454,0.09595959595959595,0.35858585858585856
HGNC:18318,ASXL1,153,1089,1527,2769,0.0552546045503792,0.39328277356446373,0.551462621885157
HGNC:18324,HSD3B7,28,65,119,212,0.1320754716981132,0.30660377358490565,0.5613207547169812
HGNC:1833,CEBPA,66,397,856,1319,0.050037907505686124,0.3009855951478393,0.6489764973464746
HGNC:18340,WDR19,144,510,663,1317,0.10933940774487472,0.38724373576309795,0.5034168564920274
HGNC:18345,FAM46A,4,101,84,189,0.021164021164021163,0.5343915343915344,0.4444444444444444
HGNC:18348,TICAM1,0,197,241,438,0,0.4497716894977169,0.5502283105022832
HGNC:18358,IL17RC,7,368,508,883,0.007927519818799546,0.41676104190260477,0.5753114382785957
HGNC:1836,CEBPE,11,112,126,249,0.04417670682730924,0.4497991967871486,0.5060240963855421
HGNC:18362,IMPG2,143,290,648,1081,0.1322849213691027,0.2682701202590194,0.599444958371878
HGNC:18365,IFNL3,0,10,38,48,0,0.20833333333333334,0.7916666666666666
HGNC:18374,HPSE2,22,104,153,279,0.07885304659498207,0.3727598566308244,0.5483870967741935
HGNC:1839,ADA2,90,235,277,602,0.14950166112956811,0.3903654485049834,0.4601328903654485
HGNC:18398,SMARCAD1,8,32,94,134,0.05970149253731343,0.23880597014925373,0.7014925373134329
HGNC:18399,DHRSX,3,13,16,32,0.09375,0.40625,0.5
HGNC:18410,ZNF292,113,243,534,890,0.12696629213483146,0.27303370786516856,0.6
HGNC:18416,FICD,2,8,76,86,0.023255813953488372,0.09302325581395349,0.8837209302325582
HGNC:18420,SETD2,77,543,868,1488,0.05174731182795699,0.3649193548387097,0.5833333333333334
HGNC:18423,DEPDC5,409,1018,1275,2702,0.15136935603256846,0.3767579570688379,0.47187268689859363
HGNC:18437,HAVCR2,0,24,47,71,0,0.3380281690140845,0.6619718309859155
HGNC:18451,MCFD2,12,50,104,166,0.07228915662650602,0.30120481927710846,0.6265060240963856
HGNC:18453,NAXE,23,66,70,159,0.14465408805031446,0.41509433962264153,0.44025157232704404
HGNC:18454,PROK1,0,1,18,19,0,0.05263157894736842,0.9473684210526315
HGNC:18455,PROK2,10,34,46,90,0.1111111111111111,0.37777777777777777,0.5111111111111111
HGNC:18466,RNASEH1,6,136,89,231,0.025974025974025976,0.5887445887445888,0.3852813852813853
HGNC:18475,ZDHHC9,106,147,126,379,0.2796833773087071,0.38786279683377306,0.3324538258575198
HGNC:1848,CEL,8,170,244,422,0.018957345971563982,0.4028436018957346,0.5781990521327014
HGNC:18481,ATP6V0A2,76,408,362,846,0.08983451536643026,0.48226950354609927,0.42789598108747046
HGNC:18483,LIPH,13,47,70,130,0.1,0.36153846153846153,0.5384615384615384
HGNC:1850,CELSR1,14,231,667,912,0.015350877192982455,0.2532894736842105,0.731359649122807
HGNC:18505,RNF43,34,537,937,1508,0.022546419098143235,0.35610079575596815,0.6213527851458885
HGNC:18514,SPART,29,129,251,409,0.07090464547677261,0.3154034229828851,0.6136919315403423
HGNC:18518,RNASEH2A,44,276,228,548,0.08029197080291971,0.5036496350364964,0.41605839416058393
HGNC:18525,CYS1,1,4,49,54,0.018518518518518517,0.07407407407407407,0.9074074074074074
HGNC:18531,LRRC7,6,29,151,186,0.03225806451612903,0.15591397849462366,0.8118279569892473
HGNC:18533,USP48,1,10,70,81,0.012345679012345678,0.12345679012345678,0.8641975308641975
HGNC:18539,STX1B,71,195,175,441,0.16099773242630386,0.4421768707482993,0.3968253968253968
HGNC:18540,CPT1C,17,172,233,422,0.04028436018957346,0.4075829383886256,0.5521327014218009
HGNC:18541,KMT2E,148,476,766,1390,0.10647482014388489,0.3424460431654676,0.5510791366906475
HGNC:18550,IER3IP1,1,66,52,119,0.008403361344537815,0.5546218487394958,0.4369747899159664
HGNC:18561,BLOC1S5,6,9,39,54,0.1111111111111111,0.16666666666666666,0.7222222222222222
HGNC:1857,CENPF,67,303,563,933,0.07181136120042872,0.3247588424437299,0.6034297963558414
HGNC:18576,CCNO,40,111,120,271,0.14760147601476015,0.4095940959409594,0.44280442804428044
HGNC:1859,CEP250,102,720,861,1683,0.06060606060606061,0.42780748663101603,0.5115864527629234
HGNC:18591,NEK9,22,58,133,213,0.10328638497652583,0.27230046948356806,0.6244131455399061
HGNC:18592,NEK10,11,21,78,110,0.1,0.19090909090909092,0.7090909090909091
HGNC:18599,TUBGCP2,2,67,153,222,0.009009009009009009,0.30180180180180183,0.6891891891891891
HGNC:186,ADA,166,389,195,750,0.22133333333333333,0.5186666666666667,0.26
HGNC:18603,COL25A1,10,43,92,145,0.06896551724137931,0.296551724137931,0.6344827586206897
HGNC:18608,LRRK1,26,574,473,1073,0.024231127679403542,0.5349487418452936,0.4408201304753029
HGNC:18610,KSR2,3,191,209,403,0.007444168734491315,0.4739454094292804,0.5186104218362283
HGNC:18618,LRRK2,10,1532,2444,3986,0.002508780732563974,0.3843452082288008,0.6131460110386352
HGNC:18619,COG3,0,2,87,89,0,0.02247191011235955,0.9775280898876404
HGNC:18620,COG4,41,156,270,467,0.08779443254817987,0.3340471092077088,0.5781584582441114
HGNC:18621,COG6,38,184,211,433,0.08775981524249422,0.42494226327944573,0.48729792147806006
HGNC:18622,COG7,28,315,282,625,0.0448,0.504,0.4512
HGNC:18623,COG8,17,103,168,288,0.059027777777777776,0.3576388888888889,0.5833333333333334
HGNC:18625,FKBP14,21,118,144,283,0.07420494699646643,0.4169611307420495,0.508833922261484
HGNC:18626,IFT27,14,95,84,193,0.07253886010362694,0.49222797927461137,0.43523316062176165
HGNC:18628,STAB1,0,61,443,504,0,0.12103174603174603,0.878968253968254
HGNC:18640,LDLRAP1,71,327,279,677,0.10487444608567208,0.48301329394387,0.4121122599704579
HGNC:18647,RTN4IP1,35,142,165,342,0.1023391812865497,0.4152046783625731,0.4824561403508772
HGNC:18648,DPP9,4,29,148,181,0.022099447513812154,0.16022099447513813,0.8176795580110497
HGNC:18654,RTTN,85,742,682,1509,0.05632869449966865,0.4917163684559311,0.45195493704440026
HGNC:18662,RAX,11,59,139,209,0.05263157894736842,0.2822966507177033,0.6650717703349283
HGNC:18666,RNPC3,11,17,75,103,0.10679611650485436,0.1650485436893204,0.7281553398058253
HGNC:18667,PMPCA,13,111,155,279,0.04659498207885305,0.3978494623655914,0.5555555555555556
HGNC:18669,MPP5,2,17,79,98,0.02040816326530612,0.17346938775510204,0.8061224489795918
HGNC:18672,CDK5RAP2,84,452,515,1051,0.07992388201712655,0.4300666032350143,0.4900095147478592
HGNC:18674,DDX41,150,571,764,1485,0.10101010101010101,0.3845117845117845,0.5144781144781144
HGNC:18683,EIF4A3,3,13,27,43,0.06976744186046512,0.3023255813953488,0.627906976744186
HGNC:18688,CRB2,51,383,427,861,0.059233449477351915,0.4448315911730546,0.4959349593495935
HGNC:18697,ASCC3,13,40,284,337,0.03857566765578635,0.11869436201780416,0.8427299703264095
HGNC:18704,NAA10,159,79,93,331,0.48036253776435045,0.23867069486404835,0.2809667673716012
HGNC:18708,GRIP1,31,510,291,832,0.037259615384615384,0.6129807692307693,0.34975961538461536
HGNC:18711,LGI3,12,13,101,126,0.09523809523809523,0.10317460317460317,0.8015873015873016
HGNC:18712,LGI4,19,50,86,155,0.12258064516129032,0.3225806451612903,0.5548387096774193
HGNC:18744,DNAI2,116,507,301,924,0.12554112554112554,0.5487012987012987,0.32575757575757575
HGNC:18746,SLURP1,15,9,22,46,0.32608695652173914,0.1956521739130435,0.4782608695652174
HGNC:1875,CFL2,9,69,84,162,0.05555555555555555,0.42592592592592593,0.5185185185185185
HGNC:18750,RIN2,18,330,332,680,0.026470588235294117,0.4852941176470588,0.48823529411764705
HGNC:18756,RHOBTB2,15,514,369,898,0.01670378619153675,0.5723830734966593,0.410913140311804
HGNC:18758,BBS7,140,345,358,843,0.166073546856465,0.4092526690391459,0.4246737841043891
HGNC:18786,FAM50A,5,15,47,67,0.07462686567164178,0.22388059701492538,0.7014925373134329
HGNC:18791,ZFP57,15,48,97,160,0.09375,0.3,0.60625
HGNC:18798,SLC44A1,6,18,91,115,0.05217391304347826,0.1565217391304348,0.7913043478260869
HGNC:188,ADAM10,4,37,69,110,0.03636363636363636,0.33636363636363636,0.6272727272727273
HGNC:18801,POGZ,212,236,409,857,0.24737456242707118,0.27537922987164526,0.47724620770128356
HGNC:18802,ATPAF2,3,89,146,238,0.012605042016806723,0.3739495798319328,0.6134453781512605
HGNC:18806,CAMTA1,128,319,530,977,0.13101330603889458,0.3265097236438076,0.5424769703172978
HGNC:18817,HPS6,99,191,323,613,0.16150081566068517,0.31158238172920066,0.5269168026101142
HGNC:18825,SERINC5,0,9,53,62,0,0.14516129032258066,0.8548387096774194
HGNC:18828,NDUFAF1,4,58,134,196,0.02040816326530612,0.29591836734693877,0.6836734693877551
HGNC:18838,PPP1R13L,13,45,148,206,0.06310679611650485,0.21844660194174756,0.7184466019417476
HGNC:1884,CFTR,1496,1649,2913,6058,0.24694618686034994,0.2722020468801585,0.4808517662594916
HGNC:18855,CREB3L3,19,139,167,325,0.05846153846153846,0.4276923076923077,0.5138461538461538
HGNC:18856,CREB3L1,15,188,154,357,0.04201680672268908,0.5266106442577031,0.43137254901960786
HGNC:18858,PIGM,2,24,133,159,0.012578616352201259,0.1509433962264151,0.8364779874213837
HGNC:18865,KCNT1,78,1336,1169,2583,0.030197444831591175,0.5172280294231514,0.45257452574525747
HGNC:18866,KCNT2,17,47,238,302,0.056291390728476824,0.15562913907284767,0.7880794701986755
HGNC:18871,MMAA,142,239,269,650,0.21846153846153846,0.3676923076923077,0.41384615384615386
HGNC:18873,IFIH1,42,644,1056,1742,0.024110218140068886,0.36969001148105624,0.6061997703788748
HGNC:18874,LAT,9,139,78,226,0.03982300884955752,0.6150442477876106,0.34513274336283184
HGNC:18884,TDP1,8,91,178,277,0.02888086642599278,0.3285198555956679,0.6425992779783394
HGNC:18957,MAGI2,10,250,406,666,0.015015015015015015,0.37537537537537535,0.6096096096096096
HGNC:18969,IL31RA,1,34,92,127,0.007874015748031496,0.2677165354330709,0.7244094488188977
HGNC:18971,AP1S3,0,23,14,37,0,0.6216216216216216,0.3783783783783784
HGNC:18985,DCXR,1,7,34,42,0.023809523809523808,0.16666666666666666,0.8095238095238095
HGNC:18986,GBA2,51,144,206,401,0.12718204488778054,0.35910224438902744,0.513715710723192
HGNC:18994,BRSK1,1,1,67,69,0.014492753623188406,0.014492753623188406,0.9710144927536232
HGNC:19009,CLUAP1,2,172,283,457,0.00437636761487965,0.37636761487964987,0.6192560175054704
HGNC:19034,MAST1,15,299,413,727,0.02063273727647868,0.41127922971114167,0.5680880330123796
HGNC:19036,MAST3,9,69,214,292,0.030821917808219176,0.2363013698630137,0.7328767123287672
HGNC:19037,MAST4,3,51,324,378,0.007936507936507936,0.1349206349206349,0.8571428571428571
HGNC:19041,COQ8B,40,159,115,314,0.12738853503184713,0.5063694267515924,0.3662420382165605
HGNC:19042,MASTL,0,83,137,220,0,0.37727272727272726,0.6227272727272727
HGNC:19048,ASPM,359,612,1196,2167,0.16566682048915551,0.2824180895246885,0.551915089986156
HGNC:19070,THOC1,1,3,49,53,0.018867924528301886,0.05660377358490566,0.9245283018867925
HGNC:19073,THOC2,22,63,219,304,0.07236842105263158,0.20723684210526316,0.7203947368421053
HGNC:1908,VPS13A,499,2369,1001,3869,0.12897389506332385,0.6123029206513311,0.2587231842853451
HGNC:19082,NALCN,186,575,614,1375,0.13527272727272727,0.41818181818181815,0.4465454545454545
HGNC:19087,EBF3,153,66,167,386,0.3963730569948187,0.17098445595854922,0.4326424870466321
HGNC:19088,ASH1L,108,171,685,964,0.11203319502074689,0.17738589211618258,0.7105809128630706
HGNC:19089,SLC30A5,2,7,73,82,0.024390243902439025,0.08536585365853659,0.8902439024390244
HGNC:1910,CHAF1A,8,12,134,154,0.05194805194805195,0.07792207792207792,0.8701298701298701
HGNC:19100,IL23R,0,183,256,439,0,0.4168564920273349,0.5831435079726651
HGNC:19102,DDX58,5,276,493,774,0.006459948320413436,0.35658914728682173,0.6369509043927648
HGNC:19104,NPHP4,160,667,1107,1934,0.0827300930713547,0.34488107549120994,0.5723888314374354
HGNC:1912,CHAT,112,599,372,1083,0.10341643582640812,0.5530932594644506,0.34349030470914127
HGNC:19125,FGD4,51,338,413,802,0.06359102244389027,0.42144638403990026,0.5149625935162094
HGNC:19129,PSAT1,35,186,158,379,0.09234828496042216,0.49076517150395776,0.41688654353562005
HGNC:1913,RCC1,5,2,47,54,0.09259259259259259,0.037037037037037035,0.8703703703703703
HGNC:19133,HS6ST2,2,15,85,102,0.0196078431372549,0.14705882352941177,0.8333333333333334
HGNC:19139,POMGNT1,262,660,611,1533,0.17090671885192432,0.43052837573385516,0.39856490541422046
HGNC:19141,TTBK2,11,157,344,512,0.021484375,0.306640625,0.671875
HGNC:1915,CHD1,13,67,378,458,0.028384279475982533,0.1462882096069869,0.8253275109170306
HGNC:1917,CHD2,392,1100,1042,2534,0.15469613259668508,0.43409629044988163,0.4112075769534333
HGNC:1918,CHD3,126,148,562,836,0.1507177033492823,0.17703349282296652,0.6722488038277512
HGNC:19181,KIF14,43,201,261,505,0.08514851485148515,0.39801980198019804,0.5168316831683168
HGNC:19182,SASH1,14,94,224,332,0.04216867469879518,0.28313253012048195,0.6746987951807228
HGNC:19185,FRAS1,319,1752,1489,3560,0.08960674157303371,0.49213483146067416,0.4182584269662921
HGNC:19189,DOCK6,104,858,750,1712,0.06074766355140187,0.5011682242990654,0.4380841121495327
HGNC:1919,CHD4,89,269,444,802,0.11097256857855362,0.33541147132169574,0.5536159600997507
HGNC:19190,DOCK7,99,965,800,1864,0.053111587982832616,0.5177038626609443,0.4291845493562232
HGNC:19191,DOCK8,145,1621,1324,3090,0.04692556634304207,0.5245954692556635,0.4284789644012945
HGNC:19192,DOCK4,4,54,271,329,0.0121580547112462,0.1641337386018237,0.8237082066869301
HGNC:19222,WSB2,1,6,37,44,0.022727272727272728,0.13636363636363635,0.8409090909090909
HGNC:19237,NANS,17,88,94,199,0.08542713567839195,0.44221105527638194,0.4723618090452261
HGNC:19246,TERF2IP,1,316,537,854,0.00117096018735363,0.3700234192037471,0.6288056206088993
HGNC:19261,MTO1,70,370,380,820,0.08536585365853659,0.45121951219512196,0.4634146341463415
HGNC:19263,LMAN2L,3,15,60,78,0.038461538461538464,0.19230769230769232,0.7692307692307693
HGNC:19274,TTC5,9,10,51,70,0.12857142857142856,0.14285714285714285,0.7285714285714285
HGNC:19286,SCYL2,10,14,114,138,0.07246376811594203,0.10144927536231885,0.8260869565217391
HGNC:19297,TNK2,1,162,331,494,0.0020242914979757085,0.32793522267206476,0.6700404858299596
HGNC:19304,SCAF4,45,55,241,341,0.13196480938416422,0.16129032258064516,0.7067448680351907
HGNC:19306,SLC30A7,5,11,58,74,0.06756756756756757,0.14864864864864866,0.7837837837837838
HGNC:19316,P3H1,140,482,377,999,0.14014014014014015,0.4824824824824825,0.37737737737737737
HGNC:19317,P3H2,57,361,366,784,0.07270408163265306,0.4604591836734694,0.46683673469387754
HGNC:19321,NKX6-2,23,62,102,187,0.12299465240641712,0.3315508021390374,0.5454545454545454
HGNC:19331,MMAB,110,287,202,599,0.18363939899833054,0.4791318864774624,0.337228714524207
HGNC:19338,CDK19,9,15,76,100,0.09,0.15,0.76
HGNC:19344,DENND5A,32,414,299,745,0.042953020134228186,0.5557046979865772,0.40134228187919463
HGNC:19347,CUX2,4,159,318,481,0.008316008316008316,0.3305613305613306,0.6611226611226612
HGNC:19349,KIF21A,15,91,273,379,0.0395778364116095,0.24010554089709762,0.7203166226912929
HGNC:19353,SIN3A,123,279,400,802,0.15336658354114713,0.3478802992518703,0.49875311720698257
HGNC:19354,SIN3B,3,44,239,286,0.01048951048951049,0.15384615384615385,0.8356643356643356
HGNC:19358,ALG12,43,279,270,592,0.07263513513513513,0.47128378378378377,0.4560810810810811
HGNC:19366,PANK4,1,10,97,108,0.009259259259259259,0.09259259259259259,0.8981481481481481
HGNC:19368,HYDIN,79,201,349,629,0.12559618441971382,0.3195548489666137,0.5548489666136724
HGNC:1937,CHKA,5,5,50,60,0.08333333333333333,0.08333333333333333,0.8333333333333334
HGNC:1938,CHKB,43,195,206,444,0.09684684684684684,0.4391891891891892,0.46396396396396394
HGNC:19380,RNU12,9,2,6,17,0.5294117647058824,0.11764705882352941,0.35294117647058826
HGNC:19383,SOCS1,13,10,66,89,0.14606741573033707,0.11235955056179775,0.7415730337078652
HGNC:1939,CHL1,1,72,236,309,0.003236245954692557,0.23300970873786409,0.7637540453074434
HGNC:1940,CHM,401,403,255,1059,0.37865911237016053,0.380547686496695,0.24079320113314448
HGNC:19405,PGBD5,4,6,0,10,0.4,0.6,0
HGNC:19412,ZMYND10,35,126,128,289,0.12110726643598616,0.4359861591695502,0.4429065743944637
HGNC:19439,KCNK18,3,35,61,99,0.030303030303030304,0.35353535353535354,0.6161616161616161
HGNC:19440,SBDS,49,130,235,414,0.11835748792270531,0.3140096618357488,0.5676328502415459
HGNC:195,ADAM17,26,343,254,623,0.04173354735152488,0.550561797752809,0.40770465489566615
HGNC:1950,CHRM1,1,5,42,48,0.020833333333333332,0.10416666666666667,0.875
HGNC:1952,CHRM3,3,54,97,154,0.01948051948051948,0.35064935064935066,0.6298701298701299
HGNC:1955,CHRNA1,49,225,312,586,0.08361774744027303,0.3839590443686007,0.5324232081911263
HGNC:1956,CHRNA2,4,322,527,853,0.004689331770222743,0.37749120750293086,0.6178194607268465
HGNC:1957,CHRNA3,16,65,117,198,0.08080808080808081,0.3282828282828283,0.5909090909090909
HGNC:1958,CHRNA4,8,549,594,1151,0.0069504778453518675,0.4769765421372719,0.5160729800173762
HGNC:1961,CHRNB1,35,218,336,589,0.059422750424448216,0.3701188455008489,0.5704584040747029
HGNC:1962,CHRNB2,7,278,407,692,0.010115606936416185,0.40173410404624277,0.588150289017341
HGNC:1965,CHRND,46,211,375,632,0.07278481012658228,0.3338607594936709,0.5933544303797469
HGNC:1966,CHRNE,267,685,517,1469,0.1817562968005446,0.46630360789652825,0.35194009530292714
HGNC:19661,TNNI3K,5,480,884,1369,0.003652300949598247,0.3506208911614317,0.6457268078889701
HGNC:1967,CHRNG,82,320,164,566,0.14487632508833923,0.5653710247349824,0.28975265017667845
HGNC:1968,LYST,276,1879,1849,4004,0.06893106893106893,0.4692807192807193,0.4617882117882118
HGNC:19685,SEPHS1,4,8,40,52,0.07692307692307693,0.15384615384615385,0.7692307692307693
HGNC:19687,EIF2AK4,81,278,186,545,0.14862385321100918,0.5100917431192661,0.3412844036697248
HGNC:19688,NECTIN4,12,46,24,82,0.14634146341463414,0.5609756097560976,0.2926829268292683
HGNC:19689,RD3,14,63,176,253,0.05533596837944664,0.2490118577075099,0.6956521739130435
HGNC:19691,MECR,31,208,104,343,0.09037900874635568,0.6064139941690962,0.3032069970845481
HGNC:19693,COQ4,41,167,137,345,0.11884057971014493,0.48405797101449277,0.39710144927536234
HGNC:19698,KCNV2,85,238,495,818,0.1039119804400978,0.29095354523227385,0.6051344743276283
HGNC:19701,CNKSR2,136,41,180,357,0.38095238095238093,0.11484593837535013,0.5042016806722689
HGNC:19706,ADAMTSL4,170,693,580,1443,0.11781011781011781,0.4802494802494803,0.4019404019404019
HGNC:19708,LDHD,8,14,88,110,0.07272727272727272,0.12727272727272726,0.8
HGNC:1971,CHST3,58,185,228,471,0.12314225053078556,0.39278131634819535,0.4840764331210191
HGNC:19711,DISP1,8,144,335,487,0.01642710472279261,0.29568788501026694,0.6878850102669405
HGNC:19714,DDHD1,31,250,296,577,0.053726169844020795,0.43327556325823224,0.512998266897747
HGNC:19721,CANT1,50,221,188,459,0.10893246187363835,0.48148148148148145,0.4095860566448802
HGNC:19737,TNS2,0,187,351,538,0,0.3475836431226766,0.6524163568773235
HGNC:1974,CHUK,6,168,99,273,0.02197802197802198,0.6153846153846154,0.3626373626373626
HGNC:19743,POMT2,153,597,573,1323,0.11564625850340136,0.4512471655328798,0.4331065759637188
HGNC:19744,SRGAP3,1,46,131,178,0.0056179775280898875,0.25842696629213485,0.7359550561797753
HGNC:19747,EVC2,342,1219,716,2277,0.15019762845849802,0.5353535353535354,0.3144488361879666
HGNC:1975,VSX2,53,309,172,534,0.09925093632958802,0.5786516853932584,0.32209737827715357
HGNC:19750,TTC7A,90,625,505,1220,0.07377049180327869,0.5122950819672131,0.4139344262295082
HGNC:19829,FAM177A1,7,7,40,54,0.12962962962962962,0.12962962962962962,0.7407407407407407
HGNC:19849,C14orf39,9,8,8,25,0.36,0.32,0.32
HGNC:1985,CIT,25,387,324,736,0.033967391304347824,0.5258152173913043,0.44021739130434784
HGNC:19857,ISCA2,5,39,55,99,0.050505050505050504,0.3939393939393939,0.5555555555555556
HGNC:19869,SCARF2,14,94,173,281,0.0498220640569395,0.33451957295373663,0.6156583629893239
HGNC:1987,CITED2,1,21,73,95,0.010526315789473684,0.22105263157894736,0.7684210526315789
HGNC:19880,EMILIN1,7,26,204,237,0.029535864978902954,0.10970464135021098,0.8607594936708861
HGNC:1989,TBCB,0,1,48,49,0,0.02040816326530612,0.9795918367346939
HGNC:19902,RRAGC,4,2,34,40,0.1,0.05,0.85
HGNC:19903,RRAGD,8,0,38,46,0.17391304347826086,0,0.8260869565217391
HGNC:19904,ZNF407,2,138,409,549,0.0036429872495446266,0.25136612021857924,0.7449908925318761
HGNC:19916,KIF24,1,30,173,204,0.004901960784313725,0.14705882352941177,0.8480392156862745
HGNC:19918,KIAA1161,37,68,192,297,0.12457912457912458,0.22895622895622897,0.6464646464646465
HGNC:19943,TRAPPC4,4,32,42,78,0.05128205128205128,0.41025641025641024,0.5384615384615384
HGNC:19946,CAMSAP1,6,41,229,276,0.021739130434782608,0.14855072463768115,0.8297101449275363
HGNC:19954,SLC25A22,22,286,292,600,0.03666666666666667,0.4766666666666667,0.4866666666666667
HGNC:19957,TECPR2,127,1012,419,1558,0.08151476251604621,0.6495507060333762,0.26893453145057766
HGNC:19958,KIAA0391,8,13,71,92,0.08695652173913043,0.14130434782608695,0.7717391304347826
HGNC:19959,TOGARAM1,19,29,250,298,0.06375838926174497,0.09731543624161074,0.8389261744966443
HGNC:19960,KIAA0586,160,676,763,1599,0.10006253908692933,0.42276422764227645,0.47717323327079425
HGNC:19963,TTLL5,102,444,555,1101,0.09264305177111716,0.4032697547683924,0.5040871934604905
HGNC:19966,UNC79,17,48,341,406,0.04187192118226601,0.11822660098522167,0.8399014778325123
HGNC:19967,CCDC88C,118,1166,566,1850,0.06378378378378378,0.6302702702702703,0.30594594594594593
HGNC:19977,RDH12,154,279,240,673,0.2288261515601783,0.4145616641901932,0.35661218424962854
HGNC:19980,GNPNAT1,1,2,21,24,0.041666666666666664,0.08333333333333333,0.875
HGNC:19986,CYCS,6,19,26,51,0.11764705882352941,0.37254901960784315,0.5098039215686274
HGNC:19988,ANAPC1,3,55,219,277,0.010830324909747292,0.19855595667870035,0.7906137184115524
HGNC:19998,TNPO2,17,39,97,153,0.1111111111111111,0.2549019607843137,0.6339869281045751
HGNC:20,AARS,86,664,915,1665,0.05165165165165165,0.3987987987987988,0.5495495495495496
HGNC:20001,PCSK9,17,595,932,1544,0.011010362694300517,0.3853626943005181,0.6036269430051814
HGNC:2001,GREM1,1,238,232,471,0.0021231422505307855,0.505307855626327,0.49256900212314225
HGNC:20039,CAP2,4,4,71,79,0.05063291139240506,0.05063291139240506,0.8987341772151899
HGNC:20041,ZNF408,14,202,446,662,0.021148036253776436,0.30513595166163143,0.6737160120845922
HGNC:20043,GEMIN5,33,35,272,340,0.09705882352941177,0.10294117647058823,0.8
HGNC:20073,SNX27,22,248,192,462,0.047619047619047616,0.5367965367965368,0.4155844155844156
HGNC:20074,PAN2,6,4,132,142,0.04225352112676056,0.028169014084507043,0.9295774647887324
HGNC:20080,USP45,10,29,114,153,0.06535947712418301,0.1895424836601307,0.7450980392156863
HGNC:20083,DDX53,3,27,90,120,0.025,0.225,0.75
HGNC:20087,TTC8,78,180,346,604,0.1291390728476821,0.2980132450331126,0.5728476821192053
HGNC:20093,ADSSL1,30,224,252,506,0.05928853754940711,0.4426877470355731,0.4980237154150198
HGNC:201,ADAM22,9,52,116,177,0.05084745762711865,0.2937853107344633,0.655367231638418
HGNC:20105,FLVCR2,22,111,136,269,0.08178438661710037,0.41263940520446096,0.5055762081784386
HGNC:20127,C14orf80,0,5,5,10,0,0.5,0.5
HGNC:20134,GLRX5,9,65,64,138,0.06521739130434782,0.47101449275362317,0.463768115942029
HGNC:20145,GPR143,115,133,188,436,0.26376146788990823,0.30504587155963303,0.43119266055045874
HGNC:20151,SLC17A8,8,123,236,367,0.021798365122615803,0.335149863760218,0.6430517711171662
HGNC:20153,CHD8,247,657,1007,1911,0.1292517006802721,0.34379905808477235,0.5269492412349556
HGNC:20157,HECTD1,3,21,261,285,0.010526315789473684,0.07368421052631578,0.9157894736842105
HGNC:2016,CLCA2,0,14,144,158,0,0.08860759493670886,0.9113924050632911
HGNC:20165,NYNRIN,0,141,392,533,0,0.26454033771106944,0.7354596622889306
HGNC:20174,INTS13,0,3,54,57,0,0.05263157894736842,0.9473684210526315
HGNC:20184,JKAMP,4,1,30,35,0.11428571428571428,0.02857142857142857,0.8571428571428571
HGNC:20185,TMEM260,33,31,137,201,0.16417910447761194,0.15422885572139303,0.681592039800995
HGNC:20188,DNAAF2,51,248,354,653,0.0781010719754977,0.37978560490045943,0.5421133231240429
HGNC:2019,CLCN1,349,653,746,1748,0.19965675057208238,0.37356979405034324,0.4267734553775744
HGNC:20192,AP5M1,2,3,59,64,0.03125,0.046875,0.921875
HGNC:20193,HFM1,21,31,181,233,0.09012875536480687,0.13304721030042918,0.776824034334764
HGNC:20194,POLR1C,52,88,151,291,0.17869415807560138,0.3024054982817869,0.5189003436426117
HGNC:20197,SLC35C1,10,140,192,342,0.029239766081871343,0.4093567251461988,0.5614035087719298
HGNC:2020,CLCN2,46,227,412,685,0.06715328467153285,0.33138686131386863,0.6014598540145986
HGNC:20202,CACNA2D4,8,524,813,1345,0.005947955390334572,0.3895910780669145,0.6044609665427509
HGNC:20207,B3GLCT,22,145,184,351,0.06267806267806268,0.4131054131054131,0.5242165242165242
HGNC:2021,CLCN3,16,20,166,202,0.07920792079207921,0.09900990099009901,0.8217821782178217
HGNC:20213,COX16,2,3,14,19,0.10526315789473684,0.15789473684210525,0.7368421052631579
HGNC:20218,TMEM251,4,2,24,30,0.13333333333333333,0.06666666666666667,0.8
HGNC:2022,CLCN4,156,327,342,825,0.1890909090909091,0.39636363636363636,0.41454545454545455
HGNC:20226,KIF26A,11,70,508,589,0.01867572156196944,0.11884550084889643,0.8624787775891342
HGNC:2023,CLCN5,229,136,286,651,0.35176651305683565,0.20890937019969277,0.4393241167434716
HGNC:20233,COQ6,31,173,187,391,0.0792838874680307,0.4424552429667519,0.4782608695652174
HGNC:2024,CLCN6,2,472,553,1027,0.0019474196689386564,0.4595910418695229,0.5384615384615384
HGNC:20249,SPRED1,173,377,712,1262,0.13708399366085577,0.2987321711568938,0.5641838351822503
HGNC:2025,CLCN7,95,732,616,1443,0.06583506583506583,0.5072765072765073,0.4268884268884269
HGNC:2026,CLCNKA,5,137,128,270,0.018518518518518517,0.5074074074074074,0.4740740740740741
HGNC:20266,ALG5,10,11,44,65,0.15384615384615385,0.16923076923076924,0.676923076923077
HGNC:2027,CLCNKB,88,348,266,702,0.12535612535612536,0.49572649572649574,0.3789173789173789
HGNC:20278,NUBPL,20,108,163,291,0.06872852233676977,0.3711340206185567,0.5601374570446735
HGNC:20286,TRIT1,17,64,97,178,0.09550561797752809,0.3595505617977528,0.5449438202247191
HGNC:20305,SLC34A3,95,340,444,879,0.1080773606370876,0.38680318543799774,0.5051194539249146
HGNC:20311,CHAMP1,103,103,182,388,0.2654639175257732,0.2654639175257732,0.4690721649484536
HGNC:20313,PKHD1L1,21,56,642,719,0.02920723226703755,0.07788595271210014,0.8929068150208623
HGNC:20318,SMOC1,18,89,76,183,0.09836065573770492,0.48633879781420764,0.41530054644808745
HGNC:2032,CLDN1,8,46,61,115,0.06956521739130435,0.4,0.5304347826086957
HGNC:20323,SMOC2,4,71,109,184,0.021739130434782608,0.3858695652173913,0.592391304347826
HGNC:20324,TGDS,12,57,61,130,0.09230769230769231,0.43846153846153846,0.46923076923076923
HGNC:2033,CLDN10,7,11,30,48,0.14583333333333334,0.22916666666666666,0.625
HGNC:20330,POMP,5,68,76,149,0.03355704697986577,0.4563758389261745,0.5100671140939598
HGNC:20340,PRICKLE2,5,211,448,664,0.007530120481927711,0.3177710843373494,0.6746987951807228
HGNC:20344,UBR7,8,9,36,53,0.1509433962264151,0.16981132075471697,0.6792452830188679
HGNC:20347,VIPAS39,31,173,167,371,0.08355795148247978,0.46630727762803237,0.4501347708894879
HGNC:2035,CLDN14,20,41,133,194,0.10309278350515463,0.211340206185567,0.6855670103092784
HGNC:20356,GON7,2,4,2,8,0.25,0.5,0.25
HGNC:20361,SPTSSA,2,0,13,15,0.13333333333333333,0,0.8666666666666667
HGNC:20367,FRY,0,75,234,309,0,0.24271844660194175,0.7572815533980582
HGNC:2037,CLDN16,48,80,139,267,0.1797752808988764,0.299625468164794,0.5205992509363296
HGNC:20371,NDUFA11,6,65,67,138,0.043478260869565216,0.47101449275362317,0.4855072463768116
HGNC:20372,NDUFB11,11,33,45,89,0.12359550561797752,0.3707865168539326,0.5056179775280899
HGNC:20373,SPG21,13,84,89,186,0.06989247311827956,0.45161290322580644,0.478494623655914
HGNC:20376,SUMF1,134,415,271,820,0.16341463414634147,0.5060975609756098,0.3304878048780488
HGNC:20390,SQOR,2,4,58,64,0.03125,0.0625,0.90625
HGNC:2040,CLDN19,27,66,119,212,0.12735849056603774,0.3113207547169811,0.5613207547169812
HGNC:20406,KRT6C,3,79,112,194,0.015463917525773196,0.4072164948453608,0.5773195876288659
HGNC:20422,POLR1D,35,41,61,137,0.25547445255474455,0.29927007299270075,0.44525547445255476
HGNC:20423,SPATA7,67,150,281,498,0.13453815261044177,0.30120481927710846,0.5642570281124498
HGNC:20439,UPF3B,117,161,152,430,0.27209302325581397,0.3744186046511628,0.35348837209302325
HGNC:20444,MBD5,149,618,1067,1834,0.0812431842966194,0.33696837513631406,0.5817884405670665
HGNC:20449,PADI6,20,42,73,135,0.14814814814814814,0.3111111111111111,0.5407407407407407
HGNC:20454,POLR1B,5,52,113,170,0.029411764705882353,0.3058823529411765,0.6647058823529411
HGNC:20456,TRAF7,21,67,143,231,0.09090909090909091,0.29004329004329005,0.6190476190476191
HGNC:20465,SMC5,5,12,119,136,0.03676470588235294,0.08823529411764706,0.875
HGNC:2047,CLDN5,5,9,33,47,0.10638297872340426,0.19148936170212766,0.7021276595744681
HGNC:20470,LSM7,2,0,9,11,0.18181818181818182,0,0.8181818181818182
HGNC:20472,LSM1,1,0,16,17,0.058823529411764705,0,0.9411764705882353
HGNC:20473,BRIP1,911,1872,3671,6454,0.1411527734738147,0.290052680508212,0.5687945460179733
HGNC:20474,TMC8,39,348,327,714,0.0546218487394958,0.48739495798319327,0.4579831932773109
HGNC:20492,APOPT1,16,97,77,190,0.08421052631578947,0.5105263157894737,0.4052631578947368
HGNC:20499,L2HGDH,45,116,162,323,0.1393188854489164,0.3591331269349845,0.5015479876160991
HGNC:20509,ZC3H14,1,37,100,138,0.007246376811594203,0.26811594202898553,0.7246376811594203
HGNC:2051,CLDN9,3,12,58,73,0.0410958904109589,0.1643835616438356,0.7945205479452054
HGNC:20561,RHBDF1,0,15,147,162,0,0.09259259259259259,0.9074074074074074
HGNC:20580,CYP2R1,31,89,148,268,0.11567164179104478,0.332089552238806,0.5522388059701493
HGNC:20581,CYP26B1,7,73,95,175,0.04,0.41714285714285715,0.5428571428571428
HGNC:20582,CYP2U1,51,114,191,356,0.14325842696629212,0.3202247191011236,0.5365168539325843
HGNC:20597,UFM1,5,23,20,48,0.10416666666666667,0.4791666666666667,0.4166666666666667
HGNC:20603,DHDDS,42,275,303,620,0.06774193548387097,0.4435483870967742,0.48870967741935484
HGNC:20609,AIMP2,7,69,103,179,0.03910614525139665,0.3854748603351955,0.5754189944134078
HGNC:20611,SLC24A5,39,105,141,285,0.1368421052631579,0.3684210526315789,0.49473684210526314
HGNC:20626,CHD7,883,1532,2101,4516,0.19552701505757308,0.3392382639503986,0.46523472099202834
HGNC:20637,DPYSL5,1,28,109,138,0.007246376811594203,0.2028985507246377,0.7898550724637681
HGNC:20651,SLC37A3,0,10,63,73,0,0.136986301369863,0.863013698630137
HGNC:20652,TXNDC15,8,19,54,81,0.09876543209876543,0.2345679012345679,0.6666666666666666
HGNC:20661,SLC25A26,7,114,77,198,0.03535353535353535,0.5757575757575758,0.3888888888888889
HGNC:20662,SLC25A24,3,88,123,214,0.014018691588785047,0.411214953271028,0.5747663551401869
HGNC:20670,TWIST2,7,9,25,41,0.17073170731707318,0.21951219512195122,0.6097560975609756
HGNC:20672,PHF8,101,77,178,356,0.28370786516853935,0.21629213483146068,0.5
HGNC:20718,OTUD7A,15,39,171,225,0.06666666666666667,0.17333333333333334,0.76
HGNC:2073,TPP1,222,541,509,1272,0.17452830188679244,0.425314465408805,0.4001572327044025
HGNC:20730,ARMC9,51,329,350,730,0.06986301369863014,0.4506849315068493,0.4794520547945205
HGNC:20731,GNB4,6,158,147,311,0.01929260450160772,0.5080385852090032,0.47266881028938906
HGNC:2074,CLN3,229,578,402,1209,0.18941273779983459,0.47808105872622003,0.3325062034739454
HGNC:20748,FANCL,124,381,336,841,0.14744351961950058,0.4530321046373365,0.3995243757431629
HGNC:20751,WDFY3,108,163,781,1052,0.10266159695817491,0.15494296577946767,0.7423954372623575
HGNC:20758,ZFYVE19,9,8,71,88,0.10227272727272728,0.09090909090909091,0.8068181818181818
HGNC:20759,RBSN,3,15,112,130,0.023076923076923078,0.11538461538461539,0.8615384615384616
HGNC:2076,CLN5,154,311,308,773,0.19922380336351875,0.4023285899094437,0.3984476067270375
HGNC:20761,ZFYVE26,399,1600,986,2985,0.13366834170854272,0.5360134003350083,0.3303182579564489
HGNC:20766,TUBA1A,202,112,125,439,0.4601366742596811,0.255125284738041,0.2847380410022779
HGNC:20767,PDLIM3,0,224,309,533,0,0.4202626641651032,0.5797373358348968
HGNC:2077,CLN6,121,391,299,811,0.14919852034525277,0.48212083847102344,0.3686806411837238
HGNC:20771,TUBB4B,7,130,28,165,0.04242424242424243,0.7878787878787878,0.1696969696969697
HGNC:20772,TUBB3,55,142,187,384,0.14322916666666666,0.3697916666666667,0.4869791666666667
HGNC:20774,TUBB4A,45,163,157,365,0.1232876712328767,0.4465753424657534,0.4301369863013699
HGNC:20778,TUBB,40,26,61,127,0.31496062992125984,0.2047244094488189,0.48031496062992124
HGNC:20788,RHBDF2,1,167,361,529,0.001890359168241966,0.31568998109640833,0.6824196597353497
HGNC:20789,ATG4D,7,8,82,97,0.07216494845360824,0.08247422680412371,0.845360824742268
HGNC:2079,CLN8,90,236,276,602,0.14950166112956811,0.3920265780730897,0.4584717607973422
HGNC:20800,SLC35D1,15,140,87,242,0.06198347107438017,0.5785123966942148,0.359504132231405
HGNC:20816,PHF12,1,6,90,97,0.010309278350515464,0.061855670103092786,0.9278350515463918
HGNC:2084,CLPP,23,136,77,236,0.09745762711864407,0.576271186440678,0.326271186440678
HGNC:20842,FOXP4,3,17,128,148,0.02027027027027027,0.11486486486486487,0.8648648648648649
HGNC:20844,GPR156,5,14,112,131,0.03816793893129771,0.10687022900763359,0.8549618320610687
HGNC:20856,THAP1,46,55,108,209,0.22009569377990432,0.2631578947368421,0.5167464114832536
HGNC:20858,SLC39A14,14,157,101,272,0.051470588235294115,0.5772058823529411,0.3713235294117647
HGNC:20859,SLC39A13,3,233,168,404,0.007425742574257425,0.5767326732673267,0.4158415841584158
HGNC:20862,SLC39A8,9,113,124,246,0.036585365853658534,0.45934959349593496,0.5040650406504065
HGNC:20889,LRIG2,15,36,158,209,0.07177033492822966,0.1722488038277512,0.7559808612440191
HGNC:20893,BCOR,195,275,428,898,0.21714922048997773,0.3062360801781737,0.4766146993318486
HGNC:20898,PGM2L1,10,25,50,85,0.11764705882352941,0.29411764705882354,0.5882352941176471
HGNC:20914,BLOC1S3,5,104,95,204,0.024509803921568627,0.5098039215686274,0.46568627450980393
HGNC:20917,ALPK1,3,336,592,931,0.00322234156820623,0.3609022556390977,0.635875402792696
HGNC:2092,CLTC,137,536,541,1214,0.1128500823723229,0.4415156507413509,0.4456342668863262
HGNC:20932,POLD3,1,6,52,59,0.01694915254237288,0.1016949152542373,0.8813559322033898
HGNC:20967,NACC1,6,277,223,506,0.011857707509881422,0.5474308300395256,0.4407114624505929
HGNC:20973,ADGRL1,35,59,269,363,0.09641873278236915,0.162534435261708,0.7410468319559229
HGNC:20990,PHACTR1,6,51,97,154,0.03896103896103896,0.33116883116883117,0.6298701298701299
HGNC:21014,ANTXR1,11,105,84,200,0.055,0.525,0.42
HGNC:21015,FILIP1,8,23,151,182,0.04395604395604396,0.12637362637362637,0.8296703296703297
HGNC:21020,QRSL1,13,81,85,179,0.07262569832402235,0.45251396648044695,0.4748603351955307
HGNC:21022,AARS2,73,269,364,706,0.10339943342776203,0.3810198300283286,0.5155807365439093
HGNC:21024,CUL7,128,368,527,1023,0.12512218963831867,0.3597262952101662,0.5151515151515151
HGNC:21033,HACE1,38,166,127,331,0.1148036253776435,0.5015105740181269,0.38368580060422963
HGNC:21034,NDUFAF4,1,51,84,136,0.007352941176470588,0.375,0.6176470588235294
HGNC:21042,NUS1,103,170,252,525,0.1961904761904762,0.3238095238095238,0.48
HGNC:21054,RSPH3,30,161,163,354,0.0847457627118644,0.4548022598870056,0.4604519774011299
HGNC:21057,RSPH9,21,101,110,232,0.09051724137931035,0.4353448275862069,0.47413793103448276
HGNC:21061,SERAC1,59,255,187,501,0.11776447105788423,0.5089820359281437,0.37325349301397204
HGNC:21062,FARS2,65,227,275,567,0.1146384479717813,0.400352733686067,0.48500881834215165
HGNC:21066,TBC1D7,7,73,70,150,0.04666666666666667,0.4866666666666667,0.4666666666666667
HGNC:21071,IYD,8,46,54,108,0.07407407407407407,0.42592592592592593,0.5
HGNC:21082,SEC63,60,232,256,548,0.10948905109489052,0.4233576642335766,0.46715328467153283
HGNC:21086,MIB1,28,273,373,674,0.04154302670623145,0.4050445103857567,0.5534124629080118
HGNC:21143,ZBTB24,54,268,212,534,0.10112359550561797,0.50187265917603,0.3970037453183521
HGNC:21144,DSE,15,206,268,489,0.03067484662576687,0.4212678936605317,0.5480572597137015
HGNC:21150,RNF125,2,28,62,92,0.021739130434782608,0.30434782608695654,0.6739130434782609
HGNC:21157,GTF2H5,10,28,30,68,0.14705882352941177,0.4117647058823529,0.4411764705882353
HGNC:21173,LTV1,1,5,58,64,0.015625,0.078125,0.90625
HGNC:21176,RMND1,52,163,153,368,0.14130434782608695,0.4429347826086957,0.4157608695652174
HGNC:21197,FA2H,69,162,201,432,0.1597222222222222,0.375,0.4652777777777778
HGNC:21205,LINGO1,2,41,89,132,0.015151515151515152,0.3106060606060606,0.6742424242424242
HGNC:21208,WDR26,83,44,176,303,0.2739273927392739,0.14521452145214522,0.5808580858085809
HGNC:21213,ARFGEF3,0,63,265,328,0,0.19207317073170732,0.8079268292682927
HGNC:21219,ICK,6,117,145,268,0.022388059701492536,0.43656716417910446,0.5410447761194029
HGNC:21237,UQCC2,2,40,42,84,0.023809523809523808,0.47619047619047616,0.5
HGNC:21244,LEMD2,1,43,84,128,0.0078125,0.3359375,0.65625
HGNC:21246,PNPLA1,50,83,137,270,0.18518518518518517,0.3074074074074074,0.5074074074074074
HGNC:21253,LHFPL5,23,39,120,182,0.12637362637362637,0.21428571428571427,0.6593406593406593
HGNC:21269,NLRP5,13,116,230,359,0.036211699164345405,0.3231197771587744,0.6406685236768802
HGNC:21290,PTCRA,2,7,41,50,0.04,0.14,0.82
HGNC:21296,EPS8L2,27,186,210,423,0.06382978723404255,0.4397163120567376,0.49645390070921985
HGNC:21304,ADPRHL2,22,11,74,107,0.205607476635514,0.102803738317757,0.6915887850467289
HGNC:21305,KCTD3,1,9,82,92,0.010869565217391304,0.09782608695652174,0.8913043478260869
HGNC:21307,DSG4,20,86,232,338,0.05917159763313609,0.25443786982248523,0.6863905325443787
HGNC:21308,ELOVL5,2,62,92,156,0.01282051282051282,0.3974358974358974,0.5897435897435898
HGNC:21316,ANKRD11,745,1150,1606,3501,0.21279634390174235,0.32847757783490433,0.4587260782633533
HGNC:21317,DYM,54,164,163,381,0.14173228346456693,0.4304461942257218,0.42782152230971127
HGNC:2135,SBF2,92,822,936,1850,0.04972972972972973,0.44432432432432434,0.505945945945946
HGNC:21350,PDHX,40,178,217,435,0.09195402298850575,0.4091954022988506,0.49885057471264366
HGNC:21355,MLIP,17,17,54,88,0.19318181818181818,0.19318181818181818,0.6136363636363636
HGNC:21365,LYRM4,1,54,44,99,0.010101010101010102,0.5454545454545454,0.4444444444444444
HGNC:21378,OGFRL1,0,2,60,62,0,0.03225806451612903,0.967741935483871
HGNC:21390,RIPPLY2,1,45,58,104,0.009615384615384616,0.4326923076923077,0.5576923076923077
HGNC:21396,ABHD5,32,149,172,353,0.0906515580736544,0.42209631728045327,0.48725212464589235
HGNC:21406,RARS2,243,537,271,1051,0.23120837297811608,0.510941960038059,0.25784966698382494
HGNC:21420,CDK20,0,33,90,123,0,0.2682926829268293,0.7317073170731707
HGNC:21424,IFT74,56,298,285,639,0.08763693270735524,0.46635367762128327,0.4460093896713615
HGNC:21474,INPP5E,79,395,460,934,0.08458244111349036,0.4229122055674518,0.4925053533190578
HGNC:21478,RFX6,40,192,159,391,0.10230179028132992,0.49104859335038364,0.40664961636828645
HGNC:2148,CNGA1,82,163,286,531,0.1544256120527307,0.3069679849340866,0.5386064030131826
HGNC:21484,MCM9,11,37,152,200,0.055,0.185,0.76
HGNC:21485,TBC1D32,19,104,213,336,0.05654761904761905,0.30952380952380953,0.6339285714285714
HGNC:21493,DNAAF4,43,153,143,339,0.12684365781710916,0.45132743362831856,0.4218289085545723
HGNC:21495,KIF12,14,54,109,177,0.07909604519774012,0.3050847457627119,0.615819209039548
HGNC:21497,ACAD9,186,671,317,1174,0.15843270868824533,0.5715502555366269,0.27001703577512776
HGNC:21498,ATG16L1,0,12,52,64,0,0.1875,0.8125
HGNC:2150,CNGA3,225,219,362,806,0.27915632754342434,0.271712158808933,0.4491315136476427
HGNC:2151,CNGB1,184,531,747,1462,0.12585499316005472,0.36320109439124487,0.5109439124487004
HGNC:21528,DIABLO,5,68,87,160,0.03125,0.425,0.54375
HGNC:2153,CNGB3,278,613,467,1358,0.20471281296023564,0.45139911634756996,0.3438880706921944
HGNC:21537,SYCP2L,5,17,92,114,0.043859649122807015,0.14912280701754385,0.8070175438596491
HGNC:21555,EYS,1091,2067,2001,5159,0.211475092072107,0.4006590424500872,0.38786586547780577
HGNC:21558,RSPH4A,58,142,246,446,0.13004484304932734,0.3183856502242152,0.5515695067264574
HGNC:21575,AHI1,271,752,717,1740,0.1557471264367816,0.432183908045977,0.41206896551724137
HGNC:21576,NHLRC1,50,103,227,380,0.13157894736842105,0.2710526315789474,0.5973684210526315
HGNC:2158,CNP,6,11,53,70,0.08571428571428572,0.15714285714285714,0.7571428571428571
HGNC:216,ADAM9,29,256,282,567,0.05114638447971781,0.4514991181657848,0.4973544973544973
HGNC:21606,MPC1,6,32,17,55,0.10909090909090909,0.5818181818181818,0.3090909090909091
HGNC:21610,LNPK,9,21,19,49,0.1836734693877551,0.42857142857142855,0.3877551020408163
HGNC:21625,ANO1,3,39,132,174,0.017241379310344827,0.22413793103448276,0.7586206896551724
HGNC:21637,SATB2,222,425,265,912,0.24342105263157895,0.46600877192982454,0.2905701754385965
HGNC:21638,CEP85L,17,47,127,191,0.08900523560209424,0.24607329842931938,0.6649214659685864
HGNC:21641,TSPAN12,44,95,158,297,0.14814814814814814,0.31986531986531985,0.531986531986532
HGNC:21642,VARS2,49,274,297,620,0.07903225806451612,0.44193548387096776,0.4790322580645161
HGNC:21645,CHCHD2,2,42,61,105,0.01904761904761905,0.4,0.580952380952381
HGNC:21648,TOMM7,3,0,9,12,0.25,0,0.75
HGNC:21652,OSTM1,28,197,159,384,0.07291666666666667,0.5130208333333334,0.4140625
HGNC:21653,TOPORS,21,183,497,701,0.029957203994293864,0.26105563480741795,0.7089871611982882
HGNC:21679,RSPO1,6,34,51,91,0.06593406593406594,0.37362637362637363,0.5604395604395604
HGNC:21684,ZNF462,104,195,485,784,0.1326530612244898,0.24872448979591838,0.6186224489795918
HGNC:21686,RNASET2,11,78,83,172,0.06395348837209303,0.45348837209302323,0.48255813953488375
HGNC:21698,RNF216,25,150,220,395,0.06329113924050633,0.379746835443038,0.5569620253164557
HGNC:21699,CERKL,203,496,369,1068,0.1900749063670412,0.46441947565543074,0.3455056179775281
HGNC:21701,BRAT1,116,634,600,1350,0.08592592592592592,0.4696296296296296,0.4444444444444444
HGNC:21708,CCM2,117,144,165,426,0.2746478873239437,0.3380281690140845,0.3873239436619718
HGNC:2171,CNTN1,23,406,295,724,0.031767955801104975,0.5607734806629834,0.4074585635359116
HGNC:2172,CNTN2,42,455,382,879,0.04778156996587031,0.5176336746302617,0.43458475540386804
HGNC:21729,IRF2BP2,6,293,511,810,0.007407407407407408,0.3617283950617284,0.6308641975308642
HGNC:21732,ANTXR2,42,109,154,305,0.1377049180327869,0.35737704918032787,0.5049180327868853
HGNC:21734,LHX4,21,71,150,242,0.08677685950413223,0.29338842975206614,0.6198347107438017
HGNC:21751,KBTBD2,0,1,41,42,0,0.023809523809523808,0.9761904761904762
HGNC:218,ADAMTS2,127,1143,785,2055,0.061800486618004864,0.5562043795620438,0.3819951338199513
HGNC:2180,COCH,37,116,190,343,0.10787172011661808,0.33819241982507287,0.5539358600583091
HGNC:2183,VPS13B,1022,2863,2700,6585,0.15520121488230829,0.4347760060744115,0.41002277904328016
HGNC:2185,COL10A1,81,120,356,557,0.14542190305206462,0.21543985637342908,0.6391382405745063
HGNC:2186,COL11A1,257,1598,1587,3442,0.0746658919233004,0.4642649622312609,0.4610691458454387
HGNC:21862,WDR60,31,314,283,628,0.04936305732484077,0.5,0.45063694267515925
HGNC:21868,COA1,0,1,20,21,0,0.047619047619047616,0.9523809523809523
HGNC:21869,AGK,53,185,170,408,0.12990196078431374,0.4534313725490196,0.4166666666666667
HGNC:2187,COL11A2,199,1641,1317,3157,0.06303452644916059,0.5197972758948368,0.41716819765600255
HGNC:21876,RINT1,43,576,1238,1857,0.023155627355950458,0.31017770597738287,0.6666666666666666
HGNC:2188,COL12A1,138,1599,2307,4044,0.03412462908011869,0.3954005934718101,0.5704747774480712
HGNC:21882,TTC26,4,64,62,130,0.03076923076923077,0.49230769230769234,0.47692307692307695
HGNC:219,ADAMTS3,3,46,176,225,0.013333333333333334,0.20444444444444446,0.7822222222222223
HGNC:2190,COL13A1,47,495,275,817,0.05752753977968176,0.605875152998776,0.33659730722154224
HGNC:21904,NCAPG2,1,47,136,184,0.005434782608695652,0.2554347826086957,0.7391304347826086
HGNC:2194,COL17A1,180,1073,428,1681,0.10707911957168352,0.6383105294467579,0.2546103509815586
HGNC:2195,COL18A1,216,1648,1326,3190,0.0677115987460815,0.516614420062696,0.41567398119122256
HGNC:21957,KCTD7,37,187,238,462,0.08008658008658008,0.40476190476190477,0.5151515151515151
HGNC:2197,COL1A1,1517,1188,1098,3803,0.39889560872995006,0.31238495924270315,0.28871943202734685
HGNC:2198,COL1A2,746,985,1011,2742,0.27206418672501825,0.35922684172137126,0.3687089715536105
HGNC:2200,COL2A1,1129,1288,1128,3545,0.31847672778561353,0.36332863187588155,0.3181946403385049
HGNC:2201,COL3A1,961,1387,1580,3928,0.24465376782077394,0.35310590631364563,0.40224032586558045
HGNC:2202,COL4A1,409,1241,1244,2894,0.14132688320663442,0.42881824464409124,0.42985487214927437
HGNC:2203,COL4A2,93,878,851,1822,0.05104281009879254,0.4818880351262349,0.4670691547749726
HGNC:2204,COL4A3,901,1473,1102,3476,0.2592059838895282,0.42376294591484465,0.31703107019562715
HGNC:22048,NANOS3,0,4,22,26,0,0.15384615384615385,0.8461538461538461
HGNC:2205,COL4A3BP,13,81,169,263,0.049429657794676805,0.30798479087452474,0.6425855513307985
HGNC:2206,COL4A4,907,1590,1297,3794,0.23906167633104902,0.419082762256194,0.34185556141275697
HGNC:2207,COL4A5,1489,1058,735,3282,0.45368677635588056,0.3223644119439366,0.22394881170018283
HGNC:2208,COL4A6,6,351,363,720,0.008333333333333333,0.4875,0.5041666666666667
HGNC:22082,VMA21,8,49,50,107,0.07476635514018691,0.45794392523364486,0.4672897196261682
HGNC:2209,COL5A1,407,2310,1571,4288,0.09491604477611941,0.5387126865671642,0.36637126865671643
HGNC:2210,COL5A2,68,1226,1078,2372,0.02866779089376054,0.5168634064080945,0.45446880269814505
HGNC:2211,COL6A1,195,951,923,2069,0.09424842919284679,0.4596423392943451,0.4461092315128081
HGNC:2212,COL6A2,269,875,1191,2335,0.115203426124197,0.3747323340471092,0.5100642398286938
HGNC:2213,COL6A3,210,1335,2393,3938,0.053326561706449976,0.3390045708481463,0.6076688674454037
HGNC:2214,COL7A1,1086,3193,2007,6286,0.17276487432389437,0.5079541839007318,0.31928094177537386
HGNC:22140,FAM20C,27,346,206,579,0.046632124352331605,0.5975820379965457,0.35578583765112265
HGNC:2216,COL8A2,3,60,132,195,0.015384615384615385,0.3076923076923077,0.676923076923077
HGNC:2217,COL9A1,101,818,578,1497,0.0674682698730795,0.5464261857047428,0.3861055444221777
HGNC:2218,COL9A2,60,624,636,1320,0.045454545454545456,0.4727272727272727,0.4818181818181818
HGNC:2219,COL9A3,54,857,833,1744,0.03096330275229358,0.4913990825688073,0.4776376146788991
HGNC:22197,AP5Z1,72,476,703,1251,0.05755395683453238,0.38049560351718625,0.5619504396482814
HGNC:2220,COLEC10,6,11,44,61,0.09836065573770492,0.18032786885245902,0.7213114754098361
HGNC:22203,PHF14,0,6,81,87,0,0.06896551724137931,0.9310344827586207
HGNC:22208,NUDCD3,1,0,44,45,0.022222222222222223,0,0.9777777777777777
HGNC:22219,KIAA1549,8,658,915,1581,0.005060088551549652,0.4161922833649589,0.57874762808349145
HGNC:2226,COLQ,121,281,257,659,0.18361153262518967,0.4264036418816389,0.3899848254931715
HGNC:2227,COMP,176,263,447,886,0.1986455981941309,0.29683972911963885,0.5045146726862303
HGNC:2230,COPA,8,506,468,982,0.008146639511201629,0.515274949083503,0.47657841140529533
HGNC:2231,COPB1,3,14,92,109,0.027522935779816515,0.12844036697247707,0.8440366972477065
HGNC:2232,COPB2,10,75,127,212,0.04716981132075472,0.35377358490566035,0.5990566037735849
HGNC:22407,TMEM106B,2,45,69,116,0.017241379310344827,0.3879310344827586,0.5948275862068966
HGNC:2244,COQ7,13,114,118,245,0.053061224489795916,0.46530612244897956,0.4816326530612245
HGNC:22448,NOBOX,15,59,140,214,0.07009345794392523,0.2757009345794392,0.6542056074766355
HGNC:22474,MED13,78,142,475,695,0.11223021582733812,0.20431654676258992,0.6834532374100719
HGNC:225,ADAR,112,656,942,1710,0.06549707602339182,0.38362573099415204,0.5508771929824562
HGNC:2252,CORO1A,19,222,140,381,0.049868766404199474,0.5826771653543307,0.3674540682414698
HGNC:226,ADARB1,6,22,74,102,0.058823529411764705,0.21568627450980393,0.7254901960784313
HGNC:2260,COX10,16,140,201,357,0.04481792717086835,0.39215686274509803,0.5630252100840336
HGNC:2261,COX11,4,6,34,44,0.09090909090909091,0.13636363636363635,0.7727272727272727
HGNC:2263,COX15,44,234,222,500,0.088,0.468,0.444
HGNC:2265,COX4I1,2,7,31,40,0.05,0.175,0.775
HGNC:2267,COX5A,2,4,23,29,0.06896551724137931,0.13793103448275862,0.7931034482758621
HGNC:2269,COX5B,0,2,17,19,0,0.10526315789473684,0.8947368421052632
HGNC:2277,COX6A1,1,59,56,116,0.008620689655172414,0.5086206896551724,0.4827586206896552
HGNC:22788,FEZF1,2,62,75,139,0.014388489208633094,0.4460431654676259,0.539568345323741
HGNC:2279,COX6A2,1,2,25,28,0.03571428571428571,0.07142857142857142,0.8928571428571429
HGNC:2280,COX6B1,2,33,29,64,0.03125,0.515625,0.453125
HGNC:2285,COX6C,0,1,14,15,0,0.06666666666666667,0.9333333333333333
HGNC:2287,COX7A1,0,0,15,15,0,0,1
HGNC:2291,COX7B,5,25,19,49,0.10204081632653061,0.5102040816326531,0.3877551020408163
HGNC:2292,COX7C,0,2,3,5,0,0.4,0.6
HGNC:22923,GMPPA,17,85,81,183,0.09289617486338798,0.4644808743169399,0.4426229508196721
HGNC:22932,GMPPB,61,166,212,439,0.13895216400911162,0.37813211845102507,0.48291571753986334
HGNC:22938,NLRP12,12,434,1000,1446,0.008298755186721992,0.30013831258644535,0.6915629322268326
HGNC:2294,COX8A,1,19,14,34,0.029411764705882353,0.5588235294117647,0.4117647058823529
HGNC:22944,NLRP6,0,18,137,155,0,0.11612903225806452,0.8838709677419355
HGNC:22947,NLRP7,27,50,224,301,0.08970099667774087,0.16611295681063123,0.7441860465116279
HGNC:22948,NLRP2,6,128,237,371,0.016172506738544475,0.3450134770889488,0.6388140161725068
HGNC:2295,CP,101,299,374,774,0.13049095607235142,0.3863049095607235,0.48320413436692505
HGNC:22954,POGLUT1,24,144,160,328,0.07317073170731707,0.43902439024390244,0.4878048780487805
HGNC:2296,CPA1,3,423,682,1108,0.002707581227436823,0.38176895306859204,0.6155234657039711
HGNC:22962,MED13L,315,743,686,1744,0.18061926605504589,0.42603211009174313,0.393348623853211
HGNC:22965,PEX26,64,246,299,609,0.10509031198686371,0.4039408866995074,0.4909688013136289
HGNC:22986,COL27A1,159,1740,582,2481,0.06408706166868199,0.7013301088270859,0.23458282950423218
HGNC:23,ABAT,39,395,343,777,0.05019305019305019,0.5083655083655083,0.44144144144144143
HGNC:23015,FAM20A,46,132,178,356,0.12921348314606743,0.3707865168539326,0.5
HGNC:23019,ZRSR2,6,14,33,53,0.11320754716981132,0.2641509433962264,0.6226415094339622
HGNC:23026,GNPTG,158,527,323,1008,0.15674603174603174,0.5228174603174603,0.32043650793650796
HGNC:2303,CPE,8,68,81,157,0.050955414012738856,0.43312101910828027,0.5159235668789809
HGNC:23038,LMBRD1,59,319,164,542,0.1088560885608856,0.5885608856088561,0.3025830258302583
HGNC:23041,PDSS2,6,134,139,279,0.021505376344086023,0.48028673835125446,0.4982078853046595
HGNC:23056,ALG3,41,82,133,256,0.16015625,0.3203125,0.51953125
HGNC:23066,TRAPPC6B,11,29,31,71,0.15492957746478872,0.4084507042253521,0.43661971830985913
HGNC:23068,TRAPPC2,121,64,68,253,0.4782608695652174,0.25296442687747034,0.26877470355731226
HGNC:23088,SLC10A7,7,34,40,81,0.08641975308641975,0.41975308641975306,0.49382716049382713
HGNC:23089,SLC13A5,62,427,321,810,0.07654320987654321,0.5271604938271605,0.3962962962962963
HGNC:2309,CPLX1,3,38,42,83,0.03614457831325301,0.4578313253012048,0.5060240963855421
HGNC:23094,SLC16A12,3,34,109,146,0.02054794520547945,0.2328767123287671,0.7465753424657534
HGNC:23096,SLC29A3,47,245,272,564,0.08333333333333333,0.43439716312056736,0.48226950354609927
HGNC:23109,FAT4,69,1385,2089,3543,0.01947502116850127,0.39091165678803275,0.589613322043466
HGNC:23111,DCHS2,0,122,107,229,0,0.5327510917030568,0.4672489082969432
HGNC:23136,SCNM1,3,4,34,41,0.07317073170731707,0.0975609756097561,0.8292682926829268
HGNC:23140,ANGPTL6,0,10,90,100,0,0.1,0.9
HGNC:23141,TRMT5,4,103,152,259,0.015444015444015444,0.39768339768339767,0.5868725868725869
HGNC:23145,MAFA,2,17,68,87,0.022988505747126436,0.19540229885057472,0.7816091954022989
HGNC:23147,UNC13D,193,896,677,1766,0.10928652321630804,0.507361268403171,0.383352208380521
HGNC:23150,UNC13A,10,143,262,415,0.024096385542168676,0.344578313253012,0.6313253012048192
HGNC:23151,FERMT3,25,328,265,618,0.040453074433656956,0.5307443365695793,0.42880258899676377
HGNC:23156,U2AF2,13,12,57,82,0.15853658536585366,0.14634146341463414,0.6951219512195121
HGNC:23157,ALG6,149,430,284,863,0.17265353418308227,0.4982618771726535,0.3290845886442642
HGNC:23159,ALG2,13,146,213,372,0.03494623655913978,0.3924731182795699,0.5725806451612904
HGNC:23161,ALG8,66,176,238,480,0.1375,0.36666666666666664,0.49583333333333335
HGNC:23166,PNPT1,73,514,388,975,0.07487179487179488,0.5271794871794871,0.39794871794871794
HGNC:23168,FANCM,207,1190,2779,4176,0.04956896551724138,0.2849616858237548,0.6654693486590039
HGNC:23170,WDHD1,0,20,141,161,0,0.12422360248447205,0.8757763975155279
HGNC:23198,CYP4V2,88,183,340,611,0.14402618657937807,0.2995090016366612,0.5564648117839607
HGNC:2321,CPOX,42,103,194,339,0.12389380530973451,0.30383480825958703,0.5722713864306784
HGNC:23212,MYH14,33,594,943,1570,0.021019108280254776,0.378343949044586,0.6006369426751592
HGNC:23213,PIGW,7,112,222,341,0.020527859237536656,0.3284457478005865,0.6510263929618768
HGNC:23214,EXOC7,5,25,98,128,0.0390625,0.1953125,0.765625
HGNC:23215,PIGO,82,391,584,1057,0.07757805108798486,0.36991485335856195,0.5525070955534531
HGNC:23216,ZNF469,203,2400,2761,5364,0.03784489187173751,0.44742729306487694,0.5147278150633855
HGNC:23218,GCC2,0,33,225,258,0,0.12790697674418605,0.872093023255814
HGNC:23228,CPAMD8,34,283,398,715,0.04755244755244755,0.3958041958041958,0.5566433566433566
HGNC:2323,CPS1,403,1214,609,2226,0.18104222821203952,0.5453728661275831,0.27358490566037735
HGNC:23230,UBA5,40,127,118,285,0.14035087719298245,0.4456140350877193,0.41403508771929826
HGNC:23246,MYPN,77,831,1050,1958,0.03932584269662921,0.4244126659856997,0.5362614913176711
HGNC:23247,DNAL1,12,85,45,142,0.08450704225352113,0.5985915492957746,0.31690140845070425
HGNC:2326,CPSF3,3,10,49,62,0.04838709677419355,0.16129032258064516,0.7903225806451613
HGNC:2328,CPT1A,184,644,323,1151,0.15986099044309296,0.5595134665508253,0.28062554300608167
HGNC:23287,ETHE1,99,255,105,459,0.21568627450980393,0.5555555555555556,0.22875816993464052
HGNC:23297,KCTD15,0,0,47,47,0,0,1
HGNC:2330,CPT2,228,438,483,1149,0.19843342036553524,0.381201044386423,0.42036553524804177
HGNC:23338,ACBD5,24,226,189,439,0.05466970387243736,0.5148063781321185,0.4305239179954442
HGNC:23339,ACBD6,7,11,36,54,0.12962962962962962,0.2037037037037037,0.6666666666666666
HGNC:23352,PIBF1,18,67,143,228,0.07894736842105263,0.29385964912280704,0.6271929824561403
HGNC:23357,MCTS1,3,2,5,10,0.3,0.2,0.5
HGNC:2336,CR2,63,361,446,870,0.07241379310344828,0.4149425287356322,0.5126436781609195
HGNC:23377,FOCAD,13,394,666,1073,0.012115563839701771,0.36719478098788444,0.6206896551724138
HGNC:23386,MYCBP2,18,99,670,787,0.022871664548919948,0.12579415501905972,0.8513341804320204
HGNC:23399,FREM1,78,449,964,1491,0.052313883299798795,0.301140174379611,0.6465459423205903
HGNC:234,ADCY3,10,264,288,562,0.017793594306049824,0.4697508896797153,0.5124555160142349
HGNC:2340,CRADD,8,39,36,83,0.0963855421686747,0.46987951807228917,0.43373493975903615
HGNC:23405,LRMDA,11,68,41,120,0.09166666666666666,0.5666666666666667,0.3416666666666667
HGNC:23406,DOLK,14,184,405,603,0.02321724709784411,0.30514096185737977,0.6716417910447762
HGNC:23419,KIF1BP,17,72,159,248,0.06854838709677419,0.2903225806451613,0.6411290322580645
HGNC:2342,CRAT,1,120,233,354,0.002824858757062147,0.3389830508474576,0.6581920903954802
HGNC:2343,CRB1,577,772,825,2174,0.265409383624655,0.35510579576816925,0.3794848206071757
HGNC:23452,LIPN,0,54,81,135,0,0.4,0.6
HGNC:2348,CREBBP,566,1123,1434,3123,0.18123599103426194,0.35959013768812037,0.45917387127761766
HGNC:23483,DOCK11,16,17,191,224,0.07142857142857142,0.07589285714285714,0.8526785714285714
HGNC:23503,SLITRK6,9,87,206,302,0.029801324503311258,0.28807947019867547,0.6821192052980133
HGNC:23511,TBATA,1,7,56,64,0.015625,0.109375,0.875
HGNC:23529,NSUN6,3,3,81,87,0.034482758620689655,0.034482758620689655,0.9310344827586207
HGNC:23537,DHTKD1,62,403,576,1041,0.059558117195004805,0.3871277617675312,0.553314121037464
HGNC:23564,MIR17HG,1,16,8,25,0.04,0.64,0.32
HGNC:23573,MORC2,35,447,571,1053,0.03323836657169991,0.42450142450142453,0.5422602089268755
HGNC:23575,ANKRD17,59,66,443,568,0.10387323943661972,0.11619718309859155,0.7799295774647887
HGNC:2359,CRIM1,0,36,157,193,0,0.18652849740932642,0.8134715025906736
HGNC:23594,VPS13C,94,622,403,1119,0.0840035746201966,0.5558534405719392,0.36014298480786416
HGNC:23595,VPS13D,79,715,980,1774,0.044532130777903044,0.40304396843291995,0.552423900789177
HGNC:236,ADCY5,56,435,466,957,0.05851619644723093,0.45454545454545453,0.48693834900731453
HGNC:23625,RUSC2,41,414,542,997,0.041123370110330994,0.4152457372116349,0.5436308926780341
HGNC:23639,TTC37,174,873,517,1564,0.11125319693094629,0.5581841432225064,0.3305626598465473
HGNC:2364,CRLF1,33,110,97,240,0.1375,0.4583333333333333,0.4041666666666667
HGNC:2365,CRMP1,1,15,107,123,0.008130081300813009,0.12195121951219512,0.8699186991869918
HGNC:23656,TIMM50,6,245,220,471,0.012738853503184714,0.5201698513800425,0.46709129511677283
HGNC:23657,GNE,223,450,553,1226,0.18189233278955955,0.367047308319739,0.45106035889070145
HGNC:23663,VKORC1,5,12,26,43,0.11627906976744186,0.27906976744186046,0.6046511627906976
HGNC:23688,BCL9L,0,22,275,297,0,0.07407407407407407,0.9259259259259259
HGNC:23694,GPR161,2,47,121,170,0.011764705882352941,0.27647058823529413,0.711764705882353
HGNC:23697,PHLDB1,2,12,202,216,0.009259259259259259,0.05555555555555555,0.9351851851851852
HGNC:237,ADCY6,3,57,139,199,0.01507537688442211,0.2864321608040201,0.6984924623115578
HGNC:23700,TTC12,8,53,101,162,0.04938271604938271,0.3271604938271605,0.6234567901234568
HGNC:23719,PGAP3,41,107,92,240,0.17083333333333334,0.44583333333333336,0.38333333333333336
HGNC:2372,MED23,24,55,172,251,0.09561752988047809,0.21912350597609562,0.6852589641434262
HGNC:23724,ARHGAP19,4,2,67,73,0.0547945205479452,0.0273972602739726,0.9178082191780822
HGNC:23734,PTF1A,8,75,92,175,0.045714285714285714,0.42857142857142855,0.5257142857142857
HGNC:2375,MED17,84,428,199,711,0.11814345991561181,0.6019690576652602,0.279887482419128
HGNC:23752,CERS3,20,82,53,155,0.12903225806451613,0.5290322580645161,0.3419354838709677
HGNC:2377,MED27,3,7,39,49,0.061224489795918366,0.14285714285714285,0.7959183673469388
HGNC:23785,PIKFYVE,27,139,305,471,0.05732484076433121,0.2951167728237792,0.6475583864118896
HGNC:23787,TMEM63C,4,5,93,102,0.0392156862745098,0.049019607843137254,0.9117647058823529
HGNC:2379,CRTAP,71,318,333,722,0.09833795013850416,0.4404432132963989,0.46121883656509693
HGNC:23791,INF2,60,890,846,1796,0.0334075723830735,0.4955456570155902,0.4710467706013363
HGNC:23794,PACS2,2,799,493,1294,0.0015455950540958269,0.6174652241112828,0.38098918083462135
HGNC:23801,SIPA1L3,2,195,379,576,0.003472222222222222,0.3385416666666667,0.6579861111111112
HGNC:23805,ASXL2,28,249,386,663,0.042232277526395176,0.3755656108597285,0.5822021116138764
HGNC:23807,THUMPD1,9,2,58,69,0.13043478260869565,0.028985507246376812,0.8405797101449275
HGNC:2383,CRX,138,158,257,553,0.24954792043399637,0.2857142857142857,0.46473779385171793
HGNC:23837,ANO4,7,2,93,102,0.06862745098039216,0.0196078431372549,0.9117647058823529
HGNC:23845,SLX4,158,881,1601,2640,0.059848484848484845,0.33371212121212124,0.606439393939394
HGNC:2388,CRYAA,11,45,59,115,0.09565217391304348,0.391304347826087,0.5130434782608696
HGNC:2389,CRYAB,18,111,220,349,0.05157593123209169,0.31805157593123207,0.6303724928366762
HGNC:2394,CRYBA1,16,32,45,93,0.17204301075268819,0.34408602150537637,0.4838709677419355
HGNC:2396,CRYBA4,6,56,49,111,0.05405405405405406,0.5045045045045045,0.44144144144144143
HGNC:2397,CRYBB1,14,30,81,125,0.112,0.24,0.648
HGNC:2398,CRYBB2,15,56,72,143,0.1048951048951049,0.3916083916083916,0.5034965034965035
HGNC:23987,NDUFA12,15,49,44,108,0.1388888888888889,0.4537037037037037,0.4074074074074074
HGNC:23994,ERI1,14,24,77,115,0.12173913043478261,0.20869565217391303,0.6695652173913044
HGNC:2400,CRYBB3,8,31,91,130,0.06153846153846154,0.23846153846153847,0.7
HGNC:24008,MIA3,3,40,262,305,0.009836065573770493,0.13114754098360656,0.8590163934426229
HGNC:24011,ABI2,0,0,35,35,0,0,1
HGNC:24035,APPL1,3,107,129,239,0.012552301255230125,0.4476987447698745,0.5397489539748954
HGNC:24036,APC2,26,475,725,1226,0.021207177814029365,0.38743882544861336,0.5913539967373572
HGNC:24039,CLMP,10,10,44,64,0.15625,0.15625,0.6875
HGNC:24040,ADIPOR1,1,96,99,196,0.00510204081632653,0.4897959183673469,0.5051020408163265
HGNC:24054,KNL1,23,174,215,412,0.055825242718446605,0.4223300970873786,0.5218446601941747
HGNC:24063,GALM,6,49,64,119,0.05042016806722689,0.4117647058823529,0.5378151260504201
HGNC:24097,ARAP3,0,14,204,218,0,0.06422018348623854,0.9357798165137615
HGNC:2410,CRYGC,25,28,60,113,0.22123893805309736,0.24778761061946902,0.5309734513274337
HGNC:24102,ARSG,45,201,208,454,0.09911894273127753,0.44273127753303965,0.4581497797356828
HGNC:2411,CRYGD,18,35,47,100,0.18,0.35,0.47
HGNC:24113,ATP13A3,8,120,153,281,0.028469750889679714,0.42704626334519574,0.5444839857651246
HGNC:24116,RNASEH2C,7,203,204,414,0.016908212560386472,0.49033816425120774,0.4927536231884058
HGNC:24123,B9D1,16,129,119,264,0.06060606060606061,0.48863636363636365,0.45075757575757575
HGNC:24124,ACTL6A,0,10,50,60,0,0.16666666666666666,0.8333333333333334
HGNC:24128,TM2D3,4,10,45,59,0.06779661016949153,0.1694915254237288,0.7627118644067796
HGNC:24152,RSRC1,11,8,59,78,0.14102564102564102,0.10256410256410256,0.7564102564102564
HGNC:24154,BMPER,21,189,223,433,0.04849884526558892,0.43648960739030024,0.5150115473441108
HGNC:24156,PHF21A,51,160,183,394,0.12944162436548223,0.40609137055837563,0.46446700507614214
HGNC:2417,CRYGS,7,14,47,68,0.10294117647058823,0.20588235294117646,0.6911764705882353
HGNC:2418,CRYM,0,71,71,142,0,0.5,0.5
HGNC:24200,FAM111B,7,29,115,151,0.046357615894039736,0.19205298013245034,0.7615894039735099
HGNC:24212,CISD2,4,46,35,85,0.047058823529411764,0.5411764705882353,0.4117647058823529
HGNC:24229,CIDEC,3,29,43,75,0.04,0.38666666666666666,0.5733333333333334
HGNC:24245,DRC1,41,312,243,596,0.06879194630872483,0.5234899328859061,0.4077181208053691
HGNC:24247,GLYCTK,5,84,147,236,0.0211864406779661,0.3559322033898305,0.6228813559322034
HGNC:24249,YARS2,38,146,178,362,0.10497237569060773,0.40331491712707185,0.49171270718232046
HGNC:24259,TPRKB,2,19,44,65,0.03076923076923077,0.2923076923076923,0.676923076923077
HGNC:24265,PTRH2,10,17,24,51,0.19607843137254902,0.3333333333333333,0.47058823529411764
HGNC:24268,ASCC1,30,130,77,237,0.12658227848101267,0.5485232067510548,0.32489451476793246
HGNC:24270,DPH5,4,1,37,42,0.09523809523809523,0.023809523809523808,0.8809523809523809
HGNC:24281,OTUD6B,20,14,68,102,0.19607843137254902,0.13725490196078433,0.6666666666666666
HGNC:24283,KMT5B,79,56,136,271,0.2915129151291513,0.2066420664206642,0.5018450184501845
HGNC:24284,TRAPPC12,28,116,211,355,0.07887323943661972,0.3267605633802817,0.5943661971830986
HGNC:24286,RRP7A,1,5,62,68,0.014705882352941176,0.07352941176470588,0.9117647058823529
HGNC:24290,CSGALNACT1,18,161,195,374,0.0481283422459893,0.4304812834224599,0.5213903743315508
HGNC:243,ADD1,1,15,87,103,0.009708737864077669,0.14563106796116504,0.8446601941747572
HGNC:24305,NCAPD2,11,57,235,303,0.036303630363036306,0.18811881188118812,0.7755775577557755
HGNC:24316,TACO1,17,59,104,180,0.09444444444444444,0.3277777777777778,0.5777777777777777
HGNC:2433,CSF1R,84,443,481,1008,0.08333333333333333,0.439484126984127,0.4771825396825397
HGNC:24338,C1GALT1C1,8,16,34,58,0.13793103448275862,0.27586206896551724,0.5862068965517241
HGNC:24342,CCP110,2,17,121,140,0.014285714285714285,0.12142857142857143,0.8642857142857143
HGNC:24349,CCDC186,1,6,111,118,0.00847457627118644,0.05084745762711865,0.940677966101695
HGNC:2435,CSF2RA,47,612,306,965,0.04870466321243523,0.6341968911917099,0.3170984455958549
HGNC:2436,CSF2RB,1,378,499,878,0.0011389521640091116,0.4305239179954442,0.5683371298405467
HGNC:2439,CSF3R,51,289,431,771,0.06614785992217899,0.3748378728923476,0.5590142671854734
HGNC:24415,BOLA3,8,45,63,116,0.06896551724137931,0.3879310344827586,0.5431034482758621
HGNC:24460,EIF3M,0,0,27,27,0,0,1
HGNC:24464,CHST14,37,172,224,433,0.08545034642032333,0.3972286374133949,0.5173210161662818
HGNC:24488,POC1A,28,110,97,235,0.11914893617021277,0.46808510638297873,0.4127659574468085
HGNC:24496,NEPRO,1,12,8,21,0.047619047619047616,0.5714285714285714,0.38095238095238093
HGNC:245,ADD3,1,83,165,249,0.004016064257028112,0.3333333333333333,0.6626506024096386
HGNC:24502,WDR62,127,437,592,1156,0.10986159169550173,0.3780276816608997,0.5121107266435986
HGNC:24515,MPC2,0,0,10,10,0,0,1
HGNC:24519,TCTN3,71,271,258,600,0.11833333333333333,0.45166666666666666,0.43
HGNC:2452,CSNK1D,2,13,29,44,0.045454545454545456,0.29545454545454547,0.6590909090909091
HGNC:24525,MMACHC,182,231,244,657,0.2770167427701674,0.3515981735159817,0.3713850837138508
HGNC:24526,ATL3,3,229,311,543,0.0055248618784530384,0.42173112338858193,0.572744014732965
HGNC:24529,TMEM98,3,5,33,41,0.07317073170731707,0.12195121951219512,0.8048780487804879
HGNC:24537,CHMP2B,6,66,115,187,0.03208556149732621,0.35294117647058826,0.6149732620320856
HGNC:24539,NECAP1,5,103,108,216,0.023148148148148147,0.47685185185185186,0.5
HGNC:2454,CSNK1G1,1,7,47,55,0.01818181818181818,0.12727272727272726,0.8545454545454545
HGNC:24552,TKFC,2,17,106,125,0.016,0.136,0.848
HGNC:24555,INTS1,27,200,529,756,0.03571428571428571,0.26455026455026454,0.6997354497354498
HGNC:24564,C2CD3,85,535,566,1186,0.07166947723440135,0.45109612141652616,0.4772344013490725
HGNC:24565,KANSL1,162,696,674,1532,0.10574412532637076,0.45430809399477806,0.43994778067885115
HGNC:2457,CSNK2A1,108,81,96,285,0.37894736842105264,0.28421052631578947,0.3368421052631579
HGNC:24576,CDT1,27,247,262,536,0.05037313432835821,0.4608208955223881,0.48880597014925375
HGNC:24579,CIB2,28,125,91,244,0.11475409836065574,0.5122950819672131,0.3729508196721312
HGNC:24587,FAM126A,21,161,203,385,0.05454545454545454,0.41818181818181815,0.5272727272727272
HGNC:24592,STEAP3,0,52,124,176,0,0.29545454545454547,0.7045454545454546
HGNC:24595,DYNC2LI1,28,125,84,237,0.11814345991561181,0.5274261603375527,0.35443037974683544
HGNC:2460,CSNK2B,114,18,68,200,0.57,0.09,0.34
HGNC:24600,ANKS1B,3,24,106,133,0.022556390977443608,0.18045112781954886,0.7969924812030075
HGNC:24613,NRROS,12,23,101,136,0.08823529411764706,0.16911764705882354,0.7426470588235294
HGNC:24614,EEFSEC,5,12,100,117,0.042735042735042736,0.10256410256410256,0.8547008547008547
HGNC:24624,SIL1,35,166,212,413,0.0847457627118644,0.4019370460048426,0.513317191283293
HGNC:2464,VCAN,25,762,1672,2459,0.010166734444896299,0.3098820658804392,0.6799511996746646
HGNC:24641,C16orf62,7,12,20,39,0.1794871794871795,0.3076923076923077,0.5128205128205128
HGNC:24650,EHMT1,385,1345,907,2637,0.1459992415623815,0.5100492984452029,0.3439514599924156
HGNC:24662,EXOSC5,6,8,54,68,0.08823529411764706,0.11764705882352941,0.7941176470588235
HGNC:24668,CFHR5,3,85,276,364,0.008241758241758242,0.23351648351648352,0.7582417582417582
HGNC:24669,FIGLA,6,36,43,85,0.07058823529411765,0.4235294117647059,0.5058823529411764
HGNC:24671,FLAD1,31,155,174,360,0.08611111111111111,0.4305555555555556,0.48333333333333334
HGNC:24678,FTO,3,103,163,269,0.011152416356877323,0.3828996282527881,0.6059479553903345
HGNC:2468,SMC3,86,365,329,780,0.11025641025641025,0.46794871794871795,0.4217948717948718
HGNC:24682,FLVCR1,60,206,324,590,0.1016949152542373,0.34915254237288135,0.5491525423728814
HGNC:24713,QRICH1,75,19,154,248,0.3024193548387097,0.07661290322580645,0.6209677419354839
HGNC:24715,TBC1D8B,10,78,189,277,0.036101083032490974,0.2815884476534296,0.6823104693140795
HGNC:24717,PTCD3,14,13,113,140,0.1,0.09285714285714286,0.8071428571428572
HGNC:24718,TMX3,0,47,42,89,0,0.5280898876404494,0.47191011235955055
HGNC:2472,CSRP3,35,159,306,500,0.07,0.318,0.612
HGNC:24725,FAM111A,9,134,219,362,0.024861878453038673,0.3701657458563536,0.6049723756906077
HGNC:24731,NHLRC2,10,24,90,124,0.08064516129032258,0.1935483870967742,0.7258064516129032
HGNC:2475,CST3,2,27,40,69,0.028985507246376812,0.391304347826087,0.5797101449275363
HGNC:24750,ZNF699,14,13,79,106,0.1320754716981132,0.12264150943396226,0.7452830188679245
HGNC:24783,LRIT3,5,168,287,460,0.010869565217391304,0.3652173913043478,0.6239130434782608
HGNC:24797,FAM83H,27,66,281,374,0.07219251336898395,0.17647058823529413,0.7513368983957219
HGNC:2481,CSTA,6,10,14,30,0.2,0.3333333333333333,0.4666666666666667
HGNC:2482,CSTB,22,73,80,175,0.12571428571428572,0.41714285714285715,0.45714285714285713
HGNC:24824,FZR1,4,14,52,70,0.05714285714285714,0.2,0.7428571428571429
HGNC:2484,CSTF2,1,6,37,44,0.022727272727272728,0.13636363636363635,0.8409090909090909
HGNC:24846,GAS2L2,1,64,160,225,0.0044444444444444444,0.28444444444444444,0.7111111111111111
HGNC:24856,CCDC47,7,11,51,69,0.10144927536231885,0.15942028985507245,0.7391304347826086
HGNC:24858,MFF,14,98,94,206,0.06796116504854369,0.47572815533980584,0.4563106796116505
HGNC:24861,G6PC3,52,297,392,741,0.07017543859649122,0.4008097165991903,0.5290148448043185
HGNC:24862,MOGS,38,238,346,622,0.06109324758842444,0.38263665594855306,0.5562700964630225
HGNC:24866,CEP104,52,352,231,635,0.08188976377952756,0.5543307086614173,0.3637795275590551
HGNC:24870,GLT8D1,1,8,39,48,0.020833333333333332,0.16666666666666666,0.8125
HGNC:24877,YIPF5,5,3,34,42,0.11904761904761904,0.07142857142857142,0.8095238095238095
HGNC:2488,NKX2-5,137,264,425,826,0.16585956416464892,0.3196125907990315,0.5145278450363197
HGNC:24912,LARP7,92,137,152,381,0.24146981627296588,0.35958005249343833,0.3989501312335958
HGNC:24928,VPS37A,1,116,132,249,0.004016064257028112,0.46586345381526106,0.5301204819277109
HGNC:24929,PSMG2,1,87,152,240,0.004166666666666667,0.3625,0.6333333333333333
HGNC:24931,ZC4H2,128,63,92,283,0.45229681978798586,0.2226148409893993,0.3250883392226148
HGNC:2494,CTBP1,2,205,153,360,0.005555555555555556,0.5694444444444444,0.425
HGNC:24945,GPIHBP1,22,104,77,203,0.10837438423645321,0.5123152709359606,0.3793103448275862
HGNC:24948,DOT1L,9,84,237,330,0.02727272727272727,0.2545454545454545,0.7181818181818181
HGNC:24959,GSX2,0,13,37,50,0,0.26,0.74
HGNC:24968,EXOC2,1,16,119,136,0.007352941176470588,0.11764705882352941,0.875
HGNC:24969,NPRL2,28,27,106,161,0.17391304347826086,0.16770186335403728,0.6583850931677019
HGNC:2498,CTDP1,1,398,304,703,0.001422475106685633,0.566145092460882,0.43243243243243246
HGNC:24990,COA3,0,10,34,44,0,0.22727272727272727,0.7727272727272727
HGNC:24997,WDR91,4,12,103,119,0.03361344537815126,0.10084033613445378,0.865546218487395
HGNC:2500,CTGF,3,8,49,60,0.05,0.13333333333333333,0.8166666666666667
HGNC:25006,METTL5,10,4,40,54,0.18518518518518517,0.07407407407407407,0.7407407407407407
HGNC:25009,UBE2T,13,35,29,77,0.16883116883116883,0.45454545454545453,0.37662337662337664
HGNC:2501,CTH,4,12,85,101,0.039603960396039604,0.1188118811881188,0.8415841584158416
HGNC:25018,TMEM216,55,139,127,321,0.17133956386292834,0.43302180685358255,0.3956386292834891
HGNC:25033,LRTOMT,27,69,157,253,0.1067193675889328,0.2727272727272727,0.6205533596837944
HGNC:2505,CTLA4,63,89,149,301,0.20930232558139536,0.2956810631229236,0.4950166112956811
HGNC:25056,KLHL20,7,6,66,79,0.08860759493670886,0.0759493670886076,0.8354430379746836
HGNC:25068,GATC,1,9,16,26,0.038461538461538464,0.34615384615384615,0.6153846153846154
HGNC:25070,ACD,6,572,823,1401,0.004282655246252677,0.40827980014275517,0.5874375446109922
HGNC:25072,WDR45B,3,13,32,48,0.0625,0.2708333333333333,0.6666666666666666
HGNC:25075,LRRC8C,2,3,66,71,0.028169014084507043,0.04225352112676056,0.9295774647887324
HGNC:25088,SGO1,1,17,6,24,0.041666666666666664,0.7083333333333334,0.25
HGNC:2509,CTNNA1,259,1496,1841,3596,0.07202447163515016,0.41601779755283647,0.5119577308120133
HGNC:25094,MTSS1L,2,44,195,241,0.008298755186721992,0.1825726141078838,0.8091286307053942
HGNC:25099,PRMT9,18,5,116,139,0.12949640287769784,0.03597122302158273,0.8345323741007195
HGNC:2510,CTNNA2,9,66,86,161,0.055900621118012424,0.40993788819875776,0.5341614906832298
HGNC:25104,AP5B1,6,13,139,158,0.0379746835443038,0.08227848101265822,0.879746835443038
HGNC:25118,OTULIN,13,142,127,282,0.04609929078014184,0.5035460992907801,0.450354609929078
HGNC:25123,PKDCC,20,97,157,274,0.072992700729927,0.354014598540146,0.572992700729927
HGNC:25126,NAF1,22,95,200,317,0.0694006309148265,0.2996845425867508,0.6309148264984227
HGNC:25133,MARS2,7,79,227,313,0.022364217252396165,0.2523961661341853,0.7252396166134185
HGNC:25135,LRSAM1,91,398,501,990,0.09191919191919191,0.402020202020202,0.5060606060606061
HGNC:2514,CTNNB1,250,330,347,927,0.2696871628910464,0.3559870550161812,0.3743257820927724
HGNC:2515,CTNND1,37,36,199,272,0.13602941176470587,0.1323529411764706,0.7316176470588235
HGNC:25151,ADAT3,5,29,145,179,0.027932960893854747,0.16201117318435754,0.8100558659217877
HGNC:25155,HOGA1,141,236,206,583,0.241852487135506,0.40480274442538594,0.35334476843910806
HGNC:2516,CTNND2,59,176,182,417,0.14148681055155876,0.42206235011990406,0.4364508393285372
HGNC:2518,CTNS,204,412,295,911,0.2239297475301866,0.4522502744237102,0.3238199780461032
HGNC:25186,TMEM240,3,69,86,158,0.0189873417721519,0.43670886075949367,0.5443037974683544
HGNC:25187,TAMM41,5,6,49,60,0.08333333333333333,0.1,0.8166666666666667
HGNC:25189,ALKBH8,9,37,116,162,0.05555555555555555,0.22839506172839505,0.7160493827160493
HGNC:2519,CTPS1,1,194,141,336,0.002976190476190476,0.5773809523809523,0.41964285714285715
HGNC:25198,SLC25A46,38,180,218,436,0.0871559633027523,0.41284403669724773,0.5
HGNC:25203,TMEM65,0,6,22,28,0,0.21428571428571427,0.7857142857142857
HGNC:25221,MMADHC,70,220,110,400,0.175,0.55,0.275
HGNC:25223,COQ2,40,199,229,468,0.08547008547008547,0.4252136752136752,0.4893162393162393
HGNC:25228,SGSM3,4,28,139,171,0.023391812865497075,0.16374269005847952,0.8128654970760234
HGNC:2523,CTRC,18,286,473,777,0.023166023166023165,0.3680823680823681,0.6087516087516087
HGNC:25230,AHDC1,189,590,698,1477,0.12796208530805686,0.3994583615436696,0.47257955314827355
HGNC:25239,ARSK,4,15,71,90,0.044444444444444446,0.16666666666666666,0.7888888888888889
HGNC:25240,ANO6,39,188,173,400,0.0975,0.47,0.4325
HGNC:25244,CCDC39,177,459,331,967,0.18304033092037228,0.47466390899689764,0.3422957600827301
HGNC:25265,ZCCHC8,5,191,292,488,0.010245901639344262,0.39139344262295084,0.5983606557377049
HGNC:2527,CTSB,0,72,98,170,0,0.4235294117647059,0.5764705882352941
HGNC:2528,CTSC,86,252,209,547,0.15722120658135283,0.4606946983546618,0.3820840950639854
HGNC:25280,TTC25,13,18,52,83,0.1566265060240964,0.21686746987951808,0.6265060240963856
HGNC:25287,LMBRD2,10,16,121,147,0.06802721088435375,0.10884353741496598,0.8231292517006803
HGNC:2529,CTSD,52,434,323,809,0.06427688504326329,0.5364647713226205,0.3992583436341162
HGNC:25295,FAM57B,2,5,25,32,0.0625,0.15625,0.78125
HGNC:253,ADH5,4,2,31,37,0.10810810810810811,0.05405405405405406,0.8378378378378378
HGNC:25302,COQ9,25,166,167,358,0.06983240223463687,0.46368715083798884,0.4664804469273743
HGNC:25305,NSRP1,5,7,67,79,0.06329113924050633,0.08860759493670886,0.8481012658227848
HGNC:2531,CTSF,38,127,147,312,0.12179487179487179,0.40705128205128205,0.47115384615384615
HGNC:25355,SLC30A10,11,137,155,303,0.036303630363036306,0.4521452145214521,0.5115511551155115
HGNC:25356,SPRTN,4,17,49,70,0.05714285714285714,0.24285714285714285,0.7
HGNC:25358,RNF170,7,10,43,60,0.11666666666666667,0.16666666666666666,0.7166666666666667
HGNC:2536,CTSK,136,194,122,452,0.3008849557522124,0.42920353982300885,0.26991150442477874
HGNC:25360,DDX59,9,65,94,168,0.05357142857142857,0.3869047619047619,0.5595238095238095
HGNC:25363,TMEM222,5,8,37,50,0.1,0.16,0.74
HGNC:25367,CCDC8,12,68,172,252,0.047619047619047616,0.2698412698412698,0.6825396825396826
HGNC:25380,TMEM163,4,3,48,55,0.07272727272727272,0.05454545454545454,0.8727272727272727
HGNC:25382,TMEM126A,10,71,87,168,0.05952380952380952,0.4226190476190476,0.5178571428571429
HGNC:25386,PDE12,0,1,71,72,0,0.013888888888888888,0.9861111111111112
HGNC:25394,SAMD7,6,3,58,67,0.08955223880597014,0.04477611940298507,0.8656716417910447
HGNC:25396,FREM2,132,1202,1163,2497,0.05286343612334802,0.4813776531838206,0.4657589106928314
HGNC:25402,OTUD5,9,12,77,98,0.09183673469387756,0.12244897959183673,0.7857142857142857
HGNC:25403,SASS6,7,65,79,151,0.046357615894039736,0.4304635761589404,0.5231788079470199
HGNC:25416,ATXN7L3,1,6,32,39,0.02564102564102564,0.15384615384615385,0.8205128205128205
HGNC:25419,ARL13B,41,174,194,409,0.10024449877750612,0.4254278728606357,0.4743276283618582
HGNC:25428,KIAA1217,0,32,277,309,0,0.10355987055016182,0.8964401294498382
HGNC:25430,LRRC56,26,257,200,483,0.053830227743271224,0.5320910973084886,0.4140786749482402
HGNC:25439,TANGO2,52,274,153,479,0.10855949895615867,0.5720250521920668,0.31941544885177453
HGNC:25440,TMTC2,0,8,111,119,0,0.06722689075630252,0.9327731092436975
HGNC:25443,C19orf12,34,118,182,334,0.10179640718562874,0.3532934131736527,0.5449101796407185
HGNC:25455,TSR2,2,23,39,64,0.03125,0.359375,0.609375
HGNC:25461,PUS3,15,52,108,175,0.08571428571428572,0.29714285714285715,0.6171428571428571
HGNC:2548,CUBN,213,968,1394,2575,0.08271844660194175,0.37592233009708736,0.5413592233009709
HGNC:25481,TRMU,173,465,226,864,0.20023148148148148,0.5381944444444444,0.26157407407407407
HGNC:25491,FRMD4A,3,56,179,238,0.012605042016806723,0.23529411764705882,0.7521008403361344
HGNC:2550,CELF2,17,14,74,105,0.1619047619047619,0.13333333333333333,0.7047619047619048
HGNC:25507,VAC14,15,321,177,513,0.029239766081871343,0.6257309941520468,0.34502923976608185
HGNC:25516,ARHGEF40,0,23,243,266,0,0.08646616541353383,0.9135338345864662
HGNC:25519,ANO10,75,275,196,546,0.13736263736263737,0.50366300366300365,0.358974358974359
HGNC:25522,WRAP53,6,252,313,571,0.010507880910683012,0.4413309982486865,0.5481611208406305
HGNC:25523,CCDC88A,36,579,528,1143,0.031496062992125984,0.5065616797900262,0.46194225721784776
HGNC:25525,NDC1,1,5,93,99,0.010101010101010102,0.050505050505050504,0.9393939393939394
HGNC:25527,ANKZF1,0,230,510,740,0,0.3108108108108108,0.6891891891891891
HGNC:2553,CUL3,130,229,317,676,0.19230769230769232,0.33875739644970415,0.46893491124260356
HGNC:25532,MTPAP,3,223,204,430,0.0069767441860465115,0.5186046511627908,0.4744186046511628
HGNC:25535,TMEM38B,14,102,94,210,0.06666666666666667,0.4857142857142857,0.44761904761904764
HGNC:25536,DALRD3,1,13,84,98,0.01020408163265306,0.1326530612244898,0.8571428571428571
HGNC:25538,DARS2,76,201,224,501,0.15169660678642716,0.40119760479041916,0.4471057884231537
HGNC:25539,RFWD3,3,258,445,706,0.00424929178470255,0.3654390934844193,0.6303116147308782
HGNC:25543,SHQ1,3,17,111,131,0.022900763358778626,0.1297709923664122,0.8473282442748091
HGNC:25544,MSL2,13,9,80,102,0.12745098039215685,0.08823529411764706,0.7843137254901961
HGNC:2555,CUL4B,145,196,198,539,0.2690166975881262,0.36363636363636365,0.3673469387755102
HGNC:25551,SMG8,12,22,124,158,0.0759493670886076,0.13924050632911392,0.7848101265822784
HGNC:25552,RNF220,2,7,64,73,0.0273972602739726,0.0958904109589041,0.8767123287671232
HGNC:25554,SLC25A36,2,1,28,31,0.06451612903225806,0.03225806451612903,0.9032258064516129
HGNC:25557,PRMT7,47,131,170,348,0.13505747126436782,0.3764367816091954,0.4885057471264368
HGNC:25566,SETD5,317,447,718,1482,0.21390013495276652,0.3016194331983806,0.4844804318488529
HGNC:25567,ATAD3A,27,93,318,438,0.06164383561643835,0.21232876712328766,0.726027397260274
HGNC:25568,FANCI,288,1084,1063,2435,0.11827515400410678,0.4451745379876797,0.43655030800821354
HGNC:2557,CUX1,56,152,382,590,0.09491525423728814,0.2576271186440678,0.6474576271186441
HGNC:25576,NAXD,18,89,72,179,0.1005586592178771,0.4972067039106145,0.4022346368715084
HGNC:2558,CX3CR1,0,13,37,50,0,0.26,0.74
HGNC:25583,ARMC4,66,370,333,769,0.0858257477243173,0.4811443433029909,0.43302990897269183
HGNC:2559,CXADR,0,10,46,56,0,0.17857142857142858,0.8214285714285714
HGNC:25590,OGDHL,9,37,180,226,0.03982300884955752,0.16371681415929204,0.7964601769911505
HGNC:25598,TYW1,0,7,93,100,0,0.07,0.93
HGNC:25604,C7orf43,1,8,3,12,0.08333333333333333,0.6666666666666666,0.25
HGNC:25608,VPS53,17,536,136,689,0.02467343976777939,0.7779390420899854,0.19738751814223512
HGNC:2561,CXCR4,41,85,115,241,0.17012448132780084,0.35269709543568467,0.47717842323651455
HGNC:25613,CWF19L1,31,31,83,145,0.21379310344827587,0.21379310344827587,0.5724137931034483
HGNC:25622,TBC1D23,16,33,99,148,0.10810810810810811,0.22297297297297297,0.668918918918919
HGNC:25640,UFSP2,9,20,72,101,0.0891089108910891,0.19801980198019803,0.7128712871287128
HGNC:25657,BCORL1,7,90,381,478,0.014644351464435146,0.18828451882845187,0.797071129707113
HGNC:25660,TTC21B,144,601,723,1468,0.09809264305177112,0.4094005449591281,0.4925068119891008
HGNC:25662,AAGAB,24,39,76,139,0.17266187050359713,0.2805755395683453,0.5467625899280576
HGNC:2567,OFD1,247,426,632,1305,0.189272030651341,0.3264367816091954,0.4842911877394636
HGNC:25671,RNASEH2B,56,269,208,533,0.1050656660412758,0.5046904315196998,0.3902439024390244
HGNC:25676,GORAB,49,197,173,419,0.11694510739856802,0.4701670644391408,0.4128878281622912
HGNC:25678,EFCAB1,4,1,24,29,0.13793103448275862,0.034482758620689655,0.8275862068965517
HGNC:2568,MAMLD1,7,66,103,176,0.03977272727272727,0.375,0.5852272727272727
HGNC:25686,PPCS,4,140,131,275,0.014545454545454545,0.509090909090909,0.4763636363636364
HGNC:25695,CARS2,6,428,400,834,0.007194244604316547,0.513189448441247,0.47961630695443647
HGNC:257,ADK,13,86,78,177,0.07344632768361582,0.4858757062146893,0.4406779661016949
HGNC:2570,CYB5A,3,9,10,22,0.13636363636363635,0.4090909090909091,0.45454545454545453
HGNC:25705,KCTD17,4,97,89,190,0.021052631578947368,0.5105263157894737,0.46842105263157896
HGNC:25712,PGAP1,49,203,219,471,0.1040339702760085,0.4309978768577495,0.46496815286624205
HGNC:25716,COA7,9,37,34,80,0.1125,0.4625,0.425
HGNC:25720,GPATCH3,0,11,86,97,0,0.1134020618556701,0.8865979381443299
HGNC:25726,LAS1L,6,101,149,256,0.0234375,0.39453125,0.58203125
HGNC:25727,CEP76,13,8,76,97,0.13402061855670103,0.08247422680412371,0.7835051546391752
HGNC:25737,NHEJ1,39,130,100,269,0.1449814126394052,0.483271375464684,0.37174721189591076
HGNC:25740,CEP78,74,230,336,640,0.115625,0.359375,0.525
HGNC:25751,TRAPPC11,70,524,488,1082,0.06469500924214418,0.48428835489833644,0.4510166358595194
HGNC:25763,SMG9,17,36,83,136,0.125,0.2647058823529412,0.6102941176470589
HGNC:25764,RMI1,1,20,63,84,0.011904761904761904,0.23809523809523808,0.75
HGNC:2577,CYBA,76,273,161,510,0.14901960784313725,0.5352941176470588,0.3156862745098039
HGNC:25774,TCTN2,77,344,374,795,0.09685534591194969,0.4327044025157233,0.47044025157232705
HGNC:25777,RFX7,18,85,266,369,0.04878048780487805,0.23035230352303523,0.7208672086720868
HGNC:2578,CYBB,284,378,213,875,0.32457142857142857,0.432,0.24342857142857144
HGNC:25781,ARMC5,32,92,182,306,0.10457516339869281,0.3006535947712418,0.5947712418300654
HGNC:25784,DCAF17,58,334,190,582,0.09965635738831616,0.5738831615120275,0.32646048109965636
HGNC:25786,REEP1,91,161,208,460,0.19782608695652174,0.35,0.45217391304347826
HGNC:25789,EFL1,6,278,283,567,0.010582010582010581,0.49029982363315694,0.4991181657848324
HGNC:2579,CYC1,2,75,102,179,0.0111731843575419,0.41899441340782123,0.5698324022346368
HGNC:25790,FASTKD5,5,9,98,112,0.044642857142857144,0.08035714285714286,0.875
HGNC:25792,USB1,29,226,335,590,0.04915254237288136,0.38305084745762713,0.5677966101694916
HGNC:25799,GUF1,1,167,317,485,0.002061855670103093,0.3443298969072165,0.6536082474226804
HGNC:25801,C5orf42,349,954,1295,2598,0.13433410315627406,0.3672055427251732,0.4984603541185527
HGNC:25808,FAM161A,188,369,385,942,0.19957537154989385,0.39171974522292996,0.40870488322717624
HGNC:25812,SRD5A3,23,89,136,248,0.09274193548387097,0.3588709677419355,0.5483870967741935
HGNC:25815,CEP63,36,136,166,338,0.10650887573964497,0.40236686390532544,0.4911242603550296
HGNC:25821,ZNF668,3,11,86,100,0.03,0.11,0.86
HGNC:25835,THSD4,10,43,195,248,0.04032258064516129,0.17338709677419356,0.7862903225806451
HGNC:25839,GRHL3,20,99,127,246,0.08130081300813008,0.4024390243902439,0.516260162601626
HGNC:2584,CYLD,91,124,235,450,0.20222222222222222,0.27555555555555555,0.5222222222222223
HGNC:25843,ZNF750,1,40,126,167,0.005988023952095809,0.23952095808383234,0.7544910179640718
HGNC:25851,GINS3,2,3,42,47,0.0425531914893617,0.06382978723404255,0.8936170212765957
HGNC:25875,NAA60,6,7,25,38,0.15789473684210525,0.18421052631578946,0.6578947368421053
HGNC:25896,ORAI1,22,171,275,468,0.04700854700854701,0.36538461538461536,0.5876068376068376
HGNC:25897,MFSD2A,9,108,93,210,0.04285714285714286,0.5142857142857142,0.44285714285714284
HGNC:2590,CYP11A1,52,248,134,434,0.11981566820276497,0.5714285714285714,0.3087557603686636
HGNC:25902,POMGNT2,29,186,283,498,0.05823293172690763,0.37349397590361444,0.5682730923694779
HGNC:25903,ATAD1,3,113,92,208,0.014423076923076924,0.5432692307692307,0.4423076923076923
HGNC:25907,CEP89,1,139,216,356,0.0028089887640449437,0.3904494382022472,0.6067415730337079
HGNC:2591,CYP11B1,200,468,308,976,0.20491803278688525,0.47950819672131145,0.3155737704918033
HGNC:25911,FAM136A,1,15,20,36,0.027777777777777776,0.4166666666666667,0.5555555555555556
HGNC:2592,CYP11B2,132,433,249,814,0.16216216216216217,0.5319410319410319,0.3058968058968059
HGNC:25928,WDR73,39,89,154,282,0.13829787234042554,0.31560283687943264,0.5460992907801419
HGNC:2593,CYP17A1,159,331,112,602,0.26411960132890366,0.5498338870431894,0.18604651162790697
HGNC:2594,CYP19A1,87,340,143,570,0.15263157894736842,0.5964912280701754,0.25087719298245614
HGNC:25941,TET2,180,653,1226,2059,0.08742107819329771,0.3171442447790189,0.5954346770276834
HGNC:25947,KLHL24,13,35,72,120,0.10833333333333334,0.2916666666666667,0.6
HGNC:25956,VPS50,8,12,90,110,0.07272727272727272,0.10909090909090909,0.8181818181818182
HGNC:25964,RETREG1,25,213,287,525,0.047619047619047616,0.4057142857142857,0.5466666666666666
HGNC:25966,ESRP1,4,26,68,98,0.04081632653061224,0.2653061224489796,0.6938775510204082
HGNC:2597,CYP1B1,128,240,232,600,0.21333333333333335,0.4,0.38666666666666666
HGNC:25973,GON4L,4,26,4,34,0.11764705882352941,0.7647058823529411,0.11764705882352941
HGNC:25979,MIEF1,2,6,74,82,0.024390243902439025,0.07317073170731707,0.9024390243902439
HGNC:25980,TRMT1,30,43,162,235,0.1276595744680851,0.1829787234042553,0.6893617021276596
HGNC:25985,PIGG,93,515,529,1137,0.08179419525065963,0.4529463500439754,0.465259454705365
HGNC:25994,NSUN2,54,338,263,655,0.08244274809160305,0.516030534351145,0.4015267175572519
HGNC:2600,CYP21A2,122,89,161,372,0.3279569892473118,0.239247311827957,0.4327956989247312
HGNC:26001,PQLC2,1,3,56,60,0.016666666666666666,0.05,0.9333333333333333
HGNC:26002,CASZ1,26,272,377,675,0.03851851851851852,0.40296296296296297,0.5585185185185185
HGNC:26006,TTC19,31,146,187,364,0.08516483516483517,0.4010989010989011,0.5137362637362637
HGNC:26013,DNAAF5,53,469,379,901,0.058823529411764705,0.5205327413984462,0.42064372918978915
HGNC:26019,IMPAD1,11,102,197,310,0.035483870967741936,0.32903225806451614,0.635483870967742
HGNC:2602,CYP24A1,64,153,235,452,0.1415929203539823,0.33849557522123896,0.5199115044247787
HGNC:26022,TRMT10C,1,21,77,99,0.010101010101010102,0.21212121212121213,0.7777777777777778
HGNC:26026,SOHLH2,0,8,2,10,0,0.8,0.2
HGNC:26031,PIGV,11,147,233,391,0.028132992327365727,0.37595907928388744,0.5959079283887468
HGNC:26033,PUS7,34,27,97,158,0.21518987341772153,0.17088607594936708,0.6139240506329114
HGNC:26034,SDHAF2,50,234,463,747,0.06693440428380187,0.3132530120481928,0.6198125836680054
HGNC:26038,TMEM127,138,334,722,1194,0.11557788944723618,0.2797319932998325,0.6046901172529313
HGNC:2605,CYP27A1,216,512,521,1249,0.17293835068054444,0.4099279423538831,0.41713370696557245
HGNC:26050,TMEM70,39,160,187,386,0.10103626943005181,0.41450777202072536,0.4844559585492228
HGNC:26052,INTS11,9,25,125,159,0.05660377358490566,0.15723270440251572,0.7861635220125787
HGNC:26053,THG1L,5,11,50,66,0.07575757575757576,0.16666666666666666,0.7575757575757576
HGNC:26054,SLC25A38,60,89,117,266,0.22556390977443608,0.33458646616541354,0.4398496240601504
HGNC:26058,LAGE3,3,29,62,94,0.031914893617021274,0.30851063829787234,0.6595744680851063
HGNC:2606,CYP27B1,107,274,193,574,0.18641114982578397,0.47735191637630664,0.3362369337979094
HGNC:26087,HEATR3,6,11,78,95,0.06315789473684211,0.11578947368421053,0.8210526315789474
HGNC:26090,CCDC40,114,525,540,1179,0.09669211195928754,0.44529262086513993,0.4580152671755725
HGNC:26113,TCTN1,60,233,199,492,0.12195121951219512,0.4735772357723577,0.40447154471544716
HGNC:26141,C19orf44,0,1,12,13,0,0.07692307692307693,0.9230769230769231
HGNC:26144,PALB2,1498,1710,3527,6735,0.22242019302152932,0.25389755011135856,0.5236822568671121
HGNC:26147,AGBL5,42,278,415,735,0.05714285714285714,0.3782312925170068,0.564625850340136
HGNC:26152,ESRP2,2,19,115,136,0.014705882352941176,0.13970588235294118,0.8455882352941176
HGNC:26158,ELMOD3,1,107,106,214,0.004672897196261682,0.5,0.4953271028037383
HGNC:26162,PYROXD1,29,232,172,433,0.06697459584295612,0.535796766743649,0.3972286374133949
HGNC:26169,CTC1,137,618,928,1683,0.0814022578728461,0.3672014260249554,0.5513963161021984
HGNC:26171,FAAP100,4,15,148,167,0.023952095808383235,0.08982035928143713,0.8862275449101796
HGNC:26178,FHOD3,6,180,306,492,0.012195121951219513,0.36585365853658536,0.6219512195121951
HGNC:26182,COLGALT1,7,106,199,312,0.022435897435897436,0.33974358974358976,0.6378205128205128
HGNC:26190,MTMR14,0,137,218,355,0,0.38591549295774646,0.6140845070422535
HGNC:26193,CSPP1,118,541,623,1282,0.09204368174726989,0.421996879875195,0.4859594383775351
HGNC:26200,STN1,2,139,163,304,0.006578947368421052,0.45723684210526316,0.5361842105263158
HGNC:26208,NSUN3,5,45,87,137,0.0364963503649635,0.3284671532846715,0.635036496350365
HGNC:26219,FUZ,1,21,60,82,0.012195121951219513,0.25609756097560976,0.7317073170731707
HGNC:26222,FAR1,16,211,197,424,0.03773584905660377,0.49764150943396224,0.46462264150943394
HGNC:26223,TEFM,0,3,51,54,0,0.05555555555555555,0.9444444444444444
HGNC:26239,CXorf56,5,6,19,30,0.16666666666666666,0.2,0.6333333333333333
HGNC:26255,C3orf52,4,1,8,13,0.3076923076923077,0.07692307692307693,0.6153846153846154
HGNC:26256,NDNF,6,10,58,74,0.08108108108108109,0.13513513513513514,0.7837837837837838
HGNC:26257,PDZD7,104,439,575,1118,0.09302325581395349,0.3926654740608229,0.5143112701252236
HGNC:26262,TTI2,9,41,85,135,0.06666666666666667,0.3037037037037037,0.6296296296296297
HGNC:26267,POMK,27,98,162,287,0.09407665505226481,0.34146341463414637,0.5644599303135889
HGNC:26270,PIEZO2,142,576,763,1481,0.09588116137744768,0.3889264010803511,0.5151924375422012
HGNC:26274,NARS2,34,200,178,412,0.0825242718446602,0.4854368932038835,0.4320388349514563
HGNC:26282,CCDC82,3,9,84,96,0.03125,0.09375,0.875
HGNC:26291,BBS10,268,324,477,1069,0.2507015902712816,0.3030869971936389,0.4462114125350795
HGNC:26293,SPEF2,12,116,279,407,0.029484029484029485,0.28501228501228504,0.6855036855036855
HGNC:26300,C4orf26,7,13,1,21,0.3333333333333333,0.6190476190476191,0.047619047619047616
HGNC:26321,ASPRV1,3,7,52,62,0.04838709677419355,0.11290322580645161,0.8387096774193549
HGNC:26361,HEPACAM,23,102,200,325,0.07076923076923076,0.31384615384615383,0.6153846153846154
HGNC:2637,CYP3A4,2,9,21,32,0.0625,0.28125,0.65625
HGNC:26383,DAW1,6,10,54,70,0.08571428571428572,0.14285714285714285,0.7714285714285715
HGNC:26384,IGSF10,0,190,514,704,0,0.26988636363636365,0.7301136363636364
HGNC:26392,PTCHD1,107,70,235,412,0.25970873786407767,0.16990291262135923,0.5703883495145631
HGNC:26401,MARVELD2,40,64,151,255,0.1568627450980392,0.25098039215686274,0.592156862745098
HGNC:26404,NADK2,3,156,145,304,0.009868421052631578,0.5131578947368421,0.4769736842105263
HGNC:26406,SCLT1,51,254,253,558,0.0913978494623656,0.4551971326164875,0.45340501792114696
HGNC:26440,FAAH2,2,17,98,117,0.017094017094017096,0.1452991452991453,0.8376068376068376
HGNC:26444,UROC1,5,64,145,214,0.02336448598130841,0.29906542056074764,0.677570093457944
HGNC:26456,CFAP54,9,6,3,18,0.5,0.3333333333333333,0.16666666666666666
HGNC:26460,JAKMIP1,1,22,59,82,0.012195121951219513,0.2682926829268293,0.7195121951219512
HGNC:2649,CYP51A1,1,44,76,121,0.008264462809917356,0.36363636363636365,0.628099173553719
HGNC:26504,AGBL1,0,40,188,228,0,0.17543859649122806,0.8245614035087719
HGNC:26517,C12orf66,5,3,3,11,0.45454545454545453,0.2727272727272727,0.2727272727272727
HGNC:2652,CYP7B1,82,247,278,607,0.13509060955518945,0.40691927512355847,0.45799011532125206
HGNC:26521,LOXHD1,446,1550,1030,3026,0.14738929279576998,0.5122273628552545,0.34038334434897555
HGNC:26527,HGSNAT,191,657,482,1330,0.14360902255639096,0.493984962406015,0.362406015037594
HGNC:26530,CFAP53,13,48,101,162,0.08024691358024691,0.2962962962962963,0.6234567901234568
HGNC:26551,DZIP1L,17,129,161,307,0.05537459283387622,0.4201954397394137,0.5244299674267101
HGNC:26558,HYLS1,25,126,87,238,0.10504201680672269,0.5294117647058824,0.36554621848739494
HGNC:26560,CCDC114,30,282,280,592,0.05067567567567568,0.47635135135135137,0.47297297297297297
HGNC:26576,KY,9,61,100,170,0.052941176470588235,0.3588235294117647,0.5882352941176471
HGNC:26582,UNC80,148,1329,1120,2597,0.05698883326915672,0.5117443203696573,0.431266846361186
HGNC:26594,DOK7,150,706,475,1331,0.11269722013523667,0.5304282494365139,0.35687453042824946
HGNC:26600,WDR81,40,187,425,652,0.06134969325153374,0.28680981595092025,0.651840490797546
HGNC:26611,HECTD4,13,48,456,517,0.025145067698259187,0.09284332688588008,0.8820116054158608
HGNC:26623,TMEM17,0,2,28,30,0,0.06666666666666667,0.9333333333333333
HGNC:26624,KDF1,5,29,95,129,0.03875968992248062,0.2248062015503876,0.7364341085271318
HGNC:26648,BBS12,184,316,401,901,0.20421753607103219,0.3507214206437292,0.4450610432852386
HGNC:2665,CD55,28,141,109,278,0.10071942446043165,0.5071942446043165,0.3920863309352518
HGNC:26658,POC5,1,132,249,382,0.002617801047120419,0.34554973821989526,0.6518324607329843
HGNC:2666,DAG1,22,227,507,756,0.0291005291005291,0.3002645502645503,0.6706349206349206
HGNC:26661,RNF168,36,161,193,390,0.09230769230769231,0.4128205128205128,0.4948717948717949
HGNC:26690,CEP120,41,326,281,648,0.06327160493827161,0.5030864197530864,0.43364197530864196
HGNC:26703,SYNE4,43,190,121,354,0.12146892655367232,0.536723163841808,0.3418079096045198
HGNC:26708,CFAP47,1,29,25,55,0.01818181818181818,0.5272727272727272,0.45454545454545453
HGNC:26724,ANKS6,36,231,340,607,0.05930807248764415,0.3805601317957166,0.5601317957166392
HGNC:2673,DAP3,4,11,48,63,0.06349206349206349,0.1746031746031746,0.7619047619047619
HGNC:26730,C1orf127,4,3,10,17,0.23529411764705882,0.17647058823529413,0.5882352941176471
HGNC:26768,GPATCH11,4,0,38,42,0.09523809523809523,0,0.9047619047619048
HGNC:2678,DARS,11,109,122,242,0.045454545454545456,0.45041322314049587,0.5041322314049587
HGNC:26780,DAND5,1,5,23,29,0.034482758620689655,0.1724137931034483,0.7931034482758621
HGNC:26784,C12orf65,23,51,95,169,0.13609467455621302,0.30177514792899407,0.5621301775147929
HGNC:26789,LACC1,8,11,50,69,0.11594202898550725,0.15942028985507245,0.7246376811594203
HGNC:26790,WDR72,49,84,359,492,0.09959349593495935,0.17073170731707318,0.7296747967479674
HGNC:26798,ARL14EP,1,4,27,32,0.03125,0.125,0.84375
HGNC:26799,C2orf69,8,19,8,35,0.22857142857142856,0.5428571428571428,0.22857142857142856
HGNC:26801,COX18,3,8,58,69,0.043478260869565216,0.11594202898550725,0.8405797101449275
HGNC:26810,EGFLAM,0,10,171,181,0,0.055248618784530384,0.9447513812154696
HGNC:26820,CYP4F22,55,118,135,308,0.17857142857142858,0.38311688311688313,0.4383116883116883
HGNC:26821,CCDC141,0,181,328,509,0,0.3555992141453831,0.6444007858546169
HGNC:26837,AMER1,49,239,346,634,0.07728706624605679,0.37697160883280756,0.5457413249211357
HGNC:26877,CKAP2L,23,92,149,264,0.08712121212121213,0.3484848484848485,0.5643939393939394
HGNC:26887,TAPT1,9,223,102,334,0.02694610778443114,0.6676646706586826,0.30538922155688625
HGNC:2689,DBH,12,250,287,549,0.02185792349726776,0.4553734061930783,0.5227686703096539
HGNC:26894,TPRN,33,133,259,425,0.07764705882352942,0.3129411764705882,0.6094117647058823
HGNC:26899,TMTC3,19,104,158,281,0.06761565836298933,0.3701067615658363,0.5622775800711743
HGNC:26901,OTOGL,107,535,600,1242,0.0861513687600644,0.4307568438003221,0.4830917874396135
HGNC:26921,PARP6,0,0,49,49,0,0,1
HGNC:26922,ERCC6L2,61,623,1051,1735,0.03515850144092219,0.3590778097982709,0.6057636887608069
HGNC:26923,NCLN,1,5,83,89,0.011235955056179775,0.056179775280898875,0.9325842696629213
HGNC:26926,JAGN1,4,66,95,165,0.024242424242424242,0.4,0.5757575757575758
HGNC:26927,FOXRED1,63,283,186,532,0.11842105263157894,0.5319548872180451,0.34962406015037595
HGNC:26929,C15orf41,3,88,42,133,0.022556390977443608,0.6616541353383458,0.3157894736842105
HGNC:26933,SPOUT1,6,14,16,36,0.16666666666666666,0.3888888888888889,0.4444444444444444
HGNC:26938,HIKESHI,5,38,20,63,0.07936507936507936,0.6031746031746031,0.31746031746031744
HGNC:26941,UFC1,6,6,25,37,0.16216216216216217,0.16216216216216217,0.6756756756756757
HGNC:26944,TMEM138,19,72,100,191,0.09947643979057591,0.3769633507853403,0.5235602094240838
HGNC:26953,KIAA1109,57,193,555,805,0.07080745341614907,0.23975155279503105,0.6894409937888198
HGNC:26955,ZBTB47,1,19,148,168,0.005952380952380952,0.1130952380952381,0.8809523809523809
HGNC:26956,INO80,2,40,161,203,0.009852216748768473,0.19704433497536947,0.7931034482758621
HGNC:26965,PTPMT1,1,10,27,38,0.02631578947368421,0.2631578947368421,0.7105263157894737
HGNC:26970,COX20,15,76,71,162,0.09259259259259259,0.4691358024691358,0.4382716049382716
HGNC:26974,PDZD8,2,24,141,167,0.011976047904191617,0.1437125748502994,0.844311377245509
HGNC:2698,DBT,166,421,250,837,0.1983273596176822,0.5029868578255675,0.2986857825567503
HGNC:26988,METTL23,20,7,48,75,0.26666666666666666,0.09333333333333334,0.64
HGNC:26992,SPNS2,3,61,105,169,0.01775147928994083,0.3609467455621302,0.621301775147929
HGNC:2701,DCC,57,70,205,332,0.1716867469879518,0.21084337349397592,0.6174698795180723
HGNC:27015,CMPK2,4,11,94,109,0.03669724770642202,0.10091743119266056,0.8623853211009175
HGNC:27030,DNAJC21,60,187,220,467,0.1284796573875803,0.4004282655246253,0.47109207708779444
HGNC:27040,SPIN4,1,1,14,16,0.0625,0.0625,0.875
HGNC:27049,PLEKHA7,4,51,210,265,0.01509433962264151,0.19245283018867926,0.7924528301886793
HGNC:2705,DCN,5,24,69,98,0.05102040816326531,0.24489795918367346,0.7040816326530612
HGNC:2707,ACE,65,282,488,835,0.07784431137724551,0.3377245508982036,0.5844311377245509
HGNC:27089,CARMIL2,82,663,487,1232,0.06655844155844155,0.5381493506493507,0.3952922077922078
HGNC:2709,DCT,11,7,78,96,0.11458333333333333,0.07291666666666667,0.8125
HGNC:2711,DCTN1,14,678,880,1572,0.008905852417302799,0.4312977099236641,0.5597964376590331
HGNC:2714,DCX,248,54,118,420,0.5904761904761905,0.12857142857142856,0.28095238095238095
HGNC:2717,DDB1,6,24,140,170,0.03529411764705882,0.1411764705882353,0.8235294117647058
HGNC:2718,DDB2,15,71,83,169,0.08875739644970414,0.42011834319526625,0.4911242603550296
HGNC:2719,DDC,94,318,249,661,0.1422087745839637,0.481089258698941,0.3767019667170953
HGNC:27230,ESCO2,155,374,238,767,0.20208604954367665,0.4876140808344198,0.31029986962190353
HGNC:27232,C8orf37,27,85,158,270,0.1,0.3148148148148148,0.5851851851851851
HGNC:2728,DDOST,3,145,158,306,0.00980392156862745,0.4738562091503268,0.5163398692810458
HGNC:27288,ACSF3,188,598,314,1100,0.1709090909090909,0.5436363636363636,0.28545454545454546
HGNC:2730,DDR1,0,18,100,118,0,0.15254237288135594,0.847457627118644
HGNC:27302,IBA57,39,120,172,331,0.11782477341389729,0.36253776435045315,0.5196374622356495
HGNC:2731,DDR2,27,183,248,458,0.05895196506550218,0.39956331877729256,0.5414847161572053
HGNC:27310,FLCN,513,1027,1465,3005,0.17071547420965058,0.34176372712146424,0.4875207986688852
HGNC:27337,ANO5,189,478,842,1509,0.12524850894632206,0.3167660702451955,0.5579854208084825
HGNC:27344,TMEM218,4,4,18,26,0.15384615384615385,0.15384615384615385,0.6923076923076923
HGNC:2736,DDX11,47,141,211,399,0.11779448621553884,0.3533834586466165,0.5288220551378446
HGNC:27365,TECRL,25,154,213,392,0.06377551020408163,0.39285714285714285,0.5433673469387755
HGNC:27375,MSRB3,10,55,61,126,0.07936507936507936,0.4365079365079365,0.48412698412698413
HGNC:2739,DHX16,7,22,190,219,0.0319634703196347,0.1004566210045662,0.867579908675799
HGNC:2740,DDX17,4,2,17,23,0.17391304347826086,0.08695652173913043,0.7391304347826086
HGNC:27405,NPNT,1,14,89,104,0.009615384615384616,0.1346153846153846,0.8557692307692307
HGNC:27424,RBM20,106,874,1417,2397,0.04422194409678765,0.3646224447225699,0.5911556111806424
HGNC:2745,DDX3X,442,316,259,1017,0.43461160275319566,0.3107177974434612,0.25467059980334317
HGNC:2747,DDX6,9,16,70,95,0.09473684210526316,0.16842105263157894,0.7368421052631579
HGNC:2750,DHX9,18,19,127,164,0.10975609756097561,0.11585365853658537,0.774390243902439
HGNC:27561,TSEN54,85,362,268,715,0.11888111888111888,0.5062937062937063,0.3748251748251748
HGNC:2760,DEF6,9,221,160,390,0.023076923076923078,0.5666666666666667,0.41025641025641024
HGNC:27609,EMC10,15,21,50,86,0.1744186046511628,0.2441860465116279,0.5813953488372093
HGNC:2770,DES,127,413,784,1324,0.09592145015105741,0.3119335347432024,0.5921450151057401
HGNC:2771,CFD,14,139,164,317,0.04416403785488959,0.4384858044164038,0.5173501577287066
HGNC:27845,SOHLH1,6,27,69,102,0.058823529411764705,0.2647058823529412,0.6764705882352942
HGNC:27960,SLC6A19,42,254,287,583,0.07204116638078903,0.43567753001715265,0.4922813036020583
HGNC:27962,TMEM173,12,143,235,390,0.03076923076923077,0.36666666666666664,0.6025641025641025
HGNC:2799,GRHL2,28,152,150,330,0.08484848484848485,0.46060606060606063,0.45454545454545453
HGNC:28005,CTU2,8,146,226,380,0.021052631578947368,0.38421052631578945,0.5947368421052631
HGNC:28018,NIPAL4,37,75,137,249,0.14859437751004015,0.30120481927710846,0.5502008032128514
HGNC:28027,WDPCP,50,271,440,761,0.0657030223390276,0.35611038107752957,0.5781865965834428
HGNC:28052,XPNPEP3,20,106,239,365,0.0547945205479452,0.29041095890410956,0.6547945205479452
HGNC:28072,LYRM7,16,44,28,88,0.18181818181818182,0.5,0.3181818181818182
HGNC:28086,NDUFAF2,24,83,48,155,0.15483870967741936,0.535483870967742,0.3096774193548387
HGNC:28093,BBIP1,2,31,75,108,0.018518518518518517,0.28703703703703703,0.6944444444444444
HGNC:2810,DFNA5,9,185,246,440,0.020454545454545454,0.42045454545454547,0.5590909090909091
HGNC:28100,MMGT1,0,5,13,18,0,0.2777777777777778,0.7222222222222222
HGNC:28127,RSG1,0,4,54,58,0,0.06896551724137931,0.9310344827586207
HGNC:28128,TMEM107,12,82,67,161,0.07453416149068323,0.5093167701863354,0.4161490683229814
HGNC:28178,CCDC115,6,29,32,67,0.08955223880597014,0.43283582089552236,0.47761194029850745
HGNC:28188,C11orf70,21,70,28,119,0.17647058823529413,0.5882352941176471,0.23529411764705882
HGNC:28209,CEP19,1,34,80,115,0.008695652173913044,0.2956521739130435,0.6956521739130435
HGNC:28213,PIGY,2,7,12,21,0.09523809523809523,0.3333333333333333,0.5714285714285714
HGNC:28214,FRMD5,6,17,94,117,0.05128205128205128,0.1452991452991453,0.8034188034188035
HGNC:28216,COX14,2,19,24,45,0.044444444444444446,0.4222222222222222,0.5333333333333333
HGNC:28242,HPDL,48,15,63,126,0.38095238095238093,0.11904761904761904,0.5
HGNC:28261,TBCK,103,434,374,911,0.11306256860592755,0.47639956092206365,0.4105378704720088
HGNC:28281,TMEM263,0,0,11,11,0,0,1
HGNC:28287,ALG14,1,71,97,169,0.005917159763313609,0.42011834319526625,0.5739644970414202
HGNC:28295,CCDC32,3,5,4,12,0.25,0.4166666666666667,0.3333333333333333
HGNC:28296,WDR34,53,272,258,583,0.09090909090909091,0.4665523156089194,0.4425385934819897
HGNC:28302,LRRC45,1,35,133,169,0.005917159763313609,0.20710059171597633,0.7869822485207101
HGNC:28303,CCDC151,37,214,185,436,0.08486238532110092,0.4908256880733945,0.4243119266055046
HGNC:28313,TET3,55,92,345,492,0.11178861788617886,0.18699186991869918,0.7012195121951219
HGNC:28330,TMEM167A,1,0,7,8,0.125,0,0.875
HGNC:28338,DENND5B,1,26,174,201,0.004975124378109453,0.12935323383084577,0.8656716417910447
HGNC:28358,D2HGDH,32,185,230,447,0.07158836689038031,0.41387024608501116,0.5145413870246085
HGNC:28369,THOC6,25,25,70,120,0.20833333333333334,0.20833333333333334,0.5833333333333334
HGNC:28380,SLC25A42,4,117,77,198,0.020202020202020204,0.5909090909090909,0.3888888888888889
HGNC:28395,SGMS2,4,69,103,176,0.022727272727272728,0.39204545454545453,0.5852272727272727
HGNC:28396,TMEM67,241,584,564,1389,0.17350611951043918,0.42044636429085674,0.4060475161987041
HGNC:28403,TRMT10A,25,49,87,161,0.15527950310559005,0.30434782608695654,0.5403726708074534
HGNC:28422,TSEN2,27,156,174,357,0.07563025210084033,0.4369747899159664,0.48739495798319327
HGNC:28423,STAC3,15,145,134,294,0.05102040816326531,0.4931972789115646,0.4557823129251701
HGNC:2843,DGAT1,75,479,212,766,0.097911227154047,0.6253263707571801,0.27676240208877284
HGNC:28434,FAM58A,8,47,24,79,0.10126582278481013,0.5949367088607594,0.3037974683544304
HGNC:28467,FAAP24,0,17,28,45,0,0.37777777777777777,0.6222222222222222
HGNC:2847,DGCR8,0,31,75,106,0,0.29245283018867924,0.7075471698113207
HGNC:28472,TMEM43,3,453,715,1171,0.0025619128949615714,0.38684884713919726,0.6105892399658411
HGNC:28482,TCTEX1D2,8,35,32,75,0.10666666666666667,0.4666666666666667,0.4266666666666667
HGNC:28486,MFSD8,159,444,418,1021,0.15572967678746327,0.4348677766895201,0.40940254652301666
HGNC:28497,TMEM151A,11,6,73,90,0.12222222222222222,0.06666666666666667,0.8111111111111111
HGNC:28510,GLIS3,18,254,512,784,0.02295918367346939,0.3239795918367347,0.6530612244897959
HGNC:2852,DGKE,61,136,149,346,0.17630057803468208,0.3930635838150289,0.430635838150289
HGNC:28526,EOGT,14,156,105,275,0.05090909090909091,0.5672727272727273,0.38181818181818183
HGNC:28532,KIAA0825,12,22,58,92,0.13043478260869565,0.2391304347826087,0.6304347826086957
HGNC:28570,PIH1D3,12,43,49,104,0.11538461538461539,0.41346153846153844,0.47115384615384615
HGNC:2858,DGUOK,68,184,151,403,0.1687344913151365,0.456575682382134,0.3746898263027295
HGNC:28583,RSPO2,5,49,52,106,0.04716981132075472,0.46226415094339623,0.49056603773584906
HGNC:2859,DHCR24,6,196,163,365,0.01643835616438356,0.536986301369863,0.4465753424657534
HGNC:28596,B3GALNT2,61,239,246,546,0.11172161172161173,0.43772893772893773,0.45054945054945056
HGNC:2860,DHCR7,302,414,438,1154,0.2616984402079723,0.3587521663778163,0.37954939341421146
HGNC:2861,DHFR,5,123,73,201,0.024875621890547265,0.6119402985074627,0.36318407960199006
HGNC:28625,NDUFAF6,36,129,129,294,0.12244897959183673,0.4387755102040816,0.4387755102040816
HGNC:28636,B9D2,10,46,48,104,0.09615384615384616,0.4423076923076923,0.46153846153846156
HGNC:28648,DIS3L2,113,893,1321,2327,0.048560378169316715,0.3837559088955737,0.5676837129351096
HGNC:2865,DHH,19,40,86,145,0.1310344827586207,0.27586206896551724,0.593103448275862
HGNC:28660,ISCA1,1,23,17,41,0.024390243902439025,0.5609756097560976,0.4146341463414634
HGNC:28662,DOHH,5,6,66,77,0.06493506493506493,0.07792207792207792,0.8571428571428571
HGNC:28669,STKLD1,0,11,109,120,0,0.09166666666666666,0.9083333333333333
HGNC:2867,DHODH,15,78,118,211,0.07109004739336493,0.3696682464454976,0.5592417061611374
HGNC:28672,C17orf62,5,116,61,182,0.027472527472527472,0.6373626373626373,0.33516483516483514
HGNC:2869,DHPS,6,15,55,76,0.07894736842105263,0.19736842105263158,0.7236842105263158
HGNC:28706,SAMD11,1,527,552,1080,9.25925925925926e-4,0.487962962962963,0.5111111111111111
HGNC:28722,COQ5,2,16,49,67,0.029850746268656716,0.23880597014925373,0.7313432835820896
HGNC:2873,CYB5R3,37,118,132,287,0.1289198606271777,0.41114982578397213,0.45993031358885017
HGNC:28741,ILDR1,35,102,193,330,0.10606060606060606,0.3090909090909091,0.5848484848484848
HGNC:2876,DIAPH1,65,769,1038,1872,0.034722222222222224,0.4107905982905983,0.5544871794871795
HGNC:28762,SPATA5L1,21,22,124,167,0.12574850299401197,0.1317365269461078,0.7425149700598802
HGNC:28769,DRAM2,29,77,106,212,0.13679245283018868,0.3632075471698113,0.5
HGNC:28833,OLA1,0,0,47,47,0,0,1
HGNC:28844,FBXO38,2,370,449,821,0.00243605359317905,0.45066991473812423,0.5468940316686967
HGNC:28845,MED25,8,446,367,821,0.0097442143727162,0.5432399512789281,0.4470158343483557
HGNC:28852,SYCE1,7,54,45,106,0.0660377358490566,0.5094339622641509,0.42452830188679247
HGNC:28858,P4HTM,13,14,94,121,0.10743801652892562,0.11570247933884298,0.7768595041322314
HGNC:28862,NIPBL,610,696,1100,2406,0.25353283458021614,0.2892768079800499,0.457190357439734
HGNC:28870,MDFIC,5,9,67,81,0.06172839506172839,0.1111111111111111,0.8271604938271605
HGNC:28880,MAGT1,109,114,167,390,0.2794871794871795,0.2923076923076923,0.4282051282051282
HGNC:28881,PATJ,0,14,24,38,0,0.3684210526315789,0.631578947368421
HGNC:28883,PPA2,18,241,153,412,0.043689320388349516,0.5849514563106796,0.3713592233009709
HGNC:28887,LEMD3,77,311,551,939,0.08200212992545261,0.33120340788072417,0.5867944621938233
HGNC:289,GRK2,3,6,7,16,0.1875,0.375,0.4375
HGNC:2890,DKC1,136,307,178,621,0.21900161030595813,0.4943639291465378,0.286634460547504
HGNC:28900,PNPLA8,31,148,228,407,0.07616707616707617,0.36363636363636365,0.5601965601965602
HGNC:28905,YRDC,5,41,68,114,0.043859649122807015,0.35964912280701755,0.5964912280701754
HGNC:28908,DNAJC12,22,50,50,122,0.18032786885245902,0.4098360655737705,0.4098360655737705
HGNC:28909,CCDC22,3,49,165,217,0.013824884792626729,0.22580645161290322,0.7603686635944701
HGNC:28912,WDR45,289,203,186,678,0.42625368731563423,0.2994100294985251,0.2743362831858407
HGNC:28913,HSCB,2,2,37,41,0.04878048780487805,0.04878048780487805,0.9024390243902439
HGNC:28927,KRT71,1,72,130,203,0.0049261083743842365,0.35467980295566504,0.6403940886699507
HGNC:28929,KRT74,3,104,132,239,0.012552301255230125,0.4351464435146444,0.5523012552301255
HGNC:28949,IQCB1,94,224,292,610,0.1540983606557377,0.36721311475409835,0.4786885245901639
HGNC:2895,EDAR,96,108,184,388,0.24742268041237114,0.27835051546391754,0.4742268041237113
HGNC:28952,NCAPD3,11,79,257,347,0.03170028818443804,0.2276657060518732,0.7406340057636888
HGNC:28957,EMC1,100,511,778,1389,0.07199424046076314,0.36789056875449966,0.5601151907847373
HGNC:28958,NUP93,19,169,139,327,0.0581039755351682,0.5168195718654435,0.42507645259938837
HGNC:2896,DLAT,18,192,181,391,0.04603580562659847,0.49104859335038364,0.4629156010230179
HGNC:2897,DLC1,1,243,579,823,0.001215066828675577,0.29526123936816523,0.7035236938031592
HGNC:2898,DLD,139,388,201,728,0.19093406593406592,0.532967032967033,0.2760989010989011
HGNC:28980,GINS1,2,63,126,191,0.010471204188481676,0.3298429319371728,0.6596858638743456
HGNC:28983,TMEM94,24,61,210,295,0.08135593220338982,0.20677966101694914,0.711864406779661
HGNC:28984,WASHC5,46,352,366,764,0.060209424083769635,0.4607329842931937,0.4790575916230366
HGNC:28993,PIEZO1,132,1027,1570,2729,0.04836936606815683,0.3763283253939172,0.575302308537926
HGNC:29,ABCA1,78,1007,828,1913,0.04077365394668061,0.5263983272347099,0.4328280188186095
HGNC:2900,DLG1,0,27,101,128,0,0.2109375,0.7890625
HGNC:29002,FCHO1,22,497,364,883,0.02491506228765572,0.5628539071347678,0.41223103057757643
HGNC:29007,FRMPD4,21,127,364,512,0.041015625,0.248046875,0.7109375
HGNC:2901,DLG2,9,18,85,112,0.08035714285714286,0.16071428571428573,0.7589285714285714
HGNC:29010,SETD1A,77,203,545,825,0.09333333333333334,0.24606060606060606,0.6606060606060606
HGNC:29012,KDM6B,127,229,519,875,0.14514285714285713,0.26171428571428573,0.5931428571428572
HGNC:29013,CLEC16A,0,17,152,169,0,0.10059171597633136,0.8994082840236687
HGNC:29017,PLEKHM1,4,34,149,187,0.0213903743315508,0.18181818181818182,0.7967914438502673
HGNC:2902,DLG3,103,77,186,366,0.2814207650273224,0.2103825136612022,0.5081967213114754
HGNC:29021,CEP290,967,1805,1648,4420,0.21877828054298643,0.4083710407239819,0.3728506787330317
HGNC:29022,SPECC1L,14,150,264,428,0.03271028037383177,0.35046728971962615,0.616822429906542
HGNC:29029,TTI1,11,29,195,235,0.04680851063829787,0.12340425531914893,0.8297872340425532
HGNC:2903,DLG4,113,47,148,308,0.36688311688311687,0.1525974025974026,0.4805194805194805
HGNC:29035,PPIP5K2,0,41,101,142,0,0.2887323943661972,0.7112676056338029
HGNC:2904,DLG5,3,50,267,320,0.009375,0.15625,0.834375
HGNC:29040,SZT2,191,1600,1758,3549,0.05381797689489997,0.4508312200619893,0.49535080304311074
HGNC:29043,DSTYK,6,114,235,355,0.016901408450704224,0.3211267605633803,0.6619718309859155
HGNC:29046,FBXO28,9,11,57,77,0.11688311688311688,0.14285714285714285,0.7402597402597403
HGNC:29059,IQSEC2,300,589,646,1535,0.19543973941368079,0.38371335504885995,0.4208469055374593
HGNC:29068,KIAA0556,44,342,413,799,0.05506883604505632,0.42803504380475593,0.5168961201501877
HGNC:29071,VWA8,3,22,175,200,0.015,0.11,0.875
HGNC:29077,IFT140,234,842,1160,2236,0.10465116279069768,0.37656529516994636,0.518783542039356
HGNC:29079,KDM1A,17,512,676,1205,0.014107883817427386,0.42489626556016596,0.5609958506224066
HGNC:2908,DLL1,100,279,365,744,0.13440860215053763,0.375,0.4905913978494624
HGNC:29086,CEP135,58,257,279,594,0.09764309764309764,0.43265993265993263,0.4696969696969697
HGNC:2909,DLL3,57,373,266,696,0.08189655172413793,0.5359195402298851,0.382183908045977
HGNC:29090,SMCHD1,143,698,919,1760,0.08125,0.3965909090909091,0.522159090909091
HGNC:29092,OBSL1,80,509,843,1432,0.055865921787709494,0.35544692737430167,0.5886871508379888
HGNC:29099,TELO2,30,344,278,652,0.046012269938650305,0.5276073619631901,0.4263803680981595
HGNC:291,ADSL,72,271,557,900,0.08,0.3011111111111111,0.6188888888888889
HGNC:2910,DLL4,29,141,163,333,0.08708708708708708,0.42342342342342343,0.4894894894894895
HGNC:29101,ANKLE2,9,162,182,353,0.025495750708215296,0.45892351274787535,0.5155807365439093
HGNC:29105,PLEKHG5,88,779,659,1526,0.057667103538663174,0.5104849279161205,0.43184796854521623
HGNC:29106,DDHD2,38,140,183,361,0.10526315789473684,0.3878116343490305,0.5069252077562327
HGNC:29110,KIAA0753,49,244,265,558,0.08781362007168458,0.43727598566308246,0.47491039426523296
HGNC:29112,IQSEC1,3,65,211,279,0.010752688172043012,0.23297491039426524,0.7562724014336918
HGNC:29118,TMEM63A,10,51,126,187,0.053475935828877004,0.2727272727272727,0.6737967914438503
HGNC:29121,MTCL1,1,56,300,357,0.0028011204481792717,0.1568627450980392,0.8403361344537815
HGNC:29127,FRYL,23,37,384,444,0.0518018018018018,0.08333333333333333,0.8648648648648649
HGNC:29134,DENND3,1,29,171,201,0.004975124378109453,0.14427860696517414,0.8507462686567164
HGNC:29136,KDM4B,37,90,310,437,0.08466819221967964,0.20594965675057209,0.7093821510297483
HGNC:29141,WDR47,2,2,73,77,0.025974025974025976,0.025974025974025976,0.948051948051948
HGNC:29150,DIP2C,21,599,431,1051,0.019980970504281638,0.5699333967649858,0.4100856327307326
HGNC:2916,DLX3,9,90,113,212,0.04245283018867924,0.42452830188679247,0.53301886792452835
HGNC:29160,FASTKD2,34,161,322,517,0.06576402321083172,0.3114119922630561,0.6228239845261122
HGNC:29162,FAM149B1,14,19,100,133,0.10526315789473684,0.14285714285714285,0.7518796992481203
HGNC:29165,SIK3,2,36,134,172,0.011627906976744186,0.20930232558139536,0.7790697674418605
HGNC:29168,RPGRIP1L,336,891,893,2120,0.15849056603773584,0.4202830188679245,0.4212264150943396
HGNC:2917,DLX4,0,13,50,63,0,0.20634920634920634,0.7936507936507936
HGNC:29170,FAN1,63,193,319,575,0.10956521739130434,0.33565217391304347,0.5547826086956522
HGNC:29171,IQCE,10,76,154,240,0.041666666666666664,0.31666666666666665,0.6416666666666667
HGNC:29174,WASHC4,14,49,177,240,0.058333333333333334,0.20416666666666666,0.7375
HGNC:2918,DLX5,9,27,54,90,0.1,0.3,0.6
HGNC:29182,CEP164,135,668,772,1575,0.08571428571428572,0.42412698412698413,0.4901587301587302
HGNC:29183,TBC1D2B,13,30,147,190,0.06842105263157895,0.15789473684210525,0.7736842105263158
HGNC:29185,PLCH1,2,23,217,242,0.008264462809917356,0.09504132231404959,0.8966942148760331
HGNC:29186,ANKRD26,13,971,2143,3127,0.004157339302846178,0.3105212663895107,0.6853213943076432
HGNC:29187,SETD1B,112,198,448,758,0.14775725593667546,0.2612137203166227,0.5910290237467019
HGNC:29190,TNRC6B,77,111,437,625,0.1232,0.1776,0.6992
HGNC:29203,TBC1D24,109,332,612,1053,0.10351377018043685,0.315289648622982,0.5811965811965812
HGNC:29204,SVBP,6,0,11,17,0.35294117647058826,0,0.6470588235294118
HGNC:29205,ERGIC1,2,8,31,41,0.04878048780487805,0.1951219512195122,0.7560975609756098
HGNC:29215,SHROOM4,3,75,248,326,0.009202453987730062,0.23006134969325154,0.7607361963190185
HGNC:29216,ARHGAP31,4,245,412,661,0.006051437216338881,0.37065052950075644,0.6232980332829047
HGNC:29217,PRR12,80,242,443,765,0.10457516339869281,0.31633986928104574,0.5790849673202615
HGNC:29239,INTU,7,162,292,461,0.015184381778741865,0.351409978308026,0.6334056399132321
HGNC:29242,SH3PXD2B,18,280,372,670,0.026865671641791045,0.417910447761194,0.5552238805970149
HGNC:29250,WDR35,79,311,493,883,0.08946772366930918,0.3522083805209513,0.5583238958097395
HGNC:29253,CC2D2A,332,1047,985,2364,0.1404399323181049,0.44289340101522845,0.4166666666666667
HGNC:29255,USP53,41,67,143,251,0.16334661354581673,0.26693227091633465,0.5697211155378487
HGNC:29259,TAOK1,81,39,207,327,0.24770642201834864,0.11926605504587157,0.6330275229357798
HGNC:29262,IFT80,64,275,387,726,0.0881542699724518,0.3787878787878788,0.5330578512396694
HGNC:29271,ZNFX1,12,36,251,299,0.04013377926421405,0.12040133779264214,0.8394648829431438
HGNC:29273,HEATR5B,3,8,245,256,0.01171875,0.03125,0.95703125
HGNC:29277,ZNF687,1,210,381,592,0.0016891891891891893,0.3547297297297297,0.643581081081081
HGNC:2928,DMD,2514,3858,3993,10365,0.24254703328509405,0.3722141823444284,0.3852387843704776
HGNC:29298,CEP152,143,669,432,1244,0.11495176848874598,0.5377813504823151,0.34726688102893893
HGNC:29300,KANK2,3,237,305,545,0.005504587155963303,0.43486238532110094,0.5596330275229358
HGNC:29304,UVSSA,13,90,289,392,0.03316326530612245,0.22959183673469388,0.7372448979591837
HGNC:29308,FBRSL1,1,70,314,385,0.0025974025974025974,0.18181818181818182,0.8155844155844156
HGNC:29314,CACHD1,7,4,156,167,0.041916167664670656,0.023952095808383235,0.9341317365269461
HGNC:29316,ZSWIM6,5,502,545,1052,0.004752851711026616,0.47718631178707227,0.5180608365019012
HGNC:2932,DMP1,18,97,192,307,0.05863192182410423,0.31596091205211724,0.6254071661237784
HGNC:29331,EPG5,215,1400,1020,2635,0.08159392789373814,0.5313092979127134,0.3870967741935484
HGNC:2934,DMRT1,99,68,81,248,0.39919354838709675,0.27419354838709675,0.32661290322580644
HGNC:29347,KLHL15,3,28,73,104,0.028846153846153848,0.2692307692307692,0.7019230769230769
HGNC:29357,ASXL3,268,344,450,1062,0.2523540489642185,0.3239171374764595,0.423728813559322
HGNC:29361,SELENOI,5,19,38,62,0.08064516129032258,0.3064516129032258,0.6129032258064516
HGNC:29366,CEP295,7,52,382,441,0.015873015873015872,0.11791383219954649,0.8662131519274376
HGNC:29368,CFAP74,13,21,117,151,0.08609271523178808,0.1390728476821192,0.7748344370860927
HGNC:2938,DMXL2,64,991,882,1937,0.03304078471863707,0.5116159008776459,0.4553433144037171
HGNC:2939,DNA2,19,422,566,1007,0.018867924528301886,0.41906653426017876,0.5620655412115194
HGNC:2940,DNAH1,143,1386,1412,2941,0.048622917375042506,0.4712682760965658,0.4801088065283917
HGNC:29401,MYSM1,35,267,239,541,0.06469500924214418,0.49353049907578556,0.4417744916820702
HGNC:29415,ZNF526,5,18,127,150,0.03333333333333333,0.12,0.8466666666666667
HGNC:29418,FNIP1,24,256,194,474,0.05063291139240506,0.540084388185654,0.4092827004219409
HGNC:29419,EARS2,37,130,219,386,0.09585492227979274,0.33678756476683935,0.5673575129533679
HGNC:2942,DNAH11,587,4082,1938,6607,0.08884516421976692,0.6178295746935069,0.2933252610867262
HGNC:29420,RSPRY1,6,130,67,203,0.029556650246305417,0.6403940886699507,0.33004926108374383
HGNC:29426,CCBE1,18,257,286,561,0.03208556149732621,0.45811051693404636,0.5098039215686274
HGNC:29427,SH3TC2,167,649,1057,1873,0.08916177255739455,0.3465029364655633,0.5643352909770422
HGNC:29433,NEXMIF,287,362,687,1336,0.2148203592814371,0.27095808383233533,0.5142215568862275
HGNC:29434,RC3H1,1,8,105,114,0.008771929824561403,0.07017543859649122,0.9210526315789473
HGNC:29442,KIF21B,0,31,296,327,0,0.09480122324159021,0.9051987767584098
HGNC:29450,GLIS2,1,101,250,352,0.002840909090909091,0.2869318181818182,0.7102272727272727
HGNC:29456,TOR1AIP1,30,229,281,540,0.05555555555555555,0.42407407407407405,0.5203703703703704
HGNC:29478,ROGDI,49,308,283,640,0.0765625,0.48125,0.4421875
HGNC:2950,DNAH5,1113,3477,2072,6662,0.16706694686280396,0.521915340738517,0.3110177123986791
HGNC:29500,FUK,7,231,428,666,0.010510510510510511,0.34684684684684686,0.6426426426426426
HGNC:29501,GPSM2,39,112,184,335,0.11641791044776119,0.33432835820895523,0.5492537313432836
HGNC:29502,DFNB59,47,139,111,297,0.15824915824915825,0.468013468013468,0.37373737373737376
HGNC:29508,KIDINS220,59,429,658,1146,0.05148342059336824,0.3743455497382199,0.5741710296684118
HGNC:2951,DNAH6,1,206,535,742,0.0013477088948787063,0.2776280323450135,0.7210242587601078
HGNC:29514,GLDN,29,53,102,184,0.15760869565217392,0.28804347826086957,0.5543478260869565
HGNC:29515,PLEKHG2,3,222,374,599,0.005008347245409015,0.37061769616026713,0.6243739565943238
HGNC:2952,DNAH8,160,1334,1249,2743,0.058330295297119944,0.4863288370397375,0.4553408676631425
HGNC:29521,C12orf57,25,137,109,271,0.09225092250922509,0.5055350553505535,0.4022140221402214
HGNC:29523,CFAP20,5,0,16,21,0.23809523809523808,0,0.7619047619047619
HGNC:29529,TBL1XR1,130,303,259,692,0.18786127167630057,0.43786127167630057,0.37427745664739887
HGNC:2953,DNAH9,167,1170,1223,2560,0.065234375,0.45703125,0.477734375
HGNC:29536,MAPKBP1,16,234,264,514,0.0311284046692607,0.45525291828793774,0.5136186770428015
HGNC:2954,DNAI1,171,568,333,1072,0.15951492537313433,0.5298507462686567,0.310634328358209
HGNC:29557,NEXN,29,254,573,856,0.03387850467289719,0.2967289719626168,0.669392523364486
HGNC:29561,ARV1,17,13,45,75,0.22666666666666666,0.17333333333333334,0.6
HGNC:29569,LIPT1,7,49,79,135,0.05185185185185185,0.362962962962963,0.5851851851851851
HGNC:29572,LSR,3,69,158,230,0.013043478260869565,0.3,0.6869565217391305
HGNC:2959,DNASE1L3,16,134,137,287,0.05574912891986063,0.46689895470383275,0.47735191637630664
HGNC:29594,UQCRQ,0,27,67,94,0,0.2872340425531915,0.7127659574468085
HGNC:2960,DNASE2,3,93,94,190,0.015789473684210527,0.48947368421052634,0.49473684210526314
HGNC:29605,SH2B3,5,410,698,1113,0.004492362982929021,0.3683737646001797,0.6271338724168913
HGNC:2961,DYNC1H1,179,2841,2576,5596,0.031987133666904935,0.5076840600428878,0.4603288062902073
HGNC:29619,MPEG1,2,21,130,153,0.013071895424836602,0.13725490196078433,0.8496732026143791
HGNC:2962,DYNC2H1,573,2303,1341,4217,0.13587858667299027,0.5461228361394356,0.3179985771875741
HGNC:29622,MCAT,3,12,51,66,0.045454545454545456,0.18181818181818182,0.7727272727272727
HGNC:29623,MAN2B2,6,76,252,334,0.017964071856287425,0.2275449101796407,0.7544910179640718
HGNC:2963,DYNC1I1,0,65,72,137,0,0.4744525547445255,0.5255474452554745
HGNC:29634,MEGF10,62,451,640,1153,0.053772766695576756,0.391153512575889,0.5550737207285342
HGNC:29636,MNS1,9,10,67,86,0.10465116279069768,0.11627906976744186,0.7790697674418605
HGNC:2964,DYNC1I2,6,15,79,100,0.06,0.15,0.79
HGNC:29643,MLPH,11,143,113,267,0.04119850187265917,0.5355805243445693,0.4232209737827715
HGNC:29659,MESP2,78,301,199,578,0.13494809688581316,0.5207612456747405,0.34429065743944637
HGNC:29666,MTFMT,34,133,131,298,0.11409395973154363,0.4463087248322148,0.4395973154362416
HGNC:29669,IFT43,39,157,125,321,0.12149532710280374,0.48909657320872274,0.3894080996884735
HGNC:29670,GNPTAB,441,819,468,1728,0.2552083333333333,0.4739583333333333,0.2708333333333333
HGNC:29673,MFAP5,3,150,170,323,0.009287925696594427,0.46439628482972134,0.5263157894736842
HGNC:29675,CLCC1,1,137,190,328,0.003048780487804878,0.4176829268292683,0.5792682926829268
HGNC:29678,MSTO1,20,66,147,233,0.08583690987124463,0.2832618025751073,0.630901287553648
HGNC:29679,PAM16,2,61,18,81,0.024691358024691357,0.7530864197530864,0.2222222222222222
HGNC:29682,GFM2,16,180,231,427,0.03747072599531616,0.4215456674473068,0.5409836065573771
HGNC:29683,SLC25A32,0,117,128,245,0,0.4775510204081633,0.5224489795918368
HGNC:29685,IARS2,29,314,283,626,0.0463258785942492,0.5015974440894568,0.4520766773162939
HGNC:2972,DNM1,68,534,431,1033,0.06582768635043562,0.5169409486931268,0.41723136495643753
HGNC:2973,DNM1L,67,448,334,849,0.07891637220259129,0.5276796230859835,0.3934040047114252
HGNC:2974,DNM2,30,651,677,1358,0.022091310751104567,0.4793814432989691,0.49852724594992637
HGNC:2976,DNMT1,13,912,775,1700,0.007647058823529412,0.5364705882352941,0.45588235294117646
HGNC:2978,DNMT3A,219,568,550,1337,0.1637995512341062,0.42483171278982795,0.4113687359760658
HGNC:2979,DNMT3B,42,541,361,944,0.04449152542372881,0.573093220338983,0.3824152542372881
HGNC:29796,LAMTOR2,0,39,44,83,0,0.46987951807228917,0.5301204819277109
HGNC:29812,DCPS,7,28,79,114,0.06140350877192982,0.24561403508771928,0.6929824561403509
HGNC:29819,MKL2,3,18,152,173,0.017341040462427744,0.10404624277456648,0.8786127167630058
HGNC:29824,MYLPF,4,1,34,39,0.10256410256410256,0.02564102564102564,0.8717948717948718
HGNC:29826,MYLK3,1,366,672,1039,9.624639076034649e-4,0.35226179018286813,0.6467757459095284
HGNC:29832,NADSYN1,15,27,112,154,0.09740259740259741,0.17532467532467533,0.7272727272727273
HGNC:29853,HECW2,40,165,347,552,0.07246376811594203,0.29891304347826086,0.6286231884057971
HGNC:29861,CHRDL1,100,24,59,183,0.546448087431694,0.13114754098360656,0.3224043715846995
HGNC:29866,NFASC,13,89,215,317,0.04100946372239748,0.2807570977917981,0.6782334384858044
HGNC:29873,NKAP,3,17,57,77,0.03896103896103896,0.22077922077922077,0.7402597402597403
HGNC:29877,UBAP2L,15,16,130,161,0.09316770186335403,0.09937888198757763,0.8074534161490683
HGNC:2988,DOCK2,34,729,481,1244,0.027331189710610933,0.5860128617363344,0.3866559485530547
HGNC:29882,ISCU,2,135,64,201,0.009950248756218905,0.6716417910447762,0.31840796019900497
HGNC:2989,DOCK3,14,49,240,303,0.0462046204620462,0.1617161716171617,0.7920792079207921
HGNC:29905,CSDE1,19,30,131,180,0.10555555555555556,0.16666666666666666,0.7277777777777777
HGNC:29914,NUP107,26,197,166,389,0.06683804627249357,0.506426735218509,0.4267352185089974
HGNC:29917,MDM1,6,9,93,108,0.05555555555555555,0.08333333333333333,0.8611111111111112
HGNC:29918,NDUFAF3,8,42,80,130,0.06153846153846154,0.3230769230769231,0.6153846153846154
HGNC:2993,DONSON,47,113,141,301,0.15614617940199335,0.3754152823920266,0.4684385382059801
HGNC:29932,COASY,32,159,212,403,0.0794044665012407,0.3945409429280397,0.5260545905707196
HGNC:29937,CCDC65,20,131,123,274,0.072992700729927,0.4781021897810219,0.4489051094890511
HGNC:29941,GATAD1,2,139,174,315,0.006349206349206349,0.44126984126984126,0.5523809523809524
HGNC:29944,TENM3,12,248,391,651,0.018433179723502304,0.38095238095238093,0.6006144393241167
HGNC:29947,TRAK1,9,145,202,356,0.025280898876404494,0.40730337078651685,0.5674157303370787
HGNC:2995,DPAGT1,44,139,177,360,0.12222222222222222,0.3861111111111111,0.49166666666666664
HGNC:29958,SDR9C7,5,31,79,115,0.043478260869565216,0.26956521739130435,0.6869565217391305
HGNC:29980,FOXR1,0,4,42,46,0,0.08695652173913043,0.9130434782608695
HGNC:30000,BBS9,150,590,505,1245,0.12048192771084337,0.4738955823293173,0.40562248995983935
HGNC:3003,DPH1,15,36,106,157,0.09554140127388536,0.22929936305732485,0.6751592356687898
HGNC:30031,PI4K2A,3,0,45,48,0.0625,0,0.9375
HGNC:30032,PACS1,6,583,428,1017,0.0058997050147492625,0.5732546705998034,0.42084562438544737
HGNC:3004,DPH2,2,7,82,91,0.02197802197802198,0.07692307692307693,0.9010989010989011
HGNC:3005,DPM1,25,129,148,302,0.08278145695364239,0.4271523178807947,0.4900662251655629
HGNC:3006,DPM2,9,64,60,133,0.06766917293233082,0.48120300751879697,0.45112781954887216
HGNC:3007,DPM3,13,25,39,77,0.16883116883116883,0.3246753246753247,0.5064935064935064
HGNC:30071,KIAA0319L,0,25,96,121,0,0.2066115702479339,0.7933884297520661
HGNC:30074,POLR3A,134,625,558,1317,0.1017463933181473,0.4745634016704632,0.42369020501138954
HGNC:30076,POLR3C,0,7,67,74,0,0.0945945945945946,0.9054054054054054
HGNC:30078,REEP6,28,127,129,284,0.09859154929577464,0.4471830985915493,0.45422535211267606
HGNC:3009,DPP4,0,16,95,111,0,0.14414414414414414,0.8558558558558559
HGNC:30100,PSENEN,7,30,30,67,0.1044776119402985,0.44776119402985076,0.44776119402985076
HGNC:3011,DPT,1,13,26,40,0.025,0.325,0.65
HGNC:3012,DPYD,147,121,288,556,0.2643884892086331,0.21762589928057555,0.5179856115107914
HGNC:30129,POP1,32,233,227,492,0.06504065040650407,0.4735772357723577,0.4613821138211382
HGNC:3013,DPYS,31,61,135,227,0.13656387665198239,0.2687224669603524,0.5947136563876652
HGNC:3014,DPYSL2,1,22,48,71,0.014084507042253521,0.30985915492957744,0.676056338028169
HGNC:30162,EXOC3L2,3,45,83,131,0.022900763358778626,0.3435114503816794,0.6335877862595419
HGNC:30168,PDIA6,1,2,65,68,0.014705882352941176,0.029411764705882353,0.9558823529411765
HGNC:30171,HSPB8,17,94,166,277,0.061371841155234655,0.33935018050541516,0.5992779783393501
HGNC:30172,STRADA,24,210,200,434,0.055299539170506916,0.4838709677419355,0.4608294930875576
HGNC:3018,SLC26A3,132,486,264,882,0.14965986394557823,0.5510204081632653,0.29931972789115646
HGNC:30185,CRBN,12,29,79,120,0.1,0.24166666666666667,0.6583333333333333
HGNC:30203,WDR83OS,6,12,15,33,0.18181818181818182,0.36363636363636365,0.45454545454545453
HGNC:30207,ARHGAP29,7,36,165,208,0.03365384615384615,0.17307692307692307,0.7932692307692307
HGNC:30212,TANC2,56,143,516,715,0.07832167832167833,0.2,0.7216783216783217
HGNC:30213,ATP13A2,96,547,591,1234,0.07779578606158834,0.44327390599675853,0.47893030794165314
HGNC:30220,RFT1,18,281,305,604,0.029801324503311258,0.4652317880794702,0.5049668874172185
HGNC:30224,SLC52A2,43,227,290,560,0.07678571428571429,0.40535714285714286,0.5178571428571429
HGNC:30227,SPPL2A,2,164,238,404,0.0049504950495049506,0.40594059405940597,0.5891089108910891
HGNC:30228,PREPL,70,350,384,804,0.08706467661691543,0.43532338308457713,0.47761194029850745
HGNC:30237,CC2D1A,65,394,268,727,0.08940852819807428,0.5419532324621733,0.3686382393397524
HGNC:30238,WLS,4,11,84,99,0.04040404040404041,0.1111111111111111,0.8484848484848485
HGNC:30242,TUSC3,21,112,179,312,0.0673076923076923,0.358974358974359,0.5737179487179487
HGNC:30249,QSOX2,0,12,117,129,0,0.09302325581395349,0.9069767441860465
HGNC:30260,PNPO,42,182,170,394,0.1065989847715736,0.4619289340101523,0.43147208121827413
HGNC:30262,PYCR2,33,61,79,173,0.1907514450867052,0.35260115606936415,0.45664739884393063
HGNC:3029,DRG1,5,0,21,26,0.19230769230769232,0,0.8076923076923077
HGNC:30299,LRIF1,1,7,97,105,0.009523809523809525,0.06666666666666667,0.9238095238095239
HGNC:303,AEBP1,47,428,317,792,0.059343434343434344,0.5404040404040404,0.40025252525252525
HGNC:3032,DRP2,18,213,309,540,0.03333333333333333,0.39444444444444443,0.5722222222222222
HGNC:30322,ARHGEF28,0,201,266,467,0,0.430406852248394,0.569593147751606
HGNC:3033,ATN1,16,99,264,379,0.04221635883905013,0.2612137203166227,0.6965699208443272
HGNC:30343,DNAJC13,0,178,235,413,0,0.43099273607748184,0.5690072639225182
HGNC:30348,POLR3B,77,255,404,736,0.10461956521739131,0.34646739130434784,0.5489130434782609
HGNC:30349,POLR3H,1,6,35,42,0.023809523809523808,0.14285714285714285,0.8333333333333334
HGNC:3036,DSC2,125,655,1330,2110,0.05924170616113744,0.3104265402843602,0.6303317535545023
HGNC:3037,DSC3,9,69,128,206,0.043689320388349516,0.33495145631067963,0.6213592233009708
HGNC:30372,KLHL40,47,226,320,593,0.07925801011804384,0.3811129848229342,0.5396290050590219
HGNC:30373,DNMBP,5,65,228,298,0.016778523489932886,0.2181208053691275,0.7651006711409396
HGNC:30386,SCAMP5,0,4,22,26,0,0.15384615384615385,0.8461538461538461
HGNC:30391,IFT172,157,851,972,1980,0.07929292929292929,0.4297979797979798,0.4909090909090909
HGNC:3040,RCAN1,0,1,17,18,0,0.05555555555555555,0.9444444444444444
HGNC:30402,SENP7,3,18,99,120,0.025,0.15,0.825
HGNC:30414,TMEM147,17,6,36,59,0.288135593220339,0.1016949152542373,0.6101694915254238
HGNC:30417,SH2B1,39,140,299,478,0.08158995815899582,0.2928870292887029,0.6255230125523012
HGNC:30422,SHROOM3,0,110,308,418,0,0.2631578947368421,0.7368421052631579
HGNC:30450,NAPRT,0,9,104,113,0,0.07964601769911504,0.9203539823008849
HGNC:30452,FAM92A,3,5,34,42,0.07142857142857142,0.11904761904761904,0.8095238095238095
HGNC:3046,PIGP,2,75,85,162,0.012345679012345678,0.46296296296296297,0.5246913580246914
HGNC:3048,DSG1,45,367,549,961,0.046826222684703434,0.38189386056191466,0.5712799167533819
HGNC:3049,DSG2,152,684,1477,2313,0.06571552096843926,0.29571984435797666,0.638564634673584
HGNC:30492,DNAAF3,56,239,271,566,0.0989399293286219,0.42226148409893993,0.4787985865724382
HGNC:30497,KIF7,106,667,984,1757,0.06033010813887308,0.37962435970404096,0.560045532157086
HGNC:30500,PRRT2,297,202,372,871,0.3409873708381171,0.23191733639494833,0.42709529276693453
HGNC:30511,YIF1B,9,9,54,72,0.125,0.125,0.75
HGNC:30512,WDR44,2,7,73,82,0.024390243902439025,0.08536585365853659,0.8902439024390244
HGNC:3052,DSP,850,1857,3441,6148,0.13825634352635002,0.3020494469746259,0.559694209499024
HGNC:30521,SLC46A1,27,156,224,407,0.06633906633906633,0.3832923832923833,0.5503685503685504
HGNC:30528,DNAJC19,21,86,59,166,0.12650602409638553,0.5180722891566265,0.35542168674698793
HGNC:30535,NUDCD2,0,0,21,21,0,0,1
HGNC:30539,DNAAF1,62,306,387,755,0.08211920529801324,0.4052980132450331,0.5125827814569537
HGNC:3054,DSPP,60,288,427,775,0.07741935483870968,0.3716129032258065,0.5509677419354839
HGNC:30546,FDX2,4,102,47,153,0.026143790849673203,0.6666666666666666,0.30718954248366015
HGNC:30551,TXNL4A,11,15,11,37,0.2972972972972973,0.40540540540540543,0.2972972972972973
HGNC:30563,PARS2,8,75,131,214,0.037383177570093455,0.35046728971962615,0.6121495327102804
HGNC:3057,DTNA,1,372,374,747,0.0013386880856760374,0.4979919678714859,0.500669344042838
HGNC:30578,EXPH5,16,118,290,424,0.03773584905660377,0.2783018867924528,0.6839622641509434
HGNC:30587,SNIP1,1,86,183,270,0.003703703703703704,0.31851851851851853,0.6777777777777778
HGNC:30594,UNC45A,13,346,369,728,0.017857142857142856,0.47527472527472525,0.5068681318681318
HGNC:30595,PPP1R21,21,37,159,217,0.0967741935483871,0.17050691244239632,0.7327188940092166
HGNC:30605,SEPSECS,109,364,209,682,0.1598240469208211,0.533724340175953,0.3064516129032258
HGNC:3061,DTYMK,5,7,43,55,0.09090909090909091,0.12727272727272726,0.7818181818181819
HGNC:30650,STRA6,34,133,175,342,0.09941520467836257,0.3888888888888889,0.5116959064327485
HGNC:30661,UBA2,32,6,83,121,0.2644628099173554,0.049586776859504134,0.6859504132231405
HGNC:30664,CLPB,51,353,469,873,0.058419243986254296,0.4043528064146621,0.5372279495990836
HGNC:30677,GPKOW,0,13,60,73,0,0.1780821917808219,0.821917808219178
HGNC:30682,EHBP1L1,1,17,257,275,0.0036363636363636364,0.06181818181818182,0.9345454545454546
HGNC:30684,TAX1BP3,0,9,29,38,0,0.23684210526315788,0.7631578947368421
HGNC:30690,SP9,6,3,61,70,0.08571428571428572,0.04285714285714286,0.8714285714285714
HGNC:30700,TSHZ3,1,36,159,196,0.00510204081632653,0.1836734693877551,0.8112244897959183
HGNC:30718,DNAJB13,13,131,80,224,0.05803571428571429,0.5848214285714286,0.35714285714285715
HGNC:3072,DUSP6,1,40,57,98,0.01020408163265306,0.40816326530612246,0.5816326530612245
HGNC:30739,TMX2,8,14,57,79,0.10126582278481013,0.17721518987341772,0.7215189873417721
HGNC:30740,TARS2,18,169,145,332,0.05421686746987952,0.5090361445783133,0.4367469879518072
HGNC:30760,TMEM165,5,100,96,201,0.024875621890547265,0.4975124378109453,0.47761194029850745
HGNC:30764,TRAIP,13,114,88,215,0.06046511627906977,0.5302325581395348,0.40930232558139534
HGNC:30765,TNIK,1,59,130,190,0.005263157894736842,0.3105263157894737,0.6842105263157895
HGNC:30778,GATAD2B,119,251,299,669,0.17787742899850523,0.375186846038864,0.4469357249626308
HGNC:3078,DUT,1,3,13,17,0.058823529411764705,0.17647058823529413,0.7647058823529411
HGNC:30782,NAA15,182,173,313,668,0.27245508982035926,0.25898203592814373,0.468562874251497
HGNC:30791,UBIAD1,12,29,100,141,0.0851063829787234,0.20567375886524822,0.7092198581560284
HGNC:30794,CEP57,19,305,636,960,0.019791666666666666,0.3177083333333333,0.6625
HGNC:30800,TMIE,18,45,81,144,0.125,0.3125,0.5625
HGNC:30801,AJAP1,0,5,62,67,0,0.07462686567164178,0.9253731343283582
HGNC:30802,PNPLA2,41,290,350,681,0.06020558002936858,0.42584434654919234,0.5139500734214391
HGNC:30812,SGO2,1,7,10,18,0.05555555555555555,0.3888888888888889,0.5555555555555556
HGNC:30829,TUBB2B,72,62,106,240,0.3,0.25833333333333336,0.44166666666666665
HGNC:30831,TDRD7,10,75,206,291,0.03436426116838488,0.25773195876288657,0.7079037800687286
HGNC:30832,TRAPPC9,82,503,430,1015,0.08078817733990148,0.49556650246305417,0.4236453201970443
HGNC:30836,POC1B,44,166,209,419,0.10501193317422435,0.39618138424821003,0.4988066825775656
HGNC:30839,KRT25,2,40,75,117,0.017094017094017096,0.3418803418803419,0.6410256410256411
HGNC:3084,DVL1,24,425,389,838,0.028639618138424822,0.5071599045346062,0.46420047732696895
HGNC:30846,TMPRSS7,0,6,121,127,0,0.047244094488188976,0.952755905511811
HGNC:30858,EFTUD2,188,393,325,906,0.20750551876379691,0.4337748344370861,0.358719646799117
HGNC:30859,SNRNP200,17,734,693,1444,0.011772853185595568,0.5083102493074793,0.47991689750692523
HGNC:3086,DVL2,4,20,107,131,0.030534351145038167,0.15267175572519084,0.816793893129771
HGNC:30860,LSM11,1,15,74,90,0.011111111111111112,0.16666666666666666,0.8222222222222222
HGNC:3087,DVL3,20,203,239,462,0.04329004329004329,0.4393939393939394,0.5173160173160173
HGNC:30879,ITFG2,1,2,76,79,0.012658227848101266,0.02531645569620253,0.9620253164556962
HGNC:30881,ALG13,87,674,553,1314,0.06621004566210045,0.512937595129376,0.4208523592085236
HGNC:30883,TMEM126B,17,50,58,125,0.136,0.4,0.464
HGNC:30887,TRAPPC2L,6,16,39,61,0.09836065573770492,0.26229508196721313,0.639344262295082
HGNC:30889,USMG5,3,2,9,14,0.21428571428571427,0.14285714285714285,0.6428571428571429
HGNC:30892,HUWE1,79,875,1073,2027,0.038973852984706465,0.43167242229896396,0.5293537247163296
HGNC:3091,DYRK1A,305,480,425,1210,0.25206611570247933,0.39669421487603307,0.3512396694214876
HGNC:30910,VWA1,22,34,137,193,0.11398963730569948,0.17616580310880828,0.7098445595854922
HGNC:30914,WDR48,0,11,35,46,0,0.2391304347826087,0.7608695652173914
HGNC:3092,DYRK1B,2,154,193,349,0.0057306590257879654,0.44126074498567336,0.5530085959885387
HGNC:30922,LINS1,36,82,89,207,0.17391304347826086,0.3961352657004831,0.42995169082125606
HGNC:30935,YY1AP1,15,46,146,207,0.07246376811594203,0.2222222222222222,0.7053140096618358
HGNC:30939,ZFHX4,30,146,580,756,0.03968253968253968,0.1931216931216931,0.7671957671957672
HGNC:3097,DYSF,947,2078,1555,4580,0.20676855895196505,0.4537117903930131,0.3395196506550218
HGNC:30972,SECISBP2,15,24,118,157,0.09554140127388536,0.15286624203821655,0.7515923566878981
HGNC:3098,TOR1A,16,94,154,264,0.06060606060606061,0.3560606060606061,0.5833333333333334
HGNC:30988,BNC2,2,95,227,324,0.006172839506172839,0.2932098765432099,0.7006172839506173
HGNC:31042,GREB1L,91,181,242,514,0.17704280155642024,0.3521400778210117,0.4708171206225681
HGNC:3122,LEFTY2,0,83,113,196,0,0.42346938775510207,0.576530612244898
HGNC:3128,GPR183,0,2,42,44,0,0.045454545454545456,0.9545454545454546
HGNC:31326,ATXN2L,0,7,142,149,0,0.04697986577181208,0.9530201342281879
HGNC:3133,EBP,160,66,86,312,0.5128205128205128,0.21153846153846154,0.27564102564102566
HGNC:31371,GPR179,46,505,972,1523,0.030203545633617858,0.3315824031516743,0.6382140512147079
HGNC:31399,SLC6A17,2,36,99,137,0.014598540145985401,0.26277372262773724,0.7226277372262774
HGNC:31406,WDR37,10,46,89,145,0.06896551724137931,0.31724137931034485,0.6137931034482759
HGNC:3146,ECE1,4,47,101,152,0.02631578947368421,0.3092105263157895,0.6644736842105263
HGNC:3147,ECEL1,63,84,148,295,0.2135593220338983,0.2847457627118644,0.5016949152542373
HGNC:3148,TYMP,198,597,312,1107,0.17886178861788618,0.5392953929539296,0.28184281842818426
HGNC:315,AFG3L2,67,197,318,582,0.11512027491408934,0.3384879725085911,0.5463917525773195
HGNC:3151,ECHS1,65,195,138,398,0.16331658291457288,0.4899497487437186,0.34673366834170855
HGNC:31527,MIR140,1,0,0,1,1,0,0
HGNC:3153,ECM1,37,51,98,186,0.1989247311827957,0.27419354838709675,0.5268817204301075
HGNC:31555,MIR184,1,7,3,11,0.09090909090909091,0.6363636363636364,0.2727272727272727
HGNC:3157,EDA,359,231,143,733,0.4897680763983629,0.3151432469304229,0.19508867667121418
HGNC:31582,MIR204,1,2,15,18,0.05555555555555555,0.1111111111111111,0.8333333333333334
HGNC:31648,MIR96,2,8,8,18,0.1111111111111111,0.4444444444444444,0.4444444444444444
HGNC:31658,TMEM72,0,1,2,3,0,0.3333333333333333,0.6666666666666666
HGNC:31673,GRXCR1,17,58,89,164,0.10365853658536585,0.35365853658536583,0.5426829268292683
HGNC:3169,S1PR2,2,64,75,141,0.014184397163120567,0.45390070921985815,0.5319148936170213
HGNC:31708,LRP12,1,8,109,118,0.00847457627118644,0.06779661016949153,0.923728813559322
HGNC:31750,SAMD12,1,5,29,35,0.02857142857142857,0.14285714285714285,0.8285714285714286
HGNC:3176,EDN1,4,25,37,66,0.06060606060606061,0.3787878787878788,0.5606060606060606
HGNC:3178,EDN3,7,66,120,193,0.03626943005181347,0.34196891191709844,0.6217616580310881
HGNC:3179,EDNRA,2,61,73,136,0.014705882352941176,0.4485294117647059,0.5367647058823529
HGNC:318,AGA,123,301,152,576,0.21354166666666666,0.5225694444444444,0.2638888888888889
HGNC:3180,EDNRB,72,90,249,411,0.17518248175182483,0.21897810218978103,0.6058394160583942
HGNC:31814,LINGO4,0,3,96,99,0,0.030303030303030304,0.9696969696969697
HGNC:3188,EED,13,71,78,162,0.08024691358024691,0.4382716049382716,0.48148148148148145
HGNC:319,ACAN,213,543,967,1723,0.12362159024956472,0.3151479976784678,0.5612304120719674
HGNC:3192,EEF1A2,42,380,223,645,0.06511627906976744,0.5891472868217055,0.3457364341085271
HGNC:31923,LCA5,167,371,374,912,0.18311403508771928,0.4067982456140351,0.4100877192982456
HGNC:31928,NBEAL2,72,176,651,899,0.08008898776418243,0.19577308120133483,0.7241379310344828
HGNC:31948,CEACAM16,16,107,192,315,0.050793650793650794,0.3396825396825397,0.6095238095238096
HGNC:32,ABCA2,16,170,442,628,0.025477707006369428,0.27070063694267515,0.7038216560509554
HGNC:3208,EEF1B2,3,4,26,33,0.09090909090909091,0.12121212121212122,0.7878787878787878
HGNC:321,AGL,627,1277,1137,3041,0.20618217691548832,0.4199276553765209,0.3738901677079908
HGNC:3211,EEF1D,12,32,135,179,0.0670391061452514,0.1787709497206704,0.7541899441340782
HGNC:3214,EEF2,6,285,262,553,0.0108499095840868,0.515370705244123,0.47377938517179025
HGNC:3218,EFEMP1,15,185,211,411,0.0364963503649635,0.45012165450121655,0.51338199513382
HGNC:3219,EFEMP2,44,289,298,631,0.06973058637083994,0.45800316957210774,0.4722662440570523
HGNC:32225,WIPI2,2,30,52,84,0.023809523809523808,0.35714285714285715,0.6190476190476191
HGNC:3226,EFNB1,132,40,99,271,0.4870848708487085,0.14760147601476015,0.36531365313653136
HGNC:3230,CELSR3,14,78,420,512,0.02734375,0.15234375,0.8203125
HGNC:3233,MEGF8,44,530,638,1212,0.036303630363036306,0.4372937293729373,0.5264026402640264
HGNC:32331,C1orf194,0,1,6,7,0,0.14285714285714285,0.8571428571428571
HGNC:3236,EGFR,104,1751,2148,4003,0.025980514614039472,0.4374219335498376,0.5365975518361229
HGNC:3239,EGR2,18,154,291,463,0.038876889848812095,0.3326133909287257,0.6285097192224622
HGNC:32434,SLC38A8,71,515,163,749,0.09479305740987984,0.6875834445927904,0.21762349799732977
HGNC:32456,ALG11,19,63,137,219,0.0867579908675799,0.2876712328767123,0.6255707762557078
HGNC:3247,EHHADH,0,70,200,270,0,0.25925925925925924,0.7407407407407407
HGNC:325,AGPAT2,35,83,163,281,0.12455516014234876,0.29537366548042704,0.5800711743772242
HGNC:32528,PRCD,13,53,78,144,0.09027777777777778,0.3680555555555556,0.5416666666666666
HGNC:3255,EIF2AK3,110,493,424,1027,0.10710808179162609,0.4800389483933788,0.41285296981499514
HGNC:32554,FAM83G,0,15,129,144,0,0.10416666666666667,0.8958333333333334
HGNC:3257,EIF2B1,37,173,103,313,0.1182108626198083,0.5527156549520766,0.329073482428115
HGNC:3258,EIF2B2,39,175,116,330,0.11818181818181818,0.5303030303030303,0.3515151515151515
HGNC:3259,EIF2B3,17,201,133,351,0.04843304843304843,0.5726495726495726,0.3789173789173789
HGNC:326,AGPAT3,1,6,29,36,0.027777777777777776,0.16666666666666666,0.8055555555555556
HGNC:3260,EIF2B4,38,297,162,497,0.07645875251509054,0.5975855130784709,0.32595573440643866
HGNC:3261,EIF2B5,117,458,271,846,0.13829787234042554,0.541371158392435,0.3203309692671395
HGNC:3262,AGO1,16,30,131,177,0.0903954802259887,0.1694915254237288,0.7401129943502824
HGNC:3263,AGO2,18,52,132,202,0.0891089108910891,0.25742574257425743,0.6534653465346535
HGNC:32669,TRIM71,7,30,141,178,0.03932584269662921,0.16853932584269662,0.7921348314606742
HGNC:3267,EIF2S3,8,21,49,78,0.10256410256410256,0.2692307692307692,0.6282051282051282
HGNC:32672,WDR83,1,5,52,58,0.017241379310344827,0.08620689655172414,0.896551724137931
HGNC:32687,MED11,2,0,19,21,0.09523809523809523,0,0.9047619047619048
HGNC:32689,SLFN14,4,45,155,204,0.0196078431372549,0.22058823529411764,0.7598039215686274
HGNC:32695,SKOR2,3,0,0,3,1,0,0
HGNC:32698,DUOXA2,27,44,47,118,0.2288135593220339,0.3728813559322034,0.3983050847457627
HGNC:327,AGPS,30,541,225,796,0.03768844221105527,0.6796482412060302,0.28266331658291455
HGNC:32700,CCDC103,26,82,88,196,0.1326530612244898,0.41836734693877553,0.4489795918367347
HGNC:3271,EIF3A,0,18,162,180,0,0.1,0.9
HGNC:3275,EIF3F,4,29,54,87,0.04597701149425287,0.3333333333333333,0.6206896551724138
HGNC:328,AGR2,10,1,22,33,0.30303030303030304,0.030303030303030304,0.6666666666666666
HGNC:3280,EIF3B,1,35,141,177,0.005649717514124294,0.1977401129943503,0.7966101694915254
HGNC:3284,EIF4A2,18,14,72,104,0.17307692307692307,0.1346153846153846,0.6923076923076923
HGNC:329,AGRN,69,1249,1213,2531,0.027261951797708416,0.49348083761359146,0.47925721058870013
HGNC:32949,SMPD4,31,37,173,241,0.12863070539419086,0.15352697095435686,0.7178423236514523
HGNC:32952,SNORD118,29,35,130,194,0.14948453608247422,0.18041237113402062,0.6701030927835051
HGNC:3296,EIF4G1,0,75,176,251,0,0.29880478087649404,0.701195219123506
HGNC:33,ABCA3,137,1072,659,1868,0.07334047109207709,0.5738758029978587,0.35278372591006424
HGNC:3300,EIF5A,14,7,23,44,0.3181818181818182,0.1590909090909091,0.5227272727272727
HGNC:3309,ELANE,122,331,479,932,0.13090128755364808,0.3551502145922747,0.5139484978540773
HGNC:33154,ELFN1,5,32,166,203,0.024630541871921183,0.15763546798029557,0.8177339901477833
HGNC:33188,AMTN,1,8,22,31,0.03225806451612903,0.25806451612903225,0.7096774193548387
HGNC:3319,ELF4,8,21,66,95,0.08421052631578947,0.22105263157894736,0.6947368421052632
HGNC:33230,ZNF808,9,22,149,180,0.05,0.12222222222222222,0.8277777777777777
HGNC:3327,ELN,277,495,607,1379,0.20087019579405366,0.3589557650471356,0.44017403915881076
HGNC:33276,FLG2,5,77,333,415,0.012048192771084338,0.1855421686746988,0.8024096385542169
HGNC:333,AGT,18,89,159,266,0.06766917293233082,0.33458646616541354,0.5977443609022557
HGNC:3330,EML1,10,128,103,241,0.04149377593360996,0.5311203319502075,0.42738589211618255
HGNC:3331,EMD,104,266,274,644,0.16149068322981366,0.41304347826086957,0.4254658385093168
HGNC:3332,MARK2,33,11,93,137,0.24087591240875914,0.08029197080291971,0.6788321167883211
HGNC:3334,EMP2,3,64,44,111,0.02702702702702703,0.5765765765765766,0.3963963963963964
HGNC:3341,EMX2,12,17,37,66,0.18181818181818182,0.25757575757575757,0.5606060606060606
HGNC:3342,EN1,1,10,69,80,0.0125,0.125,0.8625
HGNC:3344,ENAM,15,49,239,303,0.04950495049504951,0.1617161716171617,0.7887788778877888
HGNC:3349,ENG,647,732,708,2087,0.31001437470052706,0.3507426928605654,0.3392429324389075
HGNC:33499,ATRIP,3,442,857,1302,0.002304147465437788,0.33947772657450076,0.6582181259600615
HGNC:3354,ENO3,4,195,204,403,0.009925558312655087,0.4838709677419355,0.5062034739454094
HGNC:33551,NDUFAF8,5,10,7,22,0.22727272727272727,0.45454545454545453,0.3181818181818182
HGNC:3356,ENPP1,100,352,474,926,0.1079913606911447,0.3801295896328294,0.5118790496760259
HGNC:336,AGTR1,13,49,118,180,0.07222222222222222,0.2722222222222222,0.6555555555555556
HGNC:3363,ENTPD1,17,115,122,254,0.06692913385826772,0.452755905511811,0.48031496062992124
HGNC:33699,KHDC3L,6,5,37,48,0.125,0.10416666666666667,0.7708333333333334
HGNC:33702,C19orf70,7,16,9,32,0.21875,0.5,0.28125
HGNC:33720,CFAP221,7,9,4,20,0.35,0.45,0.2
HGNC:3373,EP300,288,1073,1030,2391,0.12045169385194479,0.4487662066081138,0.43078209953994145
HGNC:3374,EPAS1,8,773,1033,1814,0.004410143329658214,0.4261300992282249,0.5694597574421169
HGNC:3377,EPB41,38,63,171,272,0.13970588235294118,0.23161764705882354,0.6286764705882353
HGNC:33778,MYMK,8,28,46,82,0.0975609756097561,0.34146341463414637,0.5609756097560976
HGNC:3378,EPB41L1,1,64,133,198,0.005050505050505051,0.32323232323232326,0.6717171717171717
HGNC:33782,PTRHD1,5,7,32,44,0.11363636363636363,0.1590909090909091,0.7272727272727273
HGNC:33784,AGMO,5,21,127,153,0.032679738562091505,0.13725490196078433,0.8300653594771242
HGNC:3380,EPB41L3,0,15,147,162,0,0.09259259259259259,0.9074074074074074
HGNC:3381,EPB42,21,77,196,294,0.07142857142857142,0.2619047619047619,0.6666666666666666
HGNC:33848,COA5,1,22,13,36,0.027777777777777776,0.6111111111111112,0.3611111111111111
HGNC:3386,EPHA2,18,162,245,425,0.042352941176470586,0.3811764705882353,0.5764705882352941
HGNC:33862,GRXCR2,7,42,57,106,0.0660377358490566,0.39622641509433965,0.5377358490566038
HGNC:33867,SDHAF1,8,24,57,89,0.0898876404494382,0.2696629213483146,0.6404494382022472
HGNC:3388,EPHA4,3,126,159,288,0.010416666666666666,0.4375,0.5520833333333334
HGNC:33882,INPP5K,13,53,90,156,0.08333333333333333,0.33974358974358976,0.5769230769230769
HGNC:3390,EPHA7,0,9,96,105,0,0.08571428571428572,0.9142857142857143
HGNC:33914,KIAA1024L,3,5,1,9,0.3333333333333333,0.5555555555555556,0.1111111111111111
HGNC:3393,EPHB2,2,58,92,152,0.013157894736842105,0.3815789473684211,0.6052631578947368
HGNC:33939,CLRN2,1,5,37,43,0.023255813953488372,0.11627906976744186,0.8604651162790697
HGNC:3395,EPHB4,137,459,513,1109,0.12353471596032461,0.4138863841298467,0.4625788999098287
HGNC:34,ABCA4,1483,1517,1445,4445,0.33363329583802026,0.3412823397075366,0.3250843644544432
HGNC:3401,EPHX1,1,52,68,121,0.008264462809917356,0.4297520661157025,0.5619834710743802
HGNC:34016,RNU4ATAC,27,24,199,250,0.108,0.096,0.796
HGNC:34017,RNU6ATAC,0,0,4,4,0,0,1
HGNC:34033,RNU7-1,6,17,22,45,0.13333333333333333,0.37777777777777777,0.4888888888888889
HGNC:341,AGXT,342,450,236,1028,0.3326848249027237,0.4377431906614786,0.22957198443579765
HGNC:3413,EPM2A,59,187,247,493,0.11967545638945233,0.3793103448275862,0.5010141987829615
HGNC:3415,EPO,3,24,31,58,0.05172413793103448,0.41379310344827586,0.5344827586206896
HGNC:3416,EPOR,5,57,105,167,0.029940119760479042,0.3413173652694611,0.6287425149700598
HGNC:3418,EPRS,20,199,280,499,0.04008016032064128,0.39879759519038077,0.561122244488978
HGNC:3420,EPS8,13,185,206,404,0.03217821782178218,0.45792079207920794,0.5099009900990099
HGNC:3424,ERAL1,1,18,49,68,0.014705882352941176,0.2647058823529412,0.7205882352941176
HGNC:34269,RNU6-9,1,2,2,5,0.2,0.4,0.4
HGNC:34270,RNU6-2,0,0,5,5,0,0,1
HGNC:34285,RNU6-8,1,1,1,3,0.3333333333333333,0.3333333333333333,0.3333333333333333
HGNC:343,AHCY,19,164,156,339,0.05604719764011799,0.4837758112094395,0.46017699115044247
HGNC:3431,ERBB3,22,91,95,208,0.10576923076923077,0.4375,0.4567307692307692
HGNC:3432,ERBB4,18,356,359,733,0.02455661664392906,0.48567530695770805,0.4897680763983629
HGNC:3433,ERCC1,15,118,46,179,0.08379888268156424,0.659217877094972,0.2569832402234637
HGNC:3434,ERCC2,227,1096,1028,2351,0.09655465759251382,0.46618460229689496,0.43726074011059124
HGNC:3435,ERCC3,63,296,307,666,0.0945945945945946,0.4444444444444444,0.46096096096096095
HGNC:3436,ERCC4,70,346,607,1023,0.06842619745845552,0.33822091886608013,0.5933528836754643
HGNC:3437,ERCC5,78,219,239,536,0.1455223880597015,0.4085820895522388,0.4458955223880597
HGNC:3438,ERCC6,352,969,665,1986,0.1772406847935549,0.4879154078549849,0.33484390735146025
HGNC:34383,C2orf71,154,334,645,1133,0.13592233009708737,0.294792586054722,0.5692850838481907
HGNC:3439,ERCC8,133,303,172,608,0.21875,0.49835526315789475,0.28289473684210525
HGNC:34399,UQCC3,1,19,30,50,0.02,0.38,0.6
HGNC:3444,ERF,67,75,168,310,0.2161290322580645,0.24193548387096775,0.5419354838709678
HGNC:3446,ERG,3,3,48,54,0.05555555555555555,0.05555555555555555,0.8888888888888888
HGNC:3468,ESR2,1,86,104,191,0.005235602094240838,0.450261780104712,0.5445026178010471
HGNC:3473,ESRRB,28,116,180,324,0.08641975308641975,0.35802469135802467,0.5555555555555556
HGNC:348,AHR,9,210,297,516,0.01744186046511628,0.4069767441860465,0.5755813953488372
HGNC:3481,ETFA,90,349,165,604,0.1490066225165563,0.5778145695364238,0.2731788079470199
HGNC:3482,ETFB,39,230,121,390,0.1,0.5897435897435898,0.31025641025641026
HGNC:3483,ETFDH,305,435,353,1093,0.2790484903934126,0.3979871912168344,0.322964318389753
HGNC:3491,ETV2,2,2,54,58,0.034482758620689655,0.034482758620689655,0.9310344827586207
HGNC:3495,ETV6,75,395,497,967,0.07755946225439504,0.40847983453981385,0.5139607032057911
HGNC:3496,MPZL2,19,16,38,73,0.2602739726027397,0.2191780821917808,0.5205479452054794
HGNC:3497,EVC,321,1106,662,2089,0.15366203925323121,0.5294399234083293,0.31689803733843946
HGNC:3498,MECOM,37,622,1179,1838,0.02013057671381937,0.338411316648531,0.6414581066376496
HGNC:3508,EWSR1,0,32,59,91,0,0.3516483516483517,0.6483516483516484
HGNC:3512,EXT1,556,271,434,1261,0.4409199048374306,0.21490880253766853,0.34417129262490087
HGNC:35123,FOXI3,8,131,271,410,0.01951219512195122,0.3195121951219512,0.6609756097560976
HGNC:35126,BHLHA9,5,29,61,95,0.05263157894736842,0.30526315789473685,0.6421052631578947
HGNC:3513,EXT2,242,321,472,1035,0.23381642512077294,0.3101449275362319,0.45603864734299515
HGNC:3518,EXTL3,2,297,282,581,0.0034423407917383822,0.5111876075731497,0.4853700516351119
HGNC:3519,EYA1,226,199,321,746,0.30294906166219837,0.2667560321715818,0.43029490616621985
HGNC:3522,EYA4,93,440,700,1233,0.07542579075425791,0.35685320356853206,0.5677210056772101
HGNC:3526,EZH1,5,5,71,81,0.06172839506172839,0.06172839506172839,0.8765432098765432
HGNC:3527,EZH2,40,389,272,701,0.05706134094151213,0.5549215406562055,0.3880171184022825
HGNC:3528,F10,44,34,87,165,0.26666666666666666,0.20606060606060606,0.5272727272727272
HGNC:3529,F11,221,302,262,785,0.28152866242038216,0.38471337579617837,0.33375796178343947
HGNC:3530,F12,20,79,138,237,0.08438818565400844,0.3333333333333333,0.5822784810126582
HGNC:3531,F13A1,50,86,169,305,0.16393442622950818,0.2819672131147541,0.5540983606557377
HGNC:3534,F13B,16,26,126,168,0.09523809523809523,0.15476190476190477,0.75
HGNC:3535,F2,41,281,148,470,0.08723404255319149,0.597872340425532,0.3148936170212766
HGNC:3537,F2R,0,8,43,51,0,0.1568627450980392,0.8431372549019608
HGNC:3541,F3,0,11,38,49,0,0.22448979591836735,0.7755102040816326
HGNC:3542,F5,112,723,614,1449,0.07729468599033816,0.4989648033126294,0.42374051069703245
HGNC:3544,F7,92,57,196,345,0.26666666666666666,0.16521739130434782,0.5681159420289855
HGNC:3546,F8,789,124,439,1352,0.5835798816568047,0.09171597633136094,0.32470414201183434
HGNC:3551,F9,406,225,142,773,0.5252263906856404,0.2910737386804657,0.18369987063389392
HGNC:357,AIM2,0,10,37,47,0,0.2127659574468085,0.7872340425531915
HGNC:3571,ACSL4,92,45,143,280,0.32857142857142857,0.16071428571428573,0.5107142857142857
HGNC:3573,FADD,2,87,66,155,0.012903225806451613,0.5612903225806452,0.4258064516129032
HGNC:3579,FAH,189,426,270,885,0.2135593220338983,0.48135593220338985,0.3050847457627119
HGNC:358,AIP,73,423,714,1210,0.0603305785123967,0.3495867768595041,0.5900826446280992
HGNC:3581,BPTF,87,341,765,1193,0.07292539815590947,0.28583403185247275,0.6412405699916177
HGNC:3582,FANCA,990,2642,3117,6749,0.14668839828122684,0.39146540228181953,0.4618461994369536
HGNC:3583,FANCB,112,317,413,842,0.1330166270783848,0.37648456057007124,0.49049881235154397
HGNC:3584,FANCC,303,796,1219,2318,0.13071613459879206,0.34339948231233824,0.5258843830888698
HGNC:3585,FANCD2,283,966,877,2126,0.13311382878645345,0.4543744120413923,0.41251175917215427
HGNC:3586,FANCE,79,338,414,831,0.0950661853188929,0.40673886883273164,0.4981949458483754
HGNC:3587,FANCF,57,129,353,539,0.10575139146567718,0.23933209647495363,0.6549165120593692
HGNC:3588,FANCG,214,623,714,1551,0.13797549967762734,0.4016763378465506,0.46034816247582205
HGNC:359,AIPL1,81,248,274,603,0.13432835820895522,0.41127694859038144,0.45439469320066334
HGNC:3592,FARSA,4,17,77,98,0.04081632653061224,0.17346938775510204,0.7857142857142857
HGNC:3595,FAT1,39,720,1012,1771,0.0220214568040655,0.40654997176736307,0.5714285714285714
HGNC:3596,FAT2,1,501,1039,1541,6.489292667099286e-4,0.32511356262167423,0.6742375081116159
HGNC:360,AIRE,232,640,481,1353,0.1714708056171471,0.4730229120473023,0.35550628233555065
HGNC:3600,FBLN1,0,178,147,325,0,0.5476923076923077,0.4523076923076923
HGNC:3602,FBLN5,8,317,358,683,0.01171303074670571,0.46412884333821375,0.5241581259150805
HGNC:3603,FBN1,3632,2249,3465,9346,0.3886154504600899,0.24063770597046866,0.3707468435694415
HGNC:3604,FBN2,135,1858,2131,4124,0.03273520853540252,0.45053346265761396,0.5167313288069835
HGNC:3606,FBP1,58,190,96,344,0.1686046511627907,0.5523255813953488,0.27906976744186046
HGNC:361,AK1,11,46,46,103,0.10679611650485436,0.44660194174757284,0.44660194174757284
HGNC:3616,FCGR2A,0,21,54,75,0,0.28,0.72
HGNC:3619,FCGR3A,0,18,50,68,0,0.2647058823529412,0.7352941176470589
HGNC:362,AK2,33,109,104,246,0.13414634146341464,0.44308943089430897,0.42276422764227645
HGNC:3622,FKTN,172,415,558,1145,0.15021834061135372,0.3624454148471616,0.4873362445414847
HGNC:3625,FCN3,5,10,54,69,0.07246376811594203,0.14492753623188406,0.782608695652174
HGNC:3629,FDFT1,5,43,106,154,0.032467532467532464,0.2792207792207792,0.6883116883116883
HGNC:3631,FDPS,5,9,44,58,0.08620689655172414,0.15517241379310345,0.7586206896551724
HGNC:3642,FDXR,30,62,119,211,0.14218009478672985,0.2938388625592417,0.5639810426540285
HGNC:3647,FECH,78,118,99,295,0.26440677966101694,0.4,0.33559322033898303
HGNC:3649,FEM1B,1,2,45,48,0.020833333333333332,0.041666666666666664,0.9375
HGNC:3659,FEZ1,0,4,44,48,0,0.08333333333333333,0.9166666666666666
HGNC:3661,FGA,58,49,240,347,0.16714697406340057,0.14121037463976946,0.69164265129683
HGNC:3662,FGB,20,77,169,266,0.07518796992481203,0.2894736842105263,0.6353383458646616
HGNC:3663,FGD1,162,194,256,612,0.2647058823529412,0.31699346405228757,0.41830065359477125
HGNC:3666,FGF10,39,34,66,139,0.2805755395683453,0.2446043165467626,0.4748201438848921
HGNC:3668,FGF12,24,159,104,287,0.08362369337979095,0.554006968641115,0.3623693379790941
HGNC:3670,FGF13,6,7,51,64,0.09375,0.109375,0.796875
HGNC:3671,FGF14,19,80,101,200,0.095,0.4,0.505
HGNC:3672,FGF16,6,8,4,18,0.3333333333333333,0.4444444444444444,0.2222222222222222
HGNC:3673,FGF17,1,34,28,63,0.015873015873015872,0.5396825396825397,0.4444444444444444
HGNC:3677,FGF20,2,46,87,135,0.014814814814814815,0.34074074074074073,0.6444444444444445
HGNC:3680,FGF23,13,75,167,255,0.050980392156862744,0.29411764705882354,0.6549019607843137
HGNC:3681,FGF3,26,52,84,162,0.16049382716049382,0.32098765432098764,0.5185185185185185
HGNC:3682,FGF4,1,4,28,33,0.030303030303030304,0.12121212121212122,0.8484848484848485
HGNC:3683,FGF5,5,5,53,63,0.07936507936507936,0.07936507936507936,0.8412698412698413
HGNC:3686,FGF8,18,40,76,134,0.13432835820895522,0.29850746268656714,0.5671641791044776
HGNC:3687,FGF9,5,69,81,155,0.03225806451612903,0.44516129032258067,0.5225806451612903
HGNC:3688,FGFR1,260,426,633,1319,0.19711902956785443,0.32297194844579225,0.4799090219863533
HGNC:3689,FGFR2,130,361,441,932,0.13948497854077252,0.3873390557939914,0.47317596566523606
HGNC:3690,FGFR3,66,554,665,1285,0.051361867704280154,0.4311284046692607,0.5175097276264592
HGNC:3694,FGG,34,49,126,209,0.16267942583732056,0.23444976076555024,0.6028708133971292
HGNC:3696,FGL2,0,1,26,27,0,0.037037037037037035,0.9629629629629629
HGNC:3700,FH,547,787,1211,2545,0.2149312377210216,0.3092337917485265,0.4758349705304519
HGNC:3702,FHL1,102,214,288,604,0.16887417218543047,0.3543046357615894,0.4768211920529801
HGNC:3705,FIBP,5,19,65,89,0.056179775280898875,0.21348314606741572,0.7303370786516854
HGNC:3706,ATP8B1,176,666,487,1329,0.13243039879608728,0.5011286681715575,0.36644093303235514
HGNC:37216,LIPT2,2,41,103,146,0.0136986301369863,0.2808219178082192,0.7054794520547946
HGNC:37227,KBTBD13,4,220,519,743,0.005383580080753701,0.2960969044414536,0.6985195154777928
HGNC:37234,TMEM231,53,204,265,522,0.10153256704980843,0.39080459770114945,0.5076628352490421
HGNC:3724,FKBP8,0,3,49,52,0,0.057692307692307696,0.9423076923076923
HGNC:37247,BORCS8,5,1,28,34,0.14705882352941177,0.029411764705882353,0.8235294117647058
HGNC:37276,ISPD,70,246,430,746,0.0938337801608579,0.3297587131367292,0.5764075067024129
HGNC:3748,FLG,257,590,1379,2226,0.11545372866127583,0.26504941599281223,0.6194968553459119
HGNC:3749,FLI1,11,153,123,287,0.03832752613240418,0.5331010452961672,0.42857142857142855
HGNC:3750,FLII,5,44,214,263,0.019011406844106463,0.16730038022813687,0.8136882129277566
HGNC:3754,FLNA,457,1823,1923,4203,0.1087318581965263,0.43373780632881276,0.45753033547466093
HGNC:3755,FLNB,156,1227,1479,2862,0.05450733752620545,0.42872117400419285,0.5167714884696016
HGNC:3756,FLNC,632,2372,3256,6260,0.10095846645367412,0.37891373801916933,0.5201277955271566
HGNC:3765,FLT3,14,125,79,218,0.06422018348623854,0.573394495412844,0.3623853211009174
HGNC:3766,FLT3LG,1,4,28,33,0.030303030303030304,0.12121212121212122,0.8484848484848485
HGNC:3767,FLT4,69,225,304,598,0.11538461538461539,0.3762541806020067,0.5083612040133779
HGNC:3771,FMO3,96,113,97,306,0.3137254901960784,0.369281045751634,0.31699346405228757
HGNC:3775,FMR1,128,106,104,338,0.378698224852071,0.3136094674556213,0.3076923076923077
HGNC:3776,AFF2,120,97,312,529,0.22684310018903592,0.1833648393194707,0.5897920604914934
HGNC:3778,FN1,30,900,1067,1997,0.015022533800701052,0.4506760140210315,0.5343014521782674
HGNC:3791,FOLR1,32,115,140,287,0.11149825783972125,0.40069686411149824,0.4878048780487805
HGNC:3798,FOSL2,6,3,36,45,0.13333333333333333,0.06666666666666667,0.8
HGNC:3800,FOXC1,189,170,466,825,0.2290909090909091,0.20606060606060606,0.5648484848484848
HGNC:3801,FOXC2,78,50,207,335,0.23283582089552238,0.14925373134328357,0.6179104477611941
HGNC:3806,FOXE1,6,37,75,118,0.05084745762711865,0.3135593220338983,0.635593220338983
HGNC:3808,FOXE3,32,161,418,611,0.05237315875613748,0.2635024549918167,0.6841243862520459
HGNC:3809,FOXF1,89,75,102,266,0.33458646616541354,0.2819548872180451,0.38345864661654133
HGNC:3810,FOXF2,0,17,73,90,0,0.18888888888888888,0.8111111111111111
HGNC:3811,FOXG1,290,339,318,947,0.30623020063357975,0.3579725448785639,0.3357972544878564
HGNC:3815,FOXI1,5,61,161,227,0.022026431718061675,0.2687224669603524,0.7092511013215859
HGNC:3816,FOXJ1,10,22,98,130,0.07692307692307693,0.16923076923076924,0.7538461538461538
HGNC:3818,FOXM1,0,19,104,123,0,0.15447154471544716,0.8455284552845529
HGNC:3823,FOXP1,209,464,421,1094,0.1910420475319927,0.42413162705667273,0.38482632541133455
HGNC:3826,FPR1,0,106,157,263,0,0.40304182509505704,0.596958174904943
HGNC:3827,FPR2,0,4,42,46,0,0.08695652173913043,0.9130434782608695
HGNC:38705,ZNF865,1,4,149,154,0.006493506493506494,0.025974025974025976,0.9675324675324676
HGNC:388,AKR1D1,25,68,139,232,0.10775862068965517,0.29310344827586204,0.5991379310344828
HGNC:391,AKT1,4,545,419,968,0.004132231404958678,0.5630165289256198,0.43285123966942146
HGNC:392,AKT2,2,142,85,229,0.008733624454148471,0.6200873362445415,0.37117903930131
HGNC:393,AKT3,64,127,85,276,0.2318840579710145,0.4601449275362319,0.3079710144927536
HGNC:3942,MTOR,55,1812,1155,3022,0.018199867637326273,0.599602911978822,0.38219722038385173
HGNC:39433,PRSS56,24,85,141,250,0.096,0.34,0.564
HGNC:395,ALAD,6,97,102,205,0.02926829268292683,0.47317073170731705,0.4975609756097561
HGNC:3951,FXN,26,43,67,136,0.19117647058823528,0.3161764705882353,0.49264705882352944
HGNC:3964,FSHB,5,19,32,56,0.08928571428571429,0.3392857142857143,0.5714285714285714
HGNC:3969,FSHR,35,59,135,229,0.15283842794759825,0.2576419213973799,0.5895196506550219
HGNC:397,ALAS2,50,156,181,387,0.12919896640826872,0.40310077519379844,0.46770025839793283
HGNC:3974,FTCD,39,174,202,415,0.09397590361445783,0.41927710843373495,0.4867469879518072
HGNC:3976,FTH1,11,27,43,81,0.13580246913580246,0.3333333333333333,0.5308641975308642
HGNC:399,ALB,22,49,103,174,0.12643678160919541,0.28160919540229884,0.5919540229885057
HGNC:3999,FTL,34,50,151,235,0.14468085106382977,0.2127659574468085,0.6425531914893617
HGNC:40028,UBAP1L,8,5,93,106,0.07547169811320754,0.04716981132075472,0.8773584905660378
HGNC:40038,PET100,11,65,36,112,0.09821428571428571,0.5803571428571429,0.32142857142857145
HGNC:40045,PET117,1,5,12,18,0.05555555555555555,0.2777777777777778,0.6666666666666666
HGNC:40050,MCIDAS,17,123,99,239,0.07112970711297072,0.5146443514644351,0.41422594142259417
HGNC:4006,FUCA1,90,225,176,491,0.18329938900203666,0.45824847250509165,0.35845213849287166
HGNC:4010,FUS,53,263,321,637,0.08320251177394035,0.41287284144427,0.5039246467817896
HGNC:4013,FUT2,0,14,48,62,0,0.22580645161290322,0.7741935483870968
HGNC:4019,FUT8,8,80,81,169,0.047337278106508875,0.47337278106508873,0.47928994082840237
HGNC:4021,KDSR,7,9,46,62,0.11290322580645161,0.14516129032258066,0.7419354838709677
HGNC:4023,FXR1,4,10,50,64,0.0625,0.15625,0.78125
HGNC:4026,FXYD2,1,59,34,94,0.010638297872340425,0.6276595744680851,0.3617021276595745
HGNC:403,ALDH3A2,182,325,196,703,0.25889046941678523,0.4623044096728307,0.27880512091038406
HGNC:4035,ACKR1,1,8,40,49,0.02040816326530612,0.16326530612244897,0.8163265306122449
HGNC:4036,FYB1,2,76,145,223,0.008968609865470852,0.34080717488789236,0.6502242152466368
HGNC:4040,FZD2,10,65,166,241,0.04149377593360996,0.2697095435684647,0.6887966804979253
HGNC:4042,FZD4,86,147,325,558,0.15412186379928317,0.26344086021505375,0.5824372759856631
HGNC:4043,FZD5,10,26,106,142,0.07042253521126761,0.18309859154929578,0.7464788732394366
HGNC:4044,FZD6,7,12,84,103,0.06796116504854369,0.11650485436893204,0.8155339805825242
HGNC:4053,ISG15,4,74,78,156,0.02564102564102564,0.47435897435897434,0.5
HGNC:4056,G6PC,171,245,199,615,0.2780487804878049,0.3983739837398374,0.3235772357723577
HGNC:4057,G6PD,230,324,254,808,0.28465346534653463,0.400990099009901,0.31435643564356436
HGNC:406,ALDH4A1,25,168,192,385,0.06493506493506493,0.43636363636363634,0.4987012987012987
HGNC:4061,SLC37A4,182,449,493,1124,0.1619217081850534,0.3994661921708185,0.4386120996441281
HGNC:4065,GAA,858,1319,1440,3617,0.23721316007741222,0.3646668509814764,0.3981199889411114
HGNC:4070,GABBR1,8,16,146,170,0.047058823529411764,0.09411764705882353,0.8588235294117647
HGNC:4075,GABRA1,85,286,421,792,0.10732323232323232,0.3611111111111111,0.5315656565656566
HGNC:4076,GABRA2,20,181,168,369,0.05420054200542006,0.4905149051490515,0.45528455284552843
HGNC:4077,GABRA3,6,19,57,82,0.07317073170731707,0.23170731707317074,0.6951219512195121
HGNC:4078,GABRA4,0,14,56,70,0,0.2,0.8
HGNC:4079,GABRA5,5,49,79,133,0.03759398496240601,0.3684210526315789,0.5939849624060151
HGNC:408,ALDH5A1,150,354,383,887,0.16910935738444194,0.399098083427283,0.4317925591882751
HGNC:4081,GABRB1,5,218,224,447,0.011185682326621925,0.48769574944071586,0.5011185682326622
HGNC:4082,GABRB2,59,325,240,624,0.09455128205128205,0.5208333333333334,0.38461538461538464
HGNC:4083,GABRB3,105,329,343,777,0.13513513513513514,0.42342342342342343,0.44144144144144143
HGNC:4084,GABRD,3,216,248,467,0.006423982869379015,0.4625267665952891,0.5310492505353319
HGNC:4087,GABRG2,138,244,397,779,0.17715019255455713,0.31322207958921694,0.5096277278562259
HGNC:409,ALDH1A3,26,94,47,167,0.15568862275449102,0.562874251497006,0.281437125748503
HGNC:4092,GAD1,18,142,145,305,0.05901639344262295,0.46557377049180326,0.47540983606557374
HGNC:4115,GALC,376,692,510,1578,0.23827629911280102,0.4385297845373891,0.3231939163498099
HGNC:4116,GALE,58,223,144,425,0.13647058823529412,0.5247058823529411,0.3388235294117647
HGNC:4117,B4GALNT1,40,169,188,397,0.10075566750629723,0.4256926952141058,0.473551637279597
HGNC:4118,GALK1,114,308,169,591,0.19289340101522842,0.5211505922165821,0.2859560067681895
HGNC:4122,GALNS,311,574,505,1390,0.2237410071942446,0.41294964028776976,0.36330935251798563
HGNC:4124,GALNT2,8,105,86,199,0.04020100502512563,0.5276381909547738,0.4321608040201005
HGNC:4125,GALNT3,68,248,217,533,0.1275797373358349,0.4652908067542214,0.4071294559099437
HGNC:4135,GALT,338,304,331,973,0.3473792394655704,0.31243576567317577,0.34018499486125386
HGNC:4136,GAMT,146,294,266,706,0.20679886685552407,0.4164305949008499,0.37677053824362605
HGNC:4137,GAN,60,344,478,882,0.06802721088435375,0.3900226757369615,0.5419501133786848
HGNC:4138,GANAB,59,221,328,608,0.09703947368421052,0.36348684210526316,0.5394736842105263
HGNC:414,ALDOA,13,178,145,336,0.03869047619047619,0.5297619047619048,0.43154761904761907
HGNC:4161,LRRC32,4,27,118,149,0.026845637583892617,0.18120805369127516,0.7919463087248322
HGNC:4162,GARS,30,327,521,878,0.03416856492027335,0.3724373576309795,0.5933940774487472
HGNC:4166,GAS8,22,245,176,443,0.04966139954853273,0.5530474040632054,0.3972911963882618
HGNC:417,ALDOB,140,268,188,596,0.2348993288590604,0.44966442953020136,0.31543624161073824
HGNC:4170,GATA1,79,133,213,425,0.18588235294117647,0.3129411764705882,0.5011764705882353
HGNC:4171,GATA2,236,632,1007,1875,0.12586666666666665,0.3370666666666667,0.5370666666666667
HGNC:4172,GATA3,121,175,218,514,0.23540856031128404,0.3404669260700389,0.42412451361867703
HGNC:4173,GATA4,91,474,579,1144,0.07954545454545454,0.4143356643356643,0.5061188811188811
HGNC:4174,GATA6,71,255,452,778,0.09125964010282776,0.3277634961439589,0.5809768637532133
HGNC:4175,GATM,38,320,311,669,0.05680119581464873,0.47832585949177875,0.4648729446935725
HGNC:4177,GBA,364,57,318,739,0.4925575101488498,0.07713125845737483,0.43031123139377536
HGNC:4180,GBE1,207,549,353,1109,0.18665464382326422,0.4950405770964833,0.31830477908025245
HGNC:4181,GBF1,5,52,244,301,0.016611295681063124,0.17275747508305647,0.8106312292358804
HGNC:4187,GC,0,16,42,58,0,0.27586206896551724,0.7241379310344828
HGNC:4189,GCDH,330,409,281,1020,0.3235294117647059,0.40098039215686276,0.2754901960784314
HGNC:4193,GCH1,123,218,283,624,0.1971153846153846,0.34935897435897434,0.453525641025641
HGNC:4195,GCK,690,186,499,1375,0.5018181818181818,0.13527272727272727,0.3629090909090909
HGNC:4198,GCM2,22,92,183,297,0.07407407407407407,0.30976430976430974,0.6161616161616161
HGNC:42,ABCB11,392,938,863,2193,0.17875056999544003,0.4277245782033744,0.39352485180118557
HGNC:4200,BLOC1S1,0,0,28,28,0,0,1
HGNC:4204,GCNT2,14,72,101,187,0.0748663101604278,0.3850267379679144,0.5401069518716578
HGNC:4206,OPN1MW,7,17,17,41,0.17073170731707318,0.4146341463414634,0.4146341463414634
HGNC:4208,GCSH,12,60,74,146,0.0821917808219178,0.410958904109589,0.5068493150684932
HGNC:4214,GDF1,29,82,143,254,0.1141732283464567,0.3228346456692913,0.562992125984252
HGNC:4216,GDF11,0,5,45,50,0,0.1,0.9
HGNC:4217,GDF2,14,212,135,361,0.038781163434903045,0.5872576177285319,0.3739612188365651
HGNC:4218,GDF3,2,27,61,90,0.022222222222222223,0.3,0.6777777777777778
HGNC:4220,GDF5,59,229,218,506,0.116600790513834,0.4525691699604743,0.4308300395256917
HGNC:4221,GDF6,5,203,290,498,0.010040160642570281,0.40763052208835343,0.5823293172690763
HGNC:4224,GDF9,6,12,85,103,0.05825242718446602,0.11650485436893204,0.8252427184466019
HGNC:4226,GDI1,125,40,97,262,0.4770992366412214,0.15267175572519084,0.3702290076335878
HGNC:4232,GDNF,0,49,76,125,0,0.392,0.608
HGNC:4235,GFAP,74,174,276,524,0.14122137404580154,0.3320610687022901,0.5267175572519084
HGNC:4236,GFER,9,90,84,183,0.04918032786885246,0.4918032786885246,0.45901639344262296
HGNC:4237,GFI1,1,334,502,837,0.0011947431302270011,0.39904420549581837,0.5997610513739546
HGNC:4238,GFI1B,11,48,73,132,0.08333333333333333,0.36363636363636365,0.553030303030303
HGNC:4241,GFPT1,47,295,286,628,0.07484076433121019,0.4697452229299363,0.4554140127388535
HGNC:4243,GFRA1,4,21,52,77,0.05194805194805195,0.2727272727272727,0.6753246753246753
HGNC:4247,GGCX,54,253,288,595,0.0907563025210084,0.42521008403361343,0.48403361344537815
HGNC:4249,GGPS1,4,0,34,38,0.10526315789473684,0,0.8947368421052632
HGNC:4261,GH1,29,63,114,206,0.1407766990291262,0.3058252427184466,0.5533980582524272
HGNC:4263,GHR,61,245,312,618,0.09870550161812297,0.3964401294498382,0.5048543689320388
HGNC:4266,GHRHR,41,162,143,346,0.11849710982658959,0.4682080924855491,0.41329479768786126
HGNC:4267,GHSR,2,89,202,293,0.006825938566552901,0.3037542662116041,0.689419795221843
HGNC:4268,GIF,15,70,88,173,0.08670520231213873,0.4046242774566474,0.5086705202312138
HGNC:427,ALK,19,2405,4042,6466,0.002938447262604392,0.37194556139808227,0.6251159913393133
HGNC:4274,GJA1,61,83,227,371,0.16442048517520216,0.22371967654986524,0.6118598382749326
HGNC:4277,GJA3,40,62,183,285,0.14035087719298245,0.21754385964912282,0.6421052631578947
HGNC:4278,GJA4,1,4,52,57,0.017543859649122806,0.07017543859649122,0.9122807017543859
HGNC:428,ALMS1,1006,2804,3604,7414,0.1356892365794443,0.37820339897491234,0.4861073644456434
HGNC:4281,GJA8,117,52,201,370,0.3162162162162162,0.14054054054054055,0.5432432432432432
HGNC:4283,GJB1,264,120,478,862,0.3062645011600928,0.13921113689095127,0.5545243619489559
HGNC:4284,GJB2,257,155,246,658,0.3905775075987842,0.23556231003039513,0.3738601823708207
HGNC:4285,GJB3,11,57,176,244,0.045081967213114756,0.2336065573770492,0.7213114754098361
HGNC:4286,GJB4,6,41,87,134,0.04477611940298507,0.30597014925373134,0.6492537313432836
HGNC:4288,GJB6,12,86,135,233,0.05150214592274678,0.36909871244635195,0.5793991416309013
HGNC:4289,GK,103,43,47,193,0.533678756476684,0.22279792746113988,0.24352331606217617
HGNC:4296,GLA,1206,301,569,2076,0.5809248554913294,0.14499036608863197,0.27408477842003853
HGNC:4298,GLB1,325,592,311,1228,0.26465798045602607,0.4820846905537459,0.253257328990228
HGNC:43,TAP1,29,236,232,497,0.05835010060362173,0.47484909456740443,0.46680080482897385
HGNC:430,ALOX12B,146,89,194,429,0.34032634032634035,0.20745920745920746,0.4522144522144522
HGNC:4311,GCLC,2,110,106,218,0.009174311926605505,0.5045871559633027,0.48623853211009177
HGNC:4313,GLDC,491,1279,847,2617,0.18761941153993122,0.48872755063049295,0.32365303782957583
HGNC:4315,GLE1,159,448,177,784,0.20280612244897958,0.5714285714285714,0.22576530612244897
HGNC:4317,GLI1,14,42,156,212,0.0660377358490566,0.19811320754716982,0.7358490566037735
HGNC:4318,GLI2,102,440,770,1312,0.07774390243902439,0.3353658536585366,0.586890243902439
HGNC:4319,GLI3,218,542,767,1527,0.14276358873608383,0.35494433529796987,0.5022920759659463
HGNC:4326,GLRA1,81,219,272,572,0.14160839160839161,0.38286713286713286,0.4755244755244755
HGNC:4327,GLRA2,9,18,67,94,0.09574468085106383,0.19148936170212766,0.7127659574468085
HGNC:4329,GLRB,23,215,219,457,0.05032822757111598,0.47045951859956237,0.47921225382932164
HGNC:4331,GLS,19,41,100,160,0.11875,0.25625,0.625
HGNC:4332,BICRA,49,135,446,630,0.07777777777777778,0.21428571428571427,0.707936507936508
HGNC:4335,GLUD1,15,114,180,309,0.04854368932038835,0.36893203883495146,0.5825242718446602
HGNC:4341,GLUL,13,99,161,273,0.047619047619047616,0.3626373626373626,0.5897435897435898
HGNC:43444,MYZAP,8,0,0,8,1,0,0
HGNC:4367,GM2A,20,97,116,233,0.08583690987124463,0.41630901287553645,0.4978540772532189
HGNC:437,ALPI,1,32,88,121,0.008264462809917356,0.2644628099173554,0.7272727272727273
HGNC:4379,GNA11,25,242,164,431,0.058004640371229696,0.5614849187935035,0.3805104408352668
HGNC:438,ALPL,533,549,510,1592,0.33479899497487436,0.34484924623115576,0.3203517587939699
HGNC:4382,GNA14,1,3,55,59,0.01694915254237288,0.05084745762711865,0.9322033898305084
HGNC:4384,GNAI1,20,21,103,144,0.1388888888888889,0.14583333333333334,0.7152777777777778
HGNC:4385,GNAI2,5,5,25,35,0.14285714285714285,0.14285714285714285,0.7142857142857143
HGNC:4387,GNAI3,9,30,56,95,0.09473684210526316,0.3157894736842105,0.5894736842105263
HGNC:4388,GNAL,24,161,95,280,0.08571428571428572,0.575,0.3392857142857143
HGNC:4389,GNAO1,106,281,200,587,0.18057921635434412,0.4787052810902896,0.34071550255536626
HGNC:4390,GNAQ,8,33,17,58,0.13793103448275862,0.5689655172413793,0.29310344827586204
HGNC:4392,GNAS,249,435,614,1298,0.19183359013867488,0.33513097072419107,0.47303543913713403
HGNC:4393,GNAT1,26,155,209,390,0.06666666666666667,0.3974358974358974,0.5358974358974359
HGNC:4394,GNAT2,35,88,132,255,0.13725490196078433,0.34509803921568627,0.5176470588235295
HGNC:4396,GNB1,124,194,129,447,0.27740492170022374,0.43400447427293065,0.28859060402684567
HGNC:4398,GNB2,12,16,64,92,0.13043478260869565,0.17391304347826086,0.6956521739130435
HGNC:44,TAP2,26,227,228,481,0.05405405405405406,0.47193347193347196,0.47401247401247404
HGNC:4400,GNB3,2,176,198,376,0.005319148936170213,0.46808510638297873,0.526595744680851
HGNC:4401,GNB5,32,98,84,214,0.14953271028037382,0.45794392523364486,0.3925233644859813
HGNC:4415,GNMT,2,51,85,138,0.014492753623188406,0.3695652173913043,0.6159420289855072
HGNC:4416,GNPAT,67,323,182,572,0.11713286713286714,0.5646853146853147,0.3181818181818182
HGNC:4419,GNRH1,4,16,28,48,0.08333333333333333,0.3333333333333333,0.5833333333333334
HGNC:4421,GNRHR,45,43,129,217,0.2073732718894009,0.19815668202764977,0.5944700460829493
HGNC:4422,GNS,84,474,278,836,0.10047846889952153,0.5669856459330144,0.33253588516746413
HGNC:4425,GOLGA2,11,31,153,195,0.05641025641025641,0.15897435897435896,0.7846153846153846
HGNC:443,ALS2,122,485,547,1154,0.10571923743500866,0.4202772963604853,0.47400346620450606
HGNC:4431,GOSR2,27,138,171,336,0.08035714285714286,0.4107142857142857,0.5089285714285714
HGNC:4433,GOT2,4,70,80,154,0.025974025974025976,0.45454545454545453,0.5194805194805194
HGNC:4439,GP1BA,95,77,174,346,0.2745664739884393,0.22254335260115607,0.5028901734104047
HGNC:4440,GP1BB,46,28,87,161,0.2857142857142857,0.17391304347826086,0.5403726708074534
HGNC:4444,GP9,29,73,67,169,0.17159763313609466,0.4319526627218935,0.39644970414201186
HGNC:4446,GPAA1,49,311,276,636,0.0770440251572327,0.4889937106918239,0.4339622641509434
HGNC:445,SETX,124,803,1291,2218,0.05590622182146077,0.36203787195671777,0.5820559062218215
HGNC:4451,GPC3,159,417,522,1098,0.1448087431693989,0.3797814207650273,0.47540983606557374
HGNC:4452,GPC4,16,27,87,130,0.12307692307692308,0.2076923076923077,0.6692307692307692
HGNC:4454,GPC6,9,149,212,370,0.024324324324324326,0.4027027027027027,0.572972972972973
HGNC:4455,GPD1,22,69,80,171,0.1286549707602339,0.40350877192982454,0.4678362573099415
HGNC:4458,GPI,33,76,128,237,0.13924050632911392,0.3206751054852321,0.540084388185654
HGNC:4462,GPNMB,16,31,73,120,0.13333333333333333,0.25833333333333336,0.6083333333333333
HGNC:44662,CCER2,0,26,13,39,0,0.6666666666666666,0.3333333333333333
HGNC:449,ALX3,10,23,66,99,0.10101010101010101,0.23232323232323232,0.6666666666666666
HGNC:45,ABCB4,257,494,746,1497,0.17167668670674682,0.3299933199732799,0.4983299933199733
HGNC:450,ALX4,30,132,178,340,0.08823529411764706,0.38823529411764707,0.5235294117647059
HGNC:4507,GABBR2,18,680,462,1160,0.015517241379310345,0.5862068965517241,0.39827586206896554
HGNC:451,AMACR,4,188,265,457,0.0087527352297593,0.4113785557986871,0.5798687089715536
HGNC:4510,KISS1R,18,64,116,198,0.09090909090909091,0.32323232323232326,0.5858585858585859
HGNC:4512,ADGRG1,127,628,345,1100,0.11545454545454545,0.5709090909090909,0.31363636363636366
HGNC:4519,GPR68,4,18,57,79,0.05063291139240506,0.22784810126582278,0.7215189873417721
HGNC:452,AMBN,5,24,64,93,0.053763440860215055,0.25806451612903225,0.6881720430107527
HGNC:4524,PROKR1,0,5,64,69,0,0.07246376811594203,0.927536231884058
HGNC:4540,CXCR3,0,8,35,43,0,0.18604651162790697,0.813953488372093
HGNC:4556,GPX4,16,112,96,224,0.07142857142857142,0.5,0.42857142857142855
HGNC:4564,GRB10,0,24,46,70,0,0.34285714285714286,0.6571428571428571
HGNC:4570,GRHPR,166,303,162,631,0.2630744849445325,0.48019017432646594,0.25673534072900156
HGNC:4571,GRIA1,8,59,176,243,0.03292181069958848,0.24279835390946503,0.7242798353909465
HGNC:4572,GRIA2,42,40,164,246,0.17073170731707318,0.16260162601626016,0.6666666666666666
HGNC:4573,GRIA3,121,266,320,707,0.17114568599717114,0.37623762376237624,0.4526166902404526
HGNC:4574,GRIA4,11,43,214,268,0.041044776119402986,0.16044776119402984,0.7985074626865671
HGNC:4576,GRID2,17,134,181,332,0.05120481927710843,0.4036144578313253,0.5451807228915663
HGNC:4580,GRIK2,14,67,213,294,0.047619047619047616,0.22789115646258504,0.7244897959183674
HGNC:4584,GRIN1,130,664,471,1265,0.10276679841897234,0.524901185770751,0.3723320158102767
HGNC:4585,GRIN2A,311,929,1165,2405,0.12931392931392932,0.3862785862785863,0.48440748440748443
HGNC:4586,GRIN2B,299,807,721,1827,0.16365626710454298,0.44170771756978655,0.3946360153256705
HGNC:4588,GRIN2D,14,554,850,1418,0.009873060648801129,0.3906911142454161,0.5994358251057827
HGNC:4591,ARHGAP35,20,9,133,162,0.12345679012345678,0.05555555555555555,0.8209876543209876
HGNC:4593,GRM1,15,190,237,442,0.033936651583710405,0.4298642533936652,0.5361990950226244
HGNC:4598,GRM6,63,386,466,915,0.06885245901639345,0.42185792349726775,0.5092896174863388
HGNC:4599,GRM7,11,145,160,316,0.03481012658227848,0.4588607594936709,0.5063291139240507
HGNC:4601,GRN,136,265,381,782,0.17391304347826086,0.3388746803069054,0.48721227621483376
HGNC:461,AMELX,21,16,16,53,0.39622641509433965,0.3018867924528302,0.3018867924528302
HGNC:4612,GSC,3,58,58,119,0.025210084033613446,0.48739495798319327,0.48739495798319327
HGNC:4620,GSN,6,388,564,958,0.006263048016701462,0.40501043841336115,0.5887265135699373
HGNC:4622,GSPT2,1,4,37,42,0.023809523809523808,0.09523809523809523,0.8809523809523809
HGNC:4623,GSR,8,94,139,241,0.03319502074688797,0.3900414937759336,0.5767634854771784
HGNC:4624,GSS,55,245,169,469,0.11727078891257996,0.5223880597014925,0.3603411513859275
HGNC:463,AMFR,7,7,77,91,0.07692307692307693,0.07692307692307693,0.8461538461538461
HGNC:464,AMH,32,93,155,280,0.11428571428571428,0.33214285714285713,0.5535714285714286
HGNC:4643,GSTZ1,5,9,29,43,0.11627906976744186,0.20930232558139536,0.6744186046511628
HGNC:465,AMHR2,41,50,82,173,0.23699421965317918,0.28901734104046245,0.47398843930635837
HGNC:4651,GTF2E2,2,104,75,181,0.011049723756906077,0.574585635359116,0.4143646408839779
HGNC:4659,GTF2I,0,12,53,65,0,0.18461538461538463,0.8153846153846154
HGNC:4662,GTF3A,0,3,45,48,0,0.0625,0.9375
HGNC:4666,GTF3C3,11,15,75,101,0.10891089108910891,0.1485148514851485,0.7425742574257426
HGNC:4668,GTF3C5,0,11,93,104,0,0.10576923076923077,0.8942307692307693
HGNC:4669,GTPBP1,4,3,64,71,0.056338028169014086,0.04225352112676056,0.9014084507042254
HGNC:467,AMMECR1,14,13,61,88,0.1590909090909091,0.14772727272727273,0.6931818181818182
HGNC:4670,GTPBP2,13,106,73,192,0.06770833333333333,0.5520833333333334,0.3802083333333333
HGNC:4678,GUCA1A,29,93,155,277,0.10469314079422383,0.33574007220216606,0.5595667870036101
HGNC:4679,GUCA1B,1,88,151,240,0.004166666666666667,0.36666666666666664,0.6291666666666667
HGNC:4685,GUCY1A3,15,50,96,161,0.09316770186335403,0.3105590062111801,0.5962732919254659
HGNC:4688,GUCY2C,14,389,570,973,0.014388489208633094,0.3997944501541624,0.5858170606372045
HGNC:4689,GUCY2D,257,703,714,1674,0.15352449223416964,0.4199522102747909,0.4265232974910394
HGNC:469,AMPD2,51,270,226,547,0.09323583180987204,0.4936014625228519,0.41316270566727603
HGNC:4693,GUK1,4,3,43,50,0.08,0.06,0.86
HGNC:4696,GUSB,107,398,248,753,0.14209827357237717,0.5285524568393094,0.3293492695883134
HGNC:4699,GYG1,40,166,150,356,0.11235955056179775,0.46629213483146065,0.42134831460674155
HGNC:47,ABCB6,10,83,214,307,0.03257328990228013,0.2703583061889251,0.6970684039087948
HGNC:4706,GYS1,43,333,357,733,0.058663028649386086,0.4542974079126876,0.4870395634379263
HGNC:4707,GYS2,47,156,174,377,0.1246684350132626,0.41379310344827586,0.46153846153846156
HGNC:4713,H19,0,46,9,55,0,0.8363636363636363,0.16363636363636364
HGNC:4718,HIST1H1E,38,96,109,243,0.15637860082304528,0.3950617283950617,0.448559670781893
HGNC:473,AMT,147,353,265,765,0.19215686274509805,0.46143790849673205,0.3464052287581699
HGNC:4740,H2AFY,1,4,23,28,0.03571428571428571,0.14285714285714285,0.8214285714285714
HGNC:4764,H3F3A,20,6,32,58,0.3448275862068966,0.10344827586206896,0.5517241379310345
HGNC:4765,H3F3B,20,3,17,40,0.5,0.075,0.425
HGNC:4785,HIST1H4J,3,6,17,26,0.11538461538461539,0.23076923076923078,0.6538461538461539
HGNC:4787,HIST1H4C,9,13,38,60,0.15,0.21666666666666667,0.6333333333333333
HGNC:4790,HIST1H4E,9,7,33,49,0.1836734693877551,0.14285714285714285,0.673469387755102
HGNC:4793,HIST1H4I,2,3,26,31,0.06451612903225806,0.0967741935483871,0.8387096774193549
HGNC:4796,HAAO,12,13,50,75,0.16,0.17333333333333334,0.6666666666666666
HGNC:4799,HADH,33,202,149,384,0.0859375,0.5260416666666666,0.3880208333333333
HGNC:48,ABCB7,11,164,141,316,0.03481012658227848,0.5189873417721519,0.4462025316455696
HGNC:4800,HSD17B10,18,100,68,186,0.0967741935483871,0.5376344086021505,0.3655913978494624
HGNC:4801,HADHA,239,614,325,1178,0.2028862478777589,0.5212224108658744,0.2758913412563667
HGNC:4803,HADHB,100,328,183,611,0.16366612111292964,0.5368248772504092,0.2995090016366612
HGNC:4816,HARS,10,248,415,673,0.014858841010401188,0.3684992570579495,0.6166419019316494
HGNC:4817,HARS2,26,99,165,290,0.0896551724137931,0.3413793103448276,0.5689655172413793
HGNC:4823,HBA1,156,47,125,328,0.47560975609756095,0.14329268292682926,0.38109756097560976
HGNC:4824,HBA2,188,52,167,407,0.4619164619164619,0.12776412776412777,0.4103194103194103
HGNC:4827,HBB,434,856,388,1678,0.2586412395709178,0.5101311084624554,0.23122765196662692
HGNC:4829,HBD,16,5,32,53,0.3018867924528302,0.09433962264150944,0.6037735849056604
HGNC:483,ANG,7,44,73,124,0.056451612903225805,0.3548387096774194,0.5887096774193549
HGNC:4831,HBG1,7,15,12,34,0.20588235294117646,0.4411764705882353,0.35294117647058826
HGNC:4832,HBG2,12,9,16,37,0.32432432432432434,0.24324324324324326,0.43243243243243246
HGNC:4837,HCCS,100,47,49,196,0.5102040816326531,0.23979591836734693,0.25
HGNC:4838,SERPIND1,4,28,71,103,0.038834951456310676,0.27184466019417475,0.6893203883495146
HGNC:4839,HCFC1,14,1038,460,1512,0.009259259259259259,0.6865079365079365,0.30423280423280424
HGNC:484,ANGPT1,0,140,181,321,0,0.43613707165109034,0.5638629283489096
HGNC:4845,HCN1,43,458,634,1135,0.03788546255506608,0.4035242290748899,0.5585903083700441
HGNC:4846,HCN2,11,86,277,374,0.029411764705882353,0.22994652406417113,0.7406417112299465
HGNC:485,ANGPT2,3,24,78,105,0.02857142857142857,0.22857142857142856,0.7428571428571429
HGNC:4851,HTT,13,428,271,712,0.018258426966292134,0.601123595505618,0.3806179775280899
HGNC:4853,HDAC2,0,8,28,36,0,0.2222222222222222,0.7777777777777778
HGNC:4854,HDAC3,2,7,26,35,0.05714285714285714,0.2,0.7428571428571429
HGNC:4861,HELLS,20,282,164,466,0.04291845493562232,0.6051502145922747,0.351931330472103
HGNC:4862,NCKAP1L,12,362,188,562,0.021352313167259787,0.6441281138790036,0.33451957295373663
HGNC:4867,HERC1,53,864,867,1784,0.029708520179372196,0.484304932735426,0.4859865470852018
HGNC:4868,HERC2,27,306,900,1233,0.021897810218978103,0.24817518248175183,0.7299270072992701
HGNC:4877,HESX1,22,29,85,136,0.16176470588235295,0.21323529411764705,0.625
HGNC:4878,HEXA,334,527,475,1336,0.25,0.3944610778443114,0.3555389221556886
HGNC:4879,HEXB,227,436,269,932,0.24356223175965666,0.4678111587982833,0.2886266094420601
HGNC:4881,HEY2,1,7,49,57,0.017543859649122806,0.12280701754385964,0.8596491228070176
HGNC:4883,CFH,228,416,931,1575,0.14476190476190476,0.26412698412698415,0.5911111111111111
HGNC:4886,HFE,45,148,136,329,0.13677811550151975,0.44984802431610943,0.4133738601823708
HGNC:4887,HFE2,79,225,166,470,0.16808510638297872,0.4787234042553192,0.35319148936170214
HGNC:4888,CFHR1,5,79,66,150,0.03333333333333333,0.5266666666666666,0.44
HGNC:4890,CFHR2,0,34,42,76,0,0.4473684210526316,0.5526315789473685
HGNC:4892,HGD,271,195,160,626,0.4329073482428115,0.31150159744408945,0.25559105431309903
HGNC:4893,HGF,9,153,150,312,0.028846153846153848,0.49038461538461536,0.4807692307692308
HGNC:4908,HIBCH,43,126,102,271,0.15867158671586715,0.46494464944649444,0.3763837638376384
HGNC:491,ANGPTL3,16,65,71,152,0.10526315789473684,0.4276315789473684,0.46710526315789475
HGNC:4912,HINT1,27,56,59,142,0.19014084507042253,0.39436619718309857,0.4154929577464789
HGNC:4916,HIRA,0,67,112,179,0,0.3743016759776536,0.6256983240223464
HGNC:492,ANK1,501,347,812,1660,0.30180722891566264,0.20903614457831327,0.4891566265060241
HGNC:4921,HIVEP2,82,666,721,1469,0.055820285908781485,0.4533696392103472,0.49081007488087136
HGNC:4922,HK1,38,353,447,838,0.045346062052505964,0.4212410501193317,0.5334128878281623
HGNC:4927,SLC39A7,6,118,130,254,0.023622047244094488,0.4645669291338583,0.5118110236220472
HGNC:493,ANK2,96,1599,2583,4278,0.02244039270687237,0.3737727910238429,0.6037868162692848
HGNC:4932,HLA-B,0,31,4,35,0,0.8857142857142857,0.11428571428571428
HGNC:494,ANK3,30,557,1242,1829,0.016402405686167305,0.3045379989065063,0.6790595954073264
HGNC:4947,HLA-DRA,0,3,0,3,0,1,0
HGNC:4948,HLA-DRB1,3,34,7,44,0.06818181818181818,0.7727272727272727,0.1590909090909091
HGNC:496,RIPK4,8,120,194,322,0.024844720496894408,0.37267080745341613,0.6024844720496895
HGNC:497,TRPA1,1,78,142,221,0.004524886877828055,0.35294117647058826,0.6425339366515838
HGNC:4976,HLCS,194,535,377,1106,0.17540687160940324,0.4837251356238698,0.34086799276672697
HGNC:4979,MNX1,96,161,284,541,0.17744916820702403,0.2975970425138632,0.5249537892791127
HGNC:4982,HMBS,187,271,294,752,0.24867021276595744,0.3603723404255319,0.39095744680851063
HGNC:4983,HMGB1,6,11,10,27,0.2222222222222222,0.4074074074074074,0.37037037037037035
HGNC:5004,HMGB3,0,9,18,27,0,0.3333333333333333,0.6666666666666666
HGNC:5005,HMGCL,103,294,166,563,0.18294849023090587,0.522202486678508,0.29484902309058614
HGNC:5006,HMGCR,7,9,57,73,0.0958904109589041,0.1232876712328767,0.7808219178082192
HGNC:5007,HMGCS1,6,3,26,35,0.17142857142857143,0.08571428571428572,0.7428571428571429
HGNC:5008,HMGCS2,56,129,157,342,0.16374269005847952,0.37719298245614036,0.4590643274853801
HGNC:5009,HMGA2,13,14,23,50,0.26,0.28,0.46
HGNC:5013,HMOX1,24,181,110,315,0.0761904761904762,0.5746031746031746,0.3492063492063492
HGNC:5017,HMX1,3,149,235,387,0.007751937984496124,0.3850129198966408,0.6072351421188631
HGNC:5022,FOXA2,2,54,119,175,0.011428571428571429,0.30857142857142855,0.68
HGNC:5024,HNF4A,161,221,386,768,0.20963541666666666,0.2877604166666667,0.5026041666666666
HGNC:5028,HNMT,3,19,39,61,0.04918032786885246,0.3114754098360656,0.639344262295082
HGNC:5031,HNRNPA1,21,45,52,118,0.17796610169491525,0.3813559322033898,0.4406779661016949
HGNC:5033,HNRNPA2B1,6,296,100,402,0.014925373134328358,0.736318407960199,0.24875621890547264
HGNC:5035,HNRNPC,16,2,33,51,0.3137254901960784,0.0392156862745098,0.6470588235294118
HGNC:5036,HNRNPD,4,10,38,52,0.07692307692307693,0.19230769230769232,0.7307692307692307
HGNC:5037,HNRNPDL,3,203,289,495,0.006060606060606061,0.4101010101010101,0.5838383838383838
HGNC:5041,HNRNPH1,9,14,69,92,0.09782608695652174,0.15217391304347827,0.75
HGNC:5042,HNRNPH2,13,23,47,83,0.1566265060240964,0.27710843373493976,0.5662650602409639
HGNC:5044,HNRNPK,93,140,118,351,0.26495726495726496,0.39886039886039887,0.33618233618233617
HGNC:5047,HNRNPR,8,10,75,93,0.08602150537634409,0.10752688172043011,0.8064516129032258
HGNC:5048,HNRNPU,201,604,424,1229,0.16354759967453214,0.49145646867371845,0.3449959316517494
HGNC:5099,HOXA1,5,32,78,115,0.043478260869565216,0.2782608695652174,0.6782608695652174
HGNC:51,ABCC1,2,57,154,213,0.009389671361502348,0.2676056338028169,0.7230046948356808
HGNC:5101,HOXA11,3,16,66,85,0.03529411764705882,0.18823529411764706,0.7764705882352941
HGNC:5102,HOXA13,12,82,158,252,0.047619047619047616,0.3253968253968254,0.626984126984127
HGNC:5103,HOXA2,7,14,85,106,0.0660377358490566,0.1320754716981132,0.8018867924528302
HGNC:5111,HOXB1,3,18,46,67,0.04477611940298507,0.26865671641791045,0.6865671641791045
HGNC:5125,HOXC13,5,16,72,93,0.053763440860215055,0.17204301075268819,0.7741935483870968
HGNC:5136,HOXD13,46,39,118,203,0.22660098522167488,0.1921182266009852,0.5812807881773399
HGNC:5144,HPCA,1,35,29,65,0.015384615384615385,0.5384615384615384,0.4461538461538462
HGNC:5147,HPD,42,273,131,446,0.09417040358744394,0.6121076233183856,0.2937219730941704
HGNC:5154,HPGD,28,78,94,200,0.14,0.39,0.47
HGNC:5157,HPRT1,206,103,71,380,0.5421052631578948,0.2710526315789474,0.1868421052631579
HGNC:5163,HPS1,196,678,423,1297,0.15111796453353893,0.5227447956823439,0.3261372397841172
HGNC:5172,HR,30,140,354,524,0.05725190839694656,0.26717557251908397,0.6755725190839694
HGNC:5173,HRAS,53,340,331,724,0.07320441988950276,0.4696132596685083,0.457182320441989
HGNC:5181,HRG,2,48,101,151,0.013245033112582781,0.31788079470198677,0.6688741721854304
HGNC:5193,HS2ST1,6,10,42,58,0.10344827586206896,0.1724137931034483,0.7241379310344828
HGNC:5209,HSD11B2,22,63,121,206,0.10679611650485436,0.3058252427184466,0.587378640776699
HGNC:5212,HSD17B3,64,208,76,348,0.1839080459770115,0.5977011494252874,0.21839080459770116
HGNC:5213,HSD17B4,268,776,451,1495,0.17926421404682275,0.5190635451505017,0.3016722408026756
HGNC:5218,HSD3B2,89,225,129,443,0.20090293453724606,0.5079006772009029,0.291196388261851
HGNC:5227,HSF4,21,56,125,202,0.10396039603960396,0.27722772277227725,0.6188118811881188
HGNC:5228,DNAJB2,26,174,137,337,0.0771513353115727,0.516320474777448,0.4065281899109792
HGNC:5234,HSPA1L,0,20,98,118,0,0.1694915254237288,0.8305084745762712
HGNC:52391,MYMX,5,1,0,6,0.8333333333333334,0.16666666666666666,0
HGNC:5244,HSPA9,6,29,78,113,0.05309734513274336,0.25663716814159293,0.6902654867256637
HGNC:5246,HSPB1,42,123,250,415,0.10120481927710843,0.2963855421686747,0.6024096385542169
HGNC:5261,HSPD1,8,143,198,349,0.022922636103151862,0.40974212034383956,0.5673352435530086
HGNC:5273,HSPG2,120,1436,1903,3459,0.03469210754553339,0.41514888696154956,0.5501590054929171
HGNC:5275,KAT5,4,13,90,107,0.037383177570093455,0.12149532710280374,0.8411214953271028
HGNC:53,ABCC2,190,644,460,1294,0.14683153013910355,0.49768160741885625,0.3554868624420402
HGNC:5318,TNC,6,250,358,614,0.009771986970684038,0.40716612377850164,0.5830618892508144
HGNC:5320,HYAL1,53,209,174,436,0.12155963302752294,0.4793577981651376,0.39908256880733944
HGNC:5321,HYAL2,11,14,81,106,0.10377358490566038,0.1320754716981132,0.7641509433962265
HGNC:5330,IARS,38,192,254,484,0.07851239669421488,0.39669421487603307,0.5247933884297521
HGNC:5331,NOD2,21,400,794,1215,0.01728395061728395,0.3292181069958848,0.6534979423868312
HGNC:535,ANXA11,6,191,257,454,0.013215859030837005,0.42070484581497797,0.566079295154185
HGNC:5351,ICOS,13,90,91,194,0.06701030927835051,0.4639175257731959,0.4690721649484536
HGNC:5358,IRF8,3,206,227,436,0.006880733944954129,0.4724770642201835,0.5206422018348624
HGNC:53647,AL117258.1,10,7,6,23,0.43478260869565216,0.30434782608695654,0.2608695652173913
HGNC:5381,IDE,0,7,104,111,0,0.06306306306306306,0.9369369369369369
HGNC:5382,IDH1,6,185,276,467,0.01284796573875803,0.3961456102783726,0.5910064239828694
HGNC:5383,IDH2,6,118,160,284,0.02112676056338028,0.4154929577464789,0.5633802816901409
HGNC:5384,IDH3A,21,164,120,305,0.06885245901639345,0.5377049180327869,0.39344262295081966
HGNC:5385,IDH3B,23,147,191,361,0.06371191135734072,0.407202216066482,0.5290858725761773
HGNC:5386,IDH3G,2,2,27,31,0.06451612903225806,0.06451612903225806,0.8709677419354839
HGNC:5389,IDS,899,381,293,1573,0.5715193897012079,0.24221233312142404,0.18626827717736807
HGNC:5391,IDUA,425,885,640,1950,0.21794871794871795,0.45384615384615384,0.3282051282051282
HGNC:5394,CFI,135,246,438,819,0.16483516483516483,0.30036630036630035,0.5347985347985348
HGNC:5401,SP110,42,237,290,569,0.07381370826010544,0.4165202108963093,0.5096660808435852
HGNC:5414,IFITM3,0,1,21,22,0,0.045454545454545456,0.9545454545454546
HGNC:5417,IFNA1,0,6,8,14,0,0.42857142857142855,0.5714285714285714
HGNC:5432,IFNAR1,23,151,163,337,0.06824925816023739,0.44807121661721067,0.4836795252225519
HGNC:5433,IFNAR2,13,157,157,327,0.039755351681957186,0.4801223241590214,0.4801223241590214
HGNC:5438,IFNG,2,11,22,35,0.05714285714285714,0.3142857142857143,0.6285714285714286
HGNC:5439,IFNGR1,36,136,248,420,0.08571428571428572,0.3238095238095238,0.5904761904761905
HGNC:5440,IFNGR2,10,135,109,254,0.03937007874015748,0.531496062992126,0.42913385826771655
HGNC:5461,IGBP1,1,14,40,55,0.01818181818181818,0.2545454545454545,0.7272727272727273
HGNC:5464,IGF1,10,61,121,192,0.052083333333333336,0.3177083333333333,0.6302083333333334
HGNC:5465,IGF1R,109,430,797,1336,0.0815868263473054,0.3218562874251497,0.5965568862275449
HGNC:5466,IGF2,25,54,108,187,0.13368983957219252,0.2887700534759358,0.5775401069518716
HGNC:5468,IGFALS,13,58,238,309,0.042071197411003236,0.18770226537216828,0.7702265372168284
HGNC:5476,IGFBP7,2,6,35,43,0.046511627906976744,0.13953488372093023,0.813953488372093
HGNC:554,AP1B1,12,43,104,159,0.07547169811320754,0.27044025157232704,0.6540880503144654
HGNC:5541,IGHM,7,9,0,16,0.4375,0.5625,0
HGNC:5542,IGHMBP2,171,651,691,1513,0.1130204890945142,0.43027098479841375,0.456708526107072
HGNC:555,AP1G1,27,39,129,195,0.13846153846153847,0.2,0.6615384615384615
HGNC:559,AP1S1,9,125,22,156,0.057692307692307696,0.8012820512820513,0.14102564102564102
HGNC:560,AP1S2,110,39,34,183,0.6010928961748634,0.21311475409836064,0.18579234972677597
HGNC:564,AP2M1,2,194,110,306,0.006535947712418301,0.6339869281045751,0.35947712418300654
HGNC:565,AP2S1,3,91,41,135,0.022222222222222223,0.674074074074074,0.3037037037037037
HGNC:566,AP3B1,74,417,483,974,0.07597535934291581,0.42813141683778233,0.49589322381930184
HGNC:567,AP3B2,51,495,383,929,0.05489773950484392,0.5328310010764262,0.41227125941872983
HGNC:568,AP3D1,1,807,683,1491,6.706908115358819e-4,0.5412474849094567,0.4580818242790074
HGNC:57,ABCC6,301,678,830,1809,0.1663902708678828,0.3747927031509121,0.4588170259812051
HGNC:5716,IGKC,2,0,0,2,1,0,0
HGNC:572,AP4B1,64,160,264,488,0.13114754098360656,0.32786885245901637,0.5409836065573771
HGNC:5724,RBPJ,7,120,89,216,0.032407407407407406,0.5555555555555556,0.41203703703703703
HGNC:573,AP4E1,36,251,343,630,0.05714285714285714,0.3984126984126984,0.5444444444444444
HGNC:574,AP4M1,67,216,205,488,0.13729508196721313,0.4426229508196721,0.42008196721311475
HGNC:575,AP4S1,25,73,56,154,0.16233766233766234,0.474025974025974,0.36363636363636365
HGNC:583,APC,2642,3836,9609,16087,0.16423198856219307,0.2384534095853795,0.5973146018524275
HGNC:5870,IGLL1,0,111,154,265,0,0.4188679245283019,0.5811320754716981
HGNC:588,ATG12,4,1,24,29,0.13793103448275862,0.034482758620689655,0.8275862068965517
HGNC:589,ATG5,0,6,13,19,0,0.3157894736842105,0.6842105263157895
HGNC:59,ABCC8,481,1277,1209,2967,0.16211661611054937,0.4304010785305022,0.4074823053589484
HGNC:592,XIAP,159,161,193,513,0.30994152046783624,0.3138401559454191,0.3762183235867446
HGNC:5948,IGSF1,31,104,150,285,0.10877192982456141,0.3649122807017544,0.5263157894736842
HGNC:5956,IHH,50,87,208,345,0.14492753623188406,0.25217391304347825,0.6028985507246377
HGNC:5959,ELP1,433,1163,1066,2662,0.1626596543951916,0.4368895567242675,0.4004507888805409
HGNC:5960,IKBKB,34,499,297,830,0.04096385542168675,0.6012048192771084,0.3578313253012048
HGNC:5961,IKBKG,185,32,65,282,0.6560283687943262,0.11347517730496454,0.23049645390070922
HGNC:5962,IL10,1,78,62,141,0.0070921985815602835,0.5531914893617021,0.4397163120567376
HGNC:5964,IL10RA,24,211,255,490,0.04897959183673469,0.4306122448979592,0.5204081632653061
HGNC:5965,IL10RB,18,122,138,278,0.06474820143884892,0.43884892086330934,0.49640287769784175
HGNC:5967,IL11RA,24,60,30,114,0.21052631578947367,0.5263157894736842,0.2631578947368421
HGNC:5970,IL12B,18,102,126,246,0.07317073170731707,0.4146341463414634,0.5121951219512195
HGNC:5971,IL12RB1,76,269,305,650,0.11692307692307692,0.41384615384615386,0.46923076923076923
HGNC:5972,IL12RB2,1,239,420,660,0.0015151515151515152,0.3621212121212121,0.6363636363636364
HGNC:5981,IL17A,0,7,24,31,0,0.22580645161290322,0.7741935483870968
HGNC:5985,IL17RA,29,429,554,1012,0.02865612648221344,0.42391304347826086,0.5474308300395256
HGNC:5986,IL18,0,8,7,15,0,0.5333333333333333,0.4666666666666667
HGNC:5987,IL18BP,0,60,143,203,0,0.2955665024630542,0.7044334975369458
HGNC:5993,IL1R1,1,7,38,46,0.021739130434782608,0.15217391304347827,0.8260869565217391
HGNC:5996,IL1RAPL1,111,150,166,427,0.25995316159250587,0.351288056206089,0.38875878220140514
HGNC:5997,IL1RAPL2,0,8,58,66,0,0.12121212121212122,0.8787878787878788
HGNC:60,ABCC9,108,1024,1079,2211,0.048846675712347354,0.4631388511985527,0.48801447308909995
HGNC:600,APOA1,34,134,224,392,0.08673469387755102,0.34183673469387754,0.5714285714285714
HGNC:6000,IL1RN,13,119,113,245,0.053061224489795916,0.4857142857142857,0.46122448979591835
HGNC:6005,IL21,1,52,73,126,0.007936507936507936,0.4126984126984127,0.5793650793650794
HGNC:6006,IL21R,11,206,221,438,0.02511415525114155,0.4703196347031963,0.5045662100456622
HGNC:6008,IL2RA,15,159,191,365,0.0410958904109589,0.43561643835616437,0.5232876712328767
HGNC:6009,IL2RB,14,251,219,484,0.028925619834710745,0.518595041322314,0.4524793388429752
HGNC:601,APOA2,3,16,14,33,0.09090909090909091,0.48484848484848486,0.42424242424242425
HGNC:6010,IL2RG,166,205,156,527,0.31499051233396586,0.3889943074003795,0.29601518026565465
HGNC:6011,IL3,0,10,12,22,0,0.45454545454545453,0.5454545454545454
HGNC:6018,IL6,0,9,13,22,0,0.4090909090909091,0.5909090909090909
HGNC:6019,IL6R,1,185,141,327,0.0030581039755351682,0.5657492354740061,0.43119266055045874
HGNC:602,APOA4,2,67,120,189,0.010582010582010581,0.3544973544973545,0.6349206349206349
HGNC:6021,IL6ST,24,224,386,634,0.03785488958990536,0.35331230283911674,0.6088328075709779
HGNC:6023,IL7,3,6,20,29,0.10344827586206896,0.20689655172413793,0.6896551724137931
HGNC:6024,IL7R,64,300,231,595,0.10756302521008404,0.5042016806722689,0.38823529411764707
HGNC:6025,CXCL8,0,3,3,6,0,0.5,0.5
HGNC:6027,CXCR2,7,113,124,244,0.028688524590163935,0.46311475409836067,0.5081967213114754
HGNC:6029,IL9,0,4,20,24,0,0.16666666666666666,0.8333333333333334
HGNC:603,APOB,264,2011,2906,5181,0.050955414012738856,0.3881490059834009,0.5608955800038603
HGNC:6036,FOXK2,0,34,118,152,0,0.2236842105263158,0.7763157894736842
HGNC:6038,ILF3,0,9,90,99,0,0.09090909090909091,0.9090909090909091
HGNC:6052,IMPDH1,36,278,381,695,0.051798561151079135,0.4,0.5482014388489208
HGNC:6053,IMPDH2,5,5,69,79,0.06329113924050633,0.06329113924050633,0.8734177215189873
HGNC:6055,IMPG1,69,245,477,791,0.08723135271807839,0.30973451327433627,0.6030341340075853
HGNC:6074,INPP4A,8,19,89,116,0.06896551724137931,0.16379310344827586,0.7672413793103449
HGNC:6080,INPPL1,44,355,325,724,0.06077348066298342,0.4903314917127072,0.4488950276243094
HGNC:6081,INS,39,54,93,186,0.20967741935483872,0.2903225806451613,0.5
HGNC:609,APOC2,18,65,52,135,0.13333333333333333,0.48148148148148145,0.3851851851851852
HGNC:6091,INSR,73,320,407,800,0.09125,0.4,0.50875
HGNC:61,ABCD1,637,598,652,1887,0.3375728669846317,0.3169051404345522,0.3455219925808161
HGNC:610,APOC3,2,40,43,85,0.023529411764705882,0.47058823529411764,0.5058823529411764
HGNC:6106,FOXP3,58,181,211,450,0.1288888888888889,0.4022222222222222,0.4688888888888889
HGNC:6107,PDX1,15,76,173,264,0.056818181818181816,0.2878787878787879,0.6553030303030303
HGNC:6112,IRAK1,1,31,66,98,0.01020408163265306,0.3163265306122449,0.673469387755102
HGNC:6115,IREB2,2,131,150,283,0.007067137809187279,0.4628975265017668,0.5300353356890459
HGNC:6116,IRF1,4,15,19,38,0.10526315789473684,0.39473684210526316,0.5
HGNC:6117,IRF2,0,4,35,39,0,0.10256410256410256,0.8974358974358975
HGNC:6118,IRF3,0,31,67,98,0,0.3163265306122449,0.6836734693877551
HGNC:6119,IRF4,3,189,149,341,0.008797653958944282,0.5542521994134897,0.436950146627566
HGNC:6120,IRF5,1,14,53,68,0.014705882352941176,0.20588235294117646,0.7794117647058824
HGNC:6121,IRF6,138,93,155,386,0.35751295336787564,0.24093264248704663,0.4015544041450777
HGNC:6122,IRF7,1,303,462,766,0.0013054830287206266,0.39556135770234985,0.6031331592689295
HGNC:6128,IRS4,4,29,138,171,0.023391812865497075,0.1695906432748538,0.8070175438596491
HGNC:613,APOE,19,112,132,263,0.07224334600760456,0.42585551330798477,0.5019011406844106
HGNC:6131,IRF9,0,115,145,260,0,0.4423076923076923,0.5576923076923077
HGNC:6132,ISL1,0,57,54,111,0,0.5135135135135135,0.4864864864864865
HGNC:6138,ITGA2B,259,277,460,996,0.2600401606425703,0.2781124497991968,0.46184738955823296
HGNC:6139,ITGA3,30,281,255,566,0.053003533568904596,0.49646643109540634,0.450530035335689
HGNC:6142,ITGA6,54,487,286,827,0.06529625151148731,0.5888754534461911,0.34582829504232165
HGNC:6143,ITGA7,64,533,524,1121,0.057091882247992866,0.47546833184656556,0.46743978590544155
HGNC:6144,ITGA8,23,222,215,460,0.05,0.4826086956521739,0.4673913043478261
HGNC:6149,ITGAM,0,468,636,1104,0,0.42391304347826086,0.5760869565217391
HGNC:6150,ITGAV,6,20,141,167,0.03592814371257485,0.11976047904191617,0.844311377245509
HGNC:6153,ITGB1,0,9,64,73,0,0.1232876712328767,0.8767123287671232
HGNC:6155,ITGB2,85,441,385,911,0.09330406147091108,0.4840834248079034,0.4226125137211855
HGNC:6156,ITGB3,193,415,361,969,0.19917440660474717,0.4282765737874097,0.37254901960784315
HGNC:6158,ITGB4,160,1048,716,1924,0.08316008316008316,0.5446985446985447,0.37214137214137216
HGNC:6161,ITGB6,11,65,136,212,0.05188679245283019,0.30660377358490565,0.6415094339622641
HGNC:6171,ITK,22,291,295,608,0.03618421052631579,0.4786184210526316,0.48519736842105265
HGNC:6172,STT3A,6,145,117,268,0.022388059701492536,0.5410447761194029,0.43656716417910446
HGNC:6174,ITM2B,5,57,114,176,0.028409090909090908,0.32386363636363635,0.6477272727272727
HGNC:6176,ITPA,40,167,121,328,0.12195121951219512,0.5091463414634146,0.36890243902439024
HGNC:6179,ITPKB,0,27,116,143,0,0.1888111888111888,0.8111888111888111
HGNC:618,APOL1,0,95,101,196,0,0.4846938775510204,0.5153061224489796
HGNC:6180,ITPR1,128,1073,1120,2321,0.055148642826367944,0.46230073244291253,0.4825506247307195
HGNC:6182,ITPR3,6,232,434,672,0.008928571428571428,0.34523809523809523,0.6458333333333334
HGNC:6183,ITSN1,59,112,312,483,0.12215320910973085,0.2318840579710145,0.6459627329192547
HGNC:6186,IVD,175,411,246,832,0.21033653846153846,0.49399038461538464,0.2956730769230769
HGNC:6188,JAG1,495,764,1029,2288,0.21634615384615385,0.3339160839160839,0.44973776223776224
HGNC:6189,JAG2,5,99,260,364,0.013736263736263736,0.27197802197802196,0.7142857142857143
HGNC:6190,JAK1,4,443,393,840,0.004761904761904762,0.5273809523809524,0.46785714285714286
HGNC:6192,JAK2,8,225,350,583,0.0137221269296741,0.38593481989708406,0.6003430531732419
HGNC:6193,JAK3,137,804,431,1372,0.09985422740524781,0.5860058309037901,0.3141399416909621
HGNC:6196,JARID2,35,89,244,368,0.09510869565217392,0.2418478260869565,0.6630434782608695
HGNC:620,APP,65,281,303,649,0.10015408320493066,0.43297380585516176,0.46687211093990755
HGNC:6207,JUP,37,595,878,1510,0.024503311258278145,0.39403973509933776,0.5814569536423841
HGNC:621,NAE1,3,5,66,74,0.04054054054054054,0.06756756756756757,0.8918918918918919
HGNC:6211,ANOS1,190,117,208,515,0.36893203883495146,0.22718446601941747,0.40388349514563104
HGNC:6215,KARS,34,225,271,530,0.06415094339622641,0.42452830188679247,0.5113207547169811
HGNC:6217,KATNB1,14,246,157,417,0.03357314148681055,0.5899280575539568,0.3764988009592326
HGNC:6218,KCNA1,47,238,450,735,0.06394557823129252,0.3238095238095238,0.6122448979591837
HGNC:6220,KCNA2,66,190,326,582,0.1134020618556701,0.32646048109965636,0.5601374570446735
HGNC:6221,KCNA3,16,12,89,117,0.13675213675213677,0.10256410256410256,0.7606837606837606
HGNC:6224,KCNA5,3,134,459,596,0.0050335570469798654,0.22483221476510068,0.7701342281879194
HGNC:6231,KCNB1,117,378,378,873,0.13402061855670103,0.4329896907216495,0.4329896907216495
HGNC:6232,KCNB2,2,22,91,115,0.017391304347826087,0.19130434782608696,0.7913043478260869
HGNC:6233,KCNC1,18,240,282,540,0.03333333333333333,0.4444444444444444,0.5222222222222223
HGNC:6234,KCNC2,17,16,130,163,0.10429447852760736,0.09815950920245399,0.7975460122699386
HGNC:6235,KCNC3,11,181,286,478,0.02301255230125523,0.3786610878661088,0.5983263598326359
HGNC:6238,KCND2,9,195,279,483,0.018633540372670808,0.40372670807453415,0.577639751552795
HGNC:6239,KCND3,29,358,345,732,0.03961748633879782,0.4890710382513661,0.4713114754098361
HGNC:6240,KCNE1,21,126,216,363,0.05785123966942149,0.34710743801652894,0.5950413223140496
HGNC:6242,KCNE2,1,54,111,166,0.006024096385542169,0.3253012048192771,0.6686746987951807
HGNC:6250,KCNH1,27,442,427,896,0.030133928571428572,0.49330357142857145,0.4765625
HGNC:6251,KCNH2,771,1171,1785,3727,0.20686879527770324,0.31419372149181646,0.4789374832304803
HGNC:6254,KCNH5,12,397,450,859,0.013969732246798603,0.46216530849825377,0.5238649592549476
HGNC:6255,KCNJ1,77,111,164,352,0.21875,0.3153409090909091,0.4659090909090909
HGNC:6256,KCNJ10,33,123,299,455,0.07252747252747253,0.2703296703296703,0.6571428571428571
HGNC:6257,KCNJ11,78,115,364,557,0.1400359066427289,0.20646319569120286,0.6535008976660682
HGNC:6259,KCNJ13,11,59,182,252,0.04365079365079365,0.23412698412698413,0.7222222222222222
HGNC:626,APRT,78,45,80,203,0.3842364532019704,0.22167487684729065,0.39408866995073893
HGNC:6262,KCNJ16,13,19,9,41,0.3170731707317073,0.4634146341463415,0.21951219512195122
HGNC:6263,KCNJ2,65,205,398,668,0.09730538922155689,0.3068862275449102,0.5958083832335329
HGNC:6265,KCNJ4,0,3,34,37,0,0.08108108108108109,0.918918918918919
HGNC:6266,KCNJ5,8,208,307,523,0.015296367112810707,0.3977055449330784,0.5869980879541109
HGNC:6267,KCNJ6,4,56,76,136,0.029411764705882353,0.4117647058823529,0.5588235294117647
HGNC:6269,KCNJ8,2,130,157,289,0.006920415224913495,0.44982698961937717,0.5432525951557093
HGNC:6278,KCNK3,9,104,172,285,0.031578947368421054,0.3649122807017544,0.6035087719298246
HGNC:6279,KCNK4,6,218,257,481,0.012474012474012475,0.45322245322245325,0.5343035343035343
HGNC:6283,KCNK9,8,19,57,84,0.09523809523809523,0.2261904761904762,0.6785714285714286
HGNC:6284,KCNMA1,49,686,793,1528,0.03206806282722513,0.4489528795811518,0.518979057591623
HGNC:6291,KCNN2,20,33,170,223,0.08968609865470852,0.14798206278026907,0.7623318385650224
HGNC:6292,KCNN3,7,53,100,160,0.04375,0.33125,0.625
HGNC:6293,KCNN4,4,54,111,169,0.023668639053254437,0.31952662721893493,0.6568047337278107
HGNC:6294,KCNQ1,568,1414,1028,3010,0.18870431893687709,0.4697674418604651,0.3415282392026578
HGNC:6295,KCNQ1OT1,15,476,40,531,0.02824858757062147,0.896421845574388,0.07532956685499058
HGNC:6296,KCNQ2,781,797,796,2374,0.32898062342038753,0.33572030328559394,0.33529907329401853
HGNC:6297,KCNQ3,56,615,805,1476,0.037940379403794036,0.4166666666666667,0.5453929539295393
HGNC:6298,KCNQ4,57,182,280,519,0.10982658959537572,0.35067437379576105,0.5394990366088632
HGNC:6299,KCNQ5,33,434,423,890,0.03707865168539326,0.48764044943820223,0.4752808988764045
HGNC:6305,KDELR2,4,8,29,41,0.0975609756097561,0.1951219512195122,0.7073170731707317
HGNC:6307,KDR,3,45,163,211,0.014218009478672985,0.2132701421800948,0.7725118483412322
HGNC:6308,KEL,2,21,96,119,0.01680672268907563,0.17647058823529413,0.8067226890756303
HGNC:6309,KERA,16,20,57,93,0.17204301075268819,0.21505376344086022,0.6129032258064516
HGNC:6317,KIF1C,40,361,381,782,0.05115089514066496,0.4616368286445013,0.48721227621483376
HGNC:6318,KIF2A,7,398,241,646,0.010835913312693499,0.6160990712074303,0.37306501547987614
HGNC:6320,KIF3B,2,9,73,84,0.023809523809523808,0.10714285714285714,0.8690476190476191
HGNC:6323,KIF5A,98,716,695,1509,0.06494367130550033,0.47448641484426773,0.46056991385023194
HGNC:6324,KIF5B,7,13,101,121,0.05785123966942149,0.10743801652892562,0.8347107438016529
HGNC:6325,KIF5C,10,176,114,300,0.03333333333333333,0.5866666666666667,0.38
HGNC:633,AQP1,3,42,41,86,0.03488372093023256,0.4883720930232558,0.47674418604651164
HGNC:634,AQP2,75,223,169,467,0.16059957173447537,0.47751605995717344,0.3618843683083512
HGNC:6342,KIT,123,1442,1885,3450,0.035652173913043476,0.41797101449275365,0.5463768115942029
HGNC:6343,KITLG,11,55,72,138,0.07971014492753623,0.39855072463768115,0.5217391304347826
HGNC:6345,KLF1,26,71,144,241,0.1078838174273859,0.2946058091286307,0.5975103734439834
HGNC:6347,KLF2,1,6,49,56,0.017857142857142856,0.10714285714285714,0.875
HGNC:6350,KLF7,1,16,55,72,0.013888888888888888,0.2222222222222222,0.7638888888888888
HGNC:6354,KLHL3,30,134,233,397,0.07556675062972293,0.33753148614609574,0.5869017632241813
HGNC:6365,KLK4,7,25,29,61,0.11475409836065574,0.4098360655737705,0.47540983606557374
HGNC:6371,KLKB1,13,53,92,158,0.08227848101265822,0.33544303797468356,0.5822784810126582
HGNC:638,AQP5,5,30,50,85,0.058823529411764705,0.35294117647058826,0.5882352941176471
HGNC:6383,KNG1,10,27,100,137,0.072992700729927,0.19708029197080293,0.7299270072992701
HGNC:6388,KIF11,194,461,370,1025,0.18926829268292683,0.4497560975609756,0.36097560975609755
HGNC:6391,KIF22,8,195,254,457,0.0175054704595186,0.42669584245076586,0.5557986870897156
HGNC:6392,KIF23,4,155,243,402,0.009950248756218905,0.3855721393034826,0.6044776119402985
HGNC:6396,KPNA3,6,5,50,61,0.09836065573770492,0.08196721311475409,0.819672131147541
HGNC:6404,KPTN,24,78,122,224,0.10714285714285714,0.3482142857142857,0.5446428571428571
HGNC:6407,KRAS,97,219,221,537,0.18063314711359404,0.40782122905027934,0.41154562383612664
HGNC:6408,MAFB,26,49,163,238,0.1092436974789916,0.20588235294117646,0.6848739495798319
HGNC:6412,KRT1,48,68,139,255,0.18823529411764706,0.26666666666666666,0.5450980392156862
HGNC:6413,KRT10,42,113,114,269,0.15613382899628253,0.4200743494423792,0.42379182156133827
HGNC:6414,KRT12,10,20,63,93,0.10752688172043011,0.21505376344086022,0.6774193548387096
HGNC:6416,KRT14,81,68,95,244,0.3319672131147541,0.2786885245901639,0.38934426229508196
HGNC:6423,KRT16,22,72,80,174,0.12643678160919541,0.41379310344827586,0.45977011494252873
HGNC:6427,KRT17,18,82,80,180,0.1,0.45555555555555555,0.4444444444444444
HGNC:6439,KRT2,11,92,131,234,0.04700854700854701,0.39316239316239315,0.5598290598290598
HGNC:644,AR,434,426,243,1103,0.39347234814143245,0.386219401631913,0.22030825022665457
HGNC:6440,KRT3,5,50,114,169,0.029585798816568046,0.2958579881656805,0.6745562130177515
HGNC:6442,KRT5,96,76,161,333,0.2882882882882883,0.22822822822822822,0.48348348348348347
HGNC:6443,KRT6A,30,92,127,249,0.12048192771084337,0.36947791164658633,0.5100401606425703
HGNC:6444,KRT6B,5,92,159,256,0.01953125,0.359375,0.62109375
HGNC:6446,KRT8,0,25,53,78,0,0.32051282051282054,0.6794871794871795
HGNC:6447,KRT9,19,59,150,228,0.08333333333333333,0.25877192982456143,0.6578947368421053
HGNC:6458,KRT81,2,33,101,136,0.014705882352941176,0.2426470588235294,0.7426470588235294
HGNC:646,ARAF,0,6,40,46,0,0.13043478260869565,0.8695652173913043
HGNC:6460,KRT83,4,104,143,251,0.01593625498007968,0.41434262948207173,0.5697211155378487
HGNC:6462,KRT85,1,60,109,170,0.0058823529411764705,0.35294117647058826,0.6411764705882353
HGNC:6463,KRT86,6,67,81,154,0.03896103896103896,0.43506493506493504,0.525974025974026
HGNC:6469,KYNU,24,19,75,118,0.2033898305084746,0.16101694915254236,0.635593220338983
HGNC:6470,L1CAM,329,809,452,1590,0.2069182389937107,0.5088050314465409,0.2842767295597484
HGNC:6473,AFF3,12,72,228,312,0.038461538461538464,0.23076923076923078,0.7307692307692307
HGNC:6481,LAMA1,130,649,913,1692,0.0768321513002364,0.3835697399527187,0.539598108747045
HGNC:6482,LAMA2,978,2539,1916,5433,0.1800110436223081,0.46732928400515367,0.3526596723725382
HGNC:6483,LAMA3,268,1275,710,2253,0.11895250776742122,0.5659121171770972,0.31513537505548156
HGNC:6485,LAMA5,27,1146,1119,2292,0.011780104712041885,0.5,0.4882198952879581
HGNC:6486,LAMB1,45,466,602,1113,0.04043126684636118,0.41868823000898475,0.5408805031446541
HGNC:6487,LAMB2,109,412,827,1348,0.08086053412462908,0.3056379821958457,0.6135014836795252
HGNC:649,ARCN1,41,129,154,324,0.12654320987654322,0.39814814814814814,0.47530864197530864
HGNC:6490,LAMB3,309,824,407,1540,0.20064935064935066,0.535064935064935,0.2642857142857143
HGNC:6493,LAMC2,223,773,296,1292,0.17260061919504643,0.598297213622291,0.22910216718266255
HGNC:6494,LAMC3,107,872,839,1818,0.05885588558855886,0.47964796479647964,0.4614961496149615
HGNC:6501,LAMP2,229,322,356,907,0.25248070562293273,0.35501653803748623,0.39250275633958104
HGNC:6502,RPSA,9,87,81,177,0.05084745762711865,0.4915254237288136,0.4576271186440678
HGNC:6511,LARGE1,42,599,366,1007,0.041708043694141016,0.5948361469712016,0.3634558093346574
HGNC:6512,LARS,29,319,224,572,0.050699300699300696,0.5576923076923077,0.3916083916083916
HGNC:6518,LBR,30,161,282,473,0.06342494714587738,0.3403805496828753,0.5961945031712473
HGNC:652,ARF1,12,6,18,36,0.3333333333333333,0.16666666666666666,0.5
HGNC:6522,LCAT,39,143,169,351,0.1111111111111111,0.4074074074074074,0.48148148148148145
HGNC:6524,LCK,18,201,104,323,0.05572755417956656,0.6222910216718266,0.3219814241486068
HGNC:6529,LCP2,1,32,70,103,0.009708737864077669,0.3106796116504854,0.6796116504854369
HGNC:6530,LCT,51,477,455,983,0.05188199389623601,0.4852492370295015,0.46286876907426244
HGNC:6532,LDB1,11,2,36,49,0.22448979591836735,0.04081632653061224,0.7346938775510204
HGNC:6535,LDHA,13,110,126,249,0.05220883534136546,0.44176706827309237,0.5060240963855421
HGNC:654,ARF3,10,2,18,30,0.3333333333333333,0.06666666666666667,0.6
HGNC:6545,COG1,24,218,312,554,0.04332129963898917,0.3935018050541516,0.5631768953068592
HGNC:6547,LDLR,2041,1014,1516,4571,0.44651061036972217,0.2218332968715817,0.3316560927586961
HGNC:6551,LEF1,6,5,46,57,0.10526315789473684,0.08771929824561403,0.8070175438596491
HGNC:6553,LEP,8,45,66,119,0.06722689075630252,0.37815126050420167,0.5546218487394958
HGNC:6554,LEPR,35,220,263,518,0.06756756756756757,0.4247104247104247,0.5077220077220077
HGNC:6556,LETM1,12,161,166,339,0.035398230088495575,0.4749262536873156,0.4896755162241888
HGNC:6560,LFNG,10,177,133,320,0.03125,0.553125,0.415625
HGNC:6572,LGI1,76,183,307,566,0.13427561837455831,0.32332155477031804,0.5424028268551236
HGNC:6584,LHB,6,55,32,93,0.06451612903225806,0.5913978494623656,0.34408602150537637
HGNC:6585,LHCGR,59,92,168,319,0.18495297805642633,0.2884012539184953,0.5266457680250783
HGNC:6594,LHX2,7,9,64,80,0.0875,0.1125,0.8
HGNC:6595,LHX3,51,361,229,641,0.07956318252730109,0.5631825273010921,0.35725429017160687
HGNC:6597,LIFR,173,683,547,1403,0.1233071988595866,0.4868139700641482,0.38987883107626514
HGNC:6598,LIG1,3,496,320,819,0.003663003663003663,0.6056166056166056,0.3907203907203907
HGNC:6600,LIG3,16,47,131,194,0.08247422680412371,0.2422680412371134,0.6752577319587629
HGNC:6601,LIG4,113,293,404,810,0.13950617283950617,0.3617283950617284,0.49876543209876545
HGNC:6605,LILRB1,0,16,146,162,0,0.09876543209876543,0.9012345679012346
HGNC:6610,LIM2,3,25,87,115,0.02608695652173913,0.21739130434782608,0.7565217391304347
HGNC:6617,LIPA,159,322,298,779,0.20410783055198972,0.41335044929396664,0.38254172015404364
HGNC:6619,LIPC,4,134,201,339,0.011799410029498525,0.3952802359882006,0.5929203539823009
HGNC:6621,LIPE,6,83,188,277,0.021660649819494584,0.2996389891696751,0.6787003610108303
HGNC:6629,LLGL2,1,23,219,243,0.00411522633744856,0.09465020576131687,0.9012345679012346
HGNC:663,ARG1,140,272,172,584,0.23972602739726026,0.4657534246575342,0.2945205479452055
HGNC:6631,LMAN1,15,61,152,228,0.06578947368421052,0.2675438596491228,0.6666666666666666
HGNC:6636,LMNA,556,628,1171,2355,0.23609341825902336,0.26666666666666666,0.49723991507431
HGNC:6637,LMNB1,20,109,202,331,0.06042296072507553,0.3293051359516616,0.6102719033232629
HGNC:6638,LMNB2,4,340,336,680,0.0058823529411764705,0.5,0.49411764705882355
HGNC:6647,LMOD1,3,13,66,82,0.036585365853658534,0.15853658536585366,0.8048780487804879
HGNC:6648,LMOD2,7,10,84,101,0.06930693069306931,0.09900990099009901,0.8316831683168316
HGNC:6649,LMOD3,48,169,243,460,0.10434782608695652,0.3673913043478261,0.5282608695652173
HGNC:6653,LMX1A,10,28,66,104,0.09615384615384616,0.2692307692307692,0.6346153846153846
HGNC:6654,LMX1B,166,252,302,720,0.23055555555555557,0.35,0.41944444444444445
HGNC:6663,LOR,8,33,101,142,0.056338028169014086,0.2323943661971831,0.7112676056338029
HGNC:6664,LOX,56,231,394,681,0.08223201174743025,0.3392070484581498,0.57856093979442
HGNC:667,RHOA,4,2,7,13,0.3076923076923077,0.15384615384615385,0.5384615384615384
HGNC:6677,LPL,164,436,312,912,0.17982456140350878,0.4780701754385965,0.34210526315789475
HGNC:668,RHOB,0,1,10,11,0,0.09090909090909091,0.9090909090909091
HGNC:6685,LRAT,35,82,165,282,0.12411347517730496,0.2907801418439716,0.5851063829787234
HGNC:6694,LRP2,208,2669,2178,5055,0.041147378832838775,0.5279920870425322,0.4308605341246291
HGNC:6696,LRP4,49,650,827,1526,0.03211009174311927,0.4259501965923984,0.5419397116644823
HGNC:6697,LRP5,222,944,1319,2485,0.08933601609657947,0.37987927565392354,0.530784708249497
HGNC:6698,LRP6,72,283,429,784,0.09183673469387756,0.36096938775510207,0.5471938775510204
HGNC:6701,LRPAP1,7,29,82,118,0.059322033898305086,0.2457627118644068,0.6949152542372882
HGNC:6708,LSS,36,191,155,382,0.09424083769633508,0.5,0.40575916230366493
HGNC:6714,LTBP1,8,51,309,368,0.021739130434782608,0.13858695652173914,0.8396739130434783
HGNC:6715,LTBP2,78,790,811,1679,0.04645622394282311,0.47051816557474685,0.48302561048243003
HGNC:6716,LTBP3,96,870,1030,1996,0.04809619238476954,0.43587174348697394,0.5160320641282565
HGNC:6717,LTBP4,74,659,597,1330,0.055639097744360905,0.49548872180451126,0.4488721804511278
HGNC:6735,LYN,4,172,128,304,0.013157894736842105,0.5657894736842105,0.42105263157894735
HGNC:6740,LYZ,4,28,65,97,0.041237113402061855,0.28865979381443296,0.6701030927835051
HGNC:6741,LZTFL1,21,102,107,230,0.09130434782608696,0.4434782608695652,0.4652173913043478
HGNC:6742,LZTR1,822,1283,2621,4726,0.17393144308082945,0.2714769360981803,0.5545916208209902
HGNC:6743,CAPRIN1,35,12,115,162,0.21604938271604937,0.07407407407407407,0.7098765432098766
HGNC:6757,MAB21L1,9,6,34,49,0.1836734693877551,0.12244897959183673,0.6938775510204082
HGNC:6758,MAB21L2,8,17,39,64,0.125,0.265625,0.609375
HGNC:6764,MAD2L2,1,111,72,184,0.005434782608695652,0.6032608695652174,0.391304347826087
HGNC:6766,MADD,39,55,282,376,0.10372340425531915,0.14627659574468085,0.75
HGNC:6768,SMAD2,40,252,203,495,0.08080808080808081,0.509090909090909,0.4101010101010101
HGNC:6769,SMAD3,211,429,632,1272,0.16588050314465408,0.33726415094339623,0.4968553459119497
HGNC:6770,SMAD4,331,971,1297,2599,0.12735667564447864,0.37360523278183916,0.4990380915736822
HGNC:6771,SMAD5,0,0,27,27,0,0,1
HGNC:6772,SMAD6,84,373,881,1338,0.06278026905829596,0.2787742899850523,0.6584454409566517
HGNC:6774,SMAD9,28,121,135,284,0.09859154929577464,0.426056338028169,0.4753521126760563
HGNC:6776,MAF,37,94,115,246,0.15040650406504066,0.3821138211382114,0.46747967479674796
HGNC:678,ARHGDIA,4,40,41,85,0.047058823529411764,0.47058823529411764,0.4823529411764706
HGNC:6783,MAG,16,169,185,370,0.043243243243243246,0.45675675675675675,0.5
HGNC:68,ABCD4,45,313,193,551,0.08166969147005444,0.5680580762250453,0.3502722323049002
HGNC:681,ARHGEF1,0,445,467,912,0,0.48793859649122806,0.5120614035087719
HGNC:6814,MAGEL2,254,261,1025,1540,0.16493506493506493,0.16948051948051948,0.6655844155844156
HGNC:6816,MAK,95,288,259,642,0.14797507788161993,0.4485981308411215,0.40342679127725856
HGNC:6817,MAL,0,0,19,19,0,0,1
HGNC:6819,MALT1,26,254,202,482,0.05394190871369295,0.5269709543568465,0.4190871369294606
HGNC:6823,MAN1B1,52,273,309,634,0.08201892744479496,0.4305993690851735,0.48738170347003157
HGNC:6826,MAN2B1,362,984,573,1919,0.18863991662324128,0.5127670661803022,0.2985930171964565
HGNC:6827,MAN2C1,15,14,224,253,0.05928853754940711,0.05533596837944664,0.8853754940711462
HGNC:6831,MANBA,110,477,282,869,0.12658227848101267,0.5489067894131185,0.3245109321058688
HGNC:6833,MAOA,97,82,148,327,0.2966360856269113,0.25076452599388377,0.4525993883792049
HGNC:6836,MAP1B,48,184,434,666,0.07207207207207207,0.27627627627627627,0.6516516516516516
HGNC:6840,MAP2K1,57,343,317,717,0.0794979079497908,0.4783821478382148,0.4421199442119944
HGNC:6842,MAP2K2,32,501,492,1025,0.03121951219512195,0.48878048780487804,0.48
HGNC:6848,MAP3K1,18,161,256,435,0.041379310344827586,0.3701149425287356,0.5885057471264368
HGNC:6853,MAP3K14,2,308,231,541,0.0036968576709796672,0.5693160813308688,0.4269870609981516
HGNC:6855,MAP3K3,1,22,92,115,0.008695652173913044,0.19130434782608696,0.8
HGNC:6859,MAP3K7,26,156,199,381,0.06824146981627296,0.4094488188976378,0.5223097112860893
HGNC:686,RHOH,0,51,39,90,0,0.5666666666666667,0.43333333333333335
HGNC:6866,MAP4K4,15,57,182,254,0.05905511811023622,0.22440944881889763,0.7165354330708661
HGNC:6871,MAPK1,12,17,35,64,0.1875,0.265625,0.546875
HGNC:6872,MAPK10,0,17,29,46,0,0.3695652173913043,0.6304347826086957
HGNC:6884,MAPK8IP3,21,166,384,571,0.03677758318739054,0.29071803852889666,0.6725043782837128
HGNC:6888,MAPKAPK3,1,105,191,297,0.003367003367003367,0.35353535353535354,0.6430976430976431
HGNC:6889,MAPKAPK5,6,3,53,62,0.0967741935483871,0.04838709677419355,0.8548387096774194
HGNC:689,ARIH1,0,158,127,285,0,0.5543859649122806,0.4456140350877193
HGNC:6891,MAPRE2,7,22,30,59,0.11864406779661017,0.3728813559322034,0.5084745762711864
HGNC:6893,MAPT,36,260,280,576,0.0625,0.4513888888888889,0.4861111111111111
HGNC:6898,MARS,8,357,570,935,0.008556149732620321,0.38181818181818183,0.6096256684491979
HGNC:6901,MASP1,28,166,211,405,0.0691358024691358,0.40987654320987654,0.5209876543209877
HGNC:6902,MASP2,4,45,158,207,0.01932367149758454,0.21739130434782608,0.7632850241545893
HGNC:6903,MAT1A,41,140,242,423,0.09692671394799054,0.3309692671394799,0.5721040189125296
HGNC:6909,MATN3,14,115,254,383,0.03655352480417755,0.3002610966057441,0.6631853785900783
HGNC:691,PHOX2A,2,8,32,42,0.047619047619047616,0.19047619047619047,0.7619047619047619
HGNC:6912,MATR3,1,303,368,672,0.001488095238095238,0.45089285714285715,0.5476190476190477
HGNC:6913,MAX,60,266,327,653,0.09188361408882083,0.40735068912710565,0.5007656967840735
HGNC:6919,MBD4,145,418,872,1435,0.10104529616724739,0.2912891986062718,0.6076655052264809
HGNC:6922,MBL2,0,19,108,127,0,0.14960629921259844,0.8503937007874016
HGNC:6930,MC2R,34,44,110,188,0.18085106382978725,0.23404255319148937,0.5851063829787234
HGNC:6932,MC4R,62,38,183,283,0.21908127208480566,0.13427561837455831,0.6466431095406361
HGNC:6936,MCCC1,205,417,359,981,0.2089704383282365,0.42507645259938837,0.3659531090723751
HGNC:6937,MCCC2,198,375,325,898,0.22048997772828507,0.41759465478841873,0.3619153674832962
HGNC:6938,CHST6,54,92,235,381,0.14173228346456693,0.24146981627296588,0.6167979002624672
HGNC:694,ARL3,3,53,94,150,0.02,0.35333333333333333,0.6266666666666667
HGNC:6946,MCM3AP,108,775,756,1639,0.06589383770591824,0.47284929835265405,0.4612568639414277
HGNC:6947,MCM4,3,317,411,731,0.004103967168262654,0.43365253077975374,0.5622435020519836
HGNC:6950,MCM7,6,11,146,163,0.03680981595092025,0.06748466257668712,0.8957055214723927
HGNC:6953,CD46,74,151,348,573,0.12914485165794065,0.26352530541012215,0.6073298429319371
HGNC:6954,MCPH1,110,681,428,1219,0.09023789991796555,0.5586546349466776,0.35110746513535684
HGNC:697,ARL6IP1,7,57,39,103,0.06796116504854369,0.5533980582524272,0.3786407766990291
HGNC:6971,MDH2,21,304,401,726,0.028925619834710745,0.418732782369146,0.5523415977961432
HGNC:6990,MECP2,965,669,585,2219,0.4348805768364128,0.3014871563767463,0.26363226678684093
HGNC:6996,MEF2C,145,266,223,634,0.22870662460567823,0.4195583596214511,0.35173501577287064
HGNC:6998,MEFV,21,537,792,1350,0.015555555555555555,0.3977777777777778,0.5866666666666667
HGNC:7001,MEIS2,53,67,116,236,0.2245762711864407,0.2838983050847458,0.4915254237288136
HGNC:7010,MEN1,680,967,1487,3134,0.2169751116783663,0.3085513720485003,0.4744735162731334
HGNC:7013,MEOX1,7,58,64,129,0.05426356589147287,0.4496124031007752,0.49612403100775193
HGNC:7027,MERTK,129,281,473,883,0.14609286523216308,0.318233295583239,0.535673839184598
HGNC:7029,MET,12,1825,3048,4885,0.0024564994882292734,0.3735926305015353,0.6239508700102354
HGNC:704,ARPC1B,28,205,145,378,0.07407407407407407,0.5423280423280423,0.3835978835978836
HGNC:7045,MGAT2,14,29,130,173,0.08092485549132948,0.1676300578034682,0.7514450867052023
HGNC:7060,MGP,5,72,51,128,0.0390625,0.5625,0.3984375
HGNC:7067,CIITA,105,1037,713,1855,0.05660377358490566,0.5590296495956874,0.384366576819407
HGNC:707,ARPC4,0,5,24,29,0,0.1724137931034483,0.8275862068965517
HGNC:708,ARPC5,2,1,16,19,0.10526315789473684,0.05263157894736842,0.8421052631578947
HGNC:7090,MICA,0,13,35,48,0,0.2708333333333333,0.7291666666666666
HGNC:7095,MID1,163,253,185,601,0.27121464226289516,0.4209650582362729,0.30782029950083195
HGNC:7097,MIF,0,8,22,30,0,0.26666666666666666,0.7333333333333333
HGNC:710,ARR3,11,18,47,76,0.14473684210526316,0.23684210526315788,0.618421052631579
HGNC:7102,MINPP1,16,22,68,106,0.1509433962264151,0.20754716981132076,0.6415094339622641
HGNC:7103,MIP,23,34,61,118,0.19491525423728814,0.288135593220339,0.5169491525423728
HGNC:7104,MIPEP,19,130,166,315,0.06031746031746032,0.4126984126984127,0.526984126984127
HGNC:7105,MITF,147,429,788,1364,0.10777126099706745,0.31451612903225806,0.5777126099706745
HGNC:7108,MKKS,126,248,306,680,0.18529411764705883,0.36470588235294116,0.45
HGNC:7121,MKS1,182,494,488,1164,0.1563573883161512,0.42439862542955326,0.41924398625429554
HGNC:7127,MLH1,1960,1657,2689,6306,0.3108150967332699,0.2627656200444022,0.4264192832223279
HGNC:713,ARSA,384,485,446,1315,0.2920152091254753,0.3688212927756654,0.3391634980988593
HGNC:7132,KMT2A,555,1253,1966,3774,0.14705882352941177,0.3320084790673026,0.5209326974032856
HGNC:7133,KMT2D,1060,3191,3167,7418,0.14289565920733352,0.4301698571043408,0.4269344836883257
HGNC:714,ARSB,258,409,355,1022,0.25244618395303325,0.40019569471624267,0.3473581213307241
HGNC:7146,TRPM1,115,596,719,1430,0.08041958041958042,0.4167832167832168,0.5027972027972027
HGNC:7150,MLYCD,69,398,282,749,0.09212283044058744,0.5313751668891856,0.376502002670227
HGNC:7154,MME,106,333,349,788,0.13451776649746192,0.42258883248730966,0.44289340101522845
HGNC:7159,MMP13,31,134,223,388,0.07989690721649484,0.34536082474226804,0.5747422680412371
HGNC:7161,MMP15,1,7,123,131,0.007633587786259542,0.05343511450381679,0.9389312977099237
HGNC:7166,MMP2,31,201,209,441,0.07029478458049887,0.4557823129251701,0.47392290249433106
HGNC:7167,MMP20,12,60,130,202,0.0594059405940594,0.297029702970297,0.6435643564356436
HGNC:7176,MMP9,3,196,299,498,0.006024096385542169,0.39357429718875503,0.6004016064257028
HGNC:7179,ALDH6A1,8,106,119,233,0.034334763948497854,0.45493562231759654,0.5107296137339056
HGNC:7180,MN1,31,92,374,497,0.06237424547283702,0.1851106639839034,0.7525150905432596
HGNC:719,ARSE,43,297,141,481,0.0893970893970894,0.6174636174636174,0.29313929313929316
HGNC:7190,MOCS1,89,298,422,809,0.1100123609394314,0.3683559950556242,0.5216316440049443
HGNC:7193,MOCS2,50,185,161,396,0.12626262626262627,0.4671717171717172,0.4065656565656566
HGNC:7197,MOG,1,9,30,40,0.025,0.225,0.75
HGNC:7207,MPDU1,17,40,68,125,0.136,0.32,0.544
HGNC:7208,MPDZ,133,797,1046,1976,0.0673076923076923,0.4033400809716599,0.5293522267206477
HGNC:7216,MPI,148,299,167,614,0.24104234527687296,0.48697068403908794,0.2719869706840391
HGNC:7217,MPL,210,398,331,939,0.22364217252396165,0.42385516506922255,0.35250266240681577
HGNC:7218,MPO,18,26,114,158,0.11392405063291139,0.16455696202531644,0.7215189873417721
HGNC:7224,MPV17,92,162,118,372,0.24731182795698925,0.43548387096774194,0.3172043010752688
HGNC:7225,MPZ,198,120,394,712,0.27808988764044945,0.16853932584269662,0.5533707865168539
HGNC:7227,MRAS,5,132,123,260,0.019230769230769232,0.5076923076923077,0.47307692307692306
HGNC:7228,MRC1,0,5,2,7,0,0.7142857142857143,0.2857142857142857
HGNC:7230,MRE11,191,783,1428,2402,0.07951706910907577,0.3259783513738551,0.5945045795170691
HGNC:7237,MRVI1,0,18,154,172,0,0.10465116279069768,0.8953488372093024
HGNC:7315,MS4A1,0,69,151,220,0,0.31363636363636366,0.6863636363636364
HGNC:7323,SEPT9,4,388,372,764,0.005235602094240838,0.5078534031413613,0.4869109947643979
HGNC:7325,MSH2,2195,2272,3735,8202,0.26761765423067546,0.277005608388198,0.45537673738112655
HGNC:7326,MSH3,614,1708,3117,5439,0.11288839860268432,0.31402831402831405,0.5730832873690016
HGNC:7327,MSH4,17,12,129,158,0.10759493670886076,0.0759493670886076,0.8164556962025317
HGNC:7328,MSH5,11,18,84,113,0.09734513274336283,0.1592920353982301,0.7433628318584071
HGNC:7329,MSH6,2285,2482,5724,10491,0.2178057382518349,0.2365837384424745,0.5456105233056906
HGNC:735,ASAH1,127,511,378,1016,0.125,0.5029527559055118,0.3720472440944882
HGNC:7370,MSL3,126,30,87,243,0.5185185185185185,0.12345679012345678,0.35802469135802467
HGNC:7373,MSN,18,127,125,270,0.06666666666666667,0.4703703703703704,0.46296296296296297
HGNC:7380,MST1,0,17,129,146,0,0.11643835616438356,0.8835616438356164
HGNC:7391,MSX1,76,51,103,230,0.33043478260869563,0.2217391304347826,0.44782608695652176
HGNC:7392,MSX2,23,114,138,275,0.08363636363636363,0.41454545454545455,0.5018181818181818
HGNC:7413,MTAP,40,81,103,224,0.17857142857142858,0.36160714285714285,0.45982142857142855
HGNC:7414,MT-ATP6,13,179,123,315,0.04126984126984127,0.5682539682539682,0.3904761904761905
HGNC:7415,MT-ATP8,5,58,35,98,0.05102040816326531,0.5918367346938775,0.35714285714285715
HGNC:7419,MT-CO1,22,111,110,243,0.09053497942386832,0.4567901234567901,0.45267489711934156
HGNC:7421,MT-CO2,10,62,57,129,0.07751937984496124,0.4806201550387597,0.4418604651162791
HGNC:7422,MT-CO3,9,78,83,170,0.052941176470588235,0.4588235294117647,0.48823529411764705
HGNC:7427,MT-CYB,8,180,140,328,0.024390243902439025,0.5487804878048781,0.4268292682926829
HGNC:7432,MTHFD1,40,360,238,638,0.06269592476489028,0.5642633228840125,0.3730407523510972
HGNC:7436,MTHFR,202,489,282,973,0.20760534429599178,0.5025693730729702,0.289825282631038
HGNC:7437,MTHFS,6,20,29,55,0.10909090909090909,0.36363636363636365,0.5272727272727272
HGNC:7448,MTM1,370,344,228,942,0.39278131634819535,0.3651804670912951,0.24203821656050956
HGNC:7450,MTMR2,62,291,303,656,0.09451219512195122,0.44359756097560976,0.46189024390243905
HGNC:7455,MT-ND1,13,95,84,192,0.06770833333333333,0.4947916666666667,0.4375
HGNC:7456,MT-ND2,1,109,76,186,0.005376344086021506,0.5860215053763441,0.40860215053763443
HGNC:7458,MT-ND3,5,25,21,51,0.09803921568627451,0.49019607843137253,0.4117647058823529
HGNC:7459,MT-ND4,6,85,63,154,0.03896103896103896,0.551948051948052,0.4090909090909091
HGNC:746,ASL,239,490,218,947,0.25237592397043296,0.5174234424498416,0.23020063357972545
HGNC:7460,MT-ND4L,1,17,14,32,0.03125,0.53125,0.4375
HGNC:7461,MT-ND5,16,180,139,335,0.04776119402985075,0.5373134328358209,0.41492537313432837
HGNC:7462,MT-ND6,17,61,41,119,0.14285714285714285,0.5126050420168067,0.3445378151260504
HGNC:7467,MTTP,181,641,414,1236,0.1464401294498382,0.5186084142394822,0.33495145631067963
HGNC:7468,MTR,108,881,450,1439,0.07505211952744961,0.6122307157748437,0.3127171646977067
HGNC:7470,MT-RNR1,3,62,15,80,0.0375,0.775,0.1875
HGNC:7471,MT-RNR2,2,11,9,22,0.09090909090909091,0.5,0.4090909090909091
HGNC:7473,MTRR,160,613,297,1070,0.14953271028037382,0.5728971962616822,0.2775700934579439
HGNC:7475,MT-TA,1,12,10,23,0.043478260869565216,0.5217391304347826,0.43478260869565216
HGNC:7477,MT-TC,0,23,7,30,0,0.7666666666666667,0.23333333333333334
HGNC:7478,MT-TD,0,17,12,29,0,0.5862068965517241,0.41379310344827586
HGNC:7479,MT-TE,5,11,10,26,0.19230769230769232,0.4230769230769231,0.38461538461538464
HGNC:7481,MT-TF,3,21,15,39,0.07692307692307693,0.5384615384615384,0.38461538461538464
HGNC:7486,MT-TG,0,15,15,30,0,0.5,0.5
HGNC:7487,MT-TH,6,18,18,42,0.14285714285714285,0.42857142857142855,0.42857142857142855
HGNC:7488,MT-TI,2,8,18,28,0.07142857142857142,0.2857142857142857,0.6428571428571429
HGNC:7489,MT-TK,5,16,15,36,0.1388888888888889,0.4444444444444444,0.4166666666666667
HGNC:7490,MT-TL1,13,10,16,39,0.3333333333333333,0.2564102564102564,0.41025641025641024
HGNC:7491,MT-TL2,6,11,13,30,0.2,0.36666666666666664,0.43333333333333335
HGNC:7492,MT-TM,1,7,7,15,0.06666666666666667,0.4666666666666667,0.4666666666666667
HGNC:7493,MT-TN,4,9,8,21,0.19047619047619047,0.42857142857142855,0.38095238095238093
HGNC:7494,MT-TP,2,8,13,23,0.08695652173913043,0.34782608695652173,0.5652173913043478
HGNC:7495,MT-TQ,0,19,9,28,0,0.6785714285714286,0.32142857142857145
HGNC:7496,MT-TR,1,11,10,22,0.045454545454545456,0.5,0.45454545454545453
HGNC:7497,MT-TS1,8,11,16,35,0.22857142857142856,0.3142857142857143,0.45714285714285713
HGNC:7498,MT-TS2,5,12,15,32,0.15625,0.375,0.46875
HGNC:7499,MT-TT,1,49,9,59,0.01694915254237288,0.8305084745762712,0.15254237288135594
HGNC:7500,MT-TV,3,10,18,31,0.0967741935483871,0.3225806451612903,0.5806451612903226
HGNC:7501,MT-TW,6,17,16,39,0.15384615384615385,0.4358974358974359,0.41025641025641024
HGNC:7502,MT-TY,1,9,12,22,0.045454545454545456,0.4090909090909091,0.5454545454545454
HGNC:7506,MTX2,9,1,29,39,0.23076923076923078,0.02564102564102564,0.7435897435897436
HGNC:7508,MUC1,9,29,107,145,0.06206896551724138,0.2,0.7379310344827587
HGNC:7516,MUC5B,1,573,1390,1964,5.091649694501018e-4,0.29175152749490835,0.7077393075356415
HGNC:752,ASNA1,1,1,31,33,0.030303030303030304,0.030303030303030304,0.9393939393939394
HGNC:7523,TRIM37,114,494,246,854,0.13348946135831383,0.5784543325526932,0.28805620608899296
HGNC:7525,MUSK,75,452,360,887,0.08455467869222097,0.5095828635851184,0.40586245772266066
HGNC:7526,MUT,413,426,357,1196,0.34531772575250835,0.35618729096989965,0.298494983277592
HGNC:7527,MUTYH,425,1190,2584,4199,0.10121457489878542,0.2834008097165992,0.6153846153846154
HGNC:7529,MVD,7,15,98,120,0.058333333333333334,0.125,0.8166666666666667
HGNC:753,ASNS,168,408,258,834,0.2014388489208633,0.4892086330935252,0.30935251798561153
HGNC:7530,MVK,112,328,312,752,0.14893617021276595,0.43617021276595747,0.4148936170212766
HGNC:7533,MX2,0,12,94,106,0,0.11320754716981132,0.8867924528301887
HGNC:7546,MYBBP1A,0,58,326,384,0,0.15104166666666666,0.8489583333333334
HGNC:7549,MYBPC1,16,222,226,464,0.034482758620689655,0.47844827586206895,0.4870689655172414
HGNC:7551,MYBPC3,1078,1298,2308,4684,0.23014517506404783,0.2771135781383433,0.4927412467976089
HGNC:7559,MYCN,85,85,218,388,0.2190721649484536,0.2190721649484536,0.5618556701030928
HGNC:756,ASPA,187,194,137,518,0.361003861003861,0.3745173745173745,0.2644787644787645
HGNC:7562,MYD88,6,91,86,183,0.03278688524590164,0.4972677595628415,0.46994535519125685
HGNC:7565,MYF5,3,5,38,46,0.06521739130434782,0.10869565217391304,0.8260869565217391
HGNC:7567,MYH1,0,11,297,308,0,0.03571428571428571,0.9642857142857143
HGNC:7568,MYH10,19,43,290,352,0.05397727272727273,0.12215909090909091,0.8238636363636364
HGNC:7569,MYH11,80,1756,2404,4240,0.018867924528301886,0.41415094339622643,0.5669811320754717
HGNC:757,ASPH,28,126,103,257,0.10894941634241245,0.490272373540856,0.40077821011673154
HGNC:7572,MYH2,124,576,1023,1723,0.07196749854904237,0.3343006384213581,0.5937318630295996
HGNC:7573,MYH3,129,775,1018,1922,0.06711758584807492,0.4032258064516129,0.5296566077003122
HGNC:7576,MYH6,17,1103,1867,2987,0.005691329092735186,0.36926682289923,0.6250418480080349
HGNC:7577,MYH7,436,1915,3476,5827,0.0748240947314227,0.32864252617127165,0.5965333790973056
HGNC:7578,MYH8,3,130,384,517,0.005802707930367505,0.2514506769825919,0.7427466150870407
HGNC:7579,MYH9,75,932,971,1978,0.037917087967644085,0.4711830131445905,0.4908998988877654
HGNC:758,ASS1,230,432,262,924,0.24891774891774893,0.4675324675324675,0.28354978354978355
HGNC:7582,MYL1,2,27,23,52,0.038461538461538464,0.5192307692307693,0.4423076923076923
HGNC:7583,MYL2,19,252,376,647,0.02936630602782071,0.3894899536321484,0.5811437403400309
HGNC:7584,MYL3,5,163,332,500,0.01,0.326,0.664
HGNC:7590,MYLK,87,990,1676,2753,0.03160188884852888,0.3596077006901562,0.6087904104613149
HGNC:7594,MYO15A,724,1754,1384,3862,0.18746763335059555,0.45416882444329365,0.35836354220611083
HGNC:7599,MYO1E,30,295,330,655,0.04580152671755725,0.45038167938931295,0.5038167938931297
HGNC:76,ABL1,27,535,329,891,0.030303030303030304,0.6004489337822672,0.36924803591470257
HGNC:7601,MYO3A,72,325,593,990,0.07272727272727272,0.3282828282828283,0.598989898989899
HGNC:7602,MYO5A,11,260,253,524,0.02099236641221374,0.4961832061068702,0.48282442748091603
HGNC:7603,MYO5B,107,865,903,1875,0.05706666666666667,0.4613333333333333,0.4816
HGNC:7605,MYO6,109,283,560,952,0.11449579831932773,0.2972689075630252,0.5882352941176471
HGNC:7606,MYO7A,905,2202,1907,5014,0.18049461507778222,0.43917032309533305,0.3803350618268847
HGNC:7608,MYO9A,2,143,372,517,0.0038684719535783366,0.2765957446808511,0.7195357833655706
HGNC:7610,MYOC,50,77,204,331,0.1510574018126888,0.2326283987915408,0.6163141993957704
HGNC:7611,MYOD1,5,19,54,78,0.0641025641025641,0.24358974358974358,0.6923076923076923
HGNC:7618,PPP1R12A,38,84,173,295,0.1288135593220339,0.2847457627118644,0.5864406779661017
HGNC:7622,MYT1,2,59,130,191,0.010471204188481676,0.3089005235602094,0.680628272251309
HGNC:7623,MYT1L,135,240,269,644,0.2096273291925466,0.37267080745341613,0.41770186335403725
HGNC:7631,NAGA,42,254,139,435,0.09655172413793103,0.5839080459770115,0.3195402298850575
HGNC:7632,NAGLU,297,602,537,1436,0.20682451253481896,0.4192200557103064,0.37395543175487467
HGNC:7643,NARS,24,27,169,220,0.10909090909090909,0.12272727272727273,0.7681818181818182
HGNC:7648,NBEA,111,209,637,957,0.11598746081504702,0.21839080459770116,0.6656217345872518
HGNC:7652,NBN,541,1141,2092,3774,0.1433492315845257,0.3023317435082141,0.5543190249072601
HGNC:7660,NCF1,16,24,38,78,0.20512820512820512,0.3076923076923077,0.48717948717948717
HGNC:7661,NCF2,72,371,204,647,0.11128284389489954,0.5734157650695518,0.31530139103554866
HGNC:7662,NCF4,27,224,184,435,0.06206896551724138,0.5149425287356322,0.42298850574712643
HGNC:7666,NCKAP1,37,21,158,216,0.1712962962962963,0.09722222222222222,0.7314814814814815
HGNC:7677,NSMCE3,2,105,83,190,0.010526315789473684,0.5526315789473685,0.4368421052631579
HGNC:7678,NDP,163,53,74,290,0.5620689655172414,0.18275862068965518,0.25517241379310346
HGNC:7679,NDRG1,51,500,338,889,0.05736782902137233,0.562429696287964,0.38020247469066365
HGNC:7680,NDST1,4,121,163,288,0.013888888888888888,0.4201388888888889,0.5659722222222222
HGNC:7683,NDUFA1,2,33,23,58,0.034482758620689655,0.5689655172413793,0.39655172413793105
HGNC:7684,NDUFA10,9,152,222,383,0.02349869451697128,0.3968668407310705,0.5796344647519582
HGNC:7685,NDUFA2,3,51,46,100,0.03,0.51,0.46
HGNC:7686,NDUFA3,1,1,13,15,0.06666666666666667,0.06666666666666667,0.8666666666666667
HGNC:7687,NDUFA4,6,46,18,70,0.08571428571428572,0.6571428571428571,0.2571428571428571
HGNC:7688,NDUFA5,0,1,9,10,0,0.1,0.9
HGNC:7690,NDUFA6,7,28,45,80,0.0875,0.35,0.5625
HGNC:7691,NDUFA7,0,0,23,23,0,0,1
HGNC:7692,NDUFA8,3,2,31,36,0.08333333333333333,0.05555555555555555,0.8611111111111112
HGNC:7693,NDUFA9,12,115,144,271,0.04428044280442804,0.42435424354243545,0.5313653136531366
HGNC:7694,NDUFAB1,0,4,29,33,0,0.12121212121212122,0.8787878787878788
HGNC:7695,NDUFB1,0,1,13,14,0,0.07142857142857142,0.9285714285714286
HGNC:7696,NDUFB10,2,40,78,120,0.016666666666666666,0.3333333333333333,0.65
HGNC:7697,NDUFB2,0,0,20,20,0,0,1
HGNC:7698,NDUFB3,5,15,25,45,0.1111111111111111,0.3333333333333333,0.5555555555555556
HGNC:7699,NDUFB4,0,3,9,12,0,0.25,0.75
HGNC:7700,NDUFB5,0,2,34,36,0,0.05555555555555555,0.9444444444444444
HGNC:7701,NDUFB6,0,0,16,16,0,0,1
HGNC:7702,NDUFB7,1,4,21,26,0.038461538461538464,0.15384615384615385,0.8076923076923077
HGNC:7703,NDUFB8,4,43,55,102,0.0392156862745098,0.4215686274509804,0.5392156862745098
HGNC:7704,NDUFB9,1,59,62,122,0.00819672131147541,0.48360655737704916,0.5081967213114754
HGNC:7705,NDUFC1,0,2,14,16,0,0.125,0.875
HGNC:7706,NDUFC2,3,5,2,10,0.3,0.5,0.2
HGNC:7707,NDUFS1,54,209,241,504,0.10714285714285714,0.4146825396825397,0.4781746031746032
HGNC:7708,NDUFS2,13,103,148,264,0.04924242424242424,0.39015151515151514,0.5606060606060606
HGNC:7710,NDUFS3,9,55,102,166,0.05421686746987952,0.3313253012048193,0.6144578313253012
HGNC:7711,NDUFS4,48,122,72,242,0.19834710743801653,0.5041322314049587,0.2975206611570248
HGNC:7712,NDUFS5,0,4,12,16,0,0.25,0.75
HGNC:7713,NDUFS6,39,130,74,243,0.16049382716049382,0.5349794238683128,0.3045267489711934
HGNC:7714,NDUFS7,19,260,86,365,0.052054794520547946,0.7123287671232876,0.2356164383561644
HGNC:7715,NDUFS8,18,58,88,164,0.10975609756097561,0.35365853658536583,0.5365853658536586
HGNC:7716,NDUFV1,69,267,209,545,0.12660550458715597,0.48990825688073397,0.3834862385321101
HGNC:7717,NDUFV2,17,56,82,155,0.10967741935483871,0.36129032258064514,0.5290322580645161
HGNC:7719,NDUFV3,0,23,79,102,0,0.22549019607843138,0.7745098039215687
HGNC:7720,NEB,1886,6242,4347,12475,0.15118236472945892,0.5003607214428858,0.3484569138276553
HGNC:7728,NEDD4L,11,709,424,1144,0.009615384615384616,0.6197552447552448,0.3706293706293706
HGNC:773,ASTN1,2,14,158,174,0.011494252873563218,0.08045977011494253,0.9080459770114943
HGNC:7737,NEFH,10,399,713,1122,0.008912655971479501,0.35561497326203206,0.6354723707664884
HGNC:7739,NEFL,51,197,454,702,0.07264957264957266,0.28062678062678065,0.6467236467236467
HGNC:7744,NEK1,112,393,530,1035,0.10821256038647344,0.37971014492753624,0.5120772946859904
HGNC:775,SERPINC1,175,129,165,469,0.373134328358209,0.27505330490405117,0.35181236673773986
HGNC:7758,NEU1,67,163,117,347,0.1930835734870317,0.4697406340057637,0.3371757925072046
HGNC:7762,NEUROD1,5,96,236,337,0.01483679525222552,0.28486646884273,0.7002967359050445
HGNC:7763,NEUROD2,9,11,94,114,0.07894736842105263,0.09649122807017543,0.8245614035087719
HGNC:7764,NEUROG1,4,6,56,66,0.06060606060606061,0.09090909090909091,0.8484848484848485
HGNC:7765,NF1,5606,4369,7176,17151,0.32686140749810505,0.25473733310011076,0.41840125940178413
HGNC:777,ZFHX3,46,236,656,938,0.04904051172707889,0.2515991471215352,0.6993603411513859
HGNC:7773,NF2,311,869,1351,2531,0.12287633346503359,0.3433425523508495,0.533781114184117
HGNC:7774,NFAT5,0,337,563,900,0,0.37444444444444447,0.6255555555555555
HGNC:7782,NFE2L2,5,170,244,419,0.011933174224343675,0.40572792362768495,0.5823389021479713
HGNC:7784,NFIA,80,185,180,445,0.1797752808988764,0.4157303370786517,0.4044943820224719
HGNC:7785,NFIB,88,28,123,239,0.3682008368200837,0.11715481171548117,0.5146443514644351
HGNC:7788,NFIX,190,190,144,524,0.36259541984732824,0.36259541984732824,0.2748091603053435
HGNC:779,ATCAY,4,64,153,221,0.01809954751131222,0.2895927601809955,0.6923076923076923
HGNC:7794,NFKB1,161,379,414,954,0.16876310272536688,0.3972746331236897,0.4339622641509434
HGNC:7795,NFKB2,19,436,421,876,0.021689497716894976,0.4977168949771689,0.4805936073059361
HGNC:7797,NFKBIA,11,194,181,386,0.02849740932642487,0.5025906735751295,0.4689119170984456
HGNC:7801,TONSL,86,670,614,1370,0.06277372262773723,0.48905109489051096,0.4481751824817518
HGNC:7808,NGF,3,70,121,194,0.015463917525773196,0.36082474226804123,0.6237113402061856
HGNC:7820,NHS,163,275,358,796,0.20477386934673367,0.3454773869346734,0.44974874371859297
HGNC:7821,NID1,2,91,201,294,0.006802721088435374,0.30952380952380953,0.6836734693877551
HGNC:7835,NKX2-2,1,37,13,51,0.0196078431372549,0.7254901960784313,0.2549019607843137
HGNC:785,ATF3,0,8,18,26,0,0.3076923076923077,0.6923076923076923
HGNC:7853,NME5,3,2,26,31,0.0967741935483871,0.06451612903225806,0.8387096774193549
HGNC:7863,NNT,28,125,155,308,0.09090909090909091,0.40584415584415584,0.5032467532467533
HGNC:7865,NODAL,21,55,114,190,0.11052631578947368,0.2894736842105263,0.6
HGNC:7866,NOG,54,48,151,253,0.2134387351778656,0.18972332015810275,0.5968379446640316
HGNC:7871,NONO,95,80,106,281,0.33807829181494664,0.2846975088967972,0.37722419928825623
HGNC:7873,NOS2,0,61,142,203,0,0.30049261083743845,0.6995073891625616
HGNC:7876,NOS3,2,103,167,272,0.007352941176470588,0.3786764705882353,0.6139705882352942
HGNC:7877,CNOT1,54,380,486,920,0.058695652173913045,0.41304347826086957,0.5282608695652173
HGNC:7878,CNOT2,15,12,55,82,0.18292682926829268,0.14634146341463414,0.6707317073170732
HGNC:7879,CNOT3,72,134,241,447,0.1610738255033557,0.29977628635346754,0.5391498881431768
HGNC:7881,NOTCH1,219,2211,2216,4646,0.047137322427894965,0.47589324149806284,0.4769694360740422
HGNC:7882,NOTCH2,101,706,1341,2148,0.04702048417132216,0.3286778398510242,0.6243016759776536
HGNC:7883,NOTCH3,323,672,1065,2060,0.15679611650485437,0.3262135922330097,0.5169902912621359
HGNC:7887,NOVA2,13,30,84,127,0.10236220472440945,0.23622047244094488,0.6614173228346457
HGNC:7892,PNP,38,137,126,301,0.12624584717607973,0.45514950166112955,0.4186046511627907
HGNC:7897,NPC1,643,1300,829,2772,0.23196248196248195,0.468975468975469,0.2990620490620491
HGNC:79,ABO,0,19,1,20,0,0.95,0.05
HGNC:7905,NPHP1,160,469,454,1083,0.14773776546629733,0.433056325023084,0.41920590951061865
HGNC:7907,NPHP3,162,485,783,1430,0.11328671328671329,0.33916083916083917,0.5475524475524476
HGNC:7908,NPHS1,470,1035,631,2136,0.2200374531835206,0.4845505617977528,0.2954119850187266
HGNC:791,ATF6,46,196,251,493,0.09330628803245436,0.3975659229208925,0.5091277890466531
HGNC:7910,NPM1,8,28,25,61,0.13114754098360656,0.45901639344262296,0.4098360655737705
HGNC:794,ATIC,9,62,99,170,0.052941176470588235,0.36470588235294116,0.5823529411764706
HGNC:7944,NPR2,102,197,441,740,0.13783783783783785,0.2662162162162162,0.595945945945946
HGNC:7945,NPR3,8,133,119,260,0.03076923076923077,0.5115384615384615,0.4576923076923077
HGNC:795,ATM,3867,5659,9918,19444,0.19887883151614894,0.29104093807858467,0.5100802304052664
HGNC:7952,NPTX1,6,9,53,68,0.08823529411764706,0.1323529411764706,0.7794117647058824
HGNC:7960,NR0B1,209,178,127,514,0.4066147859922179,0.3463035019455253,0.24708171206225682
HGNC:7967,NR1H4,16,53,93,162,0.09876543209876543,0.3271604938271605,0.5740740740740741
HGNC:797,ATOH1,3,8,66,77,0.03896103896103896,0.1038961038961039,0.8571428571428571
HGNC:7974,NR2E3,154,343,369,866,0.17782909930715934,0.3960739030023095,0.42609699769053117
HGNC:7975,NR2F1,144,151,190,485,0.29690721649484536,0.311340206185567,0.3917525773195876
HGNC:7976,NR2F2,38,63,78,179,0.2122905027932961,0.35195530726256985,0.43575418994413406
HGNC:7978,NR3C1,16,61,243,320,0.05,0.190625,0.759375
HGNC:7979,NR3C2,69,127,271,467,0.14775160599571735,0.27194860813704497,0.5802997858672377
HGNC:7981,NR4A2,60,37,161,258,0.23255813953488372,0.1434108527131783,0.624031007751938
HGNC:7983,NR5A1,145,93,133,371,0.3908355795148248,0.25067385444743934,0.3584905660377358
HGNC:7985,NR6A1,7,6,61,74,0.0945945945945946,0.08108108108108109,0.8243243243243243
HGNC:7988,NRAP,17,184,257,458,0.03711790393013101,0.4017467248908297,0.5611353711790393
HGNC:7989,NRAS,26,122,175,323,0.0804953560371517,0.37770897832817335,0.541795665634675
HGNC:799,ATP1A1,27,535,384,946,0.02854122621564482,0.5655391120507399,0.4059196617336152
HGNC:7994,NRCAM,14,27,200,241,0.058091286307053944,0.11203319502074689,0.8298755186721992
HGNC:7995,NRDC,0,5,8,13,0,0.38461538461538464,0.6153846153846154
HGNC:7997,NRG1,0,44,5,49,0,0.8979591836734694,0.10204081632653061
HGNC:7999,NRG3,0,14,106,120,0,0.11666666666666667,0.8833333333333333
HGNC:800,ATP1A2,137,663,761,1561,0.0877642536835362,0.4247277386290839,0.4875080076873799
HGNC:8002,NRL,33,64,155,252,0.13095238095238096,0.25396825396825395,0.6150793650793651
HGNC:8008,NRXN1,143,969,1396,2508,0.05701754385964912,0.38636363636363635,0.5566188197767146
HGNC:801,ATP1A3,176,627,583,1386,0.12698412698412698,0.4523809523809524,0.42063492063492064
HGNC:8011,CNTNAP1,46,278,305,629,0.07313195548489666,0.4419713831478537,0.4848966613672496
HGNC:8016,NSF,6,21,43,70,0.08571428571428572,0.3,0.6142857142857143
HGNC:8021,NT5E,4,24,86,114,0.03508771929824561,0.21052631578947367,0.7543859649122807
HGNC:8022,NT5C2,31,156,94,281,0.1103202846975089,0.5551601423487544,0.33451957295373663
HGNC:8028,NTHL1,158,550,1094,1802,0.0876803551609323,0.3052164261931188,0.607103218645949
HGNC:8029,NTN1,3,23,88,114,0.02631578947368421,0.20175438596491227,0.7719298245614035
HGNC:8031,NTRK1,201,800,560,1561,0.1287636130685458,0.5124919923126201,0.35874439461883406
HGNC:8032,NTRK2,14,405,422,841,0.016646848989298454,0.4815695600475624,0.5017835909631391
HGNC:8049,NUDT2,3,6,17,26,0.11538461538461539,0.23076923076923078,0.6538461538461539
HGNC:8053,NUDT6,0,6,38,44,0,0.13636363636363635,0.8636363636363636
HGNC:8064,NUP214,10,65,348,423,0.02364066193853428,0.1536643026004728,0.8226950354609929
HGNC:8066,NUP62,1,86,165,252,0.003968253968253968,0.3412698412698413,0.6547619047619048
HGNC:8067,NUP88,4,28,117,149,0.026845637583892617,0.18791946308724833,0.785234899328859
HGNC:8068,NUP98,1,28,211,240,0.004166666666666667,0.11666666666666667,0.8791666666666667
HGNC:8079,FRMD7,145,136,295,576,0.2517361111111111,0.2361111111111111,0.5121527777777778
HGNC:8082,NYX,128,117,299,544,0.23529411764705882,0.21507352941176472,0.5496323529411765
HGNC:8086,OAS1,2,179,208,389,0.005141388174807198,0.4601542416452442,0.5347043701799485
HGNC:8091,OAT,151,346,234,731,0.20656634746922026,0.47332421340629277,0.320109439124487
HGNC:8101,OCA2,323,653,475,1451,0.22260509993108202,0.4500344589937974,0.32736044107512063
HGNC:8104,OCLN,23,46,90,159,0.14465408805031446,0.2893081761006289,0.5660377358490566
HGNC:8108,OCRL,234,427,316,977,0.23950870010235414,0.43705220061412486,0.323439099283521
HGNC:8109,ODC1,12,37,65,114,0.10526315789473684,0.32456140350877194,0.5701754385964912
HGNC:811,ATP2A1,70,406,456,932,0.07510729613733906,0.4356223175965665,0.4892703862660944
HGNC:812,ATP2A2,94,114,182,390,0.24102564102564103,0.2923076923076923,0.4666666666666667
HGNC:8124,OGDH,5,126,110,241,0.02074688796680498,0.5228215767634855,0.45643153526970953
HGNC:8127,OGT,18,59,144,221,0.08144796380090498,0.2669683257918552,0.6515837104072398
HGNC:8138,ONECUT1,0,1,58,59,0,0.01694915254237288,0.9830508474576272
HGNC:814,ATP2B1,49,16,202,267,0.18352059925093633,0.0599250936329588,0.7565543071161048
HGNC:8140,OPA1,383,626,775,1784,0.21468609865470853,0.3508968609865471,0.4344170403587444
HGNC:8142,OPA3,38,218,373,629,0.06041335453100159,0.3465818759936407,0.5930047694753577
HGNC:8148,OPHN1,148,196,260,604,0.24503311258278146,0.32450331125827814,0.4304635761589404
HGNC:8149,OPLAH,46,246,329,621,0.07407407407407407,0.3961352657004831,0.5297906602254429
HGNC:815,ATP2B2,55,270,300,625,0.088,0.432,0.48
HGNC:8157,SIGMAR1,27,97,97,221,0.12217194570135746,0.43891402714932126,0.43891402714932126
HGNC:816,ATP2B3,10,95,139,244,0.040983606557377046,0.38934426229508196,0.569672131147541
HGNC:823,ATP5A1,6,154,143,303,0.019801980198019802,0.5082508250825083,0.47194719471947194
HGNC:830,ATP5B,1,2,43,46,0.021739130434782608,0.043478260869565216,0.9347826086956522
HGNC:833,ATP5C1,0,2,36,38,0,0.05263157894736842,0.9473684210526315
HGNC:837,ATP5D,2,70,96,168,0.011904761904761904,0.4166666666666667,0.5714285714285714
HGNC:838,ATP5E,1,23,15,39,0.02564102564102564,0.5897435897435898,0.38461538461538464
HGNC:84,ACACA,2,196,219,417,0.004796163069544364,0.47002398081534774,0.5251798561151079
HGNC:841,ATP5G1,0,0,18,18,0,0,1
HGNC:842,ATP5G2,0,2,23,25,0,0.08,0.92
HGNC:843,ATP5G3,3,6,17,26,0.11538461538461539,0.23076923076923078,0.6538461538461539
HGNC:846,ATP5I,0,0,18,18,0,0,1
HGNC:847,ATP5J,0,1,13,14,0,0.07142857142857142,0.9285714285714286
HGNC:8487,ORC1,33,167,218,418,0.07894736842105263,0.39952153110047844,0.5215311004784688
HGNC:8490,ORC4,32,92,111,235,0.13617021276595745,0.39148936170212767,0.4723404255319149
HGNC:850,ATP5O,4,5,32,41,0.0975609756097561,0.12195121951219512,0.7804878048780488
HGNC:8507,OSMR,8,38,129,175,0.045714285714285714,0.21714285714285714,0.7371428571428571
HGNC:851,ATP6V1A,26,185,228,439,0.05922551252847381,0.4214123006833713,0.5193621867881549
HGNC:8512,OTC,516,298,252,1066,0.48405253283302063,0.2795497185741088,0.23639774859287055
HGNC:8514,CLDN11,2,5,14,21,0.09523809523809523,0.23809523809523808,0.6666666666666666
HGNC:8515,OTOF,399,1278,725,2402,0.16611157368859283,0.5320566194837635,0.30183180682764366
HGNC:8516,OTOG,136,723,659,1518,0.08959156785243742,0.4762845849802372,0.43412384716732544
HGNC:8522,OTX2,63,76,178,317,0.19873817034700317,0.23974763406940064,0.5615141955835962
HGNC:8526,OXA1L,2,18,78,98,0.02040816326530612,0.1836734693877551,0.7959183673469388
HGNC:8527,OXCT1,22,115,119,256,0.0859375,0.44921875,0.46484375
HGNC:853,ATP6V1B1,127,436,299,862,0.14733178654292342,0.505800464037123,0.3468677494199536
HGNC:8533,P2RX1,0,29,57,86,0,0.3372093023255814,0.6627906976744186
HGNC:854,ATP6V1B2,18,45,120,183,0.09836065573770492,0.2459016393442623,0.6557377049180327
HGNC:8548,P4HB,3,219,188,410,0.007317073170731708,0.5341463414634147,0.4585365853658537
HGNC:8549,BLOC1S6,27,105,80,212,0.12735849056603774,0.49528301886792453,0.37735849056603776
HGNC:855,ATP6V0C,22,3,31,56,0.39285714285714285,0.05357142857142857,0.5535714285714286
HGNC:8554,PABPC1,2,12,23,37,0.05405405405405406,0.32432432432432434,0.6216216216216216
HGNC:8565,PABPN1,14,25,55,94,0.14893617021276595,0.26595744680851063,0.5851063829787234
HGNC:8568,FURIN,0,7,100,107,0,0.06542056074766354,0.9345794392523364
HGNC:857,ATP6V1E1,1,144,53,198,0.005050505050505051,0.7272727272727273,0.2676767676767677
HGNC:8572,PACSIN3,3,2,85,90,0.03333333333333333,0.022222222222222223,0.9444444444444444
HGNC:8574,PAFAH1B1,216,222,175,613,0.3523654159869494,0.3621533442088091,0.28548123980424145
HGNC:8582,PAH,900,415,347,1662,0.5415162454873647,0.2496991576413959,0.20878459687123946
HGNC:8583,SERPINE1,3,38,96,137,0.021897810218978103,0.2773722627737226,0.7007299270072993
HGNC:8587,PAICS,4,1,33,38,0.10526315789473684,0.02631578947368421,0.868421052631579
HGNC:8590,PAK1,26,22,102,150,0.17333333333333334,0.14666666666666667,0.68
HGNC:8591,PAK2,50,5,60,115,0.43478260869565216,0.043478260869565216,0.5217391304347826
HGNC:8592,PAK3,110,74,138,322,0.3416149068322981,0.22981366459627328,0.42857142857142855
HGNC:8604,PAPSS2,41,190,169,400,0.1025,0.475,0.4225
HGNC:8607,PRKN,109,211,270,590,0.1847457627118644,0.3576271186440678,0.4576271186440678
HGNC:8609,PARN,88,401,461,950,0.09263157894736843,0.42210526315789476,0.48526315789473684
HGNC:8615,PAX1,23,234,257,514,0.04474708171206226,0.45525291828793774,0.5
HGNC:8616,PAX2,151,208,276,635,0.2377952755905512,0.32755905511811023,0.4346456692913386
HGNC:8617,PAX3,207,120,181,508,0.4074803149606299,0.23622047244094488,0.3562992125984252
HGNC:8618,PAX4,0,79,114,193,0,0.40932642487046633,0.5906735751295337
HGNC:8619,PAX5,49,315,300,664,0.07379518072289157,0.4743975903614458,0.45180722891566266
HGNC:8620,PAX6,451,225,301,977,0.4616171954964176,0.23029682702149437,0.30808597748208805
HGNC:8621,PAX7,5,31,83,119,0.04201680672268908,0.2605042016806723,0.6974789915966386
HGNC:8622,PAX8,26,78,161,265,0.09811320754716982,0.2943396226415094,0.6075471698113207
HGNC:8623,PAX9,77,56,116,249,0.3092369477911647,0.2248995983935743,0.46586345381526106
HGNC:8632,PBX1,77,46,91,214,0.3598130841121495,0.21495327102803738,0.4252336448598131
HGNC:8636,PC,180,941,399,1520,0.11842105263157894,0.6190789473684211,0.2625
HGNC:8638,KAT2B,0,66,85,151,0,0.4370860927152318,0.5629139072847682
HGNC:8646,PCBD1,17,83,31,131,0.1297709923664122,0.6335877862595419,0.2366412213740458
HGNC:8648,PCBP2,0,0,6,6,0,0,1
HGNC:865,ATP6V0A1,13,7,129,149,0.087248322147651,0.04697986577181208,0.8657718120805369
HGNC:8653,PCCA,306,748,512,1566,0.19540229885057472,0.4776500638569604,0.3269476372924649
HGNC:8654,PCCB,270,617,453,1340,0.20149253731343283,0.46044776119402986,0.33805970149253733
HGNC:8657,PCDH12,33,188,289,510,0.06470588235294118,0.3686274509803922,0.5666666666666667
HGNC:866,ATP6V0A4,88,255,287,630,0.13968253968253969,0.40476190476190477,0.45555555555555555
HGNC:868,ATP6AP1,13,161,153,327,0.039755351681957186,0.4923547400611621,0.46788990825688076
HGNC:869,ATP7A,325,967,1033,2325,0.13978494623655913,0.41591397849462364,0.4443010752688172
HGNC:87,ACAD8,37,104,165,306,0.12091503267973856,0.33986928104575165,0.5392156862745098
HGNC:870,ATP7B,840,1236,1599,3675,0.22857142857142856,0.3363265306122449,0.43510204081632653
HGNC:8717,PCDHGC4,10,8,104,122,0.08196721311475409,0.06557377049180328,0.8524590163934426
HGNC:8724,PCK1,7,109,188,304,0.023026315789473683,0.35855263157894735,0.618421052631579
HGNC:8725,PCK2,4,98,226,328,0.012195121951219513,0.29878048780487804,0.6890243902439024
HGNC:8734,NUP85,4,105,108,217,0.018433179723502304,0.4838709677419355,0.4976958525345622
HGNC:8740,CHMP1A,5,148,106,259,0.019305019305019305,0.5714285714285714,0.4092664092664093
HGNC:8743,PCSK1,38,178,234,450,0.08444444444444445,0.39555555555555555,0.52
HGNC:8749,CDK16,1,13,58,72,0.013888888888888888,0.18055555555555555,0.8055555555555556
HGNC:8754,PCYT1A,16,147,146,309,0.05177993527508091,0.47572815533980584,0.47249190938511326
HGNC:8756,PCYT2,11,22,80,113,0.09734513274336283,0.19469026548672566,0.7079646017699115
HGNC:8761,PDCD10,83,48,62,193,0.43005181347150256,0.24870466321243523,0.32124352331606215
HGNC:8762,PDCD2,0,3,65,68,0,0.04411764705882353,0.9558823529411765
HGNC:8766,PDCD6IP,1,9,98,108,0.009259259259259259,0.08333333333333333,0.9074074074074074
HGNC:8768,AIFM1,47,266,274,587,0.08006814310051108,0.45315161839863716,0.46678023850085176
HGNC:877,ALDH7A1,187,545,422,1154,0.16204506065857885,0.47227036395147315,0.36568457538994803
HGNC:8772,PDE10A,13,138,148,299,0.043478260869565216,0.46153846153846156,0.49498327759197325
HGNC:8773,PDE11A,14,63,186,263,0.053231939163498096,0.23954372623574144,0.7072243346007605
HGNC:8775,PDE1B,0,1,44,45,0,0.022222222222222223,0.9777777777777777
HGNC:8777,PDE2A,9,196,152,357,0.025210084033613446,0.5490196078431373,0.4257703081232493
HGNC:8778,PDE3A,10,135,225,370,0.02702702702702703,0.36486486486486486,0.6081081081081081
HGNC:8783,PDE4D,25,322,307,654,0.0382262996941896,0.4923547400611621,0.4694189602446483
HGNC:8785,PDE6A,125,294,536,955,0.13089005235602094,0.3078534031413613,0.5612565445026177
HGNC:8786,PDE6B,179,423,683,1285,0.13929961089494164,0.3291828793774319,0.5315175097276265
HGNC:8787,PDE6C,106,274,369,749,0.14152202937249667,0.3658210947930574,0.49265687583444595
HGNC:8788,PDE6D,8,39,25,72,0.1111111111111111,0.5416666666666666,0.3472222222222222
HGNC:8789,PDE6G,4,49,61,114,0.03508771929824561,0.4298245614035088,0.5350877192982456
HGNC:8790,PDE6H,0,30,42,72,0,0.4166666666666667,0.5833333333333334
HGNC:8794,PDE8B,11,155,180,346,0.031791907514450865,0.4479768786127168,0.5202312138728323
HGNC:8800,PDGFB,25,90,92,207,0.12077294685990338,0.43478260869565216,0.4444444444444444
HGNC:8803,PDGFRA,7,1576,2336,3919,0.001786169941311559,0.4021434039295739,0.5960704261291145
HGNC:8804,PDGFRB,28,431,363,822,0.0340632603406326,0.524330900243309,0.4416058394160584
HGNC:8806,PDHA1,477,335,190,1002,0.47604790419161674,0.3343313373253493,0.18962075848303392
HGNC:8808,PDHB,44,276,111,431,0.10208816705336426,0.6403712296983759,0.25754060324825984
HGNC:8811,PDK3,0,125,109,234,0,0.5341880341880342,0.4658119658119658
HGNC:8818,SLC26A4,636,669,501,1806,0.3521594684385382,0.3704318936877076,0.27740863787375414
HGNC:8819,PDXK,4,42,32,78,0.05128205128205128,0.5384615384615384,0.41025641025641024
HGNC:882,ATR,147,1689,2305,4141,0.03549867181840135,0.4078724945665298,0.5566288336150689
HGNC:8820,PDYN,2,60,147,209,0.009569377990430622,0.28708133971291866,0.7033492822966507
HGNC:8824,SERPINF1,63,185,175,423,0.14893617021276595,0.4373522458628842,0.41371158392434987
HGNC:8840,PEPD,79,447,276,802,0.09850374064837905,0.557356608478803,0.34413965087281795
HGNC:8849,GATB,4,48,81,133,0.03007518796992481,0.3609022556390977,0.6090225563909775
HGNC:8850,PEX1,472,872,757,2101,0.22465492622560684,0.4150404569252737,0.36030461684911946
HGNC:8851,PEX10,142,357,362,861,0.16492450638792103,0.4146341463414634,0.42044134727061555
HGNC:8853,PEX11B,14,104,143,261,0.05363984674329502,0.39846743295019155,0.5478927203065134
HGNC:8854,PEX12,118,187,246,551,0.21415607985480944,0.3393829401088929,0.44646098003629764
HGNC:8855,PEX13,46,211,351,608,0.0756578947368421,0.3470394736842105,0.5773026315789473
HGNC:8856,PEX14,8,248,264,520,0.015384615384615385,0.47692307692307695,0.5076923076923077
HGNC:8857,PEX16,42,363,250,655,0.06412213740458016,0.5541984732824428,0.3816793893129771
HGNC:8858,PEX3,37,199,191,427,0.08665105386416862,0.46604215456674475,0.44730679156908665
HGNC:8859,PEX6,304,929,730,1963,0.15486500254712177,0.47325522159959243,0.3718797758532858
HGNC:886,ATRX,215,1444,1080,2739,0.07849580138736766,0.5271997079225995,0.39430449069003287
HGNC:8860,PEX7,142,347,251,740,0.1918918918918919,0.4689189189189189,0.33918918918918917
HGNC:8864,CFP,8,100,145,253,0.03162055335968379,0.3952569169960474,0.5731225296442688
HGNC:8877,PFKM,134,673,297,1104,0.1213768115942029,0.6096014492753623,0.26902173913043476
HGNC:888,KIF1A,208,1611,1618,3437,0.060517893511783535,0.46872272330520803,0.4707593831830084
HGNC:8881,PFN1,6,59,44,109,0.05504587155963303,0.5412844036697247,0.4036697247706422
HGNC:8889,PGAM2,12,68,121,201,0.05970149253731343,0.3383084577114428,0.6019900497512438
HGNC:8896,PGK1,81,132,204,417,0.19424460431654678,0.31654676258992803,0.4892086330935252
HGNC:89,ACADM,376,362,328,1066,0.3527204502814259,0.3395872420262664,0.3076923076923077
HGNC:890,AUH,34,97,147,278,0.1223021582733813,0.3489208633093525,0.5287769784172662
HGNC:8905,PGM1,45,254,216,515,0.08737864077669903,0.49320388349514566,0.41941747572815535
HGNC:8907,PGM3,69,338,209,616,0.11201298701298701,0.5487012987012987,0.3392857142857143
HGNC:8918,PHEX,945,252,331,1528,0.618455497382199,0.1649214659685864,0.21662303664921467
HGNC:8923,PHGDH,98,501,340,939,0.10436634717784878,0.5335463258785943,0.362087326943557
HGNC:8925,PHKA1,52,288,399,739,0.07036535859269283,0.38971583220568334,0.5399188092016238
HGNC:8926,PHKA2,127,262,304,693,0.18326118326118326,0.37806637806637805,0.43867243867243866
HGNC:8927,PHKB,131,633,430,1194,0.10971524288107203,0.5301507537688442,0.3601340033500838
HGNC:8931,PHKG2,55,233,137,425,0.12941176470588237,0.548235294117647,0.32235294117647056
HGNC:894,AVP,36,32,82,150,0.24,0.21333333333333335,0.5466666666666666
HGNC:8940,PHYH,71,244,209,524,0.13549618320610687,0.46564885496183206,0.3988549618320611
HGNC:8941,SERPINA1,83,251,182,516,0.16085271317829458,0.48643410852713176,0.35271317829457366
HGNC:8943,SERPINI1,6,153,233,392,0.015306122448979591,0.3903061224489796,0.5943877551020408
HGNC:8950,SERPINB6,4,102,100,206,0.019417475728155338,0.49514563106796117,0.4854368932038835
HGNC:8952,SERPINB8,4,41,59,104,0.038461538461538464,0.3942307692307692,0.5673076923076923
HGNC:8957,PIGA,132,139,213,484,0.2727272727272727,0.2871900826446281,0.44008264462809915
HGNC:8959,PIGB,32,196,174,402,0.07960199004975124,0.48756218905472637,0.43283582089552236
HGNC:8960,PIGC,7,18,60,85,0.08235294117647059,0.21176470588235294,0.7058823529411765
HGNC:8964,PIGH,2,7,28,37,0.05405405405405406,0.1891891891891892,0.7567567567567568
HGNC:8965,PIGK,11,15,55,81,0.13580246913580246,0.18518518518518517,0.6790123456790124
HGNC:8966,PIGL,21,50,86,157,0.1337579617834395,0.3184713375796178,0.5477707006369427
HGNC:8967,PIGN,189,701,480,1370,0.13795620437956205,0.5116788321167883,0.35036496350364965
HGNC:897,AVPR2,237,165,119,521,0.45489443378119004,0.31669865642994244,0.22840690978886757
HGNC:8971,PIK3C2A,30,266,296,592,0.05067567567567568,0.44932432432432434,0.5
HGNC:8975,PIK3CA,113,789,700,1602,0.07053682896379526,0.49250936329588013,0.4369538077403246
HGNC:8977,PIK3CD,34,573,421,1028,0.033073929961089495,0.5573929961089494,0.4095330739299611
HGNC:8978,PIK3CG,4,41,104,149,0.026845637583892617,0.2751677852348993,0.697986577181208
HGNC:8979,PIK3R1,79,288,330,697,0.1133428981348637,0.4131994261119082,0.4734576757532281
HGNC:8980,PIK3R2,16,287,271,574,0.027874564459930314,0.5,0.4721254355400697
HGNC:8983,PI4KA,47,206,153,406,0.11576354679802955,0.5073891625615764,0.3768472906403941
HGNC:8996,PIP5K1C,7,137,129,273,0.02564102564102564,0.5018315018315018,0.4725274725274725
HGNC:8999,PISD,11,92,121,224,0.049107142857142856,0.4107142857142857,0.5401785714285714
HGNC:90,ACADS,94,158,248,500,0.188,0.316,0.496
HGNC:9004,PITX1,11,30,74,115,0.09565217391304348,0.2608695652173913,0.6434782608695652
HGNC:9005,PITX2,82,67,112,261,0.31417624521072796,0.2567049808429119,0.42911877394636017
HGNC:9006,PITX3,8,23,62,93,0.08602150537634409,0.24731182795698925,0.6666666666666666
HGNC:9008,PKD1,2262,1118,3822,7202,0.3140794223826715,0.1552346570397112,0.5306859205776173
HGNC:9009,PKD2,451,333,789,1573,0.2867132867132867,0.21169739351557534,0.501589319771138
HGNC:9016,PKHD1,1576,2680,2603,6859,0.22977110365942557,0.39072751129902317,0.37950138504155123
HGNC:9020,PKLR,116,54,289,459,0.25272331154684097,0.11764705882352941,0.6296296296296297
HGNC:9023,PKP1,9,158,223,390,0.023076923076923078,0.40512820512820513,0.5717948717948718
HGNC:9024,PKP2,369,695,1279,2343,0.15749039692701663,0.2966282543747332,0.5458813486982501
HGNC:903,AXIN1,4,46,107,157,0.025477707006369428,0.2929936305732484,0.6815286624203821
HGNC:9035,PLA2G4A,5,139,66,210,0.023809523809523808,0.6619047619047619,0.3142857142857143
HGNC:9038,PLA2G5,1,39,92,132,0.007575757575757576,0.29545454545454547,0.696969696969697
HGNC:9039,PLA2G6,181,555,470,1206,0.15008291873963517,0.4601990049751244,0.38971807628524047
HGNC:904,AXIN2,207,1490,2646,4343,0.04766290582546627,0.34308081970987797,0.6092562744646558
HGNC:9043,PLAA,13,288,284,585,0.022222222222222223,0.49230769230769234,0.48547008547008547
HGNC:9045,PLAG1,12,5,65,82,0.14634146341463414,0.06097560975609756,0.7926829268292683
HGNC:9046,PLAGL1,0,22,55,77,0,0.2857142857142857,0.7142857142857143
HGNC:9051,PLAT,0,34,71,105,0,0.3238095238095238,0.6761904761904762
HGNC:9052,PLAU,1,62,88,151,0.006622516556291391,0.4105960264900662,0.5827814569536424
HGNC:9059,PLCB4,26,136,197,359,0.07242339832869081,0.3788300835654596,0.5487465181058496
HGNC:9065,PLCG1,1,9,132,142,0.007042253521126761,0.06338028169014084,0.9295774647887324
HGNC:9066,PLCG2,10,911,894,1815,0.005509641873278237,0.5019283746556474,0.4925619834710744
HGNC:9067,PLD1,30,137,201,368,0.08152173913043478,0.37228260869565216,0.5461956521739131
HGNC:9069,PLEC,157,2192,4315,6664,0.023559423769507804,0.3289315726290516,0.6475090036014406
HGNC:9071,PLG,31,264,330,625,0.0496,0.4224,0.528
HGNC:9075,SERPINF2,5,37,66,108,0.046296296296296294,0.3425925925925926,0.6111111111111112
HGNC:9076,PLIN1,7,55,128,190,0.03684210526315789,0.2894736842105263,0.6736842105263158
HGNC:9077,PLK1,0,1,62,63,0,0.015873015873015872,0.9841269841269841
HGNC:9080,PLN,11,44,107,162,0.06790123456790123,0.2716049382716049,0.6604938271604939
HGNC:9081,PLOD1,114,693,603,1410,0.08085106382978724,0.49148936170212765,0.4276595744680851
HGNC:9082,PLOD2,39,237,254,530,0.07358490566037736,0.44716981132075473,0.47924528301886793
HGNC:9083,PLOD3,37,417,305,759,0.048748353096179184,0.549407114624506,0.4018445322793149
HGNC:9086,PLP1,262,125,164,551,0.47549909255898365,0.22686025408348456,0.29764065335753176
HGNC:9090,PLS1,3,39,103,145,0.020689655172413793,0.2689655172413793,0.7103448275862069
HGNC:9091,PLS3,49,138,107,294,0.16666666666666666,0.46938775510204084,0.36394557823129253
HGNC:9099,PLXNA1,18,477,544,1039,0.017324350336862367,0.4590952839268527,0.5235803657362849
HGNC:91,ACADSB,43,143,167,353,0.12181303116147309,0.40509915014164305,0.4730878186968839
HGNC:9100,PLXNA2,2,439,563,1004,0.00199203187250996,0.43725099601593626,0.5607569721115537
HGNC:9101,PLXNA3,0,361,443,804,0,0.4490049751243781,0.5509950248756219
HGNC:9104,PLXNB2,8,74,284,366,0.02185792349726776,0.20218579234972678,0.7759562841530054
HGNC:9107,PLXND1,6,129,292,427,0.01405152224824356,0.30210772833723654,0.6838407494145199
HGNC:9115,PMM2,237,321,292,850,0.2788235294117647,0.3776470588235294,0.34352941176470586
HGNC:9117,PMP2,7,51,75,133,0.05263157894736842,0.38345864661654133,0.5639097744360902
HGNC:9118,PMP22,152,123,204,479,0.3173277661795407,0.2567849686847599,0.42588726513569936
HGNC:9119,PMPCB,12,71,104,187,0.06417112299465241,0.37967914438502676,0.5561497326203209
HGNC:9122,PMS2,1016,1687,3370,6073,0.1672978758438992,0.2777869257368681,0.5549151984192326
HGNC:9126,GIGYF1,17,45,181,243,0.06995884773662552,0.18518518518518517,0.7448559670781894
HGNC:9137,EXOSC9,33,146,153,332,0.09939759036144578,0.4397590361445783,0.4608433734939759
HGNC:914,B2M,5,35,37,77,0.06493506493506493,0.45454545454545453,0.4805194805194805
HGNC:9141,PMVK,6,13,32,51,0.11764705882352941,0.2549019607843137,0.6274509803921569
HGNC:9142,PRRX1,6,13,31,50,0.12,0.26,0.62
HGNC:9143,PHOX2B,89,473,732,1294,0.0687789799072643,0.3655332302936631,0.5656877897990726
HGNC:9153,PNKD,3,277,382,662,0.004531722054380665,0.41842900302114805,0.5770392749244713
HGNC:9154,PNKP,149,553,556,1258,0.11844197138314785,0.4395866454689984,0.4419713831478537
HGNC:9171,PODXL,7,147,135,289,0.02422145328719723,0.5086505190311419,0.4671280276816609
HGNC:9173,POLA1,12,413,489,914,0.01312910284463895,0.45185995623632386,0.5350109409190372
HGNC:9175,POLD1,13,2438,3432,5883,0.002209756926738059,0.4144144144144144,0.5833758286588475
HGNC:9176,POLD2,0,160,217,377,0,0.4244031830238727,0.5755968169761273
HGNC:9177,POLE,470,4188,6517,11175,0.042058165548098436,0.37476510067114094,0.5831767337807606
HGNC:9178,POLE2,0,175,266,441,0,0.3968253968253968,0.6031746031746031
HGNC:9179,POLG,384,1221,1760,3365,0.11411589895988113,0.362852897473997,0.5230312035661219
HGNC:9180,POLG2,33,186,351,570,0.05789473684210526,0.3263157894736842,0.6157894736842106
HGNC:9181,POLH,62,307,272,641,0.0967238689547582,0.4789391575663027,0.42433697347893917
HGNC:9187,POLR2A,47,117,387,551,0.0852994555353902,0.21234119782214156,0.7023593466424682
HGNC:9189,POLR2C,2,1,21,24,0.08333333333333333,0.041666666666666664,0.875
HGNC:92,ACADVL,514,850,772,2136,0.2406367041198502,0.397940074906367,0.36142322097378277
HGNC:9200,POLRMT,23,77,377,477,0.04821802935010482,0.16142557651991615,0.790356394129979
HGNC:9201,POMC,21,54,137,212,0.09905660377358491,0.25471698113207547,0.6462264150943396
HGNC:9202,POMT1,199,559,521,1279,0.15559030492572323,0.4370602032838155,0.4073494917904613
HGNC:9208,POR,102,511,317,930,0.10967741935483871,0.5494623655913978,0.34086021505376346
HGNC:9210,POU1F1,43,130,71,244,0.1762295081967213,0.5327868852459017,0.29098360655737704
HGNC:9215,POU3F2,1,16,52,69,0.014492753623188406,0.2318840579710145,0.7536231884057971
HGNC:9216,POU3F3,55,41,159,255,0.21568627450980393,0.1607843137254902,0.6235294117647059
HGNC:9217,POU3F4,175,35,77,287,0.6097560975609756,0.12195121951219512,0.2682926829268293
HGNC:9218,POU4F1,9,31,82,122,0.07377049180327869,0.2540983606557377,0.6721311475409836
HGNC:9220,POU4F3,64,52,157,273,0.23443223443223443,0.19047619047619047,0.575091575091575
HGNC:9221,POU5F1,0,6,17,23,0,0.2608695652173913,0.7391304347826086
HGNC:923,B3GAT3,32,128,143,303,0.10561056105610561,0.42244224422442245,0.47194719471947194
HGNC:9236,PPARG,44,98,138,280,0.15714285714285714,0.35,0.4928571428571429
HGNC:924,B4GALT1,3,63,78,144,0.020833333333333332,0.4375,0.5416666666666666
HGNC:9247,PPFIA3,21,19,165,205,0.1024390243902439,0.09268292682926829,0.8048780487804879
HGNC:9249,PPFIBP1,15,18,142,175,0.08571428571428572,0.10285714285714286,0.8114285714285714
HGNC:9251,CTSA,80,331,199,610,0.13114754098360656,0.5426229508196722,0.3262295081967213
HGNC:9255,PPIB,22,83,91,196,0.11224489795918367,0.42346938775510207,0.4642857142857143
HGNC:9260,PPIL1,10,4,25,39,0.2564102564102564,0.10256410256410256,0.6410256410256411
HGNC:9277,PPM1D,71,153,179,403,0.1761786600496278,0.37965260545905705,0.4441687344913151
HGNC:9279,PDP1,6,87,108,201,0.029850746268656716,0.43283582089552236,0.5373134328358209
HGNC:9280,PPOX,68,71,171,310,0.21935483870967742,0.22903225806451613,0.5516129032258065
HGNC:9282,PPP1CB,14,248,106,368,0.03804347826086957,0.6739130434782609,0.28804347826086957
HGNC:9299,PPP2CA,41,130,88,259,0.1583011583011583,0.5019305019305019,0.33976833976833976
HGNC:93,ACAT1,213,380,204,797,0.2672521957340025,0.4767879548306148,0.2559598494353827
HGNC:930,B4GALT7,25,204,217,446,0.05605381165919283,0.45739910313901344,0.48654708520179374
HGNC:9302,PPP2R1A,22,360,227,609,0.0361247947454844,0.5911330049261084,0.3727422003284072
HGNC:9305,PPP2R2B,0,25,62,87,0,0.28735632183908044,0.7126436781609196
HGNC:9308,PTPA,2,11,4,17,0.11764705882352941,0.6470588235294118,0.23529411764705882
HGNC:9311,PPP2R5C,4,53,79,136,0.029411764705882353,0.3897058823529412,0.5808823529411765
HGNC:9312,PPP2R5D,32,302,320,654,0.04892966360856269,0.4617737003058104,0.4892966360856269
HGNC:9314,PPP3CA,50,297,248,595,0.08403361344537816,0.4991596638655462,0.41680672268907565
HGNC:932,BAAT,6,55,140,201,0.029850746268656716,0.2736318407960199,0.6965174129353234
HGNC:9325,PPT1,175,337,254,766,0.22845953002610966,0.43994778067885115,0.33159268929503916
HGNC:9330,PQBP1,114,54,116,284,0.4014084507042254,0.19014084507042253,0.4084507042253521
HGNC:9349,PRDM5,59,470,326,855,0.06900584795321638,0.5497076023391813,0.38128654970760234
HGNC:9350,PRDM6,3,23,121,147,0.02040816326530612,0.1564625850340136,0.8231292517006803
HGNC:9354,PRDX3,10,4,45,59,0.1694915254237288,0.06779661016949153,0.7627118644067796
HGNC:9359,SLC26A5,22,137,141,300,0.07333333333333333,0.45666666666666667,0.47
HGNC:9360,PRF1,148,272,346,766,0.19321148825065274,0.35509138381201044,0.4516971279373368
HGNC:9364,PRG4,48,67,216,331,0.14501510574018128,0.20241691842900303,0.6525679758308157
HGNC:9369,PRIM1,4,8,42,54,0.07407407407407407,0.14814814814814814,0.7777777777777778
HGNC:9380,PRKACA,3,20,43,66,0.045454545454545456,0.30303030303030304,0.6515151515151515
HGNC:9381,PRKACB,6,7,42,55,0.10909090909090909,0.12727272727272726,0.7636363636363637
HGNC:9386,PRKAG2,26,658,797,1481,0.017555705604321403,0.4442943956785955,0.5381498987170831
HGNC:9388,PRKAR1A,119,586,629,1334,0.08920539730134933,0.43928035982008995,0.4715142428785607
HGNC:939,BAG3,166,382,849,1397,0.11882605583392986,0.2734430923407301,0.60773085182534
HGNC:9390,PRKAR1B,6,43,106,155,0.03870967741935484,0.27741935483870966,0.6838709677419355
HGNC:9395,PRKCB,1,17,44,62,0.016129032258064516,0.27419354838709675,0.7096774193548387
HGNC:9397,ZMYND8,6,29,155,190,0.031578947368421054,0.15263157894736842,0.8157894736842105
HGNC:9399,PRKCD,19,355,250,624,0.030448717948717948,0.5689102564102564,0.40064102564102566
HGNC:9402,PRKCG,51,107,211,369,0.13821138211382114,0.2899728997289973,0.5718157181571816
HGNC:9404,PRKCI,0,3,43,46,0,0.06521739130434782,0.9347826086956522
HGNC:9407,PRKD1,10,60,200,270,0.037037037037037035,0.2222222222222222,0.7407407407407407
HGNC:9411,PRKCSH,47,208,248,503,0.093439363817097415,0.4135188866799205,0.49304174950298213
HGNC:9413,PRKDC,3,2288,2713,5004,5.995203836930455e-4,0.4572342126298961,0.5421662669864109
HGNC:9414,PRKG1,1,552,414,967,0.001034126163391934,0.5708376421923474,0.4281282316442606
HGNC:9416,PRKG2,9,21,55,85,0.10588235294117647,0.24705882352941178,0.6470588235294118
HGNC:9437,EIF2AK2,5,89,162,256,0.01953125,0.34765625,0.6328125
HGNC:9438,PRKRA,4,97,93,194,0.020618556701030927,0.5,0.4793814432989691
HGNC:9439,DNAJC3,9,20,56,85,0.10588235294117647,0.23529411764705882,0.6588235294117647
HGNC:9449,PRNP,30,69,97,196,0.15306122448979592,0.3520408163265306,0.49489795918367346
HGNC:9451,PROC,112,136,231,479,0.23382045929018788,0.2839248434237996,0.4822546972860125
HGNC:9452,PROCR,0,5,22,27,0,0.18518518518518517,0.8148148148148148
HGNC:9453,PRODH,26,232,213,471,0.055201698513800426,0.49256900212314225,0.45222929936305734
HGNC:9454,PROM1,156,344,658,1158,0.13471502590673576,0.2970639032815199,0.5682210708117443
HGNC:9455,PROP1,95,152,100,347,0.2737752161383285,0.43804034582132567,0.2881844380403458
HGNC:9456,PROS1,145,191,347,683,0.212298682284041,0.2796486090775988,0.5080527086383602
HGNC:9457,PLPBP,23,144,120,287,0.08013937282229965,0.5017421602787456,0.4181184668989547
HGNC:9460,PROZ,0,15,75,90,0,0.16666666666666666,0.8333333333333334
HGNC:9461,PRPH,4,20,85,109,0.03669724770642202,0.1834862385321101,0.7798165137614679
HGNC:9462,PRPS1,124,182,127,433,0.2863741339491917,0.42032332563510394,0.29330254041570436
HGNC:947,BAIAP2,6,18,74,98,0.061224489795918366,0.1836734693877551,0.7551020408163265
HGNC:9475,PRSS1,18,326,603,947,0.01900739176346357,0.34424498416050686,0.6367476240760296
HGNC:9476,HTRA1,42,120,208,370,0.11351351351351352,0.32432432432432434,0.5621621621621622
HGNC:9477,PRSS12,4,49,255,308,0.012987012987012988,0.1590909090909091,0.827922077922078
HGNC:9479,LONP1,25,638,490,1153,0.02168256721595837,0.5533391153512576,0.424978317432784
HGNC:9490,TMPRSS15,80,309,277,666,0.12012012012012012,0.46396396396396394,0.4159159159159159
HGNC:9498,PSAP,96,536,349,981,0.09785932721712538,0.54638124362895,0.35575942915392456
HGNC:95,SLC33A1,10,105,164,279,0.035842293906810034,0.3763440860215054,0.5878136200716846
HGNC:950,BAP1,437,1373,1770,3580,0.12206703910614525,0.3835195530726257,0.49441340782122906
HGNC:9508,PSEN1,149,130,261,540,0.2759259259259259,0.24074074074074073,0.48333333333333334
HGNC:9509,PSEN2,11,154,191,356,0.03089887640449438,0.43258426966292135,0.5365168539325843
HGNC:951,NKX3-2,9,79,111,199,0.04522613065326633,0.3969849246231156,0.5577889447236181
HGNC:952,BARD1,650,1397,2571,4618,0.140753572975314,0.3025119099177133,0.5567345171069727
HGNC:9529,PSKH1,4,2,54,60,0.06666666666666667,0.03333333333333333,0.9
HGNC:9532,PSMA3,2,139,105,246,0.008130081300813009,0.5650406504065041,0.4268292682926829
HGNC:9538,PSMB10,9,13,39,61,0.14754098360655737,0.21311475409836064,0.639344262295082
HGNC:9541,PSMB4,2,119,159,280,0.007142857142857143,0.425,0.5678571428571428
HGNC:9545,PSMB8,21,108,135,264,0.07954545454545454,0.4090909090909091,0.5113636363636364
HGNC:9546,PSMB9,2,20,37,59,0.03389830508474576,0.3389830508474576,0.6271186440677966
HGNC:9549,PSMC3,11,11,38,60,0.18333333333333332,0.18333333333333332,0.6333333333333333
HGNC:9552,PSMC5,4,4,39,47,0.0851063829787234,0.0851063829787234,0.8297872340425532
HGNC:9557,PSMD12,33,14,110,157,0.21019108280254778,0.08917197452229299,0.7006369426751592
HGNC:9571,PSMF1,1,6,46,53,0.018867924528301886,0.11320754716981132,0.8679245283018868
HGNC:9577,PSPH,5,74,105,184,0.02717391304347826,0.40217391304347827,0.5706521739130435
HGNC:9580,PSTPIP1,4,397,421,822,0.004866180048661801,0.4829683698296837,0.5121654501216545
HGNC:9583,PTBP1,8,24,68,100,0.08,0.24,0.68
HGNC:9585,PTCH1,779,2257,3355,6391,0.12189015803473635,0.35315287122516037,0.5249569707401033
HGNC:9586,PTCH2,3,455,682,1140,0.002631578947368421,0.3991228070175439,0.5982456140350877
HGNC:9587,PTDSS1,8,142,111,261,0.03065134099616858,0.5440613026819924,0.42528735632183906
HGNC:9588,PTEN,1318,907,1850,4075,0.3234355828220859,0.22257668711656442,0.4539877300613497
HGNC:9604,PTGS1,0,19,74,93,0,0.20430107526881722,0.7956989247311828
HGNC:9606,PTH,9,16,30,55,0.16363636363636364,0.2909090909090909,0.5454545454545454
HGNC:9607,PTHLH,33,31,70,134,0.2462686567164179,0.23134328358208955,0.5223880597014925
HGNC:9608,PTH1R,34,143,285,462,0.0735930735930736,0.30952380952380953,0.6168831168831169
HGNC:963,BAZ2B,20,110,386,516,0.03875968992248062,0.2131782945736434,0.748062015503876
HGNC:9639,HACD1,14,88,82,184,0.07608695652173914,0.4782608695652174,0.44565217391304346
HGNC:9642,PTPN1,3,8,28,39,0.07692307692307693,0.20512820512820512,0.717948717948718
HGNC:9644,PTPN11,200,534,606,1340,0.14925373134328357,0.39850746268656717,0.45223880597014926
HGNC:9646,PTPN13,0,31,352,383,0,0.08093994778067885,0.9190600522193212
HGNC:9647,PTPN14,4,92,151,247,0.016194331983805668,0.3724696356275304,0.611336032388664
HGNC:9650,PTPN2,0,9,39,48,0,0.1875,0.8125
HGNC:9656,PTPN4,13,23,117,153,0.08496732026143791,0.1503267973856209,0.7647058823529411
HGNC:966,BBS1,233,540,434,1207,0.19304059652029826,0.44739022369511183,0.3595691797845899
HGNC:9666,PTPRC,40,809,413,1262,0.03169572107765452,0.6410459587955626,0.3272583201267829
HGNC:967,BBS2,270,548,485,1303,0.20721412125863392,0.4205679201841903,0.37221795855717577
HGNC:9673,PTPRJ,3,52,171,226,0.01327433628318584,0.23008849557522124,0.7566371681415929
HGNC:9678,PTPRO,10,244,271,525,0.01904761904761905,0.46476190476190476,0.5161904761904762
HGNC:9679,PTPRQ,65,273,256,594,0.10942760942760943,0.4595959595959596,0.43097643097643096
HGNC:9688,CAVIN1,16,60,105,181,0.08839779005524862,0.3314917127071823,0.580110497237569
HGNC:9689,PTS,106,165,90,361,0.29362880886426596,0.45706371191135736,0.24930747922437674
HGNC:969,BBS4,164,371,353,888,0.18468468468468469,0.4177927927927928,0.3975225225225225
HGNC:9692,PTX3,0,7,60,67,0,0.1044776119402985,0.8955223880597015
HGNC:970,BBS5,71,211,174,456,0.15570175438596492,0.46271929824561403,0.3815789473684211
HGNC:9701,PURA,226,200,209,635,0.35590551181102364,0.31496062992125984,0.3291338582677165
HGNC:9705,PVR,0,16,62,78,0,0.20512820512820512,0.7948717948717948
HGNC:9706,NECTIN1,8,70,163,241,0.03319502074688797,0.29045643153526973,0.6763485477178424
HGNC:9713,PEX19,25,183,242,450,0.05555555555555555,0.4066666666666667,0.5377777777777778
HGNC:9717,PEX2,93,167,271,531,0.1751412429378531,0.3145009416195857,0.5103578154425612
HGNC:9719,PEX5,77,525,477,1079,0.07136237256719184,0.4865616311399444,0.44207599629286376
HGNC:9721,PYCR1,47,171,159,377,0.1246684350132626,0.4535809018567639,0.4217506631299735
HGNC:9722,ALDH18A1,62,303,511,876,0.07077625570776255,0.3458904109589041,0.5833333333333334
HGNC:9725,PYGL,75,154,214,443,0.16930022573363432,0.3476297968397291,0.48306997742663654
HGNC:9726,PYGM,297,717,569,1583,0.18761844598862917,0.45293746051800376,0.35944409349336703
HGNC:9751,QARS,70,502,475,1047,0.06685768863419293,0.4794651384909265,0.45367717287488063
HGNC:9752,QDPR,61,224,124,409,0.1491442542787286,0.5476772616136919,0.30317848410757947
HGNC:9758,RAB1A,1,1,10,12,0.08333333333333333,0.08333333333333333,0.8333333333333334
HGNC:9760,RAB11A,2,66,54,122,0.01639344262295082,0.5409836065573771,0.4426229508196721
HGNC:9761,RAB11B,6,170,84,260,0.023076923076923078,0.6538461538461539,0.3230769230769231
HGNC:9766,RAB27A,60,122,155,337,0.17804154302670624,0.3620178041543027,0.4599406528189911
HGNC:9768,RAB28,23,93,93,209,0.11004784688995216,0.4449760765550239,0.4449760765550239
HGNC:977,BCAT2,9,63,94,166,0.05421686746987952,0.3795180722891566,0.5662650602409639
HGNC:9772,RAB32,1,1,26,28,0.03571428571428571,0.03571428571428571,0.9285714285714286
HGNC:9777,RAB3A,1,4,17,22,0.045454545454545456,0.18181818181818182,0.7727272727272727
HGNC:9784,RAB5B,0,1,20,21,0,0.047619047619047616,0.9523809523809523
HGNC:9785,RAB5C,1,2,27,30,0.03333333333333333,0.06666666666666667,0.9
HGNC:9788,RAB7A,4,110,94,208,0.019230769230769232,0.5288461538461539,0.4519230769230769
HGNC:9801,RAC1,27,22,50,99,0.2727272727272727,0.2222222222222222,0.5050505050505051
HGNC:9802,RAC2,7,129,77,213,0.03286384976525822,0.6056338028169014,0.3615023474178404
HGNC:9803,RAC3,11,16,39,66,0.16666666666666666,0.24242424242424243,0.5909090909090909
HGNC:9811,RAD21,82,228,225,535,0.15327102803738318,0.4261682242990654,0.4205607476635514
HGNC:9816,RAD50,501,1478,2863,4842,0.10346964064436183,0.305245766212309,0.5912845931433292
HGNC:9817,RAD51,14,226,253,493,0.028397565922920892,0.45841784989858014,0.513184584178499
HGNC:9820,RAD51C,358,787,1211,2356,0.15195246179966043,0.3340407470288625,0.5140067911714771
HGNC:9823,RAD51D,259,721,1103,2083,0.1243398943831013,0.3461353816610658,0.5295247239558329
HGNC:9829,RAF1,54,588,713,1355,0.03985239852398524,0.43394833948339484,0.5261992619926199
HGNC:9831,RAG1,173,341,425,939,0.18423855165069222,0.36315228966986157,0.45260915867944623
HGNC:9832,RAG2,147,206,275,628,0.2340764331210191,0.32802547770700635,0.43789808917197454
HGNC:9834,RAI1,239,1138,1191,2568,0.09306853582554517,0.4431464174454829,0.463785046728972
HGNC:9839,RALA,14,63,45,122,0.11475409836065574,0.5163934426229508,0.36885245901639346
HGNC:9848,RANBP2,6,381,913,1300,0.004615384615384616,0.29307692307692307,0.7023076923076923
HGNC:9853,IPO8,28,31,114,173,0.16184971098265896,0.1791907514450867,0.6589595375722543
HGNC:9857,RAP1B,6,22,12,40,0.15,0.55,0.3
HGNC:9859,RAP1GDS1,2,6,71,79,0.02531645569620253,0.0759493670886076,0.8987341772151899
HGNC:986,BCKDHA,184,410,226,820,0.22439024390243903,0.5,0.275609756097561
HGNC:9863,RAPSN,115,359,275,749,0.15353805073431243,0.47930574098798395,0.3671562082777036
HGNC:9865,RARB,29,50,70,149,0.19463087248322147,0.33557046979865773,0.4697986577181208
HGNC:987,BCKDHB,227,388,231,846,0.26832151300236406,0.458628841607565,0.2730496453900709
HGNC:9870,RARS,35,228,184,447,0.07829977628635347,0.5100671140939598,0.4116331096196868
HGNC:9871,RASA1,306,698,767,1771,0.1727837380011293,0.39412761151891584,0.4330886504799548
HGNC:9872,RASA2,1,387,532,920,0.0010869565217391304,0.4206521739130435,0.5782608695652174
HGNC:9878,RASGRP1,30,254,212,496,0.06048387096774194,0.5120967741935484,0.4274193548387097
HGNC:9879,RASGRP2,30,166,125,321,0.09345794392523364,0.5171339563862928,0.3894080996884735
HGNC:9884,RB1,1003,1504,2130,4637,0.2163036445978003,0.3243476385594134,0.4593487168427863
HGNC:9886,KDM5A,12,54,211,277,0.04332129963898917,0.19494584837545126,0.7617328519855595
HGNC:9888,RBBP5,2,5,20,27,0.07407407407407407,0.18518518518518517,0.7407407407407407
HGNC:989,BCL10,20,61,52,133,0.15037593984962405,0.45864661654135336,0.39097744360902253
HGNC:9891,RBBP8,13,207,221,441,0.02947845804988662,0.46938775510204084,0.5011337868480725
HGNC:9894,RBL2,11,11,162,184,0.059782608695652176,0.059782608695652176,0.8804347826086957
HGNC:9896,RBM10,39,170,166,375,0.104,0.4533333333333333,0.44266666666666665
HGNC:9905,RBM8A,11,65,22,98,0.11224489795918367,0.6632653061224489,0.22448979591836735
HGNC:9906,RBFOX2,4,50,64,118,0.03389830508474576,0.423728813559322,0.5423728813559322
HGNC:9921,RBP3,41,352,714,1107,0.037037037037037035,0.3179765130984643,0.6449864498644986
HGNC:9922,RBP4,19,81,100,200,0.095,0.405,0.5
HGNC:9936,OPN1LW,14,12,27,53,0.2641509433962264,0.22641509433962265,0.5094339622641509
HGNC:9940,RDH5,59,98,164,321,0.1838006230529595,0.3052959501557632,0.5109034267912772
HGNC:9942,PRPH2,363,142,320,825,0.44,0.17212121212121212,0.3878787878787879
HGNC:9944,RDX,24,85,187,296,0.08108108108108109,0.28716216216216217,0.6317567567567568
HGNC:9949,RECQL4,389,1922,3188,5499,0.0707401345699218,0.34951809419894525,0.5797417712311329
HGNC:9954,REL,7,160,90,257,0.027237354085603113,0.622568093385214,0.35019455252918286
HGNC:9955,RELA,44,235,240,519,0.08477842003853564,0.4527938342967245,0.4624277456647399
HGNC:9956,RELB,2,247,269,518,0.003861003861003861,0.4768339768339768,0.5193050193050193
HGNC:9957,RELN,118,1851,2173,4142,0.028488652824722356,0.44688556253017864,0.524625784645099
HGNC:9958,REN,23,77,160,260,0.08846153846153847,0.29615384615384616,0.6153846153846154
HGNC:9962,UPF1,7,39,134,180,0.03888888888888889,0.21666666666666667,0.7444444444444445
HGNC:9964,DPF2,20,126,123,269,0.07434944237918216,0.4684014869888476,0.45724907063197023
HGNC:9965,RERE,81,364,666,1111,0.07290729072907291,0.3276327632763276,0.5994599459945995
HGNC:9966,REST,28,246,504,778,0.03598971722365039,0.3161953727506427,0.6478149100257069
HGNC:9967,RET,178,1719,2531,4428,0.04019873532068654,0.3882113821138211,0.5715898825654924
HGNC:9972,RFC4,11,5,63,79,0.13924050632911392,0.06329113924050633,0.7974683544303798
HGNC:9984,RFX3,55,26,110,191,0.2879581151832461,0.13612565445026178,0.5759162303664922
HGNC:9985,RFX4,0,7,111,118,0,0.059322033898305086,0.940677966101695
HGNC:9986,RFX5,51,149,261,461,0.11062906724511931,0.3232104121475054,0.5661605206073753
HGNC:9987,RFXANK,33,163,124,320,0.103125,0.509375,0.3875
HGNC:9988,RFXAP,29,72,122,223,0.13004484304932734,0.32286995515695066,0.547085201793722
HGNC:9990,RGR,2,128,194,324,0.006172839506172839,0.3950617283950617,0.5987654320987654
HGNC:9998,RGS2,1,2,18,21,0.047619047619047616,0.09523809523809523,0.8571428571428571
