hgnc_id,gene_symbol,panel_id,disease_group,centrality_role,gene_length_exonic,n_total,pLI,LOEUF,constraint_source,n_patogenica,n_benigna,n_incertidumbre
HGNC:3005,DPM1,162,Neurology,periferico,11579,302,1.934e-5,1.005,v4.1,25,129,148
HGNC:3005,DPM1,285,Developmental disorders,central,11579,302,1.934e-5,1.005,v4.1,25,129,148
HGNC:3005,DPM1,478,Fetal (including NIPD),central,11579,302,1.934e-5,1.005,v4.1,25,129,148
HGNC:3005,DPM1,402,Neurology,central,11579,302,1.934e-5,1.005,v4.1,25,129,148
HGNC:3005,DPM1,302,Metabolic disorders,central,11579,302,1.934e-5,1.005,v4.1,25,129,148
HGNC:3005,DPM1,25,Metabolic,central,11579,302,1.934e-5,1.005,v4.1,25,129,148
HGNC:3005,DPM1,467,Metabolic,central,11579,302,1.934e-5,1.005,v4.1,25,129,148
HGNC:3005,DPM1,484,Sin clasificar,central,11579,302,1.934e-5,1.005,v4.1,25,129,148
HGNC:4883,CFH,139,Renal,periferico,24215,1575,0.99998,0.43,v4.1,228,416,931
HGNC:4883,CFH,156,Renal and urinary tract disorders,periferico,24215,1575,0.99998,0.43,v4.1,228,416,931
HGNC:4311,GCLC,518,Haematology,periferico,9690,218,0.99953,0.404,v4.1,2,110,106
HGNC:4311,GCLC,159,Haematological disorders,periferico,9690,218,0.99953,0.404,v4.1,2,110,106
HGNC:1884,CFTR,550,Respiratory,central,16850,6058,2.3757e-39,1.152,v4.1,1496,1649,2913
HGNC:1884,CFTR,478,Fetal (including NIPD),central,16850,6058,2.3757e-39,1.152,v4.1,1496,1649,2913
HGNC:1573,KRIT1,484,Sin clasificar,periferico,21110,816,0.11437,0.69,v4.1,359,154,303
HGNC:20581,CYP26B1,168,Musculoskeletal,periferico,5407,175,0.99987,0.371,v4.1,7,73,95
HGNC:20581,CYP26B1,384,Musculoskeletal,periferico,5407,175,0.99987,0.371,v4.1,7,73,95
HGNC:443,ALS2,263,Neurology and neurodevelopmental disorders,central,33966,1154,2.816e-17,0.649,v4.1,122,485,547
HGNC:443,ALS2,79,Neurology,periferico,33966,1154,2.816e-17,0.649,v4.1,122,485,547
HGNC:1500,CASP10,519,Haematology,periferico,8967,648,6.3858e-9,1.046,v4.1,18,226,404
HGNC:9107,PLXND1,479,Developmental disorders,periferico,9708,427,1,0.401,v4.1,6,129,292
HGNC:362,AK2,519,Haematology,central,19700,246,8.6478e-4,0.954,v4.1,33,109,104
HGNC:362,AK2,484,Sin clasificar,central,19700,246,8.6478e-4,0.954,v4.1,33,109,104
HGNC:362,AK2,285,Developmental disorders,central,19700,246,8.6478e-4,0.954,v4.1,33,109,104
HGNC:29079,KDM1A,285,Developmental disorders,central,18681,1205,0.003442,0.638,v4.1,17,512,676
HGNC:29079,KDM1A,81,Musculoskeletal,central,18681,1205,0.003442,0.638,v4.1,17,512,676
HGNC:29079,KDM1A,484,Sin clasificar,central,18681,1205,0.003442,0.638,v4.1,17,512,676
HGNC:29079,KDM1A,478,Fetal (including NIPD),central,18681,1205,0.003442,0.638,v4.1,17,512,676
HGNC:25956,VPS50,478,Fetal (including NIPD),periferico,11119,110,0.1061,0.781,v4.1,8,12,90
HGNC:25956,VPS50,162,Neurology,periferico,11119,110,0.1061,0.781,v4.1,8,12,90
HGNC:25956,VPS50,96,Neurology,periferico,11119,110,0.1061,0.781,v4.1,8,12,90
HGNC:7694,NDUFAB1,539,Mitochondrial,central,1657,33,0.87239,0.613,v4.1,0,4,29
HGNC:19412,ZMYND10,549,Respiratory,central,2903,289,1.0961e-14,1.008,v4.1,35,126,128
HGNC:18060,ARX,514,Gastrohepatology,periferico,3120,1061,0.90814,0.389,v2.1.1,220,397,444
HGNC:18060,ARX,96,Neurology,periferico,3120,1061,0.90814,0.389,v2.1.1,220,397,444
HGNC:18060,ARX,847,Neurology,periferico,3120,1061,0.90814,0.389,v2.1.1,220,397,444
HGNC:18060,ARX,192,Neurology and neurodevelopmental disorders,periferico,3120,1061,0.90814,0.389,v2.1.1,220,397,444
HGNC:18060,ARX,540,Neurology,periferico,3120,1061,0.90814,0.389,v2.1.1,220,397,444
HGNC:18060,ARX,179,Neurology,periferico,3120,1061,0.90814,0.389,v2.1.1,220,397,444
HGNC:18060,ARX,9,Endocrinology,periferico,3120,1061,0.90814,0.389,v2.1.1,220,397,444
HGNC:10983,SLC25A13,267,Metabolic disorders,periferico,8037,982,5.0062e-18,0.937,v4.1,213,467,302
HGNC:11027,SLC4A1,159,Haematological disorders,central,5485,1015,0.99999,0.407,v4.1,235,232,548
HGNC:11027,SLC4A1,518,Haematology,central,5485,1015,0.99999,0.407,v4.1,235,232,548
HGNC:4837,HCCS,34,Ophthalmological disorders,periferico,2892,196,0.88624,0.414,v2.1.1,100,47,49
HGNC:4837,HCCS,559,Dermatology,periferico,2892,196,0.88624,0.414,v2.1.1,100,47,49
HGNC:4837,HCCS,307,Ophthalmology,periferico,2892,196,0.88624,0.414,v2.1.1,100,47,49
HGNC:4837,HCCS,294,Ophthalmological disorders,periferico,2892,196,0.88624,0.414,v2.1.1,100,47,49
HGNC:3086,DVL2,478,Fetal (including NIPD),central,5452,131,2.9734e-6,0.719,v4.1,4,20,107
HGNC:9962,UPF1,285,Developmental disorders,central,9509,180,1,0.125,v4.1,7,39,134
HGNC:9962,UPF1,484,Sin clasificar,central,9509,180,1,0.125,v4.1,7,39,134
HGNC:5101,HOXA11,175,Haematological and immunological disorders,periferico,2690,85,0.8463,0.605,v4.1,3,16,66
HGNC:5101,HOXA11,545,Haematology,periferico,2690,85,0.8463,0.605,v4.1,3,16,66
HGNC:5101,HOXA11,159,Haematological disorders,periferico,2690,85,0.8463,0.605,v4.1,3,16,66
HGNC:6600,LIG3,307,Ophthalmology,periferico,13326,194,5.7013e-7,0.627,v4.1,16,47,131
HGNC:6600,LIG3,467,Metabolic,periferico,13326,194,5.7013e-7,0.627,v4.1,16,47,131
HGNC:6600,LIG3,1217,Gastrohepatology,periferico,13326,194,5.7013e-7,0.627,v4.1,16,47,131
HGNC:6600,LIG3,112,Mitochondrial,periferico,13326,194,5.7013e-7,0.627,v4.1,16,47,131
HGNC:6600,LIG3,539,Mitochondrial,periferico,13326,194,5.7013e-7,0.627,v4.1,16,47,131
HGNC:6600,LIG3,533,Mitochondrial,periferico,13326,194,5.7013e-7,0.627,v4.1,16,47,131
HGNC:6600,LIG3,579,Neurology,periferico,13326,194,5.7013e-7,0.627,v4.1,16,47,131
HGNC:2348,CREBBP,309,Musculoskeletal,central,15500,3123,1,0.101,v4.1,566,1123,1434
HGNC:2348,CREBBP,478,Fetal (including NIPD),central,15500,3123,1,0.101,v4.1,566,1123,1434
HGNC:2348,CREBBP,249,Ophthalmological disorders,periferico,15500,3123,1,0.101,v4.1,566,1123,1434
HGNC:2348,CREBBP,484,Sin clasificar,central,15500,3123,1,0.101,v4.1,566,1123,1434
HGNC:2348,CREBBP,285,Developmental disorders,central,15500,3123,1,0.101,v4.1,566,1123,1434
HGNC:2348,CREBBP,131,Endocrine disorders,central,15500,3123,1,0.101,v4.1,566,1123,1434
HGNC:2348,CREBBP,402,Neurology,central,15500,3123,1,0.101,v4.1,566,1123,1434
HGNC:7218,MPO,398,Immunology,central,4427,158,3.3865e-16,0.992,v4.1,18,26,114
HGNC:7218,MPO,111,Viral research,central,4427,158,3.3865e-16,0.992,v4.1,18,26,114
HGNC:45,ABCB4,385,Gastroenterological disorders,central,11462,1497,1.7893e-8,0.623,v4.1,257,494,746
HGNC:45,ABCB4,544,Gastrohepatology,central,11462,1497,1.7893e-8,0.623,v4.1,257,494,746
HGNC:23386,MYCBP2,96,Neurology,periferico,35991,787,1,0.243,v4.1,18,99,670
HGNC:6139,ITGA3,200,Respiratory disorders,periferico,10254,566,2.2512e-10,0.69,v4.1,30,281,255
HGNC:6139,ITGA3,1638,Respiratory,periferico,10254,566,2.2512e-10,0.69,v4.1,30,281,255
HGNC:6139,ITGA3,119,Dermatological disorders,periferico,10254,566,2.2512e-10,0.69,v4.1,30,281,255
HGNC:6501,LAMP2,285,Developmental disorders,central,13075,907,0.26698,0.641,v2.1.1,229,322,356
HGNC:6501,LAMP2,652,Cardiology,central,13075,907,0.26698,0.641,v2.1.1,229,322,356
HGNC:6501,LAMP2,49,Cardiology,central,13075,907,0.26698,0.641,v2.1.1,229,322,356
HGNC:6501,LAMP2,749,Cardiology,central,13075,907,0.26698,0.641,v2.1.1,229,322,356
HGNC:6501,LAMP2,529,Metabolic,central,13075,907,0.26698,0.641,v2.1.1,229,322,356
HGNC:6501,LAMP2,528,Metabolic,periferico,13075,907,0.26698,0.641,v2.1.1,229,322,356
HGNC:6501,LAMP2,484,Sin clasificar,central,13075,907,0.26698,0.641,v2.1.1,229,322,356
HGNC:6138,ITGA2B,545,Haematology,central,5698,996,9.191400000000001e-19,0.763,v4.1,259,277,460
HGNC:6138,ITGA2B,175,Haematological and immunological disorders,central,5698,996,9.191400000000001e-19,0.763,v4.1,259,277,460
HGNC:2364,CRLF1,478,Fetal (including NIPD),periferico,5200,240,8.3681e-10,1.045,v4.1,33,110,97
HGNC:24529,TMEM98,34,Ophthalmological disorders,periferico,6501,41,2.9227e-5,1.072,v4.1,3,5,33
HGNC:24529,TMEM98,478,Fetal (including NIPD),periferico,6501,41,2.9227e-5,1.072,v4.1,3,5,33
HGNC:24529,TMEM98,509,Ophthalmology,periferico,6501,41,2.9227e-5,1.072,v4.1,3,5,33
HGNC:59,ABCC8,26,Endocrine disorders,central,27254,2967,9.5344e-33,0.829,v4.1,481,1277,1209
HGNC:59,ABCC8,152,Endocrine disorders,central,27254,2967,9.5344e-33,0.829,v4.1,481,1277,1209
HGNC:59,ABCC8,472,Endocrinology,central,27254,2967,9.5344e-33,0.829,v4.1,481,1277,1209
HGNC:59,ABCC8,308,Endocrinology,central,27254,2967,9.5344e-33,0.829,v4.1,481,1277,1209
HGNC:59,ABCC8,193,Respiratory,periferico,27254,2967,9.5344e-33,0.829,v4.1,481,1277,1209
HGNC:1394,CACNA1G,474,Neurology,periferico,10062,1503,1,0.406,v4.1,30,567,906
HGNC:1394,CACNA1G,286,Neurology and neurodevelopmental disorders,periferico,10062,1503,1,0.406,v4.1,30,567,906
HGNC:21869,AGK,749,Cardiology,central,16119,408,7.3523e-6,0.918,v4.1,53,185,170
HGNC:21869,AGK,114,Metabolic disorders,periferico,16119,408,7.3523e-6,0.918,v4.1,53,185,170
HGNC:21869,AGK,230,Ophthalmology,periferico,16119,408,7.3523e-6,0.918,v4.1,53,185,170
HGNC:12597,USH1C,126,Audiology,central,10672,1511,1.9134999999999998e-22,0.876,v4.1,200,782,529
HGNC:2260,COX10,539,Mitochondrial,central,10345,357,4.7226e-7,0.934,v4.1,16,140,201
HGNC:2260,COX10,402,Neurology,central,10345,357,4.7226e-7,0.934,v4.1,16,140,201
HGNC:2260,COX10,302,Metabolic disorders,central,10345,357,4.7226e-7,0.934,v4.1,16,140,201
HGNC:2260,COX10,467,Metabolic,central,10345,357,4.7226e-7,0.934,v4.1,16,140,201
HGNC:2260,COX10,112,Mitochondrial,central,10345,357,4.7226e-7,0.934,v4.1,16,140,201
HGNC:12713,VPS41,847,Neurology,periferico,18119,189,4.3391e-14,0.904,v4.1,11,57,121
HGNC:12713,VPS41,466,Neurology,periferico,18119,189,4.3391e-14,0.904,v4.1,11,57,121
HGNC:12713,VPS41,540,Neurology,periferico,18119,189,4.3391e-14,0.904,v4.1,11,57,121
HGNC:12713,VPS41,285,Developmental disorders,periferico,18119,189,4.3391e-14,0.904,v4.1,11,57,121
HGNC:12713,VPS41,477,Neurology,periferico,18119,189,4.3391e-14,0.904,v4.1,11,57,121
HGNC:9454,PROM1,307,Ophthalmology,central,13262,1158,1.2262e-27,1.104,v4.1,156,344,658
HGNC:8574,PAFAH1B1,96,Neurology,central,15649,613,1,0.1,v4.1,216,222,175
HGNC:8574,PAFAH1B1,402,Neurology,central,15649,613,1,0.1,v4.1,216,222,175
HGNC:8574,PAFAH1B1,42,Neurology and neurodevelopmental disorders,periferico,15649,613,1,0.1,v4.1,216,222,175
HGNC:8574,PAFAH1B1,285,Developmental disorders,central,15649,613,1,0.1,v4.1,216,222,175
HGNC:8574,PAFAH1B1,484,Sin clasificar,central,15649,613,1,0.1,v4.1,216,222,175
HGNC:8574,PAFAH1B1,476,Neurology,periferico,15649,613,1,0.1,v4.1,216,222,175
HGNC:8574,PAFAH1B1,478,Fetal (including NIPD),central,15649,613,1,0.1,v4.1,216,222,175
HGNC:2953,DNAH9,178,Ciliopathies,central,16954,2560,6.7994e-74,0.775,v4.1,167,1170,1223
HGNC:2953,DNAH9,550,Respiratory,central,16954,2560,6.7994e-74,0.775,v4.1,167,1170,1223
HGNC:2953,DNAH9,59,Cancer susceptibility,periferico,16954,2560,6.7994e-74,0.775,v4.1,167,1170,1223
HGNC:10591,SCN4A,1141,Neurology,periferico,8243,2470,2.0645e-10,0.628,v4.1,168,820,1482
HGNC:10591,SCN4A,542,Neurology,central,8243,2470,2.0645e-10,0.628,v4.1,168,820,1482
HGNC:10591,SCN4A,66,Neurology,periferico,8243,2470,2.0645e-10,0.628,v4.1,168,820,1482
HGNC:10591,SCN4A,229,Neurology and neurodevelopmental disorders,central,8243,2470,2.0645e-10,0.628,v4.1,168,820,1482
HGNC:8620,PAX6,230,Ophthalmology,central,20656,977,1,0.226,v4.1,451,225,301
HGNC:8620,PAX6,477,Neurology,central,20656,977,1,0.226,v4.1,451,225,301
HGNC:8620,PAX6,478,Fetal (including NIPD),central,20656,977,1,0.226,v4.1,451,225,301
HGNC:8620,PAX6,509,Ophthalmology,central,20656,977,1,0.226,v4.1,451,225,301
HGNC:8620,PAX6,294,Ophthalmological disorders,central,20656,977,1,0.226,v4.1,451,225,301
HGNC:8620,PAX6,34,Ophthalmological disorders,central,20656,977,1,0.226,v4.1,451,225,301
HGNC:8620,PAX6,484,Sin clasificar,central,20656,977,1,0.226,v4.1,451,225,301
HGNC:20561,RHBDF1,652,Cardiology,periferico,8845,162,4.855e-23,1.022,v4.1,0,15,147
HGNC:20561,RHBDF1,749,Cardiology,periferico,8845,162,4.855e-23,1.022,v4.1,0,15,147
HGNC:14135,PIGQ,478,Fetal (including NIPD),periferico,10033,803,6.7802e-18,1.295,v4.1,47,382,374
HGNC:14135,PIGQ,285,Developmental disorders,periferico,10033,803,6.7802e-18,1.295,v4.1,47,382,374
HGNC:14135,PIGQ,479,Developmental disorders,periferico,10033,803,6.7802e-18,1.295,v4.1,47,382,374
HGNC:3771,FMO3,467,Metabolic,periferico,5857,306,4.5714e-12,1.314,v4.1,96,113,97
HGNC:3771,FMO3,565,Dermatology,periferico,5857,306,4.5714e-12,1.314,v4.1,96,113,97
HGNC:3771,FMO3,302,Metabolic disorders,periferico,5857,306,4.5714e-12,1.314,v4.1,96,113,97
HGNC:11494,SYN1,402,Neurology,central,3857,719,0.99216,0.251,v2.1.1,140,243,336
HGNC:11494,SYN1,478,Fetal (including NIPD),central,3857,719,0.99216,0.251,v2.1.1,140,243,336
HGNC:11494,SYN1,484,Sin clasificar,central,3857,719,0.99216,0.251,v2.1.1,140,243,336
HGNC:11494,SYN1,285,Developmental disorders,central,3857,719,0.99216,0.251,v2.1.1,140,243,336
HGNC:6196,JARID2,285,Developmental disorders,central,7177,368,1,0.202,v4.1,35,89,244
HGNC:6196,JARID2,484,Sin clasificar,central,7177,368,1,0.202,v4.1,35,89,244
HGNC:11411,CDKL5,402,Neurology,central,19058,1699,0.99932,0.226,v2.1.1,688,531,480
HGNC:11411,CDKL5,484,Sin clasificar,central,19058,1699,0.99932,0.226,v2.1.1,688,531,480
HGNC:11411,CDKL5,285,Developmental disorders,central,19058,1699,0.99932,0.226,v2.1.1,688,531,480
HGNC:11743,TFAP2B,168,Musculoskeletal,periferico,6176,191,0.99997,0.353,v4.1,32,63,96
HGNC:11743,TFAP2B,384,Musculoskeletal,periferico,6176,191,0.99997,0.353,v4.1,32,63,96
HGNC:201,ADAM22,484,Sin clasificar,periferico,15142,177,0.55288,0.518,v4.1,9,52,116
HGNC:201,ADAM22,285,Developmental disorders,periferico,15142,177,0.55288,0.518,v4.1,9,52,116
HGNC:3230,CELSR3,285,Developmental disorders,periferico,13850,512,1,0.344,v4.1,14,78,420
HGNC:3230,CELSR3,63,Gastroenterological disorders,periferico,13850,512,1,0.344,v4.1,14,78,420
HGNC:3230,CELSR3,402,Neurology,periferico,13850,512,1,0.344,v4.1,14,78,420
HGNC:3230,CELSR3,478,Fetal (including NIPD),periferico,13850,512,1,0.344,v4.1,14,78,420
HGNC:17366,AASS,847,Neurology,periferico,11150,294,4.5130999999999994e-21,0.948,v4.1,23,110,161
HGNC:9008,PKD1,283,Renal,central,18534,7202,1,0.364,v4.1,2262,1118,3822
HGNC:9008,PKD1,156,Renal and urinary tract disorders,central,18534,7202,1,0.364,v4.1,2262,1118,3822
HGNC:9008,PKD1,209,Sin clasificar,central,18534,7202,1,0.364,v4.1,2262,1118,3822
HGNC:18756,RHOBTB2,541,Neurology,periferico,8246,898,1.8612e-6,0.761,v4.1,15,514,369
HGNC:18756,RHOBTB2,285,Developmental disorders,periferico,8246,898,1.8612e-6,0.761,v4.1,15,514,369
HGNC:18756,RHOBTB2,402,Neurology,periferico,8246,898,1.8612e-6,0.761,v4.1,15,514,369
HGNC:18756,RHOBTB2,478,Fetal (including NIPD),periferico,8246,898,1.8612e-6,0.761,v4.1,15,514,369
HGNC:18756,RHOBTB2,484,Sin clasificar,periferico,8246,898,1.8612e-6,0.761,v4.1,15,514,369
HGNC:29273,HEATR5B,285,Developmental disorders,periferico,13353,256,2.9437999999999997e-21,0.769,v4.1,3,8,245
HGNC:29273,HEATR5B,286,Neurology and neurodevelopmental disorders,periferico,13353,256,2.9437999999999997e-21,0.769,v4.1,3,8,245
HGNC:29273,HEATR5B,477,Neurology,periferico,13353,256,2.9437999999999997e-21,0.769,v4.1,3,8,245
HGNC:29273,HEATR5B,402,Neurology,periferico,13353,256,2.9437999999999997e-21,0.769,v4.1,3,8,245
HGNC:10405,RPS20,519,Haematology,central,7024,373,0.9668,0.481,v4.1,9,208,156
HGNC:8621,PAX7,478,Fetal (including NIPD),central,7565,119,0.97674,0.504,v4.1,5,31,83
HGNC:21071,IYD,31,Endocrinology,central,10497,108,6.1423e-8,1.164,v4.1,8,46,54
HGNC:19743,POMT2,179,Neurology,central,13299,1323,3.9110000000000003e-20,0.944,v4.1,153,597,573
HGNC:19743,POMT2,258,Neurology,central,13299,1323,3.9110000000000003e-20,0.944,v4.1,153,597,573
HGNC:25356,SPRTN,479,Developmental disorders,periferico,6937,70,0.94923,0.531,v4.1,4,17,49
HGNC:12585,UQCRC1,112,Mitochondrial,central,7049,93,2.8097e-6,0.763,v4.1,4,4,85
HGNC:12585,UQCRC1,467,Metabolic,central,7049,93,2.8097e-6,0.763,v4.1,4,4,85
HGNC:12585,UQCRC1,539,Mitochondrial,central,7049,93,2.8097e-6,0.763,v4.1,4,4,85
HGNC:12585,UQCRC1,846,Neurology,central,7049,93,2.8097e-6,0.763,v4.1,4,4,85
HGNC:24305,NCAPD2,162,Neurology,central,6729,303,4.3527e-17,0.687,v4.1,11,57,235
HGNC:18628,STAB1,515,Haematology,periferico,10612,504,7.5504e-63,0.843,v4.1,0,61,443
HGNC:5389,IDS,478,Fetal (including NIPD),periferico,9491,1573,0.9964,0.18,v2.1.1,899,381,293
HGNC:5389,IDS,309,Musculoskeletal,periferico,9491,1573,0.9964,0.18,v2.1.1,899,381,293
HGNC:5389,IDS,168,Musculoskeletal,periferico,9491,1573,0.9964,0.18,v2.1.1,899,381,293
HGNC:5389,IDS,61,Gastroenterological disorders,periferico,9491,1573,0.9964,0.18,v2.1.1,899,381,293
HGNC:5389,IDS,749,Cardiology,periferico,9491,1573,0.9964,0.18,v2.1.1,899,381,293
HGNC:1678,CD4,398,Immunology,central,4757,46,0.0060803,0.673,v4.1,2,26,18
HGNC:1678,CD4,111,Viral research,central,4757,46,0.0060803,0.673,v4.1,2,26,18
HGNC:1133,BTK,398,Immunology,central,7879,923,0.99996,0.103,v2.1.1,429,275,219
HGNC:1133,BTK,111,Viral research,central,7879,923,0.99996,0.103,v2.1.1,429,275,219
HGNC:1133,BTK,176,Gastroenterological disorders,central,7879,923,0.99996,0.103,v2.1.1,429,275,219
HGNC:4886,HFE,515,Haematology,central,6973,329,1.0122e-9,1.037,v4.1,45,148,136
HGNC:4886,HFE,26,Endocrine disorders,periferico,6973,329,1.0122e-9,1.037,v4.1,45,148,136
HGNC:4886,HFE,47,Cardiovascular disorders,periferico,6973,329,1.0122e-9,1.037,v4.1,45,148,136
HGNC:4886,HFE,749,Cardiology,periferico,6973,329,1.0122e-9,1.037,v4.1,45,148,136
HGNC:4921,HIVEP2,285,Developmental disorders,periferico,20970,1469,1,0.114,v4.1,82,666,721
HGNC:4921,HIVEP2,484,Sin clasificar,periferico,20970,1469,1,0.114,v4.1,82,666,721
HGNC:4921,HIVEP2,478,Fetal (including NIPD),periferico,20970,1469,1,0.114,v4.1,82,666,721
HGNC:2024,CLCN6,526,Metabolic,periferico,14435,1027,7.0013e-14,0.787,v4.1,2,472,553
HGNC:2024,CLCN6,484,Sin clasificar,central,14435,1027,7.0013e-14,0.787,v4.1,2,472,553
HGNC:2024,CLCN6,285,Developmental disorders,central,14435,1027,7.0013e-14,0.787,v4.1,2,472,553
HGNC:7121,MKS1,543,Ophthalmology,periferico,11459,1164,1.0926000000000002e-19,0.991,v4.1,182,494,488
HGNC:7121,MKS1,384,Musculoskeletal,central,11459,1164,1.0926000000000002e-19,0.991,v4.1,182,494,488
HGNC:7121,MKS1,722,Ophthalmology,central,11459,1164,1.0926000000000002e-19,0.991,v4.1,182,494,488
HGNC:7121,MKS1,81,Musculoskeletal,central,11459,1164,1.0926000000000002e-19,0.991,v4.1,182,494,488
HGNC:7121,MKS1,385,Gastroenterological disorders,periferico,11459,1164,1.0926000000000002e-19,0.991,v4.1,182,494,488
HGNC:7121,MKS1,724,Neurology,central,11459,1164,1.0926000000000002e-19,0.991,v4.1,182,494,488
HGNC:7121,MKS1,150,Ciliopathies,central,11459,1164,1.0926000000000002e-19,0.991,v4.1,182,494,488
HGNC:21396,ABHD5,185,Neurology,periferico,9994,353,3.4236e-7,0.922,v4.1,32,149,172
HGNC:6211,ANOS1,479,Developmental disorders,periferico,8037,515,0.99793,0.248,v2.1.1,190,117,208
HGNC:6211,ANOS1,1537,Renal,periferico,8037,515,0.99793,0.248,v2.1.1,190,117,208
HGNC:21698,RNF216,540,Neurology,periferico,7576,395,8.6887000000000006e-14,0.819,v4.1,25,150,220
HGNC:21698,RNF216,579,Neurology,periferico,7576,395,8.6887000000000006e-14,0.819,v4.1,25,150,220
HGNC:21698,RNF216,650,Endocrinology,periferico,7576,395,8.6887000000000006e-14,0.819,v4.1,25,150,220
HGNC:21698,RNF216,474,Neurology,periferico,7576,395,8.6887000000000006e-14,0.819,v4.1,25,150,220
HGNC:26006,TTC19,536,Mitochondrial,central,11996,364,1.5422e-9,1.049,v4.1,31,146,187
HGNC:26006,TTC19,20,Neurology and neurodevelopmental disorders,central,11996,364,1.5422e-9,1.049,v4.1,31,146,187
HGNC:26006,TTC19,474,Neurology,periferico,11996,364,1.5422e-9,1.049,v4.1,31,146,187
HGNC:26006,TTC19,477,Neurology,periferico,11996,364,1.5422e-9,1.049,v4.1,31,146,187
HGNC:9583,PTBP1,285,Developmental disorders,central,7741,100,1,0.249,v4.1,8,24,68
HGNC:17095,LARS2,285,Developmental disorders,central,15308,616,2.1906e-11,0.808,v4.1,66,316,234
HGNC:17095,LARS2,144,Dysmorphic and congenital abnormality syndromes,periferico,15308,616,2.1906e-11,0.808,v4.1,66,316,234
HGNC:17095,LARS2,484,Sin clasificar,central,15308,616,2.1906e-11,0.808,v4.1,66,316,234
HGNC:8971,PIK3C2A,230,Ophthalmology,periferico,9713,592,0.0030616,0.634,v4.1,30,266,296
HGNC:8971,PIK3C2A,309,Musculoskeletal,periferico,9713,592,0.0030616,0.634,v4.1,30,266,296
HGNC:8971,PIK3C2A,726,Musculoskeletal,periferico,9713,592,0.0030616,0.634,v4.1,30,266,296
HGNC:17155,RABGAP1,484,Sin clasificar,periferico,12820,104,1,0.241,v4.1,2,5,97
HGNC:1100,BRCA1,245,Cancer susceptibility,central,14232,13472,1.5474000000000001e-34,0.885,v4.1,4308,3731,5433
HGNC:1100,BRCA1,399,Sin clasificar,central,14232,13472,1.5474000000000001e-34,0.885,v4.1,4308,3731,5433
HGNC:1100,BRCA1,159,Haematological disorders,central,14232,13472,1.5474000000000001e-34,0.885,v4.1,4308,3731,5433
HGNC:1100,BRCA1,259,Cancer Programme,central,14232,13472,1.5474000000000001e-34,0.885,v4.1,4308,3731,5433
HGNC:1100,BRCA1,59,Cancer susceptibility,central,14232,13472,1.5474000000000001e-34,0.885,v4.1,4308,3731,5433
HGNC:1100,BRCA1,407,Tumour syndromes,central,14232,13472,1.5474000000000001e-34,0.885,v4.1,4308,3731,5433
HGNC:1100,BRCA1,478,Fetal (including NIPD),central,14232,13472,1.5474000000000001e-34,0.885,v4.1,4308,3731,5433
HGNC:1100,BRCA1,559,Dermatology,central,14232,13472,1.5474000000000001e-34,0.885,v4.1,4308,3731,5433
HGNC:1100,BRCA1,143,Inherited cancer,periferico,14232,13472,1.5474000000000001e-34,0.885,v4.1,4308,3731,5433
HGNC:1100,BRCA1,524,Inherited cancer,periferico,14232,13472,1.5474000000000001e-34,0.885,v4.1,4308,3731,5433
HGNC:1100,BRCA1,484,Sin clasificar,central,14232,13472,1.5474000000000001e-34,0.885,v4.1,4308,3731,5433
HGNC:1100,BRCA1,111,Viral research,central,14232,13472,1.5474000000000001e-34,0.885,v4.1,4308,3731,5433
HGNC:1100,BRCA1,243,Cancer susceptibility,central,14232,13472,1.5474000000000001e-34,0.885,v4.1,4308,3731,5433
HGNC:3433,ERCC1,476,Neurology,central,6937,179,9.5936e-13,1.306,v4.1,15,118,46
HGNC:3433,ERCC1,484,Sin clasificar,central,6937,179,9.5936e-13,1.306,v4.1,15,118,46
HGNC:3433,ERCC1,478,Fetal (including NIPD),central,6937,179,9.5936e-13,1.306,v4.1,15,118,46
HGNC:3433,ERCC1,285,Developmental disorders,central,6937,179,9.5936e-13,1.306,v4.1,15,118,46
HGNC:3433,ERCC1,292,Renal,periferico,6937,179,9.5936e-13,1.306,v4.1,15,118,46
HGNC:15455,MBTPS2,556,Dermatology,periferico,17671,237,0.99752,0.17,v2.1.1,17,93,127
HGNC:15455,MBTPS2,81,Musculoskeletal,periferico,17671,237,0.99752,0.17,v2.1.1,17,93,127
HGNC:3518,EXTL3,111,Viral research,periferico,16744,581,0.92595,0.511,v4.1,2,297,282
HGNC:3518,EXTL3,398,Immunology,periferico,16744,581,0.92595,0.511,v4.1,2,297,282
HGNC:3518,EXTL3,484,Sin clasificar,periferico,16744,581,0.92595,0.511,v4.1,2,297,282
HGNC:3518,EXTL3,285,Developmental disorders,periferico,16744,581,0.92595,0.511,v4.1,2,297,282
HGNC:3518,EXTL3,478,Fetal (including NIPD),periferico,16744,581,0.92595,0.511,v4.1,2,297,282
HGNC:7967,NR1H4,385,Gastroenterological disorders,central,6633,162,0.66876,0.577,v4.1,16,53,93
HGNC:7967,NR1H4,544,Gastrohepatology,central,6633,162,0.66876,0.577,v4.1,16,53,93
HGNC:21308,ELOVL5,466,Neurology,periferico,7763,156,0.99902,0.405,v4.1,2,62,92
HGNC:29623,MAN2B2,398,Immunology,periferico,12337,334,9.6512e-31,1.023,v4.1,6,76,252
HGNC:29623,MAN2B2,478,Fetal (including NIPD),periferico,12337,334,9.6512e-31,1.023,v4.1,6,76,252
HGNC:8514,CLDN11,511,Ophthalmology,periferico,4325,21,0.99251,0.348,v4.1,2,5,14
HGNC:30348,POLR3B,484,Sin clasificar,central,6030,736,8.1416e-14,0.84,v4.1,77,255,404
HGNC:30348,POLR3B,476,Neurology,central,6030,736,8.1416e-14,0.84,v4.1,77,255,404
HGNC:30348,POLR3B,285,Developmental disorders,central,6030,736,8.1416e-14,0.84,v4.1,77,255,404
HGNC:30348,POLR3B,477,Neurology,central,6030,736,8.1416e-14,0.84,v4.1,77,255,404
HGNC:30348,POLR3B,478,Fetal (including NIPD),central,6030,736,8.1416e-14,0.84,v4.1,77,255,404
HGNC:30348,POLR3B,42,Neurology and neurodevelopmental disorders,central,6030,736,8.1416e-14,0.84,v4.1,77,255,404
HGNC:30348,POLR3B,579,Neurology,central,6030,736,8.1416e-14,0.84,v4.1,77,255,404
HGNC:1476,CAPN1,165,Neurology and neurodevelopmental disorders,periferico,8481,366,2.8441e-20,0.977,v4.1,51,148,167
HGNC:1476,CAPN1,466,Neurology,periferico,8481,366,2.8441e-20,0.977,v4.1,51,148,167
HGNC:1476,CAPN1,567,Neurology,periferico,8481,366,2.8441e-20,0.977,v4.1,51,148,167
HGNC:1329,SLC30A9,285,Developmental disorders,periferico,13425,82,0.83592,0.587,v4.1,7,17,58
HGNC:1329,SLC30A9,847,Neurology,periferico,13425,82,0.83592,0.587,v4.1,7,17,58
HGNC:2263,COX15,112,Mitochondrial,central,10777,500,5.8917e-16,1.198,v4.1,44,234,222
HGNC:2263,COX15,476,Neurology,central,10777,500,5.8917e-16,1.198,v4.1,44,234,222
HGNC:2263,COX15,302,Metabolic disorders,central,10777,500,5.8917e-16,1.198,v4.1,44,234,222
HGNC:2263,COX15,539,Mitochondrial,central,10777,500,5.8917e-16,1.198,v4.1,44,234,222
HGNC:2263,COX15,467,Metabolic,central,10777,500,5.8917e-16,1.198,v4.1,44,234,222
HGNC:19967,CCDC88C,474,Neurology,periferico,12472,1850,1.3467e-22,0.759,v4.1,118,1166,566
HGNC:19967,CCDC88C,478,Fetal (including NIPD),periferico,12472,1850,1.3467e-22,0.759,v4.1,118,1166,566
HGNC:19967,CCDC88C,285,Developmental disorders,periferico,12472,1850,1.3467e-22,0.759,v4.1,118,1166,566
HGNC:19967,CCDC88C,402,Neurology,periferico,12472,1850,1.3467e-22,0.759,v4.1,118,1166,566
HGNC:19967,CCDC88C,484,Sin clasificar,periferico,12472,1850,1.3467e-22,0.759,v4.1,118,1166,566
HGNC:12731,WAS,519,Haematology,periferico,4194,827,0.99901,0.149,v2.1.1,288,290,249
HGNC:12731,WAS,407,Tumour syndromes,periferico,4194,827,0.99901,0.149,v2.1.1,288,290,249
HGNC:12731,WAS,159,Haematological disorders,periferico,4194,827,0.99901,0.149,v2.1.1,288,290,249
HGNC:12731,WAS,59,Cancer susceptibility,periferico,4194,827,0.99901,0.149,v2.1.1,288,290,249
HGNC:6912,MATR3,235,Neurology,periferico,16129,672,1,0.122,v4.1,1,303,368
HGNC:15517,XYLT2,484,Sin clasificar,periferico,6464,485,2.0234e-5,0.689,v4.1,16,236,233
HGNC:15517,XYLT2,25,Metabolic,periferico,6464,485,2.0234e-5,0.689,v4.1,16,236,233
HGNC:15517,XYLT2,467,Metabolic,periferico,6464,485,2.0234e-5,0.689,v4.1,16,236,233
HGNC:15517,XYLT2,230,Ophthalmology,periferico,6464,485,2.0234e-5,0.689,v4.1,16,236,233
HGNC:15517,XYLT2,302,Metabolic disorders,periferico,6464,485,2.0234e-5,0.689,v4.1,16,236,233
HGNC:15517,XYLT2,478,Fetal (including NIPD),periferico,6464,485,2.0234e-5,0.689,v4.1,16,236,233
HGNC:22208,NUDCD3,398,Immunology,periferico,15356,45,0.98652,0.492,v4.1,1,0,44
HGNC:6132,ISL1,479,Developmental disorders,central,2884,111,0.99999,0.235,v4.1,0,57,54
HGNC:24870,GLT8D1,474,Neurology,periferico,8380,48,0.0016088,1.266,v4.1,1,8,39
HGNC:13211,ATP2C1,554,Dermatology,periferico,12165,287,0.99999,0.402,v4.1,54,94,139
HGNC:5464,IGF1,478,Fetal (including NIPD),central,8864,192,0.75933,0.675,v4.1,10,61,121
HGNC:5464,IGF1,484,Sin clasificar,central,8864,192,0.75933,0.675,v4.1,10,61,121
HGNC:5464,IGF1,285,Developmental disorders,central,8864,192,0.75933,0.675,v4.1,10,61,121
HGNC:2171,CNTN1,225,Neurology,periferico,10940,724,0.99993,0.431,v4.1,23,406,295
HGNC:2171,CNTN1,258,Neurology,periferico,10940,724,0.99993,0.431,v4.1,23,406,295
HGNC:327,AGPS,309,Musculoskeletal,periferico,19579,796,0.99977,0.408,v4.1,30,541,225
HGNC:800,ATP1A2,144,Dysmorphic and congenital abnormality syndromes,periferico,9581,1561,1.6587e-5,0.598,v4.1,137,663,761
HGNC:800,ATP1A2,162,Neurology,periferico,9581,1561,1.6587e-5,0.598,v4.1,137,663,761
HGNC:800,ATP1A2,96,Neurology,central,9581,1561,1.6587e-5,0.598,v4.1,137,663,761
HGNC:800,ATP1A2,540,Neurology,periferico,9581,1561,1.6587e-5,0.598,v4.1,137,663,761
HGNC:23697,PHLDB1,478,Fetal (including NIPD),periferico,23582,216,6.4246e-6,0.604,v4.1,2,12,202
HGNC:2602,CYP24A1,283,Renal,periferico,6463,452,1.2314e-17,1.507,v4.1,64,153,235
HGNC:2602,CYP24A1,292,Renal,periferico,6463,452,1.2314e-17,1.507,v4.1,64,153,235
HGNC:2602,CYP24A1,149,Renal,periferico,6463,452,1.2314e-17,1.507,v4.1,64,153,235
HGNC:11094,SNAI2,559,Dermatology,central,3595,108,0.99965,0.283,v4.1,0,38,70
HGNC:4893,HGF,65,Cardiology,central,9755,312,0.99627,0.471,v4.1,9,153,150
HGNC:7230,MRE11,476,Neurology,central,11943,2402,2.5803e-10,0.801,v4.1,191,783,1428
HGNC:7230,MRE11,162,Neurology,central,11943,2402,2.5803e-10,0.801,v4.1,191,783,1428
HGNC:7230,MRE11,484,Sin clasificar,central,11943,2402,2.5803e-10,0.801,v4.1,191,783,1428
HGNC:7230,MRE11,847,Neurology,periferico,11943,2402,2.5803e-10,0.801,v4.1,191,783,1428
HGNC:11233,SPAST,285,Developmental disorders,central,10420,1530,0.11467,0.69,v4.1,681,317,532
HGNC:11233,SPAST,263,Neurology and neurodevelopmental disorders,periferico,10420,1530,0.11467,0.69,v4.1,681,317,532
HGNC:11233,SPAST,165,Neurology and neurodevelopmental disorders,central,10420,1530,0.11467,0.69,v4.1,681,317,532
HGNC:11233,SPAST,567,Neurology,central,10420,1530,0.11467,0.69,v4.1,681,317,532
HGNC:11233,SPAST,484,Sin clasificar,central,10420,1530,0.11467,0.69,v4.1,681,317,532
HGNC:11233,SPAST,568,Neurology,central,10420,1530,0.11467,0.69,v4.1,681,317,532
HGNC:11233,SPAST,846,Neurology,central,10420,1530,0.11467,0.69,v4.1,681,317,532
HGNC:3702,FHL1,49,Cardiology,periferico,5962,604,0.96979,0.276,v2.1.1,102,214,288
HGNC:3702,FHL1,207,Neurology,periferico,5962,604,0.96979,0.276,v2.1.1,102,214,288
HGNC:3702,FHL1,235,Neurology,periferico,5962,604,0.96979,0.276,v2.1.1,102,214,288
HGNC:4075,GABRA1,402,Neurology,central,8420,792,0.99999,0.282,v4.1,85,286,421
HGNC:4075,GABRA1,285,Developmental disorders,central,8420,792,0.99999,0.282,v4.1,85,286,421
HGNC:22948,NLRP2,1471,Endocrinology,periferico,6313,371,7.8103e-36,1.232,v4.1,6,128,237
HGNC:22948,NLRP2,98,Dermatology,periferico,6313,371,7.8103e-36,1.232,v4.1,6,128,237
HGNC:10074,RNH1,484,Sin clasificar,periferico,8931,96,1.4828e-12,1.169,v4.1,0,10,86
HGNC:7707,NDUFS1,285,Developmental disorders,central,15972,504,9.2715e-12,0.836,v4.1,54,209,241
HGNC:7707,NDUFS1,467,Metabolic,central,15972,504,9.2715e-12,0.836,v4.1,54,209,241
HGNC:7707,NDUFS1,476,Neurology,central,15972,504,9.2715e-12,0.836,v4.1,54,209,241
HGNC:7707,NDUFS1,402,Neurology,central,15972,504,9.2715e-12,0.836,v4.1,54,209,241
HGNC:7707,NDUFS1,302,Metabolic disorders,central,15972,504,9.2715e-12,0.836,v4.1,54,209,241
HGNC:7707,NDUFS1,186,Ophthalmology,central,15972,504,9.2715e-12,0.836,v4.1,54,209,241
HGNC:7707,NDUFS1,847,Neurology,central,15972,504,9.2715e-12,0.836,v4.1,54,209,241
HGNC:7707,NDUFS1,478,Fetal (including NIPD),central,15972,504,9.2715e-12,0.836,v4.1,54,209,241
HGNC:7707,NDUFS1,484,Sin clasificar,central,15972,504,9.2715e-12,0.836,v4.1,54,209,241
HGNC:7707,NDUFS1,749,Cardiology,central,15972,504,9.2715e-12,0.836,v4.1,54,209,241
HGNC:7707,NDUFS1,112,Mitochondrial,central,15972,504,9.2715e-12,0.836,v4.1,54,209,241
HGNC:7707,NDUFS1,539,Mitochondrial,central,15972,504,9.2715e-12,0.836,v4.1,54,209,241
HGNC:7707,NDUFS1,42,Neurology and neurodevelopmental disorders,central,15972,504,9.2715e-12,0.836,v4.1,54,209,241
HGNC:53,ABCC2,544,Gastrohepatology,central,9157,1294,1.5473e-45,0.985,v4.1,190,644,460
HGNC:2760,DEF6,398,Immunology,periferico,5291,390,0.0063107,0.61,v4.1,9,221,160
HGNC:2760,DEF6,111,Viral research,periferico,5291,390,0.0063107,0.61,v4.1,9,221,160
HGNC:19903,RRAGD,652,Cardiology,periferico,8749,46,0.55965,0.63,v4.1,8,0,38
HGNC:19903,RRAGD,292,Renal,periferico,8749,46,0.55965,0.63,v4.1,8,0,38
HGNC:19903,RRAGD,149,Renal,periferico,8749,46,0.55965,0.63,v4.1,8,0,38
HGNC:19903,RRAGD,749,Cardiology,periferico,8749,46,0.55965,0.63,v4.1,8,0,38
HGNC:3148,TYMP,533,Mitochondrial,periferico,4212,1107,7.118000000000001e-20,1.518,v4.1,198,597,312
HGNC:3148,TYMP,579,Neurology,periferico,4212,1107,7.118000000000001e-20,1.518,v4.1,198,597,312
HGNC:3148,TYMP,112,Mitochondrial,periferico,4212,1107,7.118000000000001e-20,1.518,v4.1,198,597,312
HGNC:3148,TYMP,539,Mitochondrial,periferico,4212,1107,7.118000000000001e-20,1.518,v4.1,198,597,312
HGNC:11920,FAS,59,Cancer susceptibility,periferico,29313,516,0.99961,0.372,v4.1,122,156,238
HGNC:11920,FAS,519,Haematology,periferico,29313,516,0.99961,0.372,v4.1,122,156,238
HGNC:11920,FAS,407,Tumour syndromes,periferico,29313,516,0.99961,0.372,v4.1,122,156,238
HGNC:21686,RNASET2,285,Developmental disorders,periferico,20507,172,0.0020594,1.224,v4.1,11,78,83
HGNC:21686,RNASET2,476,Neurology,periferico,20507,172,0.0020594,1.224,v4.1,11,78,83
HGNC:21686,RNASET2,478,Fetal (including NIPD),periferico,20507,172,0.0020594,1.224,v4.1,11,78,83
HGNC:21686,RNASET2,42,Neurology and neurodevelopmental disorders,periferico,20507,172,0.0020594,1.224,v4.1,11,78,83
HGNC:21686,RNASET2,579,Neurology,periferico,20507,172,0.0020594,1.224,v4.1,11,78,83
HGNC:21686,RNASET2,402,Neurology,periferico,20507,172,0.0020594,1.224,v4.1,11,78,83
HGNC:5439,IFNGR1,111,Viral research,central,4706,420,4.6256e-4,0.881,v4.1,36,136,248
HGNC:5439,IFNGR1,398,Immunology,central,4706,420,4.6256e-4,0.881,v4.1,36,136,248
HGNC:930,B4GALT7,309,Musculoskeletal,central,6365,446,5.1437e-10,1.228,v4.1,25,204,217
HGNC:930,B4GALT7,25,Metabolic,central,6365,446,5.1437e-10,1.228,v4.1,25,204,217
HGNC:930,B4GALT7,302,Metabolic disorders,periferico,6365,446,5.1437e-10,1.228,v4.1,25,204,217
HGNC:5004,HMGB3,509,Ophthalmology,periferico,5036,27,0.79758,0.566,v2.1.1,0,9,18
HGNC:7525,MUSK,232,Neurology,central,9299,887,4.9211e-10,0.778,v4.1,75,452,360
HGNC:4601,GRN,265,Neurology and neurodevelopmental disorders,central,4060,782,0.042667,0.59,v4.1,136,265,381
HGNC:4601,GRN,474,Neurology,central,4060,782,0.042667,0.59,v4.1,136,265,381
HGNC:29216,ARHGAP31,309,Musculoskeletal,periferico,10479,661,1,0.38,v4.1,4,245,412
HGNC:29216,ARHGAP31,384,Musculoskeletal,periferico,10479,661,1,0.38,v4.1,4,245,412
HGNC:12383,EIPR1,162,Neurology,periferico,7243,58,2.1645e-4,0.76,v4.1,4,3,51
HGNC:16268,PNPLA6,466,Neurology,central,7161,1501,1.0474e-24,0.872,v4.1,124,734,643
HGNC:16268,PNPLA6,165,Neurology and neurodevelopmental disorders,central,7161,1501,1.0474e-24,0.872,v4.1,124,734,643
HGNC:16268,PNPLA6,131,Endocrine disorders,periferico,7161,1501,1.0474e-24,0.872,v4.1,124,734,643
HGNC:16268,PNPLA6,483,Endocrinology,periferico,7161,1501,1.0474e-24,0.872,v4.1,124,734,643
HGNC:16268,PNPLA6,567,Neurology,central,7161,1501,1.0474e-24,0.872,v4.1,124,734,643
HGNC:16268,PNPLA6,85,Neurology and neurodevelopmental disorders,central,7161,1501,1.0474e-24,0.872,v4.1,124,734,643
HGNC:16268,PNPLA6,477,Neurology,central,7161,1501,1.0474e-24,0.872,v4.1,124,734,643
HGNC:16268,PNPLA6,20,Neurology and neurodevelopmental disorders,central,7161,1501,1.0474e-24,0.872,v4.1,124,734,643
HGNC:16268,PNPLA6,568,Neurology,central,7161,1501,1.0474e-24,0.872,v4.1,124,734,643
HGNC:16268,PNPLA6,846,Neurology,central,7161,1501,1.0474e-24,0.872,v4.1,124,734,643
HGNC:18294,ALG1,467,Metabolic,central,10641,985,1.6267e-25,1.419,v4.1,119,521,345
HGNC:18294,ALG1,25,Metabolic,central,10641,985,1.6267e-25,1.419,v4.1,119,521,345
HGNC:18294,ALG1,402,Neurology,central,10641,985,1.6267e-25,1.419,v4.1,119,521,345
HGNC:18294,ALG1,302,Metabolic disorders,central,10641,985,1.6267e-25,1.419,v4.1,119,521,345
HGNC:25265,ZCCHC8,200,Respiratory disorders,periferico,9406,488,7.4625e-4,0.709,v4.1,5,191,292
HGNC:25265,ZCCHC8,1174,Respiratory,periferico,9406,488,7.4625e-4,0.709,v4.1,5,191,292
HGNC:4019,FUT8,25,Metabolic,periferico,18108,169,0.0026169,0.667,v4.1,8,80,81
HGNC:4019,FUT8,285,Developmental disorders,periferico,18108,169,0.0026169,0.667,v4.1,8,80,81
HGNC:4019,FUT8,302,Metabolic disorders,periferico,18108,169,0.0026169,0.667,v4.1,8,80,81
HGNC:4019,FUT8,478,Fetal (including NIPD),periferico,18108,169,0.0026169,0.667,v4.1,8,80,81
HGNC:4019,FUT8,402,Neurology,periferico,18108,169,0.0026169,0.667,v4.1,8,80,81
HGNC:4019,FUT8,467,Metabolic,periferico,18108,169,0.0026169,0.667,v4.1,8,80,81
HGNC:4019,FUT8,484,Sin clasificar,periferico,18108,169,0.0026169,0.667,v4.1,8,80,81
HGNC:25678,EFCAB1,550,Respiratory,periferico,6254,29,2.122e-4,1.35,v4.1,4,1,24
HGNC:25678,EFCAB1,478,Fetal (including NIPD),periferico,6254,29,2.122e-4,1.35,v4.1,4,1,24
HGNC:8858,PEX3,579,Neurology,central,5636,427,0.11603,0.972,v4.1,37,199,191
HGNC:7610,MYOC,249,Ophthalmological disorders,central,2343,331,8.5144e-11,1.343,v4.1,50,77,204
HGNC:12665,VCL,63,Gastroenterological disorders,periferico,14533,1738,0.99858,0.461,v4.1,4,695,1039
HGNC:12665,VCL,749,Cardiology,central,14533,1738,0.99858,0.461,v4.1,4,695,1039
HGNC:25622,TBC1D23,478,Fetal (including NIPD),periferico,6426,148,4.9269e-5,0.882,v4.1,16,33,99
HGNC:2553,CUL3,478,Fetal (including NIPD),central,16065,676,0.99999,0.365,v4.1,130,229,317
HGNC:2553,CUL3,402,Neurology,central,16065,676,0.99999,0.365,v4.1,130,229,317
HGNC:2553,CUL3,285,Developmental disorders,central,16065,676,0.99999,0.365,v4.1,130,229,317
HGNC:2553,CUL3,484,Sin clasificar,central,16065,676,0.99999,0.365,v4.1,130,229,317
HGNC:8512,OTC,302,Metabolic disorders,central,5871,1066,0.87295,0.406,v2.1.1,516,298,252
HGNC:8512,OTC,467,Metabolic,central,5871,1066,0.87295,0.406,v2.1.1,516,298,252
HGNC:8512,OTC,484,Sin clasificar,central,5871,1066,0.87295,0.406,v2.1.1,516,298,252
HGNC:8512,OTC,285,Developmental disorders,central,5871,1066,0.87295,0.406,v2.1.1,516,298,252
HGNC:8512,OTC,267,Metabolic disorders,central,5871,1066,0.87295,0.406,v2.1.1,516,298,252
HGNC:1514,CASR,292,Renal,central,12647,3129,0.99692,0.469,v4.1,329,1025,1775
HGNC:1514,CASR,200,Respiratory disorders,periferico,12647,3129,0.99692,0.469,v4.1,329,1025,1775
HGNC:3767,FLT4,563,Dermatology,central,9195,598,1,0.265,v4.1,69,225,304
HGNC:318,AGA,529,Metabolic,periferico,3910,576,3.0493e-5,0.938,v4.1,123,301,152
HGNC:318,AGA,309,Musculoskeletal,periferico,3910,576,3.0493e-5,0.938,v4.1,123,301,152
HGNC:12303,TRIO,484,Sin clasificar,periferico,20036,1981,1,0.217,v4.1,225,666,1090
HGNC:12303,TRIO,285,Developmental disorders,periferico,20036,1981,1,0.217,v4.1,225,666,1090
HGNC:12303,TRIO,162,Neurology,periferico,20036,1981,1,0.217,v4.1,225,666,1090
HGNC:2464,VCAN,3,Ophthalmology,periferico,17505,2459,1,0.223,v4.1,25,762,1672
HGNC:29013,CLEC16A,285,Developmental disorders,periferico,18983,169,2.0043e-5,0.639,v4.1,0,17,152
HGNC:1748,CDH1,158,Tumour syndromes,periferico,7358,5151,0.85613,0.514,v4.1,660,1805,2686
HGNC:1748,CDH1,254,Tumour syndromes,periferico,7358,5151,0.85613,0.514,v4.1,660,1805,2686
HGNC:1748,CDH1,81,Musculoskeletal,central,7358,5151,0.85613,0.514,v4.1,660,1805,2686
HGNC:1748,CDH1,484,Sin clasificar,central,7358,5151,0.85613,0.514,v4.1,660,1805,2686
HGNC:1748,CDH1,478,Fetal (including NIPD),central,7358,5151,0.85613,0.514,v4.1,660,1805,2686
HGNC:2950,DNAH5,549,Respiratory,central,24848,6662,8.829399999999999e-79,0.764,v4.1,1113,3477,2072
HGNC:1339,C6,111,Viral research,periferico,12183,625,6.1993e-27,1.008,v4.1,64,253,308
HGNC:26001,PQLC2,307,Ophthalmology,periferico,6826,60,4.7046e-6,0.975,v4.1,1,3,56
HGNC:2518,CTNS,292,Renal,periferico,8113,911,0.0010072,0.754,v4.1,204,412,295
HGNC:2518,CTNS,302,Metabolic disorders,periferico,8113,911,0.0010072,0.754,v4.1,204,412,295
HGNC:2518,CTNS,484,Sin clasificar,periferico,8113,911,0.0010072,0.754,v4.1,204,412,295
HGNC:2518,CTNS,156,Renal and urinary tract disorders,periferico,8113,911,0.0010072,0.754,v4.1,204,412,295
HGNC:2518,CTNS,467,Metabolic,periferico,8113,911,0.0010072,0.754,v4.1,204,412,295
HGNC:6074,INPP4A,477,Neurology,periferico,15462,116,0.99997,0.411,v4.1,8,19,89
HGNC:6074,INPP4A,162,Neurology,periferico,15462,116,0.99997,0.411,v4.1,8,19,89
HGNC:6074,INPP4A,402,Neurology,periferico,15462,116,0.99997,0.411,v4.1,8,19,89
HGNC:6074,INPP4A,568,Neurology,periferico,15462,116,0.99997,0.411,v4.1,8,19,89
HGNC:5318,TNC,126,Audiology,periferico,12602,614,5.9321e-13,0.608,v4.1,6,250,358
HGNC:20423,SPATA7,307,Ophthalmology,central,9161,498,6.0519e-9,1.22,v4.1,67,150,281
HGNC:565,AP2S1,480,Endocrinology,periferico,2084,135,0.98109,0.478,v4.1,3,91,41
HGNC:565,AP2S1,292,Renal,periferico,2084,135,0.98109,0.478,v4.1,3,91,41
HGNC:12601,USH2A,126,Audiology,central,21948,9519,2.7327e-115,0.855,v4.1,2133,3831,3555
HGNC:12601,USH2A,307,Ophthalmology,central,21948,9519,2.7327e-115,0.855,v4.1,2133,3831,3555
HGNC:12873,ZIC2,509,Ophthalmology,central,3808,568,0.96497,0.52,v4.1,83,195,290
HGNC:21024,CUL7,484,Sin clasificar,central,8749,1023,1.197e-11,0.62,v4.1,128,368,527
HGNC:21024,CUL7,478,Fetal (including NIPD),central,8749,1023,1.197e-11,0.62,v4.1,128,368,527
HGNC:21024,CUL7,309,Musculoskeletal,central,8749,1023,1.197e-11,0.62,v4.1,128,368,527
HGNC:21024,CUL7,131,Endocrine disorders,periferico,8749,1023,1.197e-11,0.62,v4.1,128,368,527
HGNC:8926,PHKA2,248,Metabolic disorders,periferico,13227,693,0.3839,0.373,v2.1.1,127,262,304
HGNC:3049,DSG2,749,Cardiology,central,18293,2313,1.4607e-7,0.764,v4.1,152,684,1477
HGNC:2567,OFD1,722,Ophthalmology,central,16092,1305,0.95968,0.322,v2.1.1,247,426,632
HGNC:2567,OFD1,550,Respiratory,central,16092,1305,0.95968,0.322,v2.1.1,247,426,632
HGNC:2567,OFD1,509,Ophthalmology,central,16092,1305,0.95968,0.322,v2.1.1,247,426,632
HGNC:2567,OFD1,251,Hearing and ear disorders,periferico,16092,1305,0.95968,0.322,v2.1.1,247,426,632
HGNC:2567,OFD1,81,Musculoskeletal,central,16092,1305,0.95968,0.322,v2.1.1,247,426,632
HGNC:2567,OFD1,178,Ciliopathies,central,16092,1305,0.95968,0.322,v2.1.1,247,426,632
HGNC:2567,OFD1,122,Skeletal disorders,central,16092,1305,0.95968,0.322,v2.1.1,247,426,632
HGNC:2567,OFD1,307,Ophthalmology,central,16092,1305,0.95968,0.322,v2.1.1,247,426,632
HGNC:2567,OFD1,484,Sin clasificar,central,16092,1305,0.95968,0.322,v2.1.1,247,426,632
HGNC:2567,OFD1,309,Musculoskeletal,central,16092,1305,0.95968,0.322,v2.1.1,247,426,632
HGNC:2567,OFD1,478,Fetal (including NIPD),central,16092,1305,0.95968,0.322,v2.1.1,247,426,632
HGNC:2567,OFD1,725,Renal,central,16092,1305,0.95968,0.322,v2.1.1,247,426,632
HGNC:2567,OFD1,150,Ciliopathies,central,16092,1305,0.95968,0.322,v2.1.1,247,426,632
HGNC:2567,OFD1,285,Developmental disorders,central,16092,1305,0.95968,0.322,v2.1.1,247,426,632
HGNC:2567,OFD1,38,Growth disorders,periferico,16092,1305,0.95968,0.322,v2.1.1,247,426,632
HGNC:2567,OFD1,724,Neurology,central,16092,1305,0.95968,0.322,v2.1.1,247,426,632
HGNC:31406,WDR37,285,Developmental disorders,periferico,9328,145,0.99981,0.423,v4.1,10,46,89
HGNC:31406,WDR37,478,Fetal (including NIPD),periferico,9328,145,0.99981,0.423,v4.1,10,46,89
HGNC:31406,WDR37,509,Ophthalmology,central,9328,145,0.99981,0.423,v4.1,10,46,89
HGNC:31406,WDR37,484,Sin clasificar,periferico,9328,145,0.99981,0.423,v4.1,10,46,89
HGNC:17328,DTNBP1,175,Haematological and immunological disorders,periferico,6999,353,2.4763e-10,1.103,v4.1,15,191,147
HGNC:17328,DTNBP1,545,Haematology,periferico,6999,353,2.4763e-10,1.103,v4.1,15,191,147
HGNC:12811,XK,540,Neurology,periferico,5445,116,0.95373,0.31,v2.1.1,15,36,65
HGNC:12811,XK,402,Neurology,periferico,5445,116,0.95373,0.31,v2.1.1,15,36,65
HGNC:12811,XK,265,Neurology and neurodevelopmental disorders,periferico,5445,116,0.95373,0.31,v2.1.1,15,36,65
HGNC:12811,XK,846,Neurology,periferico,5445,116,0.95373,0.31,v2.1.1,15,36,65
HGNC:12811,XK,518,Haematology,periferico,5445,116,0.95373,0.31,v2.1.1,15,36,65
HGNC:12811,XK,474,Neurology,periferico,5445,116,0.95373,0.31,v2.1.1,15,36,65
HGNC:12811,XK,85,Neurology and neurodevelopmental disorders,periferico,5445,116,0.95373,0.31,v2.1.1,15,36,65
HGNC:12811,XK,159,Haematological disorders,periferico,5445,116,0.95373,0.31,v2.1.1,15,36,65
HGNC:1184,C12orf4,285,Developmental disorders,periferico,6000,46,1.6561e-5,0.797,v4.1,23,11,12
HGNC:29253,CC2D2A,722,Ophthalmology,central,21181,2364,6.8922e-26,0.854,v4.1,332,1047,985
HGNC:29253,CC2D2A,725,Renal,central,21181,2364,6.8922e-26,0.854,v4.1,332,1047,985
HGNC:29253,CC2D2A,179,Neurology,periferico,21181,2364,6.8922e-26,0.854,v4.1,332,1047,985
HGNC:29253,CC2D2A,385,Gastroenterological disorders,periferico,21181,2364,6.8922e-26,0.854,v4.1,332,1047,985
HGNC:29253,CC2D2A,209,Sin clasificar,periferico,21181,2364,6.8922e-26,0.854,v4.1,332,1047,985
HGNC:29253,CC2D2A,150,Ciliopathies,central,21181,2364,6.8922e-26,0.854,v4.1,332,1047,985
HGNC:29253,CC2D2A,402,Neurology,periferico,21181,2364,6.8922e-26,0.854,v4.1,332,1047,985
HGNC:17296,RRM2B,1537,Renal,periferico,5583,440,0.27091,0.688,v4.1,45,173,222
HGNC:17296,RRM2B,156,Renal and urinary tract disorders,periferico,5583,440,0.27091,0.688,v4.1,45,173,222
HGNC:17296,RRM2B,1141,Neurology,periferico,5583,440,0.27091,0.688,v4.1,45,173,222
HGNC:17296,RRM2B,66,Neurology,periferico,5583,440,0.27091,0.688,v4.1,45,173,222
HGNC:23595,VPS13D,466,Neurology,periferico,23052,1774,1,0.426,v4.1,79,715,980
HGNC:23595,VPS13D,20,Neurology and neurodevelopmental disorders,periferico,23052,1774,1,0.426,v4.1,79,715,980
HGNC:23595,VPS13D,847,Neurology,periferico,23052,1774,1,0.426,v4.1,79,715,980
HGNC:23595,VPS13D,477,Neurology,periferico,23052,1774,1,0.426,v4.1,79,715,980
HGNC:2550,CELF2,484,Sin clasificar,periferico,14927,105,1,0.294,v4.1,17,14,74
HGNC:6343,KITLG,255,Tumour syndromes,periferico,9734,138,0.90378,0.581,v4.1,11,55,72
HGNC:3439,ERCC8,85,Neurology and neurodevelopmental disorders,periferico,28943,608,1.7192e-11,1.608,v4.1,133,303,172
HGNC:3439,ERCC8,307,Ophthalmology,periferico,28943,608,1.7192e-11,1.608,v4.1,133,303,172
HGNC:3439,ERCC8,77,Dermatology,central,28943,608,1.7192e-11,1.608,v4.1,133,303,172
HGNC:3439,ERCC8,846,Neurology,periferico,28943,608,1.7192e-11,1.608,v4.1,133,303,172
HGNC:6714,LTBP1,384,Musculoskeletal,periferico,13334,368,4.5482e-22,0.731,v4.1,8,51,309
HGNC:3327,ELN,478,Fetal (including NIPD),central,6602,1379,7.6169e-10,0.696,v4.1,277,495,607
HGNC:3327,ELN,484,Sin clasificar,central,6602,1379,7.6169e-10,0.696,v4.1,277,495,607
HGNC:3327,ELN,212,Cardiovascular disorders,periferico,6602,1379,7.6169e-10,0.696,v4.1,277,495,607
HGNC:3327,ELN,53,Musculoskeletal,central,6602,1379,7.6169e-10,0.696,v4.1,277,495,607
HGNC:18040,ARID1B,478,Fetal (including NIPD),central,46612,2733,1,0.205,v4.1,611,1063,1059
HGNC:18040,ARID1B,285,Developmental disorders,central,46612,2733,1,0.205,v4.1,611,1063,1059
HGNC:18040,ARID1B,484,Sin clasificar,central,46612,2733,1,0.205,v4.1,611,1063,1059
HGNC:7728,NEDD4L,478,Fetal (including NIPD),central,34461,1144,0.99881,0.457,v4.1,11,709,424
HGNC:6106,FOXP3,398,Immunology,central,2801,450,0.99424,0.195,v2.1.1,58,181,211
HGNC:6106,FOXP3,111,Viral research,central,2801,450,0.99424,0.195,v2.1.1,58,181,211
HGNC:6106,FOXP3,26,Endocrine disorders,periferico,2801,450,0.99424,0.195,v2.1.1,58,181,211
HGNC:14944,PPP1R3F,285,Developmental disorders,periferico,6585,171,4.1516e-5,1.307,v2.1.1,1,29,141
HGNC:14944,PPP1R3F,402,Neurology,periferico,6585,171,4.1516e-5,1.307,v2.1.1,1,29,141
HGNC:4879,HEXB,467,Metabolic,periferico,6442,932,2.7909e-6,1.095,v4.1,227,436,269
HGNC:4879,HEXB,846,Neurology,periferico,6442,932,2.7909e-6,1.095,v4.1,227,436,269
HGNC:4879,HEXB,484,Sin clasificar,periferico,6442,932,2.7909e-6,1.095,v4.1,227,436,269
HGNC:4879,HEXB,285,Developmental disorders,periferico,6442,932,2.7909e-6,1.095,v4.1,227,436,269
HGNC:4879,HEXB,474,Neurology,periferico,6442,932,2.7909e-6,1.095,v4.1,227,436,269
HGNC:29433,NEXMIF,478,Fetal (including NIPD),periferico,12350,1336,0.99968,0.198,v2.1.1,287,362,687
HGNC:29433,NEXMIF,484,Sin clasificar,periferico,12350,1336,0.99968,0.198,v2.1.1,287,362,687
HGNC:29433,NEXMIF,402,Neurology,periferico,12350,1336,0.99968,0.198,v2.1.1,287,362,687
HGNC:20184,JKAMP,285,Developmental disorders,periferico,5738,35,0.66184,0.677,v4.1,4,1,30
HGNC:20184,JKAMP,402,Neurology,periferico,5738,35,0.66184,0.677,v4.1,4,1,30
HGNC:20184,JKAMP,96,Neurology,periferico,5738,35,0.66184,0.677,v4.1,4,1,30
HGNC:6494,LAMC3,402,Neurology,periferico,11964,1818,8.7006e-33,0.909,v4.1,107,872,839
HGNC:9817,RAD51,384,Musculoskeletal,central,3517,493,0.99531,0.467,v4.1,14,226,253
HGNC:9817,RAD51,285,Developmental disorders,central,3517,493,0.99531,0.467,v4.1,14,226,253
HGNC:9817,RAD51,478,Fetal (including NIPD),central,3517,493,0.99531,0.467,v4.1,14,226,253
HGNC:9817,RAD51,162,Neurology,central,3517,493,0.99531,0.467,v4.1,14,226,253
HGNC:9817,RAD51,1471,Endocrinology,central,3517,493,0.99531,0.467,v4.1,14,226,253
HGNC:2577,CYBA,33,Gastroenterological disorders,periferico,5265,510,2.5895e-10,1.726,v4.1,76,273,161
HGNC:2577,CYBA,176,Gastroenterological disorders,periferico,5265,510,2.5895e-10,1.726,v4.1,76,273,161
HGNC:10545,MSMO1,478,Fetal (including NIPD),periferico,4502,89,0.0010273,0.901,v4.1,3,41,45
HGNC:10545,MSMO1,285,Developmental disorders,periferico,4502,89,0.0010273,0.901,v4.1,3,41,45
HGNC:10545,MSMO1,162,Neurology,periferico,4502,89,0.0010273,0.901,v4.1,3,41,45
HGNC:20192,AP5M1,307,Ophthalmology,periferico,13617,64,5.8546e-7,1.061,v4.1,2,3,59
HGNC:6294,KCNQ1,483,Endocrinology,periferico,4920,3010,1.0954e-12,0.915,v4.1,568,1414,1028
HGNC:6294,KCNQ1,484,Sin clasificar,central,4920,3010,1.0954e-12,0.915,v4.1,568,1414,1028
HGNC:18270,HHAT,162,Neurology,periferico,8722,170,2.0438e-8,0.785,v4.1,8,64,98
HGNC:18270,HHAT,9,Endocrinology,periferico,8722,170,2.0438e-8,0.785,v4.1,8,64,98
HGNC:18270,HHAT,309,Musculoskeletal,periferico,8722,170,2.0438e-8,0.785,v4.1,8,64,98
HGNC:3800,FOXC1,484,Sin clasificar,central,3983,825,0.054624,1.276,v4.1,189,170,466
HGNC:3800,FOXC1,478,Fetal (including NIPD),central,3983,825,0.054624,1.276,v4.1,189,170,466
HGNC:3800,FOXC1,50,Cardiovascular disorders,periferico,3983,825,0.054624,1.276,v4.1,189,170,466
HGNC:3800,FOXC1,509,Ophthalmology,central,3983,825,0.054624,1.276,v4.1,189,170,466
HGNC:13540,ATP9A,484,Sin clasificar,periferico,8950,147,0.99933,0.455,v4.1,13,23,111
HGNC:13540,ATP9A,162,Neurology,periferico,8950,147,0.99933,0.455,v4.1,13,23,111
HGNC:13540,ATP9A,285,Developmental disorders,periferico,8950,147,0.99933,0.455,v4.1,13,23,111
HGNC:4115,GALC,579,Neurology,central,9595,1578,3.8591e-15,1.019,v4.1,376,692,510
HGNC:17075,TAB2,749,Cardiology,periferico,7408,426,1,0.117,v4.1,90,116,220
HGNC:17075,TAB2,212,Cardiovascular disorders,periferico,7408,426,1,0.117,v4.1,90,116,220
HGNC:17075,TAB2,479,Developmental disorders,periferico,7408,426,1,0.117,v4.1,90,116,220
HGNC:17075,TAB2,652,Cardiology,periferico,7408,426,1,0.117,v4.1,90,116,220
HGNC:9437,EIF2AK2,42,Neurology and neurodevelopmental disorders,periferico,15338,256,2.12e-5,0.735,v4.1,5,89,162
HGNC:9437,EIF2AK2,285,Developmental disorders,central,15338,256,2.12e-5,0.735,v4.1,5,89,162
HGNC:13726,KMT2C,285,Developmental disorders,central,53783,2594,1,0.202,v4.1,226,1039,1329
HGNC:13726,KMT2C,478,Fetal (including NIPD),central,53783,2594,1,0.202,v4.1,226,1039,1329
HGNC:13726,KMT2C,484,Sin clasificar,central,53783,2594,1,0.202,v4.1,226,1039,1329
HGNC:9024,PKP2,134,Cardiology,central,14416,2343,1.2177e-19,1.105,v4.1,369,695,1279
HGNC:9024,PKP2,652,Cardiology,central,14416,2343,1.2177e-19,1.105,v4.1,369,695,1279
HGNC:9024,PKP2,749,Cardiology,central,14416,2343,1.2177e-19,1.105,v4.1,369,695,1279
HGNC:3544,F7,545,Haematology,central,4835,345,1.1139e-11,1.113,v4.1,92,57,196
HGNC:3544,F7,175,Haematological and immunological disorders,central,4835,345,1.1139e-11,1.113,v4.1,92,57,196
HGNC:6493,LAMC2,269,Musculoskeletal,periferico,8200,1292,1.5550000000000002e-20,0.797,v4.1,223,773,296
HGNC:18276,SEC61A1,292,Renal,periferico,11731,347,0.99986,0.404,v4.1,9,211,127
HGNC:18276,SEC61A1,398,Immunology,central,11731,347,0.99986,0.404,v4.1,9,211,127
HGNC:7618,PPP1R12A,9,Endocrinology,periferico,24702,295,1,0.158,v4.1,38,84,173
HGNC:7618,PPP1R12A,78,Neurology,periferico,24702,295,1,0.158,v4.1,38,84,173
HGNC:7618,PPP1R12A,96,Neurology,periferico,24702,295,1,0.158,v4.1,38,84,173
HGNC:1461,CAMK2B,285,Developmental disorders,central,15668,945,0.99933,0.45,v4.1,29,544,372
HGNC:25525,NDC1,85,Neurology and neurodevelopmental disorders,periferico,6867,99,0.9999,0.375,v4.1,1,5,93
HGNC:25525,NDC1,846,Neurology,periferico,6867,99,0.9999,0.375,v4.1,1,5,93
HGNC:11609,TBXAS1,484,Sin clasificar,periferico,9793,367,1.189e-12,0.948,v4.1,25,158,184
HGNC:11609,TBXAS1,175,Haematological and immunological disorders,periferico,9793,367,1.189e-12,0.948,v4.1,25,158,184
HGNC:11609,TBXAS1,545,Haematology,periferico,9793,367,1.189e-12,0.948,v4.1,25,158,184
HGNC:9722,ALDH18A1,467,Metabolic,central,4634,876,1.3089e-4,0.617,v4.1,62,303,511
HGNC:9722,ALDH18A1,484,Sin clasificar,central,4634,876,1.3089e-4,0.617,v4.1,62,303,511
HGNC:9722,ALDH18A1,568,Neurology,central,4634,876,1.3089e-4,0.617,v4.1,62,303,511
HGNC:9722,ALDH18A1,285,Developmental disorders,central,4634,876,1.3089e-4,0.617,v4.1,62,303,511
HGNC:9722,ALDH18A1,53,Musculoskeletal,periferico,4634,876,1.3089e-4,0.617,v4.1,62,303,511
HGNC:9722,ALDH18A1,478,Fetal (including NIPD),central,4634,876,1.3089e-4,0.617,v4.1,62,303,511
HGNC:9722,ALDH18A1,847,Neurology,central,4634,876,1.3089e-4,0.617,v4.1,62,303,511
HGNC:9722,ALDH18A1,250,Ophthalmological disorders,periferico,4634,876,1.3089e-4,0.617,v4.1,62,303,511
HGNC:9722,ALDH18A1,302,Metabolic disorders,central,4634,876,1.3089e-4,0.617,v4.1,62,303,511
HGNC:9722,ALDH18A1,846,Neurology,central,4634,876,1.3089e-4,0.617,v4.1,62,303,511
HGNC:14540,WNK1,846,Neurology,periferico,17588,2339,1,0.227,v4.1,74,865,1400
HGNC:26031,PIGV,467,Metabolic,periferico,10207,391,1.771e-6,0.902,v4.1,11,147,233
HGNC:26031,PIGV,484,Sin clasificar,periferico,10207,391,1.771e-6,0.902,v4.1,11,147,233
HGNC:26031,PIGV,478,Fetal (including NIPD),periferico,10207,391,1.771e-6,0.902,v4.1,11,147,233
HGNC:26031,PIGV,302,Metabolic disorders,periferico,10207,391,1.771e-6,0.902,v4.1,11,147,233
HGNC:26031,PIGV,285,Developmental disorders,periferico,10207,391,1.771e-6,0.902,v4.1,11,147,233
HGNC:26031,PIGV,309,Musculoskeletal,periferico,10207,391,1.771e-6,0.902,v4.1,11,147,233
HGNC:2186,COL11A1,230,Ophthalmology,periferico,9178,3442,1,0.349,v4.1,257,1598,1587
HGNC:2186,COL11A1,3,Ophthalmology,central,9178,3442,1,0.349,v4.1,257,1598,1587
HGNC:21606,MPC1,112,Mitochondrial,periferico,4332,55,0.10115,0.919,v4.1,6,32,17
HGNC:21606,MPC1,539,Mitochondrial,periferico,4332,55,0.10115,0.919,v4.1,6,32,17
HGNC:21606,MPC1,478,Fetal (including NIPD),periferico,4332,55,0.10115,0.919,v4.1,6,32,17
HGNC:9350,PRDM6,479,Developmental disorders,periferico,12398,147,0.010731,0.649,v4.1,3,23,121
HGNC:19297,TNK2,402,Neurology,periferico,12465,494,3.0832e-24,1.021,v4.1,1,162,331
HGNC:1762,CDH3,307,Ophthalmology,periferico,7246,824,5.7123e-12,0.823,v4.1,56,345,423
HGNC:1762,CDH3,136,Dermatological disorders,periferico,7246,824,5.7123e-12,0.823,v4.1,56,345,423
HGNC:9175,POLD1,478,Fetal (including NIPD),central,6502,5883,8.000000000000001e-19,0.878,v4.1,13,2438,3432
HGNC:9175,POLD1,546,Endocrinology,central,6502,5883,8.000000000000001e-19,0.878,v4.1,13,2438,3432
HGNC:9175,POLD1,484,Sin clasificar,central,6502,5883,8.000000000000001e-19,0.878,v4.1,13,2438,3432
HGNC:9175,POLD1,26,Endocrine disorders,periferico,6502,5883,8.000000000000001e-19,0.878,v4.1,13,2438,3432
HGNC:9175,POLD1,472,Endocrinology,periferico,6502,5883,8.000000000000001e-19,0.878,v4.1,13,2438,3432
HGNC:9175,POLD1,245,Cancer susceptibility,central,6502,5883,8.000000000000001e-19,0.878,v4.1,13,2438,3432
HGNC:9175,POLD1,152,Endocrine disorders,periferico,6502,5883,8.000000000000001e-19,0.878,v4.1,13,2438,3432
HGNC:9175,POLD1,174,Endocrine disorders,periferico,6502,5883,8.000000000000001e-19,0.878,v4.1,13,2438,3432
HGNC:23156,U2AF2,285,Developmental disorders,central,4398,82,1,0.209,v4.1,13,12,57
HGNC:23156,U2AF2,484,Sin clasificar,central,4398,82,1,0.209,v4.1,13,12,57
HGNC:23156,U2AF2,478,Fetal (including NIPD),central,4398,82,1,0.209,v4.1,13,12,57
HGNC:1509,CASP8,398,Immunology,central,7600,385,0.012509,0.695,v4.1,24,167,194
HGNC:1509,CASP8,111,Viral research,central,7600,385,0.012509,0.695,v4.1,24,167,194
HGNC:20174,INTS13,478,Fetal (including NIPD),periferico,6081,57,0.99857,0.459,v4.1,0,3,54
HGNC:2916,DLX3,269,Musculoskeletal,central,2715,212,0.90732,0.559,v4.1,9,90,113
HGNC:17104,CDON,78,Neurology,central,21420,810,4.8789e-12,0.733,v4.1,5,327,478
HGNC:17103,TNPO3,185,Neurology,central,7514,786,7.2667e-8,0.654,v4.1,9,340,437
HGNC:17103,TNPO3,225,Neurology,periferico,7514,786,7.2667e-8,0.654,v4.1,9,340,437
HGNC:9987,RFXANK,477,Neurology,periferico,3993,320,6.3839e-4,0.811,v4.1,33,163,124
HGNC:9251,CTSA,144,Dysmorphic and congenital abnormality syndromes,periferico,8633,610,1.4137e-9,0.851,v4.1,80,331,199
HGNC:9210,POU1F1,483,Endocrinology,central,1566,244,4.0797e-4,0.924,v4.1,43,130,71
HGNC:16709,CALCRL,478,Fetal (including NIPD),periferico,9634,39,0.015549,0.701,v4.1,1,7,31
HGNC:568,AP3D1,545,Haematology,periferico,9908,1491,0.99989,0.443,v4.1,1,807,683
HGNC:568,AP3D1,175,Haematological and immunological disorders,periferico,9908,1491,0.99989,0.443,v4.1,1,807,683
HGNC:568,AP3D1,398,Immunology,periferico,9908,1491,0.99989,0.443,v4.1,1,807,683
HGNC:568,AP3D1,111,Viral research,periferico,9908,1491,0.99989,0.443,v4.1,1,807,683
HGNC:8028,NTHL1,254,Tumour syndromes,central,2482,1802,8.395e-12,1.381,v4.1,158,550,1094
HGNC:4387,GNAI3,251,Hearing and ear disorders,periferico,9475,95,0.16981,1.113,v4.1,9,30,56
HGNC:8091,OAT,467,Metabolic,central,7487,731,2.2793e-7,0.968,v4.1,151,346,234
HGNC:8091,OAT,302,Metabolic disorders,central,7487,731,2.2793e-7,0.968,v4.1,151,346,234
HGNC:8029,NTN1,126,Audiology,periferico,8590,114,0.99816,0.444,v4.1,3,23,88
HGNC:3431,ERBB3,478,Fetal (including NIPD),central,11918,208,2.6217e-16,0.695,v4.1,22,91,95
HGNC:3431,ERBB3,484,Sin clasificar,central,11918,208,2.6217e-16,0.695,v4.1,22,91,95
HGNC:3431,ERBB3,1217,Gastrohepatology,periferico,11918,208,2.6217e-16,0.695,v4.1,22,91,95
HGNC:6215,KARS,402,Neurology,central,8749,530,8.5776e-9,0.883,v4.1,34,225,271
HGNC:6215,KARS,126,Audiology,central,8749,530,8.5776e-9,0.883,v4.1,34,225,271
HGNC:6215,KARS,285,Developmental disorders,central,8749,530,8.5776e-9,0.883,v4.1,34,225,271
HGNC:6215,KARS,484,Sin clasificar,central,8749,530,8.5776e-9,0.883,v4.1,34,225,271
HGNC:2194,COL17A1,658,Ophthalmology,periferico,8052,1681,2.3058e-48,0.909,v4.1,180,1073,428
HGNC:2194,COL17A1,269,Musculoskeletal,central,8052,1681,2.3058e-48,0.909,v4.1,180,1073,428
HGNC:2194,COL17A1,554,Dermatology,central,8052,1681,2.3058e-48,0.909,v4.1,180,1073,428
HGNC:11578,TBC1D1,234,Renal and urinary tract disorders,periferico,14615,233,3.9393e-20,0.859,v4.1,0,54,179
HGNC:1733,CDK13,168,Musculoskeletal,central,24888,1189,0.99987,0.434,v4.1,96,454,639
HGNC:1733,CDK13,96,Neurology,periferico,24888,1189,0.99987,0.434,v4.1,96,454,639
HGNC:11073,SLC9A3,398,Immunology,periferico,6509,814,0.025833,0.6,v4.1,24,515,275
HGNC:19048,ASPM,478,Fetal (including NIPD),central,11999,2167,3.3385e-55,0.766,v4.1,359,612,1196
HGNC:19048,ASPM,484,Sin clasificar,central,11999,2167,3.3385e-55,0.766,v4.1,359,612,1196
HGNC:19048,ASPM,285,Developmental disorders,central,11999,2167,3.3385e-55,0.766,v4.1,359,612,1196
HGNC:19048,ASPM,162,Neurology,central,11999,2167,3.3385e-55,0.766,v4.1,359,612,1196
HGNC:14418,ELOVL1,307,Ophthalmology,periferico,4352,71,0.99896,0.427,v4.1,1,33,37
HGNC:11241,SPI1,398,Immunology,central,4028,172,0.99981,0.3,v4.1,25,113,34
HGNC:16740,ZBTB11,484,Sin clasificar,periferico,15511,166,1.1535e-12,0.746,v4.1,10,33,123
HGNC:16740,ZBTB11,285,Developmental disorders,periferico,15511,166,1.1535e-12,0.746,v4.1,10,33,123
HGNC:3689,FGFR2,81,Musculoskeletal,central,23967,932,1,0.278,v4.1,130,361,441
HGNC:3689,FGFR2,258,Neurology,central,23967,932,1,0.278,v4.1,130,361,441
HGNC:3689,FGFR2,384,Musculoskeletal,central,23967,932,1,0.278,v4.1,130,361,441
HGNC:3689,FGFR2,221,Skeletal disorders,central,23967,932,1,0.278,v4.1,130,361,441
HGNC:3689,FGFR2,309,Musculoskeletal,central,23967,932,1,0.278,v4.1,130,361,441
HGNC:3689,FGFR2,467,Metabolic,periferico,23967,932,1,0.278,v4.1,130,361,441
HGNC:3689,FGFR2,285,Developmental disorders,central,23967,932,1,0.278,v4.1,130,361,441
HGNC:3689,FGFR2,302,Metabolic disorders,periferico,23967,932,1,0.278,v4.1,130,361,441
HGNC:3689,FGFR2,478,Fetal (including NIPD),central,23967,932,1,0.278,v4.1,130,361,441
HGNC:3689,FGFR2,484,Sin clasificar,central,23967,932,1,0.278,v4.1,130,361,441
HGNC:3689,FGFR2,168,Musculoskeletal,central,23967,932,1,0.278,v4.1,130,361,441
HGNC:3330,EML1,179,Neurology,periferico,9355,241,1,0.36,v4.1,10,128,103
HGNC:23807,THUMPD1,478,Fetal (including NIPD),periferico,8687,69,1.3268e-11,1.41,v4.1,9,2,58
HGNC:23807,THUMPD1,285,Developmental disorders,periferico,8687,69,1.3268e-11,1.41,v4.1,9,2,58
HGNC:23807,THUMPD1,484,Sin clasificar,periferico,8687,69,1.3268e-11,1.41,v4.1,9,2,58
HGNC:20226,KIF26A,1217,Gastrohepatology,periferico,7202,589,2.2064e-23,1.065,v4.1,11,70,508
HGNC:20226,KIF26A,179,Neurology,periferico,7202,589,2.2064e-23,1.065,v4.1,11,70,508
HGNC:11356,STAG3,155,Endocrine disorders,central,6233,246,2.1269e-20,0.765,v4.1,29,66,151
HGNC:8925,PHKA1,185,Neurology,periferico,7827,739,2.0904e-7,0.547,v2.1.1,52,288,399
HGNC:11916,TNFRSF1A,111,Viral research,central,4507,595,0.99985,0.382,v4.1,35,263,297
HGNC:11916,TNFRSF1A,60,Rheumatological disorders,central,4507,595,0.99985,0.382,v4.1,35,263,297
HGNC:11916,TNFRSF1A,398,Immunology,central,4507,595,0.99985,0.382,v4.1,35,263,297
HGNC:11916,TNFRSF1A,1075,Immunology,central,4507,595,0.99985,0.382,v4.1,35,263,297
HGNC:667,RHOA,478,Fetal (including NIPD),central,6479,13,0.9896,0.433,v4.1,4,2,7
HGNC:667,RHOA,509,Ophthalmology,central,6479,13,0.9896,0.433,v4.1,4,2,7
HGNC:667,RHOA,564,Dermatology,central,6479,13,0.9896,0.433,v4.1,4,2,7
HGNC:29685,IARS2,302,Metabolic disorders,central,6545,626,5.2795e-6,0.683,v4.1,29,314,283
HGNC:11509,SYT1,285,Developmental disorders,central,10515,110,0.99999,0.332,v4.1,23,19,68
HGNC:11509,SYT1,484,Sin clasificar,central,10515,110,0.99999,0.332,v4.1,23,19,68
HGNC:15998,NAV3,285,Developmental disorders,periferico,13575,318,1,0.426,v4.1,4,19,295
HGNC:29478,ROGDI,478,Fetal (including NIPD),periferico,3809,640,1.2141000000000001e-19,1.648,v4.1,49,308,283
HGNC:29478,ROGDI,484,Sin clasificar,periferico,3809,640,1.2141000000000001e-19,1.648,v4.1,49,308,283
HGNC:29478,ROGDI,402,Neurology,periferico,3809,640,1.2141000000000001e-19,1.648,v4.1,49,308,283
HGNC:29478,ROGDI,285,Developmental disorders,periferico,3809,640,1.2141000000000001e-19,1.648,v4.1,49,308,283
HGNC:1539,CBFB,478,Fetal (including NIPD),central,6429,19,0.19912,1.065,v4.1,2,8,9
HGNC:1539,CBFB,484,Sin clasificar,central,6429,19,0.19912,1.065,v4.1,2,8,9
HGNC:5321,HYAL2,479,Developmental disorders,periferico,9350,106,2.132e-10,1.11,v4.1,11,14,81
HGNC:5321,HYAL2,212,Cardiovascular disorders,periferico,9350,106,2.132e-10,1.11,v4.1,11,14,81
HGNC:5321,HYAL2,484,Sin clasificar,periferico,9350,106,2.132e-10,1.11,v4.1,11,14,81
HGNC:5321,HYAL2,81,Musculoskeletal,periferico,9350,106,2.132e-10,1.11,v4.1,11,14,81
HGNC:14063,HDAC4,484,Sin clasificar,central,15047,749,1,0.192,v4.1,53,372,324
HGNC:14063,HDAC4,285,Developmental disorders,central,15047,749,1,0.192,v4.1,53,372,324
HGNC:14063,HDAC4,309,Musculoskeletal,central,15047,749,1,0.192,v4.1,53,372,324
HGNC:3690,FGFR3,478,Fetal (including NIPD),central,5022,1285,0.99865,0.458,v4.1,66,554,665
HGNC:3690,FGFR3,384,Musculoskeletal,central,5022,1285,0.99865,0.458,v4.1,66,554,665
HGNC:3690,FGFR3,258,Neurology,periferico,5022,1285,0.99865,0.458,v4.1,66,554,665
HGNC:3690,FGFR3,251,Hearing and ear disorders,central,5022,1285,0.99865,0.458,v4.1,66,554,665
HGNC:3690,FGFR3,484,Sin clasificar,central,5022,1285,0.99865,0.458,v4.1,66,554,665
HGNC:3690,FGFR3,168,Musculoskeletal,central,5022,1285,0.99865,0.458,v4.1,66,554,665
HGNC:3690,FGFR3,309,Musculoskeletal,central,5022,1285,0.99865,0.458,v4.1,66,554,665
HGNC:3690,FGFR3,81,Musculoskeletal,central,5022,1285,0.99865,0.458,v4.1,66,554,665
HGNC:29932,COASY,484,Sin clasificar,central,4032,403,2.6657e-6,0.791,v4.1,32,159,212
HGNC:29932,COASY,467,Metabolic,central,4032,403,2.6657e-6,0.791,v4.1,32,159,212
HGNC:29932,COASY,286,Neurology and neurodevelopmental disorders,periferico,4032,403,2.6657e-6,0.791,v4.1,32,159,212
HGNC:29932,COASY,478,Fetal (including NIPD),central,4032,403,2.6657e-6,0.791,v4.1,32,159,212
HGNC:29932,COASY,847,Neurology,central,4032,403,2.6657e-6,0.791,v4.1,32,159,212
HGNC:29932,COASY,285,Developmental disorders,central,4032,403,2.6657e-6,0.791,v4.1,32,159,212
HGNC:29932,COASY,258,Neurology,periferico,4032,403,2.6657e-6,0.791,v4.1,32,159,212
HGNC:25402,OTUD5,479,Developmental disorders,periferico,4209,98,0.99717,0.173,v2.1.1,9,12,77
HGNC:25402,OTUD5,478,Fetal (including NIPD),periferico,4209,98,0.99717,0.173,v2.1.1,9,12,77
HGNC:25402,OTUD5,484,Sin clasificar,periferico,4209,98,0.99717,0.173,v2.1.1,9,12,77
HGNC:30677,GPKOW,479,Developmental disorders,periferico,2212,73,0.99553,0.187,v2.1.1,0,13,60
HGNC:25786,REEP1,568,Neurology,central,8365,460,4.6394e-5,0.915,v4.1,91,161,208
HGNC:25786,REEP1,85,Neurology and neurodevelopmental disorders,central,8365,460,4.6394e-5,0.915,v4.1,91,161,208
HGNC:25786,REEP1,846,Neurology,central,8365,460,4.6394e-5,0.915,v4.1,91,161,208
HGNC:25786,REEP1,567,Neurology,central,8365,460,4.6394e-5,0.915,v4.1,91,161,208
HGNC:13552,ATP11A,476,Neurology,periferico,15589,300,2.4157e-6,0.596,v4.1,7,67,226
HGNC:13552,ATP11A,126,Audiology,periferico,15589,300,2.4157e-6,0.596,v4.1,7,67,226
HGNC:13552,ATP11A,42,Neurology and neurodevelopmental disorders,periferico,15589,300,2.4157e-6,0.596,v4.1,7,67,226
HGNC:13552,ATP11A,285,Developmental disorders,periferico,15589,300,2.4157e-6,0.596,v4.1,7,67,226
HGNC:17264,POLR1A,478,Fetal (including NIPD),central,19885,1158,0.90613,0.479,v4.1,12,506,640
HGNC:17264,POLR1A,384,Musculoskeletal,periferico,19885,1158,0.90613,0.479,v4.1,12,506,640
HGNC:17264,POLR1A,484,Sin clasificar,central,19885,1158,0.90613,0.479,v4.1,12,506,640
HGNC:19750,TTC7A,1217,Gastrohepatology,periferico,19204,1220,8.8944e-37,1.198,v4.1,90,625,505
HGNC:19750,TTC7A,478,Fetal (including NIPD),periferico,19204,1220,8.8944e-37,1.198,v4.1,90,625,505
HGNC:19750,TTC7A,484,Sin clasificar,periferico,19204,1220,8.8944e-37,1.198,v4.1,90,625,505
HGNC:6318,KIF2A,96,Neurology,central,13406,646,0.76117,0.617,v4.1,7,398,241
HGNC:9879,RASGRP2,309,Musculoskeletal,periferico,10919,321,4.1031e-10,0.854,v4.1,30,166,125
HGNC:9879,RASGRP2,943,Musculoskeletal,periferico,10919,321,4.1031e-10,0.854,v4.1,30,166,125
HGNC:9726,PYGM,302,Metabolic disorders,central,4773,1583,2.8946999999999997e-22,0.962,v4.1,297,717,569
HGNC:9726,PYGM,267,Metabolic disorders,periferico,4773,1583,2.8946999999999997e-22,0.962,v4.1,297,717,569
HGNC:9726,PYGM,66,Neurology,central,4773,1583,2.8946999999999997e-22,0.962,v4.1,297,717,569
HGNC:9726,PYGM,1141,Neurology,central,4773,1583,2.8946999999999997e-22,0.962,v4.1,297,717,569
HGNC:9726,PYGM,542,Neurology,periferico,4773,1583,2.8946999999999997e-22,0.962,v4.1,297,717,569
HGNC:19037,MAST4,402,Neurology,periferico,17736,378,3.6508e-11,0.66,v4.1,3,51,324
HGNC:19037,MAST4,285,Developmental disorders,periferico,17736,378,3.6508e-11,0.66,v4.1,3,51,324
HGNC:18016,NUP133,106,Renal,periferico,10330,379,0.015088,0.57,v4.1,8,131,240
HGNC:13487,VPS35,474,Neurology,central,9976,261,1,0.32,v4.1,3,120,138
HGNC:60,ABCC9,47,Cardiovascular disorders,central,20692,2211,7.2745e-6,0.557,v4.1,108,1024,1079
HGNC:60,ABCC9,478,Fetal (including NIPD),periferico,20692,2211,7.2745e-6,0.557,v4.1,108,1024,1079
HGNC:60,ABCC9,309,Musculoskeletal,periferico,20692,2211,7.2745e-6,0.557,v4.1,108,1024,1079
HGNC:10258,RORA,466,Neurology,periferico,19763,263,1,0.207,v4.1,47,51,165
HGNC:10258,RORA,477,Neurology,periferico,19763,263,1,0.207,v4.1,47,51,165
HGNC:8959,PIGB,285,Developmental disorders,periferico,5995,402,3.2992e-4,1.098,v4.1,32,196,174
HGNC:8959,PIGB,478,Fetal (including NIPD),periferico,5995,402,3.2992e-4,1.098,v4.1,32,196,174
HGNC:8959,PIGB,846,Neurology,periferico,5995,402,3.2992e-4,1.098,v4.1,32,196,174
HGNC:8959,PIGB,484,Sin clasificar,periferico,5995,402,3.2992e-4,1.098,v4.1,32,196,174
HGNC:9766,RAB27A,222,Dysmorphic and congenital abnormality syndromes,central,12408,337,1.5541e-5,1.126,v4.1,60,122,155
HGNC:4688,GUCY2C,33,Gastroenterological disorders,periferico,4277,973,1.4182e-8,1.118,v4.1,14,389,570
HGNC:4688,GUCY2C,111,Viral research,periferico,4277,973,1.4182e-8,1.118,v4.1,14,389,570
HGNC:4688,GUCY2C,398,Immunology,periferico,4277,973,1.4182e-8,1.118,v4.1,14,389,570
HGNC:4688,GUCY2C,176,Gastroenterological disorders,periferico,4277,973,1.4182e-8,1.118,v4.1,14,389,570
HGNC:5959,ELP1,1636,Inherited cancer,periferico,24309,2662,1.1953e-23,0.803,v4.1,433,1163,1066
HGNC:5959,ELP1,259,Cancer Programme,periferico,24309,2662,1.1953e-23,0.803,v4.1,433,1163,1066
HGNC:5959,ELP1,288,Neurology and neurodevelopmental disorders,central,24309,2662,1.1953e-23,0.803,v4.1,433,1163,1066
HGNC:5959,ELP1,243,Cancer susceptibility,periferico,24309,2662,1.1953e-23,0.803,v4.1,433,1163,1066
HGNC:5959,ELP1,7,Sin clasificar,central,24309,2662,1.1953e-23,0.803,v4.1,433,1163,1066
HGNC:11274,SPTB,518,Haematology,periferico,15586,1674,1,0.228,v4.1,565,313,796
HGNC:3666,FGF10,384,Musculoskeletal,central,6503,139,0.99903,0.267,v4.1,39,34,66
HGNC:3666,FGF10,484,Sin clasificar,central,6503,139,0.99903,0.267,v4.1,39,34,66
HGNC:3666,FGF10,309,Musculoskeletal,central,6503,139,0.99903,0.267,v4.1,39,34,66
HGNC:3666,FGF10,478,Fetal (including NIPD),central,6503,139,0.99903,0.267,v4.1,39,34,66
HGNC:3666,FGF10,168,Musculoskeletal,central,6503,139,0.99903,0.267,v4.1,39,34,66
HGNC:18798,SLC44A1,186,Ophthalmology,periferico,17015,115,0.99889,0.437,v4.1,6,18,91
HGNC:18798,SLC44A1,477,Neurology,periferico,17015,115,0.99889,0.437,v4.1,6,18,91
HGNC:20185,TMEM260,479,Developmental disorders,periferico,10144,201,1.3893e-15,1.049,v4.1,33,31,137
HGNC:20185,TMEM260,234,Renal and urinary tract disorders,periferico,10144,201,1.3893e-15,1.049,v4.1,33,31,137
HGNC:18986,GBA2,846,Neurology,central,7752,401,4.857e-13,0.773,v4.1,51,144,206
HGNC:18986,GBA2,567,Neurology,central,7752,401,4.857e-13,0.773,v4.1,51,144,206
HGNC:18986,GBA2,165,Neurology and neurodevelopmental disorders,central,7752,401,4.857e-13,0.773,v4.1,51,144,206
HGNC:18986,GBA2,20,Neurology and neurodevelopmental disorders,central,7752,401,4.857e-13,0.773,v4.1,51,144,206
HGNC:18986,GBA2,466,Neurology,central,7752,401,4.857e-13,0.773,v4.1,51,144,206
HGNC:18986,GBA2,477,Neurology,central,7752,401,4.857e-13,0.773,v4.1,51,144,206
HGNC:18986,GBA2,568,Neurology,central,7752,401,4.857e-13,0.773,v4.1,51,144,206
HGNC:7680,NDST1,285,Developmental disorders,periferico,11455,288,0.98664,0.484,v4.1,4,121,163
HGNC:2151,CNGB1,307,Ophthalmology,central,7758,1462,1.6912e-34,0.94,v4.1,184,531,747
HGNC:8554,PABPC1,285,Developmental disorders,central,14715,37,1,0.119,v4.1,2,12,23
HGNC:8554,PABPC1,402,Neurology,central,14715,37,1,0.119,v4.1,2,12,23
HGNC:29523,CFAP20,307,Ophthalmology,periferico,2793,21,0.069187,0.783,v4.1,5,0,16
HGNC:3259,EIF2B3,402,Neurology,central,6570,351,0.92891,0.522,v4.1,17,201,133
HGNC:1460,CAMK2A,478,Fetal (including NIPD),central,10244,189,1,0.187,v4.1,33,51,105
HGNC:1460,CAMK2A,484,Sin clasificar,central,10244,189,1,0.187,v4.1,33,51,105
HGNC:1460,CAMK2A,285,Developmental disorders,central,10244,189,1,0.187,v4.1,33,51,105
HGNC:11654,TCOF1,251,Hearing and ear disorders,central,12655,1156,1,0.288,v4.1,242,410,504
HGNC:1736,CDC42,398,Immunology,central,24538,140,0.872,0.611,v4.1,22,74,44
HGNC:1736,CDC42,478,Fetal (including NIPD),central,24538,140,0.872,0.611,v4.1,22,74,44
HGNC:1736,CDC42,545,Haematology,central,24538,140,0.872,0.611,v4.1,22,74,44
HGNC:1736,CDC42,285,Developmental disorders,central,24538,140,0.872,0.611,v4.1,22,74,44
HGNC:1736,CDC42,144,Dysmorphic and congenital abnormality syndromes,central,24538,140,0.872,0.611,v4.1,22,74,44
HGNC:1736,CDC42,484,Sin clasificar,central,24538,140,0.872,0.611,v4.1,22,74,44
HGNC:1736,CDC42,111,Viral research,central,24538,140,0.872,0.611,v4.1,22,74,44
HGNC:10912,SLC12A3,292,Renal,central,6766,2037,4.878099999999999e-28,1.004,v4.1,458,972,607
HGNC:10912,SLC12A3,467,Metabolic,periferico,6766,2037,4.878099999999999e-28,1.004,v4.1,458,972,607
HGNC:10912,SLC12A3,302,Metabolic disorders,periferico,6766,2037,4.878099999999999e-28,1.004,v4.1,458,972,607
HGNC:6866,MAP4K4,48,Dysmorphic and congenital abnormality syndromes,periferico,13367,254,1,0.308,v4.1,15,57,182
HGNC:12754,WDR1,111,Viral research,periferico,18637,566,0.99917,0.449,v4.1,8,390,168
HGNC:12307,TRIP13,162,Neurology,central,4917,231,0.19213,0.592,v4.1,9,136,86
HGNC:12307,TRIP13,259,Cancer Programme,periferico,4917,231,0.19213,0.592,v4.1,9,136,86
HGNC:12307,TRIP13,1636,Inherited cancer,periferico,4917,231,0.19213,0.592,v4.1,9,136,86
HGNC:868,ATP6AP1,398,Immunology,periferico,5852,327,0.99079,0.213,v2.1.1,13,161,153
HGNC:868,ATP6AP1,25,Metabolic,periferico,5852,327,0.99079,0.213,v2.1.1,13,161,153
HGNC:868,ATP6AP1,111,Viral research,periferico,5852,327,0.99079,0.213,v2.1.1,13,161,153
HGNC:18786,FAM50A,285,Developmental disorders,periferico,3054,67,0.97913,0.292,v2.1.1,5,15,47
HGNC:18786,FAM50A,402,Neurology,periferico,3054,67,0.97913,0.292,v2.1.1,5,15,47
HGNC:8762,PDCD2,478,Fetal (including NIPD),periferico,9470,68,1.656e-13,1.743,v4.1,0,3,65
HGNC:17964,RDH11,96,Neurology,periferico,5713,219,0.0017239,0.903,v4.1,9,87,123
HGNC:17964,RDH11,285,Developmental disorders,periferico,5713,219,0.0017239,0.903,v4.1,9,87,123
HGNC:17964,RDH11,230,Ophthalmology,periferico,5713,219,0.0017239,0.903,v4.1,9,87,123
HGNC:17964,RDH11,185,Neurology,periferico,5713,219,0.0017239,0.903,v4.1,9,87,123
HGNC:9380,PRKACA,384,Musculoskeletal,central,7699,66,0.99999,0.338,v4.1,3,20,43
HGNC:9380,PRKACA,478,Fetal (including NIPD),central,7699,66,0.99999,0.338,v4.1,3,20,43
HGNC:9380,PRKACA,726,Musculoskeletal,periferico,7699,66,0.99999,0.338,v4.1,3,20,43
HGNC:9380,PRKACA,484,Sin clasificar,central,7699,66,0.99999,0.338,v4.1,3,20,43
HGNC:11256,SPP2,307,Ophthalmology,periferico,13734,212,1.3577e-12,1.655,v4.1,1,85,126
HGNC:163,ACTN1,519,Haematology,periferico,16042,587,1,0.331,v4.1,23,277,287
HGNC:20761,ZFYVE26,165,Neurology and neurodevelopmental disorders,central,16157,2985,1.8546e-34,0.704,v4.1,399,1600,986
HGNC:20761,ZFYVE26,568,Neurology,central,16157,2985,1.8546e-34,0.704,v4.1,399,1600,986
HGNC:20761,ZFYVE26,567,Neurology,central,16157,2985,1.8546e-34,0.704,v4.1,399,1600,986
HGNC:16901,SPEG,652,Cardiology,periferico,17439,2251,1.5704e-5,0.514,v4.1,51,1011,1189
HGNC:16901,SPEG,225,Neurology,periferico,17439,2251,1.5704e-5,0.514,v4.1,51,1011,1189
HGNC:16901,SPEG,47,Cardiovascular disorders,periferico,17439,2251,1.5704e-5,0.514,v4.1,51,1011,1189
HGNC:16901,SPEG,484,Sin clasificar,periferico,17439,2251,1.5704e-5,0.514,v4.1,51,1011,1189
HGNC:16901,SPEG,749,Cardiology,periferico,17439,2251,1.5704e-5,0.514,v4.1,51,1011,1189
HGNC:16901,SPEG,478,Fetal (including NIPD),periferico,17439,2251,1.5704e-5,0.514,v4.1,51,1011,1189
HGNC:403,ALDH3A2,579,Neurology,central,16083,703,8.6514e-9,0.972,v4.1,182,325,196
HGNC:403,ALDH3A2,302,Metabolic disorders,central,16083,703,8.6514e-9,0.972,v4.1,182,325,196
HGNC:403,ALDH3A2,285,Developmental disorders,central,16083,703,8.6514e-9,0.972,v4.1,182,325,196
HGNC:403,ALDH3A2,42,Neurology and neurodevelopmental disorders,central,16083,703,8.6514e-9,0.972,v4.1,182,325,196
HGNC:403,ALDH3A2,467,Metabolic,central,16083,703,8.6514e-9,0.972,v4.1,182,325,196
HGNC:403,ALDH3A2,476,Neurology,central,16083,703,8.6514e-9,0.972,v4.1,182,325,196
HGNC:403,ALDH3A2,282,Dermatological disorders,periferico,16083,703,8.6514e-9,0.972,v4.1,182,325,196
HGNC:11763,TFRC,398,Immunology,central,21545,710,0.98392,0.489,v4.1,1,375,334
HGNC:11763,TFRC,111,Viral research,central,21545,710,0.98392,0.489,v4.1,1,375,334
HGNC:11289,SREBF1,553,Dermatology,central,8267,202,4.0463e-6,0.662,v4.1,6,30,166
HGNC:12337,TRPC5,130,Endocrinology,periferico,12143,154,0.99973,0.17,v2.1.1,0,69,85
HGNC:12337,TRPC5,285,Developmental disorders,periferico,12143,154,0.99973,0.17,v2.1.1,0,69,85
HGNC:11111,SMC1A,162,Neurology,central,11429,1182,1,0.062,v2.1.1,294,449,439
HGNC:11111,SMC1A,484,Sin clasificar,central,11429,1182,1,0.062,v2.1.1,294,449,439
HGNC:11111,SMC1A,478,Fetal (including NIPD),central,11429,1182,1,0.062,v2.1.1,294,449,439
HGNC:11111,SMC1A,78,Neurology,periferico,11429,1182,1,0.062,v2.1.1,294,449,439
HGNC:11111,SMC1A,285,Developmental disorders,central,11429,1182,1,0.062,v2.1.1,294,449,439
HGNC:4800,HSD17B10,186,Ophthalmology,periferico,2855,186,0.93604,0.342,v2.1.1,18,100,68
HGNC:17341,TRNT1,518,Haematology,periferico,15863,639,3.6366e-13,1.232,v4.1,81,250,308
HGNC:17341,TRNT1,111,Viral research,periferico,15863,639,3.6366e-13,1.232,v4.1,81,250,308
HGNC:17341,TRNT1,467,Metabolic,central,15863,639,3.6366e-13,1.232,v4.1,81,250,308
HGNC:17341,TRNT1,285,Developmental disorders,central,15863,639,3.6366e-13,1.232,v4.1,81,250,308
HGNC:92,ACADVL,467,Metabolic,central,4874,2136,2.4249999999999997e-22,1.077,v4.1,514,850,772
HGNC:92,ACADVL,484,Sin clasificar,central,4874,2136,2.4249999999999997e-22,1.077,v4.1,514,850,772
HGNC:92,ACADVL,66,Neurology,central,4874,2136,2.4249999999999997e-22,1.077,v4.1,514,850,772
HGNC:92,ACADVL,749,Cardiology,central,4874,2136,2.4249999999999997e-22,1.077,v4.1,514,850,772
HGNC:3497,EVC,726,Musculoskeletal,central,7173,2089,6.2955e-37,1.134,v4.1,321,1106,662
HGNC:17619,NDE1,96,Neurology,central,8861,314,3.5428e-6,0.851,v4.1,10,124,180
HGNC:7237,MRVI1,147,Neurology,periferico,7735,172,4.0337e-10,0.738,v4.1,0,18,154
HGNC:12828,XRCC1,85,Neurology and neurodevelopmental disorders,periferico,2915,125,2.2722e-10,0.773,v4.1,4,39,82
HGNC:1664,SCARB1,111,Viral research,central,20139,215,2.1071e-4,0.71,v4.1,1,120,94
HGNC:15979,TP63,564,Dermatology,periferico,7622,856,1,0.296,v4.1,152,333,371
HGNC:15979,TP63,269,Musculoskeletal,periferico,7622,856,1,0.296,v4.1,152,333,371
HGNC:20917,ALPK1,307,Ophthalmology,central,14992,931,1.3166e-32,1.079,v4.1,3,336,592
HGNC:20917,ALPK1,398,Immunology,periferico,14992,931,1.3166e-32,1.079,v4.1,3,336,592
HGNC:20917,ALPK1,1075,Immunology,periferico,14992,931,1.3166e-32,1.079,v4.1,3,336,592
HGNC:20917,ALPK1,186,Ophthalmology,periferico,14992,931,1.3166e-32,1.079,v4.1,3,336,592
HGNC:6629,LLGL2,143,Inherited cancer,periferico,14658,243,8.521700000000001e-19,0.816,v4.1,1,23,219
HGNC:2022,CLCN4,285,Developmental disorders,periferico,7984,825,0.99893,0.151,v2.1.1,156,327,342
HGNC:2022,CLCN4,484,Sin clasificar,periferico,7984,825,0.99893,0.151,v2.1.1,156,327,342
HGNC:2022,CLCN4,478,Fetal (including NIPD),periferico,7984,825,0.99893,0.151,v2.1.1,156,327,342
HGNC:10680,SDHA,476,Neurology,central,14069,3333,3.3694e-8,0.786,v4.1,340,1147,1846
HGNC:10680,SDHA,217,Cancer Programme,central,14069,3333,3.3694e-8,0.786,v4.1,340,1147,1846
HGNC:10680,SDHA,649,Endocrinology,central,14069,3333,3.3694e-8,0.786,v4.1,340,1147,1846
HGNC:10680,SDHA,97,Tumour syndromes,central,14069,3333,3.3694e-8,0.786,v4.1,340,1147,1846
HGNC:10680,SDHA,285,Developmental disorders,central,14069,3333,3.3694e-8,0.786,v4.1,340,1147,1846
HGNC:10680,SDHA,539,Mitochondrial,central,14069,3333,3.3694e-8,0.786,v4.1,340,1147,1846
HGNC:10680,SDHA,484,Sin clasificar,central,14069,3333,3.3694e-8,0.786,v4.1,340,1147,1846
HGNC:10680,SDHA,749,Cardiology,central,14069,3333,3.3694e-8,0.786,v4.1,340,1147,1846
HGNC:10680,SDHA,186,Ophthalmology,central,14069,3333,3.3694e-8,0.786,v4.1,340,1147,1846
HGNC:10680,SDHA,302,Metabolic disorders,central,14069,3333,3.3694e-8,0.786,v4.1,340,1147,1846
HGNC:10680,SDHA,180,Neurology and neurodevelopmental disorders,central,14069,3333,3.3694e-8,0.786,v4.1,340,1147,1846
HGNC:10680,SDHA,42,Neurology and neurodevelopmental disorders,central,14069,3333,3.3694e-8,0.786,v4.1,340,1147,1846
HGNC:10680,SDHA,467,Metabolic,central,14069,3333,3.3694e-8,0.786,v4.1,340,1147,1846
HGNC:10680,SDHA,402,Neurology,central,14069,3333,3.3694e-8,0.786,v4.1,340,1147,1846
HGNC:10680,SDHA,112,Mitochondrial,central,14069,3333,3.3694e-8,0.786,v4.1,340,1147,1846
HGNC:11109,SMARCE1,167,Tumour syndromes,periferico,18780,1198,0.99994,0.318,v4.1,82,466,650
HGNC:9886,KDM5A,285,Developmental disorders,central,16473,277,1,0.27,v4.1,12,54,211
HGNC:9886,KDM5A,478,Fetal (including NIPD),central,16473,277,1,0.27,v4.1,12,54,211
HGNC:42,ABCB11,544,Gastrohepatology,central,8952,2193,9.5597e-15,0.739,v4.1,392,938,863
HGNC:42,ABCB11,385,Gastroenterological disorders,central,8952,2193,9.5597e-15,0.739,v4.1,392,938,863
HGNC:20367,FRY,285,Developmental disorders,periferico,20951,309,1,0.428,v4.1,0,75,234
HGNC:8016,NSF,402,Neurology,central,18233,70,0.99792,0.425,v4.1,6,21,43
HGNC:4318,GLI2,131,Endocrine disorders,central,7742,1312,1,0.364,v4.1,102,440,770
HGNC:4318,GLI2,285,Developmental disorders,central,7742,1312,1,0.364,v4.1,102,440,770
HGNC:4318,GLI2,484,Sin clasificar,central,7742,1312,1,0.364,v4.1,102,440,770
HGNC:4318,GLI2,478,Fetal (including NIPD),central,7742,1312,1,0.364,v4.1,102,440,770
HGNC:4318,GLI2,81,Musculoskeletal,central,7742,1312,1,0.364,v4.1,102,440,770
HGNC:4318,GLI2,509,Ophthalmology,central,7742,1312,1,0.364,v4.1,102,440,770
HGNC:4318,GLI2,384,Musculoskeletal,central,7742,1312,1,0.364,v4.1,102,440,770
HGNC:4318,GLI2,483,Endocrinology,central,7742,1312,1,0.364,v4.1,102,440,770
HGNC:4318,GLI2,78,Neurology,central,7742,1312,1,0.364,v4.1,102,440,770
HGNC:7883,NOTCH3,568,Neurology,periferico,9552,2060,1.5089e-7,0.566,v4.1,323,672,1065
HGNC:7883,NOTCH3,478,Fetal (including NIPD),central,9552,2060,1.5089e-7,0.566,v4.1,323,672,1065
HGNC:7883,NOTCH3,285,Developmental disorders,central,9552,2060,1.5089e-7,0.566,v4.1,323,672,1065
HGNC:7883,NOTCH3,476,Neurology,periferico,9552,2060,1.5089e-7,0.566,v4.1,323,672,1065
HGNC:7883,NOTCH3,265,Neurology and neurodevelopmental disorders,periferico,9552,2060,1.5089e-7,0.566,v4.1,323,672,1065
HGNC:7883,NOTCH3,50,Cardiovascular disorders,central,9552,2060,1.5089e-7,0.566,v4.1,323,672,1065
HGNC:3188,EED,484,Sin clasificar,central,7993,162,0.99914,0.41,v4.1,13,71,78
HGNC:3188,EED,285,Developmental disorders,central,7993,162,0.99914,0.41,v4.1,13,71,78
HGNC:3188,EED,478,Fetal (including NIPD),central,7993,162,0.99914,0.41,v4.1,13,71,78
HGNC:1020,BCS1L,539,Mitochondrial,central,5061,595,2.6741e-10,0.958,v4.1,140,277,178
HGNC:1020,BCS1L,180,Neurology and neurodevelopmental disorders,central,5061,595,2.6741e-10,0.958,v4.1,140,277,178
HGNC:1020,BCS1L,484,Sin clasificar,central,5061,595,2.6741e-10,0.958,v4.1,140,277,178
HGNC:1020,BCS1L,302,Metabolic disorders,central,5061,595,2.6741e-10,0.958,v4.1,140,277,178
HGNC:1020,BCS1L,478,Fetal (including NIPD),central,5061,595,2.6741e-10,0.958,v4.1,140,277,178
HGNC:1020,BCS1L,847,Neurology,central,5061,595,2.6741e-10,0.958,v4.1,140,277,178
HGNC:1020,BCS1L,112,Mitochondrial,central,5061,595,2.6741e-10,0.958,v4.1,140,277,178
HGNC:1020,BCS1L,476,Neurology,central,5061,595,2.6741e-10,0.958,v4.1,140,277,178
HGNC:1020,BCS1L,285,Developmental disorders,central,5061,595,2.6741e-10,0.958,v4.1,140,277,178
HGNC:1020,BCS1L,42,Neurology and neurodevelopmental disorders,central,5061,595,2.6741e-10,0.958,v4.1,140,277,178
HGNC:1020,BCS1L,402,Neurology,central,5061,595,2.6741e-10,0.958,v4.1,140,277,178
HGNC:1020,BCS1L,467,Metabolic,central,5061,595,2.6741e-10,0.958,v4.1,140,277,178
HGNC:6631,LMAN1,175,Haematological and immunological disorders,periferico,7821,228,6.6039e-4,0.682,v4.1,15,61,152
HGNC:6631,LMAN1,545,Haematology,periferico,7821,228,6.6039e-4,0.682,v4.1,15,61,152
HGNC:10910,SLC12A1,149,Renal,central,12915,1092,1.4594e-17,0.971,v4.1,133,528,431
HGNC:10910,SLC12A1,292,Renal,central,12915,1092,1.4594e-17,0.971,v4.1,133,528,431
HGNC:6296,KCNQ2,402,Neurology,central,14126,2374,1,0.295,v4.1,781,797,796
HGNC:6296,KCNQ2,847,Neurology,central,14126,2374,1,0.295,v4.1,781,797,796
HGNC:6296,KCNQ2,541,Neurology,central,14126,2374,1,0.295,v4.1,781,797,796
HGNC:6296,KCNQ2,90,Neurology and neurodevelopmental disorders,central,14126,2374,1,0.295,v4.1,781,797,796
HGNC:6296,KCNQ2,484,Sin clasificar,central,14126,2374,1,0.295,v4.1,781,797,796
HGNC:6296,KCNQ2,285,Developmental disorders,central,14126,2374,1,0.295,v4.1,781,797,796
HGNC:6296,KCNQ2,466,Neurology,central,14126,2374,1,0.295,v4.1,781,797,796
HGNC:10725,SEMA3C,63,Gastroenterological disorders,periferico,19377,248,1.8965e-5,0.738,v4.1,0,89,159
HGNC:93,ACAT1,302,Metabolic disorders,central,7462,797,3.1856e-4,0.798,v4.1,213,380,204
HGNC:93,ACAT1,467,Metabolic,central,7462,797,3.1856e-4,0.798,v4.1,213,380,204
HGNC:1850,CELSR1,65,Cardiology,periferico,16063,912,3.7951e-10,0.564,v4.1,14,231,667
HGNC:3682,FGF4,478,Fetal (including NIPD),central,3168,33,0.0017624,1.397,v4.1,1,4,28
HGNC:3682,FGF4,309,Musculoskeletal,central,3168,33,0.0017624,1.397,v4.1,1,4,28
HGNC:3798,FOSL2,553,Dermatology,periferico,8890,45,0.9997,0.279,v4.1,6,3,36
HGNC:3798,FOSL2,230,Ophthalmology,periferico,8890,45,0.9997,0.279,v4.1,6,3,36
HGNC:132,ACTB,564,Dermatology,central,5809,668,1,0.193,v4.1,139,339,190
HGNC:132,ACTB,111,Viral research,central,5809,668,1,0.193,v4.1,139,339,190
HGNC:132,ACTB,484,Sin clasificar,central,5809,668,1,0.193,v4.1,139,339,190
HGNC:132,ACTB,294,Ophthalmological disorders,central,5809,668,1,0.193,v4.1,139,339,190
HGNC:132,ACTB,96,Neurology,central,5809,668,1,0.193,v4.1,139,339,190
HGNC:132,ACTB,545,Haematology,central,5809,668,1,0.193,v4.1,139,339,190
HGNC:132,ACTB,478,Fetal (including NIPD),central,5809,668,1,0.193,v4.1,139,339,190
HGNC:132,ACTB,540,Neurology,central,5809,668,1,0.193,v4.1,139,339,190
HGNC:132,ACTB,175,Haematological and immunological disorders,central,5809,668,1,0.193,v4.1,139,339,190
HGNC:132,ACTB,285,Developmental disorders,central,5809,668,1,0.193,v4.1,139,339,190
HGNC:132,ACTB,509,Ophthalmology,central,5809,668,1,0.193,v4.1,139,339,190
HGNC:132,ACTB,168,Musculoskeletal,central,5809,668,1,0.193,v4.1,139,339,190
HGNC:132,ACTB,847,Neurology,central,5809,668,1,0.193,v4.1,139,339,190
HGNC:132,ACTB,81,Musculoskeletal,central,5809,668,1,0.193,v4.1,139,339,190
HGNC:18234,MOCOS,149,Renal,periferico,10250,521,1.6318999999999998e-29,1.19,v4.1,41,200,280
HGNC:9067,PLD1,479,Developmental disorders,periferico,12088,368,1.6495e-6,0.822,v4.1,30,137,201
HGNC:9067,PLD1,749,Cardiology,periferico,12088,368,1.6495e-6,0.822,v4.1,30,137,201
HGNC:24502,WDR62,478,Fetal (including NIPD),central,12221,1156,1.0718e-25,0.806,v4.1,127,437,592
HGNC:24502,WDR62,96,Neurology,central,12221,1156,1.0718e-25,0.806,v4.1,127,437,592
HGNC:9788,RAB7A,288,Neurology and neurodevelopmental disorders,periferico,14383,208,0.99995,0.242,v4.1,4,110,94
HGNC:8616,PAX2,283,Renal,periferico,6598,635,0.99743,0.451,v4.1,151,208,276
HGNC:8616,PAX2,234,Renal and urinary tract disorders,central,6598,635,0.99743,0.451,v4.1,151,208,276
HGNC:8616,PAX2,478,Fetal (including NIPD),central,6598,635,0.99743,0.451,v4.1,151,208,276
HGNC:8616,PAX2,484,Sin clasificar,central,6598,635,0.99743,0.451,v4.1,151,208,276
HGNC:8616,PAX2,509,Ophthalmology,central,6598,635,0.99743,0.451,v4.1,151,208,276
HGNC:17851,REXO2,398,Immunology,periferico,8506,21,2.6635e-4,1.314,v4.1,0,1,20
HGNC:7127,MLH1,259,Cancer Programme,central,9360,6306,8.6326e-4,0.639,v4.1,1960,1657,2689
HGNC:7127,MLH1,59,Cancer susceptibility,central,9360,6306,8.6326e-4,0.639,v4.1,1960,1657,2689
HGNC:7127,MLH1,559,Dermatology,central,9360,6306,8.6326e-4,0.639,v4.1,1960,1657,2689
HGNC:7127,MLH1,255,Tumour syndromes,central,9360,6306,8.6326e-4,0.639,v4.1,1960,1657,2689
HGNC:7127,MLH1,478,Fetal (including NIPD),central,9360,6306,8.6326e-4,0.639,v4.1,1960,1657,2689
HGNC:7127,MLH1,734,Cancer susceptibility,central,9360,6306,8.6326e-4,0.639,v4.1,1960,1657,2689
HGNC:7127,MLH1,245,Cancer susceptibility,central,9360,6306,8.6326e-4,0.639,v4.1,1960,1657,2689
HGNC:7127,MLH1,243,Cancer susceptibility,central,9360,6306,8.6326e-4,0.639,v4.1,1960,1657,2689
HGNC:25056,KLHL20,285,Developmental disorders,periferico,9606,79,0.80917,0.538,v4.1,7,6,66
HGNC:25056,KLHL20,484,Sin clasificar,periferico,9606,79,0.80917,0.538,v4.1,7,6,66
HGNC:25056,KLHL20,402,Neurology,periferico,9606,79,0.80917,0.538,v4.1,7,6,66
HGNC:30521,SLC46A1,519,Haematology,periferico,7954,407,0.0010626,0.865,v4.1,27,156,224
HGNC:30521,SLC46A1,484,Sin clasificar,periferico,7954,407,0.0010626,0.865,v4.1,27,156,224
HGNC:30521,SLC46A1,159,Haematological disorders,periferico,7954,407,0.0010626,0.865,v4.1,27,156,224
HGNC:30521,SLC46A1,111,Viral research,periferico,7954,407,0.0010626,0.865,v4.1,27,156,224
HGNC:9100,PLXNA2,285,Developmental disorders,periferico,17308,1004,4.6067e-4,0.525,v4.1,2,439,563
HGNC:681,ARHGEF1,111,Viral research,periferico,14015,912,0.99897,0.459,v4.1,0,445,467
HGNC:11445,STXBP2,59,Cancer susceptibility,periferico,6079,1231,1.7926e-11,0.874,v4.1,101,674,456
HGNC:7795,NFKB2,550,Respiratory,periferico,5743,876,1,0.308,v4.1,19,436,421
HGNC:7795,NFKB2,398,Immunology,central,5743,876,1,0.308,v4.1,19,436,421
HGNC:7795,NFKB2,136,Dermatological disorders,periferico,5743,876,1,0.308,v4.1,19,436,421
HGNC:25009,UBE2T,508,Haematology,central,2306,77,0.082991,0.838,v4.1,13,35,29
HGNC:2714,DCX,96,Neurology,central,10203,420,0.3042,0.616,v2.1.1,248,54,118
HGNC:24662,EXOSC5,477,Neurology,periferico,5075,68,0.0018424,1.136,v4.1,6,8,54
HGNC:2964,DYNC1I2,484,Sin clasificar,central,10748,100,2.0289e-8,0.84,v4.1,6,15,79
HGNC:2964,DYNC1I2,478,Fetal (including NIPD),central,10748,100,2.0289e-8,0.84,v4.1,6,15,79
HGNC:12442,TYR,559,Dermatology,central,2593,806,1.1138e-21,1.346,v4.1,312,218,276
HGNC:12442,TYR,484,Sin clasificar,central,2593,806,1.1138e-21,1.346,v4.1,312,218,276
HGNC:164,ACTN2,652,Cardiology,central,19688,1854,0.99996,0.432,v4.1,26,771,1057
HGNC:164,ACTN2,225,Neurology,central,19688,1854,0.99996,0.432,v4.1,26,771,1057
HGNC:164,ACTN2,749,Cardiology,central,19688,1854,0.99996,0.432,v4.1,26,771,1057
HGNC:3688,FGFR1,478,Fetal (including NIPD),central,17681,1319,1,0.274,v4.1,260,426,633
HGNC:3688,FGFR1,309,Musculoskeletal,central,17681,1319,1,0.274,v4.1,260,426,633
HGNC:3688,FGFR1,483,Endocrinology,central,17681,1319,1,0.274,v4.1,260,426,633
HGNC:3688,FGFR1,564,Dermatology,central,17681,1319,1,0.274,v4.1,260,426,633
HGNC:3688,FGFR1,81,Musculoskeletal,central,17681,1319,1,0.274,v4.1,260,426,633
HGNC:3688,FGFR1,484,Sin clasificar,central,17681,1319,1,0.274,v4.1,260,426,633
HGNC:3688,FGFR1,179,Neurology,central,17681,1319,1,0.274,v4.1,260,426,633
HGNC:3688,FGFR1,168,Musculoskeletal,central,17681,1319,1,0.274,v4.1,260,426,633
HGNC:3688,FGFR1,384,Musculoskeletal,central,17681,1319,1,0.274,v4.1,260,426,633
HGNC:3600,FBLN1,384,Musculoskeletal,periferico,11411,325,0.95349,0.497,v4.1,0,178,147
HGNC:6144,ITGA8,1537,Renal,periferico,12112,460,1.2641e-12,0.801,v4.1,23,222,215
HGNC:6144,ITGA8,234,Renal and urinary tract disorders,periferico,12112,460,1.2641e-12,0.801,v4.1,23,222,215
HGNC:646,ARAF,98,Dermatology,periferico,5766,46,0.96322,0.33,v2.1.1,0,6,40
HGNC:16066,ACER3,285,Developmental disorders,periferico,24935,114,0.30464,0.815,v4.1,6,43,65
HGNC:16066,ACER3,476,Neurology,periferico,24935,114,0.30464,0.815,v4.1,6,43,65
HGNC:16066,ACER3,568,Neurology,periferico,24935,114,0.30464,0.815,v4.1,6,43,65
HGNC:16066,ACER3,484,Sin clasificar,periferico,24935,114,0.30464,0.815,v4.1,6,43,65
HGNC:16066,ACER3,847,Neurology,periferico,24935,114,0.30464,0.815,v4.1,6,43,65
HGNC:12425,TULP3,49,Cardiology,periferico,8055,101,1.2493e-9,1.059,v4.1,9,16,76
HGNC:4396,GNB1,130,Endocrinology,periferico,15139,447,0.9976,0.222,v4.1,124,194,129
HGNC:3176,EDN1,484,Sin clasificar,central,4534,66,0.0045322,0.84,v4.1,4,25,37
HGNC:3176,EDN1,478,Fetal (including NIPD),central,4534,66,0.0045322,0.84,v4.1,4,25,37
HGNC:3677,FGF20,234,Renal and urinary tract disorders,central,1862,135,0.087753,1.145,v4.1,2,46,87
HGNC:7995,NRDC,402,Neurology,periferico,9904,13,0.92378,0.503,v4.1,0,5,8
HGNC:7995,NRDC,186,Ophthalmology,periferico,9904,13,0.92378,0.503,v4.1,0,5,8
HGNC:7995,NRDC,258,Neurology,periferico,9904,13,0.92378,0.503,v4.1,0,5,8
HGNC:7995,NRDC,285,Developmental disorders,periferico,9904,13,0.92378,0.503,v4.1,0,5,8
HGNC:7995,NRDC,162,Neurology,periferico,9904,13,0.92378,0.503,v4.1,0,5,8
HGNC:13890,ITCH,1075,Immunology,central,15533,514,1,0.343,v4.1,20,291,203
HGNC:12003,TP73,550,Respiratory,periferico,7608,132,0.2873,0.576,v4.1,6,31,95
HGNC:12003,TP73,96,Neurology,periferico,7608,132,0.2873,0.576,v4.1,6,31,95
HGNC:19070,THOC1,126,Audiology,periferico,8495,53,0.86926,0.546,v4.1,1,3,49
HGNC:10941,SLC1A3,847,Neurology,central,27500,329,0.30428,0.607,v4.1,2,127,200
HGNC:1718,CDC14A,126,Audiology,periferico,7046,297,4.1688e-8,1.141,v4.1,20,148,129
HGNC:14214,CIC,476,Neurology,periferico,11064,957,1,0.249,v4.1,91,310,556
HGNC:14214,CIC,285,Developmental disorders,periferico,11064,957,1,0.249,v4.1,91,310,556
HGNC:14214,CIC,484,Sin clasificar,periferico,11064,957,1,0.249,v4.1,91,310,556
HGNC:14214,CIC,42,Neurology and neurodevelopmental disorders,periferico,11064,957,1,0.249,v4.1,91,310,556
HGNC:14214,CIC,402,Neurology,periferico,11064,957,1,0.249,v4.1,91,310,556
HGNC:3629,FDFT1,402,Neurology,central,7239,154,1.4695e-26,1.764,v4.1,5,43,106
HGNC:8148,OPHN1,477,Neurology,periferico,20911,604,0.99985,0.161,v2.1.1,148,196,260
HGNC:8148,OPHN1,466,Neurology,periferico,20911,604,0.99985,0.161,v2.1.1,148,196,260
HGNC:8148,OPHN1,20,Neurology and neurodevelopmental disorders,periferico,20911,604,0.99985,0.161,v2.1.1,148,196,260
HGNC:8148,OPHN1,286,Neurology and neurodevelopmental disorders,periferico,20911,604,0.99985,0.161,v2.1.1,148,196,260
HGNC:16941,SCGN,398,Immunology,periferico,1860,45,3.2123e-6,1.375,v4.1,0,4,41
HGNC:8905,PGM1,66,Neurology,central,9160,515,6.9806e-17,1.189,v4.1,45,254,216
HGNC:8905,PGM1,467,Metabolic,central,9160,515,6.9806e-17,1.189,v4.1,45,254,216
HGNC:8905,PGM1,302,Metabolic disorders,central,9160,515,6.9806e-17,1.189,v4.1,45,254,216
HGNC:8905,PGM1,81,Musculoskeletal,periferico,9160,515,6.9806e-17,1.189,v4.1,45,254,216
HGNC:8905,PGM1,484,Sin clasificar,central,9160,515,6.9806e-17,1.189,v4.1,45,254,216
HGNC:8905,PGM1,248,Metabolic disorders,central,9160,515,6.9806e-17,1.189,v4.1,45,254,216
HGNC:8905,PGM1,1141,Neurology,central,9160,515,6.9806e-17,1.189,v4.1,45,254,216
HGNC:2974,DNM2,539,Mitochondrial,periferico,19122,1358,1,0.239,v4.1,30,651,677
HGNC:2974,DNM2,302,Metabolic disorders,periferico,19122,1358,1,0.239,v4.1,30,651,677
HGNC:2974,DNM2,478,Fetal (including NIPD),central,19122,1358,1,0.239,v4.1,30,651,677
HGNC:2974,DNM2,533,Mitochondrial,periferico,19122,1358,1,0.239,v4.1,30,651,677
HGNC:2974,DNM2,258,Neurology,central,19122,1358,1,0.239,v4.1,30,651,677
HGNC:2974,DNM2,846,Neurology,central,19122,1358,1,0.239,v4.1,30,651,677
HGNC:2974,DNM2,112,Mitochondrial,periferico,19122,1358,1,0.239,v4.1,30,651,677
HGNC:2974,DNM2,85,Neurology and neurodevelopmental disorders,central,19122,1358,1,0.239,v4.1,30,651,677
HGNC:11030,SLC4A4,509,Ophthalmology,periferico,12777,461,1,0.329,v4.1,17,173,271
HGNC:11098,SMARCA2,285,Developmental disorders,central,19627,1518,1,0.317,v4.1,122,793,603
HGNC:11098,SMARCA2,484,Sin clasificar,central,19627,1518,1,0.317,v4.1,122,793,603
HGNC:11098,SMARCA2,478,Fetal (including NIPD),central,19627,1518,1,0.317,v4.1,122,793,603
HGNC:28570,PIH1D3,478,Fetal (including NIPD),periferico,2353,104,0.85529,0.472,v2.1.1,12,43,49
HGNC:28570,PIH1D3,484,Sin clasificar,periferico,2353,104,0.85529,0.472,v2.1.1,12,43,49
HGNC:16974,SRCAP,131,Endocrine disorders,periferico,14052,2436,1,0.223,v4.1,119,800,1517
HGNC:16974,SRCAP,1471,Endocrinology,periferico,14052,2436,1,0.223,v4.1,119,800,1517
HGNC:1957,CHRNA3,478,Fetal (including NIPD),periferico,4929,198,2.7242e-10,1.065,v4.1,16,65,117
HGNC:1957,CHRNA3,479,Developmental disorders,periferico,4929,198,2.7242e-10,1.065,v4.1,16,65,117
HGNC:1957,CHRNA3,234,Renal and urinary tract disorders,periferico,4929,198,2.7242e-10,1.065,v4.1,16,65,117
HGNC:1957,CHRNA3,846,Neurology,periferico,4929,198,2.7242e-10,1.065,v4.1,16,65,117
HGNC:6291,KCNN2,484,Sin clasificar,periferico,6272,223,0.067245,0.661,v4.1,20,33,170
HGNC:9508,PSEN1,265,Neurology and neurodevelopmental disorders,central,26370,540,0.99951,0.425,v4.1,149,130,261
HGNC:9508,PSEN1,474,Neurology,central,26370,540,0.99951,0.425,v4.1,149,130,261
HGNC:9508,PSEN1,47,Cardiovascular disorders,periferico,26370,540,0.99951,0.425,v4.1,149,130,261
HGNC:2321,CPOX,560,Dermatology,periferico,3584,339,5.0093e-4,0.8,v4.1,42,103,194
HGNC:4890,CFHR2,111,Viral research,periferico,8959,76,1.5167e-8,1.498,v4.1,0,34,42
HGNC:573,AP4E1,285,Developmental disorders,central,13495,630,4.3414e-4,0.576,v4.1,36,251,343
HGNC:573,AP4E1,568,Neurology,central,13495,630,4.3414e-4,0.576,v4.1,36,251,343
HGNC:573,AP4E1,162,Neurology,periferico,13495,630,4.3414e-4,0.576,v4.1,36,251,343
HGNC:2206,COL4A4,156,Renal and urinary tract disorders,central,14523,3794,3.9265e-10,0.607,v4.1,907,1590,1297
HGNC:2206,COL4A4,283,Renal,periferico,14523,3794,3.9265e-10,0.607,v4.1,907,1590,1297
HGNC:21652,OSTM1,111,Viral research,periferico,14181,384,2.6526e-5,1.425,v4.1,28,197,159
HGNC:21652,OSTM1,179,Neurology,central,14181,384,2.6526e-5,1.425,v4.1,28,197,159
HGNC:6996,MEF2C,484,Sin clasificar,central,20054,634,1,0.212,v4.1,145,266,223
HGNC:6996,MEF2C,285,Developmental disorders,central,20054,634,1,0.212,v4.1,145,266,223
HGNC:6996,MEF2C,42,Neurology and neurodevelopmental disorders,periferico,20054,634,1,0.212,v4.1,145,266,223
HGNC:6996,MEF2C,478,Fetal (including NIPD),central,20054,634,1,0.212,v4.1,145,266,223
HGNC:9666,PTPRC,111,Viral research,central,18465,1262,1,0.343,v4.1,40,809,413
HGNC:9666,PTPRC,398,Immunology,central,18465,1262,1,0.343,v4.1,40,809,413
HGNC:1397,CACNA1S,66,Neurology,periferico,7296,3498,6.2927e-18,0.651,v4.1,130,1422,1946
HGNC:1397,CACNA1S,229,Neurology and neurodevelopmental disorders,central,7296,3498,6.2927e-18,0.651,v4.1,130,1422,1946
HGNC:1397,CACNA1S,1141,Neurology,periferico,7296,3498,6.2927e-18,0.651,v4.1,130,1422,1946
HGNC:9023,PKP1,553,Dermatology,central,6211,390,0.97273,0.499,v4.1,9,158,223
HGNC:9023,PKP1,554,Dermatology,central,6211,390,0.97273,0.499,v4.1,9,158,223
HGNC:23230,UBA5,466,Neurology,periferico,8151,285,3.5622e-4,0.838,v4.1,40,127,118
HGNC:6694,LRP2,294,Ophthalmological disorders,periferico,16539,5055,1,0.352,v4.1,208,2669,2178
HGNC:10916,SLC13A1,478,Fetal (including NIPD),periferico,4476,90,9.7989e-14,1.047,v4.1,4,17,69
HGNC:10916,SLC13A1,1471,Endocrinology,periferico,4476,90,9.7989e-14,1.047,v4.1,4,17,69
HGNC:10916,SLC13A1,484,Sin clasificar,periferico,4476,90,9.7989e-14,1.047,v4.1,4,17,69
HGNC:10916,SLC13A1,309,Musculoskeletal,periferico,4476,90,9.7989e-14,1.047,v4.1,4,17,69
HGNC:3706,ATP8B1,385,Gastroenterological disorders,central,7836,1329,1.6702e-9,0.62,v4.1,176,666,487
HGNC:3706,ATP8B1,544,Gastrohepatology,central,7836,1329,1.6702e-9,0.62,v4.1,176,666,487
HGNC:3380,EPB41L3,476,Neurology,periferico,12979,162,0.0023911,0.562,v4.1,0,15,147
HGNC:12825,XPO1,484,Sin clasificar,central,25119,81,1,0.083,v4.1,16,11,54
HGNC:10057,RNF13,484,Sin clasificar,periferico,13763,299,0.58532,0.813,v4.1,7,132,160
HGNC:10057,RNF13,402,Neurology,periferico,13763,299,0.58532,0.813,v4.1,7,132,160
HGNC:10057,RNF13,478,Fetal (including NIPD),periferico,13763,299,0.58532,0.813,v4.1,7,132,160
HGNC:10057,RNF13,285,Developmental disorders,periferico,13763,299,0.58532,0.813,v4.1,7,132,160
HGNC:17992,TRPM3,285,Developmental disorders,periferico,22314,454,0.89699,0.48,v4.1,8,80,366
HGNC:26144,PALB2,162,Neurology,central,7714,6735,1.2379000000000001e-19,0.9,v4.1,1498,1710,3527
HGNC:26144,PALB2,247,Dysmorphic and congenital abnormality syndromes,central,7714,6735,1.2379000000000001e-19,0.9,v4.1,1498,1710,3527
HGNC:26144,PALB2,1471,Endocrinology,central,7714,6735,1.2379000000000001e-19,0.9,v4.1,1498,1710,3527
HGNC:26144,PALB2,559,Dermatology,central,7714,6735,1.2379000000000001e-19,0.9,v4.1,1498,1710,3527
HGNC:26144,PALB2,484,Sin clasificar,central,7714,6735,1.2379000000000001e-19,0.9,v4.1,1498,1710,3527
HGNC:26144,PALB2,508,Haematology,central,7714,6735,1.2379000000000001e-19,0.9,v4.1,1498,1710,3527
HGNC:26144,PALB2,478,Fetal (including NIPD),central,7714,6735,1.2379000000000001e-19,0.9,v4.1,1498,1710,3527
HGNC:987,BCKDHB,302,Metabolic disorders,central,15797,846,1.5154e-11,1.206,v4.1,227,388,231
HGNC:987,BCKDHB,467,Metabolic,central,15797,846,1.5154e-11,1.206,v4.1,227,388,231
HGNC:2799,GRHL2,658,Ophthalmology,periferico,6871,330,1,0.367,v4.1,28,152,150
HGNC:2799,GRHL2,484,Sin clasificar,periferico,6871,330,1,0.367,v4.1,28,152,150
HGNC:2799,GRHL2,553,Dermatology,periferico,6871,330,1,0.367,v4.1,28,152,150
HGNC:2799,GRHL2,478,Fetal (including NIPD),periferico,6871,330,1,0.367,v4.1,28,152,150
HGNC:9081,PLOD1,484,Sin clasificar,central,6100,1410,5.4923e-15,0.938,v4.1,114,693,603
HGNC:9081,PLOD1,478,Fetal (including NIPD),central,6100,1410,5.4923e-15,0.938,v4.1,114,693,603
HGNC:9081,PLOD1,1,Cardiovascular disorders,periferico,6100,1410,5.4923e-15,0.938,v4.1,114,693,603
HGNC:23352,PIBF1,478,Fetal (including NIPD),periferico,16642,228,1.0889e-7,1.235,v4.1,18,67,143
HGNC:23352,PIBF1,150,Ciliopathies,periferico,16642,228,1.0889e-7,1.235,v4.1,18,67,143
HGNC:23352,PIBF1,484,Sin clasificar,periferico,16642,228,1.0889e-7,1.235,v4.1,18,67,143
HGNC:23352,PIBF1,724,Neurology,periferico,16642,228,1.0889e-7,1.235,v4.1,18,67,143
HGNC:23352,PIBF1,285,Developmental disorders,periferico,16642,228,1.0889e-7,1.235,v4.1,18,67,143
HGNC:24537,CHMP2B,474,Neurology,central,12718,187,4.8165e-4,1.503,v4.1,6,66,115
HGNC:12877,ZMPSTE24,546,Endocrinology,central,12169,226,3.3473e-13,1.079,v4.1,38,89,99
HGNC:12877,ZMPSTE24,174,Endocrine disorders,central,12169,226,3.3473e-13,1.079,v4.1,38,89,99
HGNC:18063,STARD7,402,Neurology,periferico,4746,63,1.0458e-6,0.955,v4.1,2,4,57
HGNC:9966,REST,259,Cancer Programme,periferico,11563,778,1,0.16,v4.1,28,246,504
HGNC:9966,REST,243,Cancer susceptibility,periferico,11563,778,1,0.16,v4.1,28,246,504
HGNC:16461,WBP11,309,Musculoskeletal,periferico,10388,146,1,0.321,v4.1,23,4,119
HGNC:16461,WBP11,101,Dysmorphic and congenital abnormality syndromes,periferico,10388,146,1,0.321,v4.1,23,4,119
HGNC:16461,WBP11,234,Renal and urinary tract disorders,periferico,10388,146,1,0.321,v4.1,23,4,119
HGNC:16461,WBP11,479,Developmental disorders,periferico,10388,146,1,0.321,v4.1,23,4,119
HGNC:603,APOB,467,Metabolic,central,15369,5181,1.3512e-11,0.537,v4.1,264,2011,2906
HGNC:603,APOB,302,Metabolic disorders,central,15369,5181,1.3512e-11,0.537,v4.1,264,2011,2906
HGNC:603,APOB,514,Gastrohepatology,central,15369,5181,1.3512e-11,0.537,v4.1,264,2011,2906
HGNC:26147,AGBL5,307,Ophthalmology,periferico,7068,735,1.6548e-8,0.709,v4.1,42,278,415
HGNC:4801,HADHA,285,Developmental disorders,central,8494,1178,0.001309,0.761,v4.1,239,614,325
HGNC:4801,HADHA,484,Sin clasificar,central,8494,1178,0.001309,0.761,v4.1,239,614,325
HGNC:4801,HADHA,302,Metabolic disorders,central,8494,1178,0.001309,0.761,v4.1,239,614,325
HGNC:4801,HADHA,467,Metabolic,central,8494,1178,0.001309,0.761,v4.1,239,614,325
HGNC:1689,CD59,846,Neurology,periferico,12085,112,0.56556,1.277,v4.1,11,66,35
HGNC:1689,CD59,159,Haematological disorders,periferico,12085,112,0.56556,1.277,v4.1,11,66,35
HGNC:1689,CD59,85,Neurology and neurodevelopmental disorders,periferico,12085,112,0.56556,1.277,v4.1,11,66,35
HGNC:1689,CD59,518,Haematology,periferico,12085,112,0.56556,1.277,v4.1,11,66,35
HGNC:886,ATRX,402,Neurology,central,22852,2739,1,0.119,v2.1.1,215,1444,1080
HGNC:886,ATRX,9,Endocrinology,periferico,22852,2739,1,0.119,v2.1.1,215,1444,1080
HGNC:886,ATRX,484,Sin clasificar,central,22852,2739,1,0.119,v2.1.1,215,1444,1080
HGNC:886,ATRX,285,Developmental disorders,central,22852,2739,1,0.119,v2.1.1,215,1444,1080
HGNC:886,ATRX,159,Haematological disorders,central,22852,2739,1,0.119,v2.1.1,215,1444,1080
HGNC:886,ATRX,61,Gastroenterological disorders,periferico,22852,2739,1,0.119,v2.1.1,215,1444,1080
HGNC:886,ATRX,478,Fetal (including NIPD),central,22852,2739,1,0.119,v2.1.1,215,1444,1080
HGNC:886,ATRX,162,Neurology,central,22852,2739,1,0.119,v2.1.1,215,1444,1080
HGNC:21033,HACE1,402,Neurology,periferico,9413,331,9.83e-5,0.98,v4.1,38,166,127
HGNC:21033,HACE1,285,Developmental disorders,periferico,9413,331,9.83e-5,0.98,v4.1,38,166,127
HGNC:21033,HACE1,567,Neurology,periferico,9413,331,9.83e-5,0.98,v4.1,38,166,127
HGNC:21033,HACE1,568,Neurology,periferico,9413,331,9.83e-5,0.98,v4.1,38,166,127
HGNC:21033,HACE1,484,Sin clasificar,periferico,9413,331,9.83e-5,0.98,v4.1,38,166,127
HGNC:21033,HACE1,165,Neurology and neurodevelopmental disorders,periferico,9413,331,9.83e-5,0.98,v4.1,38,166,127
HGNC:29141,WDR47,285,Developmental disorders,periferico,4805,77,0.99984,0.44,v4.1,2,2,73
HGNC:29141,WDR47,478,Fetal (including NIPD),periferico,4805,77,0.99984,0.44,v4.1,2,2,73
HGNC:29141,WDR47,402,Neurology,periferico,4805,77,0.99984,0.44,v4.1,2,2,73
HGNC:29141,WDR47,162,Neurology,central,4805,77,0.99984,0.44,v4.1,2,2,73
HGNC:20662,SLC25A24,168,Musculoskeletal,periferico,15187,214,2.3198e-10,1.106,v4.1,3,88,123
HGNC:20662,SLC25A24,478,Fetal (including NIPD),periferico,15187,214,2.3198e-10,1.106,v4.1,3,88,123
HGNC:20662,SLC25A24,509,Ophthalmology,periferico,15187,214,2.3198e-10,1.106,v4.1,3,88,123
HGNC:12776,WNT11,196,Musculoskeletal,periferico,5766,63,2.314e-5,0.993,v4.1,0,7,56
HGNC:29106,DDHD2,165,Neurology and neurodevelopmental disorders,central,16499,361,1.2846e-6,0.758,v4.1,38,140,183
HGNC:29106,DDHD2,568,Neurology,central,16499,361,1.2846e-6,0.758,v4.1,38,140,183
HGNC:8487,ORC1,162,Neurology,central,5989,418,8.5922e-10,0.719,v4.1,33,167,218
HGNC:19139,POMGNT1,509,Ophthalmology,periferico,9200,1533,6.937e-15,0.815,v4.1,262,660,611
HGNC:19139,POMGNT1,207,Neurology,central,9200,1533,6.937e-15,0.815,v4.1,262,660,611
HGNC:19139,POMGNT1,25,Metabolic,central,9200,1533,6.937e-15,0.815,v4.1,262,660,611
HGNC:924,B4GALT1,25,Metabolic,central,12511,144,0.019457,0.739,v4.1,3,63,78
HGNC:14974,SNX10,179,Neurology,central,10047,162,8.2933e-5,1.518,v4.1,21,75,66
HGNC:14974,SNX10,111,Viral research,periferico,10047,162,8.2933e-5,1.518,v4.1,21,75,66
HGNC:14974,SNX10,478,Fetal (including NIPD),periferico,10047,162,8.2933e-5,1.518,v4.1,21,75,66
HGNC:19685,SEPHS1,285,Developmental disorders,periferico,6143,52,0.99998,0.254,v4.1,4,8,40
HGNC:19685,SEPHS1,478,Fetal (including NIPD),periferico,6143,52,0.99998,0.254,v4.1,4,8,40
HGNC:19685,SEPHS1,484,Sin clasificar,periferico,6143,52,0.99998,0.254,v4.1,4,8,40
HGNC:14897,ITPKC,111,Viral research,periferico,5471,127,6.5659e-5,0.707,v4.1,0,14,113
HGNC:3596,FAT2,483,Endocrinology,periferico,14712,1541,3.475e-13,0.554,v4.1,1,501,1039
HGNC:3596,FAT2,466,Neurology,periferico,14712,1541,3.475e-13,0.554,v4.1,1,501,1039
HGNC:30892,HUWE1,478,Fetal (including NIPD),central,17914,2027,1,0.06,v2.1.1,79,875,1073
HGNC:30892,HUWE1,285,Developmental disorders,central,17914,2027,1,0.06,v2.1.1,79,875,1073
HGNC:30892,HUWE1,484,Sin clasificar,central,17914,2027,1,0.06,v2.1.1,79,875,1073
HGNC:15672,ALG9,653,Gastrohepatology,periferico,8805,388,1.3976e-12,0.853,v4.1,38,158,192
HGNC:15672,ALG9,144,Dysmorphic and congenital abnormality syndromes,periferico,8805,388,1.3976e-12,0.853,v4.1,38,158,192
HGNC:15672,ALG9,285,Developmental disorders,periferico,8805,388,1.3976e-12,0.853,v4.1,38,158,192
HGNC:15672,ALG9,402,Neurology,periferico,8805,388,1.3976e-12,0.853,v4.1,38,158,192
HGNC:15672,ALG9,467,Metabolic,periferico,8805,388,1.3976e-12,0.853,v4.1,38,158,192
HGNC:15672,ALG9,478,Fetal (including NIPD),periferico,8805,388,1.3976e-12,0.853,v4.1,38,158,192
HGNC:15672,ALG9,302,Metabolic disorders,periferico,8805,388,1.3976e-12,0.853,v4.1,38,158,192
HGNC:15672,ALG9,283,Renal,periferico,8805,388,1.3976e-12,0.853,v4.1,38,158,192
HGNC:15672,ALG9,309,Musculoskeletal,periferico,8805,388,1.3976e-12,0.853,v4.1,38,158,192
HGNC:15672,ALG9,484,Sin clasificar,periferico,8805,388,1.3976e-12,0.853,v4.1,38,158,192
HGNC:14937,PIGS,484,Sin clasificar,periferico,8050,136,4.9218e-6,0.76,v4.1,13,36,87
HGNC:14937,PIGS,285,Developmental disorders,periferico,8050,136,4.9218e-6,0.76,v4.1,13,36,87
HGNC:14937,PIGS,478,Fetal (including NIPD),periferico,8050,136,4.9218e-6,0.76,v4.1,13,36,87
HGNC:14937,PIGS,467,Metabolic,periferico,8050,136,4.9218e-6,0.76,v4.1,13,36,87
HGNC:218,ADAMTS2,53,Musculoskeletal,central,11302,2055,0.0010101,0.568,v4.1,127,1143,785
HGNC:25416,ATXN7L3,484,Sin clasificar,periferico,6380,39,1,0.227,v4.1,1,6,32
HGNC:25416,ATXN7L3,285,Developmental disorders,periferico,6380,39,1,0.227,v4.1,1,6,32
HGNC:9552,PSMC5,285,Developmental disorders,central,4778,47,0.99991,0.386,v4.1,4,4,39
HGNC:9552,PSMC5,484,Sin clasificar,central,4778,47,0.99991,0.386,v4.1,4,4,39
HGNC:7166,MMP2,478,Fetal (including NIPD),central,7237,441,6.4757e-5,0.654,v4.1,31,201,209
HGNC:7166,MMP2,309,Musculoskeletal,central,7237,441,6.4757e-5,0.654,v4.1,31,201,209
HGNC:4389,GNAO1,402,Neurology,central,14680,587,1,0.105,v4.1,106,281,200
HGNC:4389,GNAO1,285,Developmental disorders,central,14680,587,1,0.105,v4.1,106,281,200
HGNC:4389,GNAO1,484,Sin clasificar,central,14680,587,1,0.105,v4.1,106,281,200
HGNC:4389,GNAO1,192,Neurology and neurodevelopmental disorders,periferico,14680,587,1,0.105,v4.1,106,281,200
HGNC:4389,GNAO1,847,Neurology,central,14680,587,1,0.105,v4.1,106,281,200
HGNC:10825,SH3BP2,309,Musculoskeletal,periferico,15210,865,5.0141e-10,0.958,v4.1,10,410,445
HGNC:10825,SH3BP2,478,Fetal (including NIPD),periferico,15210,865,5.0141e-10,0.958,v4.1,10,410,445
HGNC:20499,L2HGDH,579,Neurology,periferico,9438,323,2.0708e-6,0.872,v4.1,45,116,162
HGNC:4392,GNAS,285,Developmental disorders,central,22270,1298,0.99999,0.302,v4.1,249,435,614
HGNC:4392,GNAS,385,Gastroenterological disorders,periferico,22270,1298,0.99999,0.302,v4.1,249,435,614
HGNC:4392,GNAS,255,Tumour syndromes,periferico,22270,1298,0.99999,0.302,v4.1,249,435,614
HGNC:4392,GNAS,544,Gastrohepatology,periferico,22270,1298,0.99999,0.302,v4.1,249,435,614
HGNC:4392,GNAS,484,Sin clasificar,central,22270,1298,0.99999,0.302,v4.1,249,435,614
HGNC:4392,GNAS,478,Fetal (including NIPD),central,22270,1298,0.99999,0.302,v4.1,249,435,614
HGNC:4392,GNAS,292,Renal,periferico,22270,1298,0.99999,0.302,v4.1,249,435,614
HGNC:2973,DNM1L,285,Developmental disorders,central,8776,849,0.92424,0.506,v4.1,67,448,334
HGNC:2973,DNM1L,484,Sin clasificar,central,8776,849,0.92424,0.506,v4.1,67,448,334
HGNC:2973,DNM1L,478,Fetal (including NIPD),central,8776,849,0.92424,0.506,v4.1,67,448,334
HGNC:2973,DNM1L,402,Neurology,central,8776,849,0.92424,0.506,v4.1,67,448,334
HGNC:9607,PTHLH,309,Musculoskeletal,central,3706,134,0.92926,0.558,v4.1,33,31,70
HGNC:11459,SULT2B1,282,Dermatological disorders,central,2891,106,0.0013174,0.852,v4.1,7,38,61
HGNC:11459,SULT2B1,478,Fetal (including NIPD),periferico,2891,106,0.0013174,0.852,v4.1,7,38,61
HGNC:23157,ALG6,25,Metabolic,central,7721,863,2.2406e-5,0.892,v4.1,149,430,284
HGNC:7879,CNOT3,147,Neurology,periferico,9443,447,1,0.057,v4.1,72,134,241
HGNC:14388,GP6,545,Haematology,central,4353,348,1.0271e-15,1.734,v4.1,19,176,153
HGNC:9656,PTPN4,285,Developmental disorders,periferico,16950,153,0.94902,0.496,v4.1,13,23,117
HGNC:4379,GNA11,292,Renal,periferico,7881,431,0.99978,0.38,v4.1,25,242,164
HGNC:2979,DNMT3B,484,Sin clasificar,central,6876,944,1,0.396,v4.1,42,541,361
HGNC:2979,DNMT3B,478,Fetal (including NIPD),central,6876,944,1,0.396,v4.1,42,541,361
HGNC:2979,DNMT3B,285,Developmental disorders,central,6876,944,1,0.396,v4.1,42,541,361
HGNC:20324,TGDS,384,Musculoskeletal,periferico,3387,130,1.7318e-5,1.184,v4.1,12,57,61
HGNC:20324,TGDS,484,Sin clasificar,periferico,3387,130,1.7318e-5,1.184,v4.1,12,57,61
HGNC:20324,TGDS,81,Musculoskeletal,periferico,3387,130,1.7318e-5,1.184,v4.1,12,57,61
HGNC:2989,DOCK3,484,Sin clasificar,periferico,11168,303,1,0.298,v4.1,14,49,240
HGNC:2989,DOCK3,477,Neurology,periferico,11168,303,1,0.298,v4.1,14,49,240
HGNC:16148,CRLS1,539,Mitochondrial,periferico,10367,47,1.479e-5,1.913,v4.1,3,6,38
HGNC:16148,CRLS1,126,Audiology,periferico,10367,47,1.479e-5,1.913,v4.1,3,6,38
HGNC:16148,CRLS1,112,Mitochondrial,periferico,10367,47,1.479e-5,1.913,v4.1,3,6,38
HGNC:16438,SLC4A11,484,Sin clasificar,periferico,4592,1281,9.2641e-19,0.897,v4.1,179,765,337
HGNC:16438,SLC4A11,658,Ophthalmology,central,4592,1281,9.2641e-19,0.897,v4.1,179,765,337
HGNC:16438,SLC4A11,250,Ophthalmological disorders,central,4592,1281,9.2641e-19,0.897,v4.1,179,765,337
HGNC:16438,SLC4A11,126,Audiology,periferico,4592,1281,9.2641e-19,0.897,v4.1,179,765,337
HGNC:16438,SLC4A11,285,Developmental disorders,periferico,4592,1281,9.2641e-19,0.897,v4.1,179,765,337
HGNC:15865,KIZ,307,Ophthalmology,periferico,10694,488,5.1898e-10,1.227,v4.1,54,185,249
HGNC:6889,MAPKAPK5,384,Musculoskeletal,periferico,15264,62,0.27844,0.604,v4.1,6,3,53
HGNC:6889,MAPKAPK5,285,Developmental disorders,periferico,15264,62,0.27844,0.604,v4.1,6,3,53
HGNC:15859,TASP1,484,Sin clasificar,periferico,13007,72,0.96491,0.518,v4.1,5,18,49
HGNC:15859,TASP1,478,Fetal (including NIPD),periferico,13007,72,0.96491,0.518,v4.1,5,18,49
HGNC:11604,TBX5,247,Dysmorphic and congenital abnormality syndromes,periferico,5913,865,1,0.267,v4.1,200,292,373
HGNC:11604,TBX5,101,Dysmorphic and congenital abnormality syndromes,central,5913,865,1,0.267,v4.1,200,292,373
HGNC:11604,TBX5,478,Fetal (including NIPD),central,5913,865,1,0.267,v4.1,200,292,373
HGNC:4010,FUS,474,Neurology,central,12379,637,1,0.104,v4.1,53,263,321
HGNC:5461,IGBP1,509,Ophthalmology,periferico,2989,55,0.98274,0.242,v2.1.1,1,14,40
HGNC:5461,IGBP1,294,Ophthalmological disorders,periferico,2989,55,0.98274,0.242,v2.1.1,1,14,40
HGNC:4138,GANAB,283,Renal,central,5061,608,1,0.391,v4.1,59,221,328
HGNC:6740,LYZ,60,Rheumatological disorders,central,1727,97,1.081e-6,1.652,v4.1,4,28,65
HGNC:20373,SPG21,568,Neurology,central,12573,186,3.8913e-4,0.891,v4.1,13,84,89
HGNC:20373,SPG21,567,Neurology,central,12573,186,3.8913e-4,0.891,v4.1,13,84,89
HGNC:14889,DNAJB11,653,Gastrohepatology,central,9385,193,1.1029e-4,0.933,v4.1,29,89,75
HGNC:14889,DNAJB11,548,Renal,periferico,9385,193,1.1029e-4,0.933,v4.1,29,89,75
HGNC:19317,P3H2,230,Ophthalmology,periferico,8383,784,3.7084000000000005e-19,1.249,v4.1,57,361,366
HGNC:19317,P3H2,307,Ophthalmology,periferico,8383,784,3.7084000000000005e-19,1.249,v4.1,57,361,366
HGNC:3766,FLT3LG,398,Immunology,central,3402,33,0.96642,0.519,v4.1,1,4,28
HGNC:23026,GNPTG,484,Sin clasificar,periferico,6417,1008,1.4307e-17,1.369,v4.1,158,527,323
HGNC:23026,GNPTG,75,Metabolic disorders,periferico,6417,1008,1.4307e-17,1.369,v4.1,158,527,323
HGNC:23026,GNPTG,307,Ophthalmology,periferico,6417,1008,1.4307e-17,1.369,v4.1,158,527,323
HGNC:23026,GNPTG,285,Developmental disorders,periferico,6417,1008,1.4307e-17,1.369,v4.1,158,527,323
HGNC:23026,GNPTG,478,Fetal (including NIPD),periferico,6417,1008,1.4307e-17,1.369,v4.1,158,527,323
HGNC:13356,MCOLN1,476,Neurology,periferico,4404,985,4.3607e-12,0.895,v4.1,132,590,263
HGNC:13356,MCOLN1,75,Metabolic disorders,periferico,4404,985,4.3607e-12,0.895,v4.1,132,590,263
HGNC:13356,MCOLN1,42,Neurology and neurodevelopmental disorders,central,4404,985,4.3607e-12,0.895,v4.1,132,590,263
HGNC:13356,MCOLN1,579,Neurology,periferico,4404,985,4.3607e-12,0.895,v4.1,132,590,263
HGNC:18533,USP48,126,Audiology,periferico,16850,81,1,0.373,v4.1,1,10,70
HGNC:20,AARS,579,Neurology,central,11039,1665,4.04e-14,0.772,v4.1,86,664,915
HGNC:20,AARS,85,Neurology and neurodevelopmental disorders,central,11039,1665,4.04e-14,0.772,v4.1,86,664,915
HGNC:20,AARS,846,Neurology,central,11039,1665,4.04e-14,0.772,v4.1,86,664,915
HGNC:20,AARS,476,Neurology,central,11039,1665,4.04e-14,0.772,v4.1,86,664,915
HGNC:20,AARS,77,Dermatology,periferico,11039,1665,4.04e-14,0.772,v4.1,86,664,915
HGNC:29515,PLEKHG2,285,Developmental disorders,periferico,9412,599,1.1957e-17,0.863,v4.1,3,222,374
HGNC:9220,POU4F3,126,Audiology,central,2615,273,0.91198,0.565,v4.1,64,52,157
HGNC:26033,PUS7,162,Neurology,periferico,8461,158,1.876e-5,0.727,v4.1,34,27,97
HGNC:7994,NRCAM,309,Musculoskeletal,periferico,10527,241,4.1389e-7,0.652,v4.1,14,27,200
HGNC:6486,LAMB1,285,Developmental disorders,periferico,22290,1113,4.9778e-13,0.601,v4.1,45,466,602
HGNC:6486,LAMB1,579,Neurology,periferico,22290,1113,4.9778e-13,0.601,v4.1,45,466,602
HGNC:6486,LAMB1,476,Neurology,periferico,22290,1113,4.9778e-13,0.601,v4.1,45,466,602
HGNC:6486,LAMB1,42,Neurology and neurodevelopmental disorders,periferico,22290,1113,4.9778e-13,0.601,v4.1,45,466,602
HGNC:6486,LAMB1,474,Neurology,periferico,22290,1113,4.9778e-13,0.601,v4.1,45,466,602
HGNC:8818,SLC26A4,126,Audiology,central,7044,1806,2.1801e-20,1.527,v4.1,636,669,501
HGNC:8818,SLC26A4,251,Hearing and ear disorders,periferico,7044,1806,2.1801e-20,1.527,v4.1,636,669,501
HGNC:3018,SLC26A3,514,Gastrohepatology,central,6003,882,1.1356e-11,0.857,v4.1,132,486,264
HGNC:2898,DLD,112,Mitochondrial,central,6052,728,2.5663e-4,0.727,v4.1,139,388,201
HGNC:2898,DLD,302,Metabolic disorders,central,6052,728,2.5663e-4,0.727,v4.1,139,388,201
HGNC:2898,DLD,484,Sin clasificar,central,6052,728,2.5663e-4,0.727,v4.1,139,388,201
HGNC:2898,DLD,467,Metabolic,central,6052,728,2.5663e-4,0.727,v4.1,139,388,201
HGNC:2898,DLD,285,Developmental disorders,central,6052,728,2.5663e-4,0.727,v4.1,139,388,201
HGNC:2898,DLD,539,Mitochondrial,central,6052,728,2.5663e-4,0.727,v4.1,139,388,201
HGNC:57,ABCC6,50,Cardiovascular disorders,central,7572,1809,1.2350999999999999e-33,0.917,v4.1,301,678,830
HGNC:57,ABCC6,307,Ophthalmology,periferico,7572,1809,1.2350999999999999e-33,0.917,v4.1,301,678,830
HGNC:17797,MAP3K20,478,Fetal (including NIPD),periferico,18996,451,0.14335,0.569,v4.1,14,281,156
HGNC:17797,MAP3K20,484,Sin clasificar,periferico,18996,451,0.14335,0.569,v4.1,14,281,156
HGNC:17797,MAP3K20,225,Neurology,periferico,18996,451,0.14335,0.569,v4.1,14,281,156
HGNC:3700,FH,478,Fetal (including NIPD),central,9817,2545,0.26752,0.599,v4.1,547,787,1211
HGNC:3700,FH,484,Sin clasificar,central,9817,2545,0.26752,0.599,v4.1,547,787,1211
HGNC:3700,FH,734,Cancer susceptibility,periferico,9817,2545,0.26752,0.599,v4.1,547,787,1211
HGNC:3700,FH,302,Metabolic disorders,central,9817,2545,0.26752,0.599,v4.1,547,787,1211
HGNC:3700,FH,245,Cancer susceptibility,periferico,9817,2545,0.26752,0.599,v4.1,547,787,1211
HGNC:3700,FH,467,Metabolic,central,9817,2545,0.26752,0.599,v4.1,547,787,1211
HGNC:3700,FH,285,Developmental disorders,central,9817,2545,0.26752,0.599,v4.1,547,787,1211
HGNC:3700,FH,391,Tumour syndromes,periferico,9817,2545,0.26752,0.599,v4.1,547,787,1211
HGNC:3700,FH,402,Neurology,central,9817,2545,0.26752,0.599,v4.1,547,787,1211
HGNC:3700,FH,154,Cancer Programme,periferico,9817,2545,0.26752,0.599,v4.1,547,787,1211
HGNC:3700,FH,97,Tumour syndromes,periferico,9817,2545,0.26752,0.599,v4.1,547,787,1211
HGNC:11740,TF,518,Haematology,periferico,32113,489,1.0745e-12,0.834,v4.1,17,357,115
HGNC:11740,TF,515,Haematology,periferico,32113,489,1.0745e-12,0.834,v4.1,17,357,115
HGNC:11740,TF,159,Haematological disorders,periferico,32113,489,1.0745e-12,0.834,v4.1,17,357,115
HGNC:7594,MYO15A,126,Audiology,central,19944,3862,2.3858e-82,0.889,v4.1,724,1754,1384
HGNC:17151,ORC6,131,Endocrine disorders,periferico,4745,174,1.3973e-10,1.784,v4.1,17,67,90
HGNC:17485,PPP2R3C,478,Fetal (including NIPD),periferico,5198,70,5.6221e-7,0.955,v4.1,7,6,57
HGNC:7577,MYH7,749,Cardiology,central,8451,5827,1.6832000000000001e-19,0.644,v4.1,436,1915,3476
HGNC:7577,MYH7,479,Developmental disorders,central,8451,5827,1.6832000000000001e-19,0.644,v4.1,436,1915,3476
HGNC:7577,MYH7,225,Neurology,central,8451,5827,1.6832000000000001e-19,0.644,v4.1,436,1915,3476
HGNC:7577,MYH7,478,Fetal (including NIPD),central,8451,5827,1.6832000000000001e-19,0.644,v4.1,436,1915,3476
HGNC:18028,OSGEP,96,Neurology,periferico,5571,191,1.4701e-9,1.123,v4.1,29,79,83
HGNC:5035,HNRNPC,285,Developmental disorders,central,17727,51,0.99997,0.264,v4.1,16,2,33
HGNC:13436,RPGRIP1,307,Ophthalmology,central,5547,1151,1.2162000000000001e-20,0.918,v4.1,180,401,570
HGNC:11465,SUPT16H,285,Developmental disorders,central,8043,188,1,0.245,v4.1,10,25,153
HGNC:11777,TGM1,555,Dermatology,central,4417,1190,1.0536e-14,0.847,v4.1,302,567,321
HGNC:11777,TGM1,556,Dermatology,central,4417,1190,1.0536e-14,0.847,v4.1,302,567,321
HGNC:11824,TINF2,559,Dermatology,periferico,5565,717,0.0010977,0.688,v4.1,27,325,365
HGNC:11824,TINF2,315,Neurology and neurodevelopmental disorders,periferico,5565,717,0.0010977,0.688,v4.1,27,325,365
HGNC:11824,TINF2,307,Ophthalmology,periferico,5565,717,0.0010977,0.688,v4.1,27,325,365
HGNC:17994,TRPM7,545,Haematology,periferico,14352,324,1.7833e-17,0.681,v4.1,4,66,254
HGNC:17994,TRPM7,467,Metabolic,periferico,14352,324,1.7833e-17,0.681,v4.1,4,66,254
HGNC:11594,TBX15,309,Musculoskeletal,periferico,5400,237,0.99587,0.471,v4.1,4,124,109
HGNC:11594,TBX15,81,Musculoskeletal,periferico,5400,237,0.99587,0.471,v4.1,4,124,109
HGNC:8923,PHGDH,285,Developmental disorders,central,9196,939,4.456e-14,1.155,v4.1,98,501,340
HGNC:8923,PHGDH,484,Sin clasificar,central,9196,939,4.456e-14,1.155,v4.1,98,501,340
HGNC:8923,PHGDH,286,Neurology and neurodevelopmental disorders,periferico,9196,939,4.456e-14,1.155,v4.1,98,501,340
HGNC:8923,PHGDH,402,Neurology,central,9196,939,4.456e-14,1.155,v4.1,98,501,340
HGNC:8923,PHGDH,478,Fetal (including NIPD),central,9196,939,4.456e-14,1.155,v4.1,98,501,340
HGNC:2219,COL9A3,307,Ophthalmology,periferico,5722,1744,1.4149e-25,1.026,v4.1,54,857,833
HGNC:3262,AGO1,484,Sin clasificar,central,14119,177,1,0.164,v4.1,16,30,131
HGNC:3262,AGO1,285,Developmental disorders,central,14119,177,1,0.164,v4.1,16,30,131
HGNC:23147,UNC13D,478,Fetal (including NIPD),periferico,8381,1766,4.4142000000000005e-31,0.923,v4.1,193,896,677
HGNC:23147,UNC13D,59,Cancer susceptibility,periferico,8381,1766,4.4142000000000005e-31,0.923,v4.1,193,896,677
HGNC:3014,DPYSL2,285,Developmental disorders,central,7296,71,1,0.29,v4.1,1,22,48
HGNC:11768,TGFB2,484,Sin clasificar,central,6050,854,0.99612,0.463,v4.1,112,298,444
HGNC:11768,TGFB2,105,Respiratory,central,6050,854,0.99612,0.463,v4.1,112,298,444
HGNC:11768,TGFB2,478,Fetal (including NIPD),central,6050,854,0.99612,0.463,v4.1,112,298,444
HGNC:11768,TGFB2,309,Musculoskeletal,central,6050,854,0.99612,0.463,v4.1,112,298,444
HGNC:11768,TGFB2,258,Neurology,central,6050,854,0.99612,0.463,v4.1,112,298,444
HGNC:1739,CDC45,81,Musculoskeletal,periferico,2978,375,6.6732e-8,0.77,v4.1,24,192,159
HGNC:1739,CDC45,478,Fetal (including NIPD),central,2978,375,6.6732e-8,0.77,v4.1,24,192,159
HGNC:1739,CDC45,168,Musculoskeletal,periferico,2978,375,6.6732e-8,0.77,v4.1,24,192,159
HGNC:1839,ADA2,846,Neurology,periferico,11515,602,5.39e-6,0.879,v4.1,90,235,277
HGNC:1839,ADA2,147,Neurology,central,11515,602,5.39e-6,0.879,v4.1,90,235,277
HGNC:1839,ADA2,565,Dermatology,periferico,11515,602,5.39e-6,0.879,v4.1,90,235,277
HGNC:1839,ADA2,1075,Immunology,periferico,11515,602,5.39e-6,0.879,v4.1,90,235,277
HGNC:1839,ADA2,159,Haematological disorders,periferico,11515,602,5.39e-6,0.879,v4.1,90,235,277
HGNC:1839,ADA2,111,Viral research,periferico,11515,602,5.39e-6,0.879,v4.1,90,235,277
HGNC:1839,ADA2,398,Immunology,periferico,11515,602,5.39e-6,0.879,v4.1,90,235,277
HGNC:1839,ADA2,518,Haematology,periferico,11515,602,5.39e-6,0.879,v4.1,90,235,277
HGNC:1839,ADA2,519,Haematology,periferico,11515,602,5.39e-6,0.879,v4.1,90,235,277
HGNC:1744,CDC6,478,Fetal (including NIPD),central,5550,251,4.1027e-10,0.99,v4.1,0,84,167
HGNC:1744,CDC6,285,Developmental disorders,central,5550,251,4.1027e-10,0.99,v4.1,0,84,167
HGNC:1744,CDC6,484,Sin clasificar,central,5550,251,4.1027e-10,0.99,v4.1,0,84,167
HGNC:13666,AAAS,7,Sin clasificar,periferico,4753,557,8.9231e-16,0.921,v4.1,107,300,150
HGNC:13666,AAAS,20,Neurology and neurodevelopmental disorders,periferico,4753,557,8.9231e-16,0.921,v4.1,107,300,150
HGNC:13666,AAAS,145,Endocrinology,periferico,4753,557,8.9231e-16,0.921,v4.1,107,300,150
HGNC:13666,AAAS,466,Neurology,periferico,4753,557,8.9231e-16,0.921,v4.1,107,300,150
HGNC:1240,SUCO,196,Musculoskeletal,periferico,9243,561,0.99985,0.435,v4.1,0,204,357
HGNC:1240,SUCO,309,Musculoskeletal,periferico,9243,561,0.99985,0.435,v4.1,0,204,357
HGNC:7325,MSH2,245,Cancer susceptibility,central,17392,8202,4.5659e-6,0.672,v4.1,2195,2272,3735
HGNC:7325,MSH2,255,Tumour syndromes,central,17392,8202,4.5659e-6,0.672,v4.1,2195,2272,3735
HGNC:7325,MSH2,243,Cancer susceptibility,central,17392,8202,4.5659e-6,0.672,v4.1,2195,2272,3735
HGNC:7325,MSH2,478,Fetal (including NIPD),central,17392,8202,4.5659e-6,0.672,v4.1,2195,2272,3735
HGNC:7325,MSH2,217,Cancer Programme,central,17392,8202,4.5659e-6,0.672,v4.1,2195,2272,3735
HGNC:7325,MSH2,559,Dermatology,central,17392,8202,4.5659e-6,0.672,v4.1,2195,2272,3735
HGNC:7325,MSH2,290,Tumour syndromes,central,17392,8202,4.5659e-6,0.672,v4.1,2195,2272,3735
HGNC:7325,MSH2,259,Cancer Programme,central,17392,8202,4.5659e-6,0.672,v4.1,2195,2272,3735
HGNC:7325,MSH2,734,Cancer susceptibility,central,17392,8202,4.5659e-6,0.672,v4.1,2195,2272,3735
HGNC:7325,MSH2,244,Cancer Programme,periferico,17392,8202,4.5659e-6,0.672,v4.1,2195,2272,3735
HGNC:6848,MAP3K1,478,Fetal (including NIPD),central,11627,435,1,0.355,v4.1,18,161,256
HGNC:6848,MAP3K1,484,Sin clasificar,central,11627,435,1,0.355,v4.1,18,161,256
HGNC:649,ARCN1,131,Endocrine disorders,periferico,4352,324,1,0.145,v4.1,41,129,154
HGNC:649,ARCN1,162,Neurology,periferico,4352,324,1,0.145,v4.1,41,129,154
HGNC:17859,NUP188,509,Ophthalmology,periferico,8993,396,6.3884e-5,0.539,v4.1,19,83,294
HGNC:17859,NUP188,476,Neurology,central,8993,396,6.3884e-5,0.539,v4.1,19,83,294
HGNC:17859,NUP188,230,Ophthalmology,central,8993,396,6.3884e-5,0.539,v4.1,19,83,294
HGNC:17859,NUP188,162,Neurology,periferico,8993,396,6.3884e-5,0.539,v4.1,19,83,294
HGNC:2342,CRAT,112,Mitochondrial,periferico,9710,354,9.847899999999999e-21,1.111,v4.1,1,120,233
HGNC:19237,NANS,309,Musculoskeletal,periferico,8015,199,6.5759e-7,1.053,v4.1,17,88,94
HGNC:16361,WHRN,126,Audiology,central,8921,949,1.3057e-8,0.808,v4.1,56,388,505
HGNC:25613,CWF19L1,20,Neurology and neurodevelopmental disorders,central,6860,145,6.1789e-14,1.204,v4.1,31,31,83
HGNC:25613,CWF19L1,477,Neurology,periferico,6860,145,6.1789e-14,1.204,v4.1,31,31,83
HGNC:25613,CWF19L1,286,Neurology and neurodevelopmental disorders,periferico,6860,145,6.1789e-14,1.204,v4.1,31,31,83
HGNC:25613,CWF19L1,466,Neurology,central,6860,145,6.1789e-14,1.204,v4.1,31,31,83
HGNC:25613,CWF19L1,484,Sin clasificar,periferico,6860,145,6.1789e-14,1.204,v4.1,31,31,83
HGNC:25613,CWF19L1,478,Fetal (including NIPD),periferico,6860,145,6.1789e-14,1.204,v4.1,31,31,83
HGNC:25613,CWF19L1,285,Developmental disorders,periferico,6860,145,6.1789e-14,1.204,v4.1,31,31,83
HGNC:25613,CWF19L1,847,Neurology,central,6860,145,6.1789e-14,1.204,v4.1,31,31,83
HGNC:14283,IKZF5,175,Haematological and immunological disorders,periferico,9101,28,0.99997,0.286,v4.1,7,5,16
HGNC:14283,IKZF5,545,Haematology,periferico,9101,28,0.99997,0.286,v4.1,7,5,16
HGNC:7601,MYO3A,126,Audiology,central,9268,990,2.4312e-47,1.025,v4.1,72,325,593
HGNC:17761,TREM2,315,Neurology and neurodevelopmental disorders,central,1130,187,6.6484e-7,1.211,v4.1,24,73,90
HGNC:3052,DSP,555,Dermatology,central,19843,6148,0.99991,0.443,v4.1,850,1857,3441
HGNC:3052,DSP,215,Dermatological disorders,central,19843,6148,0.99991,0.443,v4.1,850,1857,3441
HGNC:3052,DSP,134,Cardiology,central,19843,6148,0.99991,0.443,v4.1,850,1857,3441
HGNC:3052,DSP,119,Dermatological disorders,periferico,19843,6148,0.99991,0.443,v4.1,850,1857,3441
HGNC:21424,IFT74,307,Ophthalmology,central,9071,639,5.5812e-9,1.508,v4.1,56,298,285
HGNC:21424,IFT74,543,Ophthalmology,central,9071,639,5.5812e-9,1.508,v4.1,56,298,285
HGNC:76,ABL1,212,Cardiovascular disorders,periferico,7459,891,1,0.19,v4.1,27,535,329
HGNC:76,ABL1,1,Cardiovascular disorders,periferico,7459,891,1,0.19,v4.1,27,535,329
HGNC:76,ABL1,309,Musculoskeletal,central,7459,891,1,0.19,v4.1,27,535,329
HGNC:76,ABL1,484,Sin clasificar,central,7459,891,1,0.19,v4.1,27,535,329
HGNC:76,ABL1,53,Musculoskeletal,periferico,7459,891,1,0.19,v4.1,27,535,329
HGNC:76,ABL1,478,Fetal (including NIPD),central,7459,891,1,0.19,v4.1,27,535,329
HGNC:76,ABL1,700,Cardiology,periferico,7459,891,1,0.19,v4.1,27,535,329
HGNC:76,ABL1,479,Developmental disorders,central,7459,891,1,0.19,v4.1,27,535,329
HGNC:14244,RAB18,230,Ophthalmology,periferico,19173,194,0.95038,0.537,v4.1,9,76,109
HGNC:14244,RAB18,484,Sin clasificar,periferico,19173,194,0.95038,0.537,v4.1,9,76,109
HGNC:14244,RAB18,509,Ophthalmology,periferico,19173,194,0.95038,0.537,v4.1,9,76,109
HGNC:14244,RAB18,250,Ophthalmological disorders,periferico,19173,194,0.95038,0.537,v4.1,9,76,109
HGNC:14244,RAB18,402,Neurology,periferico,19173,194,0.95038,0.537,v4.1,9,76,109
HGNC:19036,MAST3,484,Sin clasificar,periferico,7834,292,0.99761,0.466,v4.1,9,69,214
HGNC:19036,MAST3,285,Developmental disorders,periferico,7834,292,0.99761,0.466,v4.1,9,69,214
HGNC:19036,MAST3,402,Neurology,periferico,7834,292,0.99761,0.466,v4.1,9,69,214
HGNC:18324,HSD3B7,544,Gastrohepatology,central,2837,212,5.6859e-14,1.411,v4.1,28,65,119
HGNC:18324,HSD3B7,385,Gastroenterological disorders,central,2837,212,5.6859e-14,1.411,v4.1,28,65,119
HGNC:29010,SETD1A,484,Sin clasificar,central,6992,825,1,0.279,v4.1,77,203,545
HGNC:29010,SETD1A,478,Fetal (including NIPD),central,6992,825,1,0.279,v4.1,77,203,545
HGNC:29010,SETD1A,285,Developmental disorders,central,6992,825,1,0.279,v4.1,77,203,545
HGNC:837,ATP5D,467,Metabolic,central,2264,168,2.429e-8,1.96,v4.1,2,70,96
HGNC:837,ATP5D,539,Mitochondrial,central,2264,168,2.429e-8,1.96,v4.1,2,70,96
HGNC:837,ATP5D,112,Mitochondrial,central,2264,168,2.429e-8,1.96,v4.1,2,70,96
HGNC:837,ATP5D,484,Sin clasificar,central,2264,168,2.429e-8,1.96,v4.1,2,70,96
HGNC:7702,NDUFB7,467,Metabolic,central,1338,26,5.2846e-9,1.945,v4.1,1,4,21
HGNC:7413,MTAP,217,Cancer Programme,periferico,23795,224,1.0889e-11,1.489,v4.1,40,81,103
HGNC:7413,MTAP,734,Cancer susceptibility,periferico,23795,224,1.0889e-11,1.489,v4.1,40,81,103
HGNC:4846,HCN2,847,Neurology,periferico,3420,374,0.17674,0.627,v4.1,11,86,277
HGNC:4846,HCN2,285,Developmental disorders,periferico,3420,374,0.17674,0.627,v4.1,11,86,277
HGNC:4846,HCN2,402,Neurology,periferico,3420,374,0.17674,0.627,v4.1,11,86,277
HGNC:11133,SNAP29,556,Dermatology,periferico,5575,359,0.056356,0.833,v4.1,24,162,173
HGNC:11133,SNAP29,555,Dermatology,periferico,5575,359,0.056356,0.833,v4.1,24,162,173
HGNC:11133,SNAP29,215,Dermatological disorders,periferico,5575,359,0.056356,0.833,v4.1,24,162,173
HGNC:6742,LZTR1,48,Dysmorphic and congenital abnormality syndromes,central,8970,4726,4.9914999999999994e-132,1.997,v4.1,822,1283,2621
HGNC:6742,LZTR1,167,Tumour syndromes,periferico,8970,4726,4.9914999999999994e-132,1.997,v4.1,822,1283,2621
HGNC:6742,LZTR1,144,Dysmorphic and congenital abnormality syndromes,central,8970,4726,4.9914999999999994e-132,1.997,v4.1,822,1283,2621
HGNC:6742,LZTR1,245,Cancer susceptibility,periferico,8970,4726,4.9914999999999994e-132,1.997,v4.1,822,1283,2621
HGNC:11103,SMARCB1,484,Sin clasificar,central,16580,1406,1,0.221,v4.1,140,613,653
HGNC:11103,SMARCB1,167,Tumour syndromes,central,16580,1406,1,0.221,v4.1,140,613,653
HGNC:11103,SMARCB1,285,Developmental disorders,central,16580,1406,1,0.221,v4.1,140,613,653
HGNC:11103,SMARCB1,81,Musculoskeletal,central,16580,1406,1,0.221,v4.1,140,613,653
HGNC:11103,SMARCB1,478,Fetal (including NIPD),central,16580,1406,1,0.221,v4.1,140,613,653
HGNC:29022,SPECC1L,285,Developmental disorders,periferico,10250,428,0.99995,0.434,v4.1,14,150,264
HGNC:6871,MAPK1,478,Fetal (including NIPD),central,11193,64,0.99854,0.377,v4.1,12,17,35
HGNC:6871,MAPK1,285,Developmental disorders,central,11193,64,0.99854,0.377,v4.1,12,17,35
HGNC:6871,MAPK1,1471,Endocrinology,central,11193,64,0.99854,0.377,v4.1,12,17,35
HGNC:6871,MAPK1,484,Sin clasificar,central,11193,64,0.99854,0.377,v4.1,12,17,35
HGNC:2400,CRYBB3,230,Ophthalmology,central,855,130,2.226e-14,1.588,v4.1,8,31,91
HGNC:10979,SLC25A1,539,Mitochondrial,periferico,2888,227,2.362e-7,1.034,v4.1,24,107,96
HGNC:10979,SLC25A1,232,Neurology,periferico,2888,227,2.362e-7,1.034,v4.1,24,107,96
HGNC:10979,SLC25A1,402,Neurology,central,2888,227,2.362e-7,1.034,v4.1,24,107,96
HGNC:15844,HPS4,175,Haematological and immunological disorders,periferico,22864,931,3.9733e-8,0.794,v4.1,91,483,357
HGNC:15844,HPS4,398,Immunology,periferico,22864,931,3.9733e-8,0.794,v4.1,91,483,357
HGNC:15844,HPS4,111,Viral research,periferico,22864,931,3.9733e-8,0.794,v4.1,91,483,357
HGNC:15844,HPS4,511,Ophthalmology,central,22864,931,3.9733e-8,0.794,v4.1,91,483,357
HGNC:15844,HPS4,128,Sin clasificar,central,22864,931,3.9733e-8,0.794,v4.1,91,483,357
HGNC:17009,TRIOBP,126,Audiology,central,12279,1121,5.704e-43,0.865,v4.1,104,487,530
HGNC:2397,CRYBB1,230,Ophthalmology,central,1660,125,0.0070272,0.789,v4.1,14,30,81
HGNC:11190,SOX10,1217,Gastrohepatology,central,5912,586,0.99999,0.248,v4.1,247,134,205
HGNC:11190,SOX10,63,Gastroenterological disorders,central,5912,586,0.99999,0.248,v4.1,247,134,205
HGNC:11190,SOX10,285,Developmental disorders,central,5912,586,0.99999,0.248,v4.1,247,134,205
HGNC:11190,SOX10,478,Fetal (including NIPD),central,5912,586,0.99999,0.248,v4.1,247,134,205
HGNC:11190,SOX10,61,Gastroenterological disorders,central,5912,586,0.99999,0.248,v4.1,247,134,205
HGNC:11190,SOX10,484,Sin clasificar,central,5912,586,0.99999,0.248,v4.1,247,134,205
HGNC:11036,SLC5A1,514,Gastrohepatology,central,5783,538,1.3307e-5,0.705,v4.1,45,240,253
HGNC:28913,HSCB,518,Haematology,periferico,3469,41,0.041758,0.908,v4.1,2,2,37
HGNC:1307,CBY1,724,Neurology,periferico,3755,7,0.049137,1.139,v4.1,2,0,5
HGNC:4669,GTPBP1,478,Fetal (including NIPD),periferico,8222,71,0.25062,0.631,v4.1,4,3,64
HGNC:4669,GTPBP1,484,Sin clasificar,periferico,8222,71,0.25062,0.631,v4.1,4,3,64
HGNC:11822,TIMP3,307,Ophthalmology,central,4751,275,0.46415,0.66,v4.1,11,113,151
HGNC:554,AP1B1,126,Audiology,periferico,8964,159,0.99357,0.476,v4.1,12,43,104
HGNC:554,AP1B1,555,Dermatology,periferico,8964,159,0.99357,0.476,v4.1,12,43,104
HGNC:554,AP1B1,658,Ophthalmology,periferico,8964,159,0.99357,0.476,v4.1,12,43,104
HGNC:554,AP1B1,556,Dermatology,periferico,8964,159,0.99357,0.476,v4.1,12,43,104
HGNC:7737,NEFH,263,Neurology and neurodevelopmental disorders,periferico,3804,1122,1.3789999999999998e-22,1.417,v4.1,10,399,713
HGNC:7737,NEFH,85,Neurology and neurodevelopmental disorders,central,3804,1122,1.3789999999999998e-22,1.417,v4.1,10,399,713
HGNC:7737,NEFH,846,Neurology,central,3804,1122,1.3789999999999998e-22,1.417,v4.1,10,399,713
HGNC:1938,CHKB,207,Neurology,periferico,3061,444,5.1371e-13,1.015,v4.1,43,195,206
HGNC:1938,CHKB,66,Neurology,periferico,3061,444,5.1371e-13,1.015,v4.1,43,195,206
HGNC:1938,CHKB,478,Fetal (including NIPD),periferico,3061,444,5.1371e-13,1.015,v4.1,43,195,206
HGNC:1938,CHKB,302,Metabolic disorders,periferico,3061,444,5.1371e-13,1.015,v4.1,43,195,206
HGNC:1938,CHKB,467,Metabolic,periferico,3061,444,5.1371e-13,1.015,v4.1,43,195,206
HGNC:1938,CHKB,1141,Neurology,periferico,3061,444,5.1371e-13,1.015,v4.1,43,195,206
HGNC:1938,CHKB,285,Developmental disorders,periferico,3061,444,5.1371e-13,1.015,v4.1,43,195,206
HGNC:29622,MCAT,186,Ophthalmology,periferico,4057,66,7.8243e-9,1.569,v4.1,3,12,51
HGNC:713,ARSA,85,Neurology and neurodevelopmental disorders,periferico,4505,1315,1.511e-10,1.166,v4.1,384,485,446
HGNC:713,ARSA,39,Neurology and neurodevelopmental disorders,periferico,4505,1315,1.511e-10,1.166,v4.1,384,485,446
HGNC:713,ARSA,846,Neurology,periferico,4505,1315,1.511e-10,1.166,v4.1,384,485,446
HGNC:8800,PDGFB,39,Neurology and neurodevelopmental disorders,periferico,5273,207,0.98841,0.473,v4.1,25,90,92
HGNC:9906,RBFOX2,479,Developmental disorders,periferico,12728,118,0.99999,0.336,v4.1,4,50,64
HGNC:25979,MIEF1,186,Ophthalmology,periferico,9610,82,0.48656,0.613,v4.1,2,6,74
HGNC:618,APOL1,111,Viral research,periferico,3458,196,5.2365e-8,1.68,v4.1,0,95,101
HGNC:618,APOL1,106,Renal,central,3458,196,5.2365e-8,1.68,v4.1,0,95,101
HGNC:7579,MYH9,156,Renal and urinary tract disorders,central,18278,1978,1,0.159,v4.1,75,932,971
HGNC:7579,MYH9,519,Haematology,central,18278,1978,1,0.159,v4.1,75,932,971
HGNC:7579,MYH9,484,Sin clasificar,central,18278,1978,1,0.159,v4.1,75,932,971
HGNC:18626,IFT27,543,Ophthalmology,central,10684,193,4.0038e-4,1.078,v4.1,14,95,84
HGNC:18626,IFT27,285,Developmental disorders,periferico,10684,193,4.0038e-4,1.078,v4.1,14,95,84
HGNC:2436,CSF2RB,1638,Respiratory,central,5769,878,0.9326,0.511,v4.1,1,378,499
HGNC:6009,IL2RB,398,Immunology,central,7686,484,0.49398,0.612,v4.1,14,251,219
HGNC:3373,EP300,131,Endocrine disorders,central,12498,2391,1,0.164,v4.1,288,1073,1030
HGNC:3373,EP300,478,Fetal (including NIPD),central,12498,2391,1,0.164,v4.1,288,1073,1030
HGNC:3373,EP300,484,Sin clasificar,central,12498,2391,1,0.164,v4.1,288,1073,1030
HGNC:3373,EP300,285,Developmental disorders,central,12498,2391,1,0.164,v4.1,288,1073,1030
HGNC:3373,EP300,398,Immunology,central,12498,2391,1,0.164,v4.1,288,1073,1030
HGNC:118,ACO2,112,Mitochondrial,central,12939,898,0.98113,0.489,v4.1,84,387,427
HGNC:118,ACO2,186,Ophthalmology,central,12939,898,0.98113,0.489,v4.1,84,387,427
HGNC:118,ACO2,484,Sin clasificar,central,12939,898,0.98113,0.489,v4.1,84,387,427
HGNC:118,ACO2,477,Neurology,central,12939,898,0.98113,0.489,v4.1,84,387,427
HGNC:118,ACO2,478,Fetal (including NIPD),central,12939,898,0.98113,0.489,v4.1,84,387,427
HGNC:118,ACO2,539,Mitochondrial,central,12939,898,0.98113,0.489,v4.1,84,387,427
HGNC:118,ACO2,467,Metabolic,central,12939,898,0.98113,0.489,v4.1,84,387,427
HGNC:118,ACO2,285,Developmental disorders,central,12939,898,0.98113,0.489,v4.1,84,387,427
HGNC:118,ACO2,302,Metabolic disorders,central,12939,898,0.98113,0.489,v4.1,84,387,427
HGNC:17082,MLC1,476,Neurology,periferico,4977,783,3.867e-9,1.038,v4.1,143,411,229
HGNC:17082,MLC1,42,Neurology and neurodevelopmental disorders,periferico,4977,783,3.867e-9,1.038,v4.1,143,411,229
HGNC:17082,MLC1,484,Sin clasificar,periferico,4977,783,3.867e-9,1.038,v4.1,143,411,229
HGNC:17082,MLC1,285,Developmental disorders,periferico,4977,783,3.867e-9,1.038,v4.1,143,411,229
HGNC:17082,MLC1,478,Fetal (including NIPD),periferico,4977,783,3.867e-9,1.038,v4.1,143,411,229
HGNC:17082,MLC1,402,Neurology,periferico,4977,783,3.867e-9,1.038,v4.1,143,411,229
HGNC:575,AP4S1,567,Neurology,central,10683,154,3.0245e-9,1.675,v4.1,25,73,56
HGNC:575,AP4S1,162,Neurology,periferico,10683,154,3.0245e-9,1.675,v4.1,25,73,56
HGNC:575,AP4S1,568,Neurology,central,10683,154,3.0245e-9,1.675,v4.1,25,73,56
HGNC:11188,SOS2,144,Dysmorphic and congenital abnormality syndromes,central,10002,2044,0.99989,0.415,v4.1,13,960,1071
HGNC:11188,SOS2,245,Cancer susceptibility,periferico,10002,2044,0.99989,0.415,v4.1,13,960,1071
HGNC:11188,SOS2,243,Cancer susceptibility,periferico,10002,2044,0.99989,0.415,v4.1,13,960,1071
HGNC:9725,PYGL,248,Metabolic disorders,central,4797,443,4.2298e-27,1.048,v4.1,75,154,214
HGNC:9725,PYGL,302,Metabolic disorders,central,4797,443,4.2298e-27,1.048,v4.1,75,154,214
HGNC:9725,PYGL,528,Metabolic,central,4797,443,4.2298e-27,1.048,v4.1,75,154,214
HGNC:9725,PYGL,467,Metabolic,central,4797,443,4.2298e-27,1.048,v4.1,75,154,214
HGNC:19980,GNPNAT1,478,Fetal (including NIPD),periferico,6375,24,0.012367,1.167,v2.1.1,1,2,21
HGNC:19980,GNPNAT1,309,Musculoskeletal,periferico,6375,24,0.012367,1.167,v2.1.1,1,2,21
HGNC:19714,DDHD1,165,Neurology and neurodevelopmental disorders,central,22998,577,4.5078e-5,0.642,v4.1,31,250,296
HGNC:19714,DDHD1,568,Neurology,central,22998,577,4.5078e-5,0.642,v4.1,31,250,296
HGNC:19714,DDHD1,567,Neurology,central,22998,577,4.5078e-5,0.642,v4.1,31,250,296
HGNC:8964,PIGH,484,Sin clasificar,periferico,4776,37,3.1596e-4,1.778,v4.1,2,7,28
HGNC:8964,PIGH,478,Fetal (including NIPD),periferico,4776,37,3.1596e-4,1.778,v4.1,2,7,28
HGNC:8964,PIGH,402,Neurology,periferico,4776,37,3.1596e-4,1.778,v4.1,2,7,28
HGNC:8964,PIGH,285,Developmental disorders,periferico,4776,37,3.1596e-4,1.778,v4.1,2,7,28
HGNC:4643,GSTZ1,467,Metabolic,periferico,10261,43,3.674e-7,1.342,v4.1,5,9,29
HGNC:19960,KIAA0586,81,Musculoskeletal,central,17733,1599,8.5316e-14,0.968,v4.1,160,676,763
HGNC:19960,KIAA0586,122,Skeletal disorders,central,17733,1599,8.5316e-14,0.968,v4.1,160,676,763
HGNC:19960,KIAA0586,724,Neurology,central,17733,1599,8.5316e-14,0.968,v4.1,160,676,763
HGNC:19960,KIAA0586,150,Ciliopathies,central,17733,1599,8.5316e-14,0.968,v4.1,160,676,763
HGNC:19960,KIAA0586,725,Renal,central,17733,1599,8.5316e-14,0.968,v4.1,160,676,763
HGNC:19960,KIAA0586,726,Musculoskeletal,central,17733,1599,8.5316e-14,0.968,v4.1,160,676,763
HGNC:19960,KIAA0586,478,Fetal (including NIPD),central,17733,1599,8.5316e-14,0.968,v4.1,160,676,763
HGNC:19960,KIAA0586,509,Ophthalmology,central,17733,1599,8.5316e-14,0.968,v4.1,160,676,763
HGNC:19960,KIAA0586,722,Ophthalmology,central,17733,1599,8.5316e-14,0.968,v4.1,160,676,763
HGNC:11278,SPTLC2,302,Metabolic disorders,periferico,14888,685,0.98335,0.494,v4.1,10,316,359
HGNC:17098,DICER1,243,Cancer susceptibility,central,29420,7769,1,0.275,v4.1,869,2707,4193
HGNC:17098,DICER1,111,Viral research,central,29420,7769,1,0.275,v4.1,869,2707,4193
HGNC:17098,DICER1,259,Cancer Programme,central,29420,7769,1,0.275,v4.1,869,2707,4193
HGNC:17098,DICER1,1637,Inherited cancer,central,29420,7769,1,0.275,v4.1,869,2707,4193
HGNC:7432,MTHFD1,111,Viral research,periferico,18385,638,0.83441,0.51,v4.1,40,360,238
HGNC:7432,MTHFD1,398,Immunology,periferico,18385,638,0.83441,0.51,v4.1,40,360,238
HGNC:29099,TELO2,81,Musculoskeletal,periferico,8863,652,9.415099999999999e-21,1.03,v4.1,30,344,278
HGNC:29099,TELO2,285,Developmental disorders,periferico,8863,652,9.415099999999999e-21,1.03,v4.1,30,344,278
HGNC:29099,TELO2,402,Neurology,periferico,8863,652,9.415099999999999e-21,1.03,v4.1,30,344,278
HGNC:12718,VRK1,286,Neurology and neurodevelopmental disorders,central,35030,600,2.0755e-5,0.747,v4.1,97,309,194
HGNC:12856,YY1,847,Neurology,periferico,10069,162,1,0.2,v4.1,48,25,89
HGNC:12856,YY1,478,Fetal (including NIPD),central,10069,162,1,0.2,v4.1,48,25,89
HGNC:12856,YY1,192,Neurology and neurodevelopmental disorders,periferico,10069,162,1,0.2,v4.1,48,25,89
HGNC:12856,YY1,484,Sin clasificar,central,10069,162,1,0.2,v4.1,48,25,89
HGNC:12856,YY1,540,Neurology,periferico,10069,162,1,0.2,v4.1,48,25,89
HGNC:12856,YY1,285,Developmental disorders,central,10069,162,1,0.2,v4.1,48,25,89
HGNC:8565,PABPN1,185,Neurology,periferico,3736,94,0.99939,0.369,v4.1,14,25,55
HGNC:11301,SRP54,484,Sin clasificar,central,8747,349,0.99999,0.304,v4.1,7,200,142
HGNC:11301,SRP54,478,Fetal (including NIPD),central,8747,349,0.99999,0.304,v4.1,7,200,142
HGNC:11301,SRP54,285,Developmental disorders,central,8747,349,0.99999,0.304,v4.1,7,200,142
HGNC:20153,CHD8,285,Developmental disorders,central,21117,1911,1,0.154,v4.1,247,657,1007
HGNC:20153,CHD8,478,Fetal (including NIPD),central,21117,1911,1,0.154,v4.1,247,657,1007
HGNC:20153,CHD8,484,Sin clasificar,central,21117,1911,1,0.154,v4.1,247,657,1007
HGNC:8725,PCK2,112,Mitochondrial,periferico,4873,328,1.2732e-16,1.057,v4.1,4,98,226
HGNC:19958,KIAA0391,251,Hearing and ear disorders,periferico,8246,92,1.7105e-10,0.999,v4.1,8,13,71
HGNC:19958,KIAA0391,126,Audiology,periferico,8246,92,1.7105e-10,0.999,v4.1,8,13,71
HGNC:7797,NFKBIA,111,Viral research,central,3394,386,0.98158,0.5,v4.1,11,194,181
HGNC:7797,NFKBIA,398,Immunology,central,3394,386,0.98158,0.5,v4.1,11,194,181
HGNC:4624,GSS,159,Haematological disorders,periferico,7768,469,1.795e-6,0.819,v4.1,55,245,169
HGNC:4624,GSS,467,Metabolic,periferico,7768,469,1.795e-6,0.819,v4.1,55,245,169
HGNC:4624,GSS,285,Developmental disorders,periferico,7768,469,1.795e-6,0.819,v4.1,55,245,169
HGNC:4624,GSS,518,Haematology,periferico,7768,469,1.795e-6,0.819,v4.1,55,245,169
HGNC:4624,GSS,402,Neurology,periferico,7768,469,1.795e-6,0.819,v4.1,55,245,169
HGNC:7176,MMP9,478,Fetal (including NIPD),central,2375,498,3.9223000000000003e-25,1.208,v4.1,3,196,299
HGNC:7176,MMP9,309,Musculoskeletal,central,2375,498,3.9223000000000003e-25,1.208,v4.1,3,196,299
HGNC:15868,ABHD12,85,Neurology and neurodevelopmental disorders,periferico,8619,594,7.5081e-10,0.967,v4.1,56,268,270
HGNC:15868,ABHD12,302,Metabolic disorders,periferico,8619,594,7.5081e-10,0.967,v4.1,56,268,270
HGNC:15868,ABHD12,846,Neurology,periferico,8619,594,7.5081e-10,0.967,v4.1,56,268,270
HGNC:15868,ABHD12,307,Ophthalmology,central,8619,594,7.5081e-10,0.967,v4.1,56,268,270
HGNC:15868,ABHD12,230,Ophthalmology,periferico,8619,594,7.5081e-10,0.967,v4.1,56,268,270
HGNC:15868,ABHD12,467,Metabolic,periferico,8619,594,7.5081e-10,0.967,v4.1,56,268,270
HGNC:9452,PROCR,516,Haematology,periferico,5341,27,1.769e-7,1.26,v4.1,0,5,22
HGNC:28980,GINS1,111,Viral research,periferico,11059,191,0.077799,1.888,v4.1,2,63,126
HGNC:28980,GINS1,398,Immunology,periferico,11059,191,0.077799,1.888,v4.1,2,63,126
HGNC:11919,CD40,398,Immunology,central,6347,288,0.030797,0.677,v4.1,15,181,92
HGNC:11919,CD40,111,Viral research,central,6347,288,0.030797,0.677,v4.1,15,181,92
HGNC:15901,IFT52,150,Ciliopathies,central,3105,228,1.2455e-7,1.116,v4.1,8,131,89
HGNC:5024,HNF4A,149,Renal,periferico,11048,768,0.99921,0.439,v4.1,161,221,386
HGNC:5024,HNF4A,484,Sin clasificar,central,11048,768,0.99921,0.439,v4.1,161,221,386
HGNC:5024,HNF4A,478,Fetal (including NIPD),central,11048,768,0.99921,0.439,v4.1,161,221,386
HGNC:5024,HNF4A,26,Endocrine disorders,central,11048,768,0.99921,0.439,v4.1,161,221,386
HGNC:15924,SALL4,247,Dysmorphic and congenital abnormality syndromes,periferico,5830,604,1,0.184,v4.1,63,172,369
HGNC:15924,SALL4,101,Dysmorphic and congenital abnormality syndromes,central,5830,604,1,0.184,v4.1,63,172,369
HGNC:15766,ADNP,484,Sin clasificar,central,11365,928,1,0.106,v4.1,177,281,470
HGNC:15766,ADNP,285,Developmental disorders,central,11365,928,1,0.106,v4.1,177,281,470
HGNC:1074,BMP7,509,Ophthalmology,central,5469,131,0.95879,0.523,v4.1,2,58,71
HGNC:16235,DNAJC5,529,Metabolic,periferico,9333,413,0.99993,0.205,v4.1,4,215,194
HGNC:16235,DNAJC5,526,Metabolic,periferico,9333,413,0.99993,0.205,v4.1,4,215,194
HGNC:16235,DNAJC5,402,Neurology,central,9333,413,0.99993,0.205,v4.1,4,215,194
HGNC:16235,DNAJC5,265,Neurology and neurodevelopmental disorders,periferico,9333,413,0.99993,0.205,v4.1,4,215,194
HGNC:15860,PRPF6,307,Ophthalmology,central,9585,728,0.99982,0.445,v4.1,2,384,342
HGNC:16257,TUBB1,31,Endocrinology,periferico,3371,332,4.4225e-13,1.586,v4.1,19,89,224
HGNC:3192,EEF1A2,285,Developmental disorders,central,16075,645,0.99995,0.314,v4.1,42,380,223
HGNC:3192,EEF1A2,402,Neurology,central,16075,645,0.99995,0.314,v4.1,42,380,223
HGNC:3192,EEF1A2,484,Sin clasificar,central,16075,645,0.99995,0.314,v4.1,42,380,223
HGNC:3192,EEF1A2,478,Fetal (including NIPD),central,16075,645,0.99995,0.314,v4.1,42,380,223
HGNC:15899,NDUFAF5,534,Mitochondrial,central,9797,588,1.5767e-5,1.068,v4.1,120,323,145
HGNC:2457,CSNK2A1,478,Fetal (including NIPD),central,33352,285,1,0.274,v4.1,108,81,96
HGNC:2457,CSNK2A1,484,Sin clasificar,central,33352,285,1,0.274,v4.1,108,81,96
HGNC:2457,CSNK2A1,285,Developmental disorders,central,33352,285,1,0.274,v4.1,108,81,96
HGNC:16187,SLC52A3,846,Neurology,periferico,7894,490,2.5009e-6,1.012,v4.1,32,216,242
HGNC:16187,SLC52A3,112,Mitochondrial,periferico,7894,490,2.5009e-6,1.012,v4.1,32,216,242
HGNC:16187,SLC52A3,79,Neurology,periferico,7894,490,2.5009e-6,1.012,v4.1,32,216,242
HGNC:16187,SLC52A3,484,Sin clasificar,periferico,7894,490,2.5009e-6,1.012,v4.1,32,216,242
HGNC:16187,SLC52A3,85,Neurology and neurodevelopmental disorders,periferico,7894,490,2.5009e-6,1.012,v4.1,32,216,242
HGNC:16187,SLC52A3,302,Metabolic disorders,periferico,7894,490,2.5009e-6,1.012,v4.1,32,216,242
HGNC:16187,SLC52A3,263,Neurology and neurodevelopmental disorders,periferico,7894,490,2.5009e-6,1.012,v4.1,32,216,242
HGNC:16187,SLC52A3,467,Metabolic,periferico,7894,490,2.5009e-6,1.012,v4.1,32,216,242
HGNC:16175,RSPO4,484,Sin clasificar,periferico,4167,82,1.6255e-8,1.327,v4.1,12,6,64
HGNC:16175,RSPO4,553,Dermatology,periferico,4167,82,1.6255e-8,1.327,v4.1,12,6,64
HGNC:10702,SEC23B,467,Metabolic,periferico,6374,794,1.5717e-18,1.008,v4.1,98,439,257
HGNC:10702,SEC23B,478,Fetal (including NIPD),periferico,6374,794,1.5717e-18,1.008,v4.1,98,439,257
HGNC:10702,SEC23B,484,Sin clasificar,periferico,6374,794,1.5717e-18,1.008,v4.1,98,439,257
HGNC:10702,SEC23B,302,Metabolic disorders,periferico,6374,794,1.5717e-18,1.008,v4.1,98,439,257
HGNC:10702,SEC23B,25,Metabolic,periferico,6374,794,1.5717e-18,1.008,v4.1,98,439,257
HGNC:15889,FERMT1,398,Immunology,periferico,13506,606,3.6488e-11,0.871,v4.1,51,291,264
HGNC:15889,FERMT1,111,Viral research,periferico,13506,606,3.6488e-11,0.871,v4.1,51,291,264
HGNC:15889,FERMT1,119,Dermatological disorders,central,13506,606,3.6488e-11,0.871,v4.1,51,291,264
HGNC:15889,FERMT1,554,Dermatology,central,13506,606,3.6488e-11,0.871,v4.1,51,291,264
HGNC:15925,SAMHD1,147,Neurology,central,12013,987,2.4032e-7,0.889,v4.1,138,469,380
HGNC:15925,SAMHD1,579,Neurology,periferico,12013,987,2.4032e-7,0.889,v4.1,138,469,380
HGNC:5385,IDH3B,307,Ophthalmology,central,2746,361,1.6736e-11,1.037,v4.1,23,147,191
HGNC:6188,JAG1,234,Renal and urinary tract disorders,central,9870,2288,1,0.211,v4.1,495,764,1029
HGNC:6188,JAG1,85,Neurology and neurodevelopmental disorders,periferico,9870,2288,1,0.211,v4.1,495,764,1029
HGNC:6188,JAG1,846,Neurology,periferico,9870,2288,1,0.211,v4.1,495,764,1029
HGNC:6188,JAG1,478,Fetal (including NIPD),central,9870,2288,1,0.211,v4.1,495,764,1029
HGNC:6188,JAG1,548,Renal,periferico,9870,2288,1,0.211,v4.1,495,764,1029
HGNC:6188,JAG1,168,Musculoskeletal,central,9870,2288,1,0.211,v4.1,495,764,1029
HGNC:6188,JAG1,484,Sin clasificar,central,9870,2288,1,0.211,v4.1,495,764,1029
HGNC:29029,TTI1,484,Sin clasificar,periferico,5948,235,3.3389e-11,0.78,v4.1,11,29,195
HGNC:29029,TTI1,162,Neurology,periferico,5948,235,3.3389e-11,0.78,v4.1,11,29,195
HGNC:16171,CHMP4B,230,Ophthalmology,central,3015,41,0.99992,0.208,v4.1,3,22,16
HGNC:11018,SLC32A1,285,Developmental disorders,central,2642,100,0.99954,0.396,v4.1,6,6,88
HGNC:11018,SLC32A1,402,Neurology,central,2642,100,0.99954,0.396,v4.1,6,6,88
HGNC:11018,SLC32A1,484,Sin clasificar,central,2642,100,0.99954,0.396,v4.1,6,6,88
HGNC:343,AHCY,285,Developmental disorders,central,4218,339,9.3098e-4,0.727,v4.1,19,164,156
HGNC:343,AHCY,144,Dysmorphic and congenital abnormality syndromes,periferico,4218,339,9.3098e-4,0.727,v4.1,19,164,156
HGNC:15791,PIGU,285,Developmental disorders,periferico,3562,127,0.033044,0.675,v4.1,3,77,47
HGNC:15791,PIGU,484,Sin clasificar,periferico,3562,127,0.033044,0.675,v4.1,3,77,47
HGNC:15791,PIGU,402,Neurology,periferico,3562,127,0.033044,0.675,v4.1,3,77,47
HGNC:14015,CELF4,402,Neurology,periferico,6931,133,0.83578,0.546,v4.1,24,25,84
HGNC:14015,CELF4,285,Developmental disorders,periferico,6931,133,0.83578,0.546,v4.1,24,25,84
HGNC:14015,CELF4,484,Sin clasificar,periferico,6931,133,0.83578,0.546,v4.1,24,25,84
HGNC:14450,LPIN2,111,Viral research,periferico,12812,1012,0.0016729,0.582,v4.1,47,462,503
HGNC:14450,LPIN2,159,Haematological disorders,periferico,12812,1012,0.0016729,0.582,v4.1,47,462,503
HGNC:14450,LPIN2,518,Haematology,periferico,12812,1012,0.0016729,0.582,v4.1,47,462,503
HGNC:14450,LPIN2,309,Musculoskeletal,periferico,12812,1012,0.0016729,0.582,v4.1,47,462,503
HGNC:29090,SMCHD1,509,Ophthalmology,periferico,24354,1760,1,0.342,v4.1,143,698,919
HGNC:25727,CEP76,722,Ophthalmology,periferico,11068,97,3.8446e-4,0.716,v4.1,13,8,76
HGNC:6481,LAMA1,724,Neurology,periferico,16012,1692,5.892199999999999e-35,0.673,v4.1,130,649,913
HGNC:6481,LAMA1,511,Ophthalmology,periferico,16012,1692,5.892199999999999e-35,0.673,v4.1,130,649,913
HGNC:6481,LAMA1,150,Ciliopathies,periferico,16012,1692,5.892199999999999e-35,0.673,v4.1,130,649,913
HGNC:6481,LAMA1,722,Ophthalmology,periferico,16012,1692,5.892199999999999e-35,0.673,v4.1,130,649,913
HGNC:6481,LAMA1,307,Ophthalmology,periferico,16012,1692,5.892199999999999e-35,0.673,v4.1,130,649,913
HGNC:21150,RNF125,179,Neurology,periferico,9613,92,0.19503,1.071,v4.1,2,28,62
HGNC:21150,RNF125,38,Growth disorders,periferico,9613,92,0.19503,1.071,v4.1,2,28,62
HGNC:21086,MIB1,749,Cardiology,periferico,13554,674,2.9163e-91,1.995,v4.1,28,273,373
HGNC:9891,RBBP8,162,Neurology,central,6907,441,3.0961999999999996e-21,0.981,v4.1,13,207,221
HGNC:11425,STS,658,Ophthalmology,periferico,15346,363,0.80886,0.442,v2.1.1,157,95,111
HGNC:11425,STS,282,Dermatological disorders,periferico,15346,363,0.80886,0.442,v2.1.1,157,95,111
HGNC:11425,STS,555,Dermatology,periferico,15346,363,0.80886,0.442,v2.1.1,157,95,111
HGNC:11425,STS,106,Renal,periferico,15346,363,0.80886,0.442,v2.1.1,157,95,111
HGNC:11585,TBL1X,31,Endocrinology,periferico,18080,113,0.97946,0.309,v2.1.1,1,24,88
HGNC:20145,GPR143,511,Ophthalmology,central,4094,436,0.92526,0.374,v2.1.1,115,133,188
HGNC:16090,PGRMC1,230,Ophthalmology,periferico,2117,35,0.6711,0.823,v2.1.1,2,4,29
HGNC:9173,POLA1,255,Tumour syndromes,periferico,16825,914,1,0.051,v2.1.1,12,413,489
HGNC:9173,POLA1,398,Immunology,periferico,16825,914,1,0.051,v2.1.1,12,413,489
HGNC:7095,MID1,478,Fetal (including NIPD),periferico,21803,601,0.97967,0.304,v2.1.1,163,253,185
HGNC:7095,MID1,81,Musculoskeletal,periferico,21803,601,0.97967,0.304,v2.1.1,163,253,185
HGNC:7095,MID1,484,Sin clasificar,periferico,21803,601,0.97967,0.304,v2.1.1,163,253,185
HGNC:7095,MID1,285,Developmental disorders,periferico,21803,601,0.97967,0.304,v2.1.1,163,253,185
HGNC:7095,MID1,253,Gastroenterological disorders,periferico,21803,601,0.97967,0.304,v2.1.1,163,253,185
HGNC:30881,ALG13,467,Metabolic,periferico,12379,1314,0.99998,0.16,v2.1.1,87,674,553
HGNC:30881,ALG13,302,Metabolic disorders,periferico,12379,1314,0.99998,0.16,v2.1.1,87,674,553
HGNC:30881,ALG13,285,Developmental disorders,central,12379,1314,0.99998,0.16,v2.1.1,87,674,553
HGNC:30881,ALG13,402,Neurology,central,12379,1314,0.99998,0.16,v2.1.1,87,674,553
HGNC:15632,TLR8,398,Immunology,central,4353,95,0.32401,0.486,v2.1.1,6,19,70
HGNC:467,AMMECR1,131,Endocrine disorders,periferico,7083,88,0.82117,0.472,v2.1.1,14,13,61
HGNC:467,AMMECR1,478,Fetal (including NIPD),periferico,7083,88,0.82117,0.472,v2.1.1,14,13,61
HGNC:29861,CHRDL1,250,Ophthalmological disorders,periferico,4792,183,0.2164,0.522,v2.1.1,100,24,59
HGNC:29861,CHRDL1,484,Sin clasificar,periferico,4792,183,0.2164,0.522,v2.1.1,100,24,59
HGNC:592,XIAP,398,Immunology,central,12470,513,0.91837,0.374,v2.1.1,159,161,193
HGNC:592,XIAP,514,Gastrohepatology,central,12470,513,0.91837,0.374,v2.1.1,159,161,193
HGNC:592,XIAP,111,Viral research,central,12470,513,0.91837,0.374,v2.1.1,159,161,193
HGNC:11355,STAG2,285,Developmental disorders,central,16441,842,1,0.09,v2.1.1,134,374,334
HGNC:11355,STAG2,478,Fetal (including NIPD),central,16441,842,1,0.09,v2.1.1,134,374,334
HGNC:11355,STAG2,484,Sin clasificar,central,16441,842,1,0.09,v2.1.1,134,374,334
HGNC:13554,ATP11C,478,Fetal (including NIPD),periferico,7466,144,0.9997,0.232,v2.1.1,3,17,124
HGNC:61,ABCD1,474,Neurology,periferico,4992,1887,0.99896,0.15,v2.1.1,637,598,652
HGNC:61,ABCD1,165,Neurology and neurodevelopmental disorders,periferico,4992,1887,0.99896,0.15,v2.1.1,637,598,652
HGNC:61,ABCD1,145,Endocrinology,periferico,4992,1887,0.99896,0.15,v2.1.1,637,598,652
HGNC:61,ABCD1,567,Neurology,periferico,4992,1887,0.99896,0.15,v2.1.1,637,598,652
HGNC:1393,CACNA1F,307,Ophthalmology,central,6928,1508,1.2337e-5,0.448,v2.1.1,196,533,779
HGNC:11506,SYP,484,Sin clasificar,central,7045,186,0.91549,0.385,v2.1.1,89,20,77
HGNC:11506,SYP,285,Developmental disorders,central,7045,186,0.91549,0.385,v2.1.1,89,20,77
HGNC:9091,PLS3,196,Musculoskeletal,central,7409,294,0.98844,0.283,v2.1.1,49,138,107
HGNC:18704,NAA10,749,Cardiology,periferico,5375,331,0.76179,0.522,v2.1.1,159,79,93
HGNC:3319,ELF4,1075,Immunology,periferico,6334,95,0.06139,0.644,v2.1.1,8,21,66
HGNC:3319,ELF4,398,Immunology,periferico,6334,95,0.06139,0.644,v2.1.1,8,21,66
HGNC:3775,FMR1,285,Developmental disorders,central,10441,338,0.64718,0.417,v2.1.1,128,106,104
HGNC:3775,FMR1,484,Sin clasificar,central,10441,338,0.64718,0.417,v2.1.1,128,106,104
HGNC:11022,SLC35A2,96,Neurology,periferico,3745,448,0.71792,0.559,v2.1.1,136,167,145
HGNC:9330,PQBP1,162,Neurology,periferico,4453,284,0.78935,0.499,v2.1.1,114,54,116
HGNC:3331,EMD,506,Cardiology,periferico,2087,644,0.93178,0.35,v2.1.1,104,266,274
HGNC:11577,TAZ,519,Haematology,periferico,6635,569,0.72591,0.485,v2.1.1,103,229,237
HGNC:11577,TAZ,111,Viral research,periferico,6635,569,0.72591,0.485,v2.1.1,103,229,237
HGNC:11577,TAZ,398,Immunology,periferico,6635,569,0.72591,0.485,v2.1.1,103,229,237
HGNC:11577,TAZ,159,Haematological disorders,periferico,6635,569,0.72591,0.485,v2.1.1,103,229,237
HGNC:11577,TAZ,539,Mitochondrial,periferico,6635,569,0.72591,0.485,v2.1.1,103,229,237
HGNC:8896,PGK1,1141,Neurology,central,10828,417,0.76537,0.465,v2.1.1,81,132,204
HGNC:8896,PGK1,302,Metabolic disorders,central,10828,417,0.76537,0.465,v2.1.1,81,132,204
HGNC:8896,PGK1,484,Sin clasificar,central,10828,417,0.76537,0.465,v2.1.1,81,132,204
HGNC:8896,PGK1,518,Haematology,central,10828,417,0.76537,0.465,v2.1.1,81,132,204
HGNC:8896,PGK1,66,Neurology,central,10828,417,0.76537,0.465,v2.1.1,81,132,204
HGNC:8896,PGK1,467,Metabolic,central,10828,417,0.76537,0.465,v2.1.1,81,132,204
HGNC:8896,PGK1,285,Developmental disorders,central,10828,417,0.76537,0.465,v2.1.1,81,132,204
HGNC:4170,GATA1,545,Haematology,central,1660,425,0.94798,0.321,v2.1.1,79,133,213
HGNC:4170,GATA1,560,Dermatology,periferico,1660,425,0.94798,0.321,v2.1.1,79,133,213
HGNC:4170,GATA1,519,Haematology,central,1660,425,0.94798,0.321,v2.1.1,79,133,213
HGNC:4170,GATA1,384,Musculoskeletal,central,1660,425,0.94798,0.321,v2.1.1,79,133,213
HGNC:4170,GATA1,59,Cancer susceptibility,central,1660,425,0.94798,0.321,v2.1.1,79,133,213
HGNC:4170,GATA1,159,Haematological disorders,central,1660,425,0.94798,0.321,v2.1.1,79,133,213
HGNC:4170,GATA1,407,Tumour syndromes,central,1660,425,0.94798,0.321,v2.1.1,79,133,213
HGNC:4170,GATA1,518,Haematology,central,1660,425,0.94798,0.321,v2.1.1,79,133,213
HGNC:4170,GATA1,478,Fetal (including NIPD),central,1660,425,0.94798,0.321,v2.1.1,79,133,213
HGNC:4170,GATA1,144,Dysmorphic and congenital abnormality syndromes,central,1660,425,0.94798,0.321,v2.1.1,79,133,213
HGNC:28880,MAGT1,302,Metabolic disorders,periferico,7178,390,0.96138,0.326,v2.1.1,109,114,167
HGNC:11123,SMS,402,Neurology,periferico,4477,281,0.97297,0.305,v2.1.1,112,61,108
HGNC:11123,SMS,81,Musculoskeletal,periferico,4477,281,0.97297,0.305,v2.1.1,112,61,108
HGNC:8918,PHEX,149,Renal,periferico,10431,1528,0.99996,0.143,v2.1.1,945,252,331
HGNC:8918,PHEX,484,Sin clasificar,periferico,10431,1528,0.99996,0.143,v2.1.1,945,252,331
HGNC:8749,CDK16,165,Neurology and neurodevelopmental disorders,periferico,8695,72,0.9948,0.258,v2.1.1,1,13,58
HGNC:11935,CD40LG,176,Gastroenterological disorders,central,6906,403,0.72079,0.557,v2.1.1,191,118,94
HGNC:11935,CD40LG,398,Immunology,central,6906,403,0.72079,0.557,v2.1.1,191,118,94
HGNC:11935,CD40LG,111,Viral research,central,6906,403,0.72079,0.557,v2.1.1,191,118,94
HGNC:3663,FGD1,484,Sin clasificar,periferico,4565,612,0.9997,0.196,v2.1.1,162,194,256
HGNC:3663,FGD1,478,Fetal (including NIPD),periferico,4565,612,0.9997,0.196,v2.1.1,162,194,256
HGNC:3663,FGD1,131,Endocrine disorders,periferico,4565,612,0.9997,0.196,v2.1.1,162,194,256
HGNC:3663,FGD1,384,Musculoskeletal,periferico,4565,612,0.9997,0.196,v2.1.1,162,194,256
HGNC:3663,FGD1,81,Musculoskeletal,periferico,4565,612,0.9997,0.196,v2.1.1,162,194,256
HGNC:3663,FGD1,285,Developmental disorders,periferico,4565,612,0.9997,0.196,v2.1.1,162,194,256
HGNC:17652,PORCN,384,Musculoskeletal,periferico,7782,303,0.99953,0.135,v2.1.1,147,66,90
HGNC:17652,PORCN,81,Musculoskeletal,periferico,7782,303,0.99953,0.135,v2.1.1,147,66,90
HGNC:17652,PORCN,136,Dermatological disorders,periferico,7782,303,0.99953,0.135,v2.1.1,147,66,90
HGNC:17652,PORCN,564,Dermatology,periferico,7782,303,0.99953,0.135,v2.1.1,147,66,90
HGNC:17652,PORCN,559,Dermatology,periferico,7782,303,0.99953,0.135,v2.1.1,147,66,90
HGNC:3032,DRP2,846,Neurology,periferico,8327,540,3.7475e-6,0.628,v2.1.1,18,213,309
HGNC:4296,GLA,50,Cardiovascular disorders,central,6195,2076,0.99675,0.177,v2.1.1,1206,301,569
HGNC:4296,GLA,49,Cardiology,periferico,6195,2076,0.99675,0.177,v2.1.1,1206,301,569
HGNC:4296,GLA,144,Dysmorphic and congenital abnormality syndromes,periferico,6195,2076,0.99675,0.177,v2.1.1,1206,301,569
HGNC:4296,GLA,106,Renal,periferico,6195,2076,0.99675,0.177,v2.1.1,1206,301,569
HGNC:4296,GLA,85,Neurology and neurodevelopmental disorders,periferico,6195,2076,0.99675,0.177,v2.1.1,1206,301,569
HGNC:4296,GLA,506,Cardiology,periferico,6195,2076,0.99675,0.177,v2.1.1,1206,301,569
HGNC:4296,GLA,288,Neurology and neurodevelopmental disorders,central,6195,2076,0.99675,0.177,v2.1.1,1206,301,569
HGNC:4296,GLA,283,Renal,periferico,6195,2076,0.99675,0.177,v2.1.1,1206,301,569
HGNC:19082,NALCN,258,Neurology,periferico,27922,1375,2.4439e-10,0.579,v4.1,186,575,614
HGNC:124,ACP5,315,Neurology and neurodevelopmental disorders,central,4541,345,8.6434e-8,1.14,v4.1,39,138,168
HGNC:124,ACP5,309,Musculoskeletal,central,4541,345,8.6434e-8,1.14,v4.1,39,138,168
HGNC:124,ACP5,476,Neurology,periferico,4541,345,8.6434e-8,1.14,v4.1,39,138,168
HGNC:9439,DNAJC3,846,Neurology,periferico,6591,85,1.1976e-5,0.738,v4.1,9,20,56
HGNC:9439,DNAJC3,152,Endocrine disorders,periferico,6591,85,1.1976e-5,0.738,v4.1,9,20,56
HGNC:9439,DNAJC3,85,Neurology and neurodevelopmental disorders,periferico,6591,85,1.1976e-5,0.738,v4.1,9,20,56
HGNC:3687,FGF9,309,Musculoskeletal,central,4859,155,0.99254,0.418,v4.1,5,69,81
HGNC:3687,FGF9,384,Musculoskeletal,central,4859,155,0.99254,0.418,v4.1,5,69,81
HGNC:3687,FGF9,478,Fetal (including NIPD),central,4859,155,0.99254,0.418,v4.1,5,69,81
HGNC:3687,FGF9,484,Sin clasificar,central,4859,155,0.99254,0.418,v4.1,5,69,81
HGNC:3687,FGF9,168,Musculoskeletal,central,4859,155,0.99254,0.418,v4.1,5,69,81
HGNC:10985,SLC25A15,568,Neurology,periferico,5192,496,1.026e-6,1.026,v4.1,83,239,174
HGNC:10985,SLC25A15,302,Metabolic disorders,periferico,5192,496,1.026e-6,1.026,v4.1,83,239,174
HGNC:10985,SLC25A15,467,Metabolic,periferico,5192,496,1.026e-6,1.026,v4.1,83,239,174
HGNC:10985,SLC25A15,484,Sin clasificar,periferico,5192,496,1.026e-6,1.026,v4.1,83,239,174
HGNC:10985,SLC25A15,285,Developmental disorders,periferico,5192,496,1.026e-6,1.026,v4.1,83,239,174
HGNC:10985,SLC25A15,567,Neurology,periferico,5192,496,1.026e-6,1.026,v4.1,83,239,174
HGNC:29071,VWA8,307,Ophthalmology,periferico,11643,200,1.6848e-51,0.993,v4.1,3,22,175
HGNC:2076,CLN5,302,Metabolic disorders,periferico,23340,773,3.9441e-10,1.197,v4.1,154,311,308
HGNC:2076,CLN5,847,Neurology,periferico,23340,773,3.9441e-10,1.197,v4.1,154,311,308
HGNC:2076,CLN5,307,Ophthalmology,periferico,23340,773,3.9441e-10,1.197,v4.1,154,311,308
HGNC:2076,CLN5,467,Metabolic,periferico,23340,773,3.9441e-10,1.197,v4.1,154,311,308
HGNC:5227,HSF4,230,Ophthalmology,central,3913,202,2.9924e-13,1.111,v4.1,21,56,125
HGNC:2252,CORO1A,398,Immunology,central,5518,381,0.70891,0.572,v4.1,19,222,140
HGNC:28958,NUP93,156,Renal and urinary tract disorders,periferico,14101,327,9.3371e-7,0.673,v4.1,19,169,139
HGNC:17146,ARL2BP,549,Respiratory,periferico,3272,109,0.008081,1.03,v4.1,16,37,56
HGNC:17146,ARL2BP,478,Fetal (including NIPD),periferico,3272,109,0.008081,1.03,v4.1,16,37,56
HGNC:2867,DHODH,302,Metabolic disorders,central,8926,211,1.6102e-8,1.034,v4.1,15,78,118
HGNC:2867,DHODH,251,Hearing and ear disorders,periferico,8926,211,1.6102e-8,1.034,v4.1,15,78,118
HGNC:13723,CTCF,81,Musculoskeletal,central,11407,395,1,0.205,v4.1,106,93,196
HGNC:13723,CTCF,484,Sin clasificar,central,11407,395,1,0.205,v4.1,106,93,196
HGNC:13723,CTCF,285,Developmental disorders,central,11407,395,1,0.205,v4.1,106,93,196
HGNC:13723,CTCF,478,Fetal (including NIPD),central,11407,395,1,0.205,v4.1,106,93,196
HGNC:25070,ACD,525,Haematology,periferico,3218,1401,4.3134e-10,0.921,v4.1,6,572,823
HGNC:25070,ACD,200,Respiratory disorders,periferico,3218,1401,4.3134e-10,0.921,v4.1,6,572,823
HGNC:25070,ACD,243,Cancer susceptibility,periferico,3218,1401,4.3134e-10,0.921,v4.1,6,572,823
HGNC:25070,ACD,111,Viral research,periferico,3218,1401,4.3134e-10,0.921,v4.1,6,572,823
HGNC:25070,ACD,245,Cancer susceptibility,periferico,3218,1401,4.3134e-10,0.921,v4.1,6,572,823
HGNC:25070,ACD,522,Inherited cancer,periferico,3218,1401,4.3134e-10,0.921,v4.1,6,572,823
HGNC:25070,ACD,407,Tumour syndromes,periferico,3218,1401,4.3134e-10,0.921,v4.1,6,572,823
HGNC:25070,ACD,398,Immunology,periferico,3218,1401,4.3134e-10,0.921,v4.1,6,572,823
HGNC:7161,MMP15,544,Gastrohepatology,periferico,5964,131,1.0375e-6,0.763,v4.1,1,7,123
HGNC:25792,USB1,111,Viral research,periferico,8773,590,3.1388e-5,1.016,v4.1,29,226,335
HGNC:25792,USB1,559,Dermatology,periferico,8773,590,3.1388e-5,1.016,v4.1,29,226,335
HGNC:25792,USB1,484,Sin clasificar,periferico,8773,590,3.1388e-5,1.016,v4.1,29,226,335
HGNC:25792,USB1,398,Immunology,periferico,8773,590,3.1388e-5,1.016,v4.1,29,226,335
HGNC:25507,VAC14,192,Neurology and neurodevelopmental disorders,periferico,16252,513,1.7656e-6,0.681,v4.1,15,321,177
HGNC:25507,VAC14,180,Neurology and neurodevelopmental disorders,periferico,16252,513,1.7656e-6,0.681,v4.1,15,321,177
HGNC:25507,VAC14,847,Neurology,periferico,16252,513,1.7656e-6,0.681,v4.1,15,321,177
HGNC:18620,COG4,230,Ophthalmology,periferico,6241,467,1.9463e-13,0.805,v4.1,41,156,270
HGNC:18620,COG4,309,Musculoskeletal,periferico,6241,467,1.9463e-13,0.805,v4.1,41,156,270
HGNC:18620,COG4,126,Audiology,periferico,6241,467,1.9463e-13,0.805,v4.1,41,156,270
HGNC:18620,COG4,1471,Endocrinology,periferico,6241,467,1.9463e-13,0.805,v4.1,41,156,270
HGNC:18620,COG4,302,Metabolic disorders,periferico,6241,467,1.9463e-13,0.805,v4.1,41,156,270
HGNC:18620,COG4,467,Metabolic,periferico,6241,467,1.9463e-13,0.805,v4.1,41,156,270
HGNC:21197,FA2H,568,Neurology,central,5283,432,0.0053396,0.759,v4.1,69,162,201
HGNC:21197,FA2H,847,Neurology,central,5283,432,0.0053396,0.759,v4.1,69,162,201
HGNC:21197,FA2H,180,Neurology and neurodevelopmental disorders,central,5283,432,0.0053396,0.759,v4.1,69,162,201
HGNC:21197,FA2H,476,Neurology,central,5283,432,0.0053396,0.759,v4.1,69,162,201
HGNC:21197,FA2H,846,Neurology,central,5283,432,0.0053396,0.759,v4.1,69,162,201
HGNC:903,AXIN1,309,Musculoskeletal,central,13636,157,0.1643,0.563,v4.1,4,46,107
HGNC:903,AXIN1,478,Fetal (including NIPD),central,13636,157,0.1643,0.563,v4.1,4,46,107
HGNC:7150,MLYCD,478,Fetal (including NIPD),periferico,19610,749,1.5305e-10,1.165,v4.1,69,398,282
HGNC:12363,TSC2,283,Renal,periferico,21261,11822,1,0.203,v4.1,1490,4289,6043
HGNC:12363,TSC2,478,Fetal (including NIPD),central,21261,11822,1,0.203,v4.1,1490,4289,6043
HGNC:12363,TSC2,285,Developmental disorders,central,21261,11822,1,0.203,v4.1,1490,4289,6043
HGNC:12363,TSC2,105,Respiratory,central,21261,11822,1,0.203,v4.1,1490,4289,6043
HGNC:12363,TSC2,402,Neurology,central,21261,11822,1,0.203,v4.1,1490,4289,6043
HGNC:12363,TSC2,559,Dermatology,central,21261,11822,1,0.203,v4.1,1490,4289,6043
HGNC:12363,TSC2,484,Sin clasificar,central,21261,11822,1,0.203,v4.1,1490,4289,6043
HGNC:14154,LMF1,467,Metabolic,periferico,14868,788,5.1904e-27,1.436,v4.1,30,402,356
HGNC:3809,FOXF1,253,Gastroenterological disorders,periferico,4604,266,0.427,0.685,v4.1,89,75,102
HGNC:2025,CLCN7,511,Ophthalmology,periferico,9550,1443,1.2342e-12,0.821,v4.1,95,732,616
HGNC:2025,CLCN7,111,Viral research,periferico,9550,1443,1.2342e-12,0.821,v4.1,95,732,616
HGNC:2025,CLCN7,529,Metabolic,periferico,9550,1443,1.2342e-12,0.821,v4.1,95,732,616
HGNC:2025,CLCN7,467,Metabolic,periferico,9550,1443,1.2342e-12,0.821,v4.1,95,732,616
HGNC:16510,FBXO31,568,Neurology,periferico,12491,114,0.0035261,0.688,v4.1,3,29,82
HGNC:16510,FBXO31,285,Developmental disorders,periferico,12491,114,0.0035261,0.688,v4.1,3,29,82
HGNC:16510,FBXO31,96,Neurology,periferico,12491,114,0.0035261,0.688,v4.1,3,29,82
HGNC:11427,STUB1,477,Neurology,central,2662,280,5.2088e-13,1.294,v4.1,50,91,139
HGNC:11427,STUB1,474,Neurology,central,2662,280,5.2088e-13,1.294,v4.1,50,91,139
HGNC:11182,CAPN15,478,Fetal (including NIPD),periferico,10142,374,1.819e-14,0.974,v4.1,8,104,262
HGNC:11182,CAPN15,484,Sin clasificar,periferico,10142,374,1.819e-14,0.974,v4.1,8,104,262
HGNC:11182,CAPN15,285,Developmental disorders,periferico,10142,374,1.819e-14,0.974,v4.1,8,104,262
HGNC:11182,CAPN15,509,Ophthalmology,periferico,10142,374,1.819e-14,0.974,v4.1,8,104,262
HGNC:11182,CAPN15,34,Ophthalmological disorders,periferico,10142,374,1.819e-14,0.974,v4.1,8,104,262
HGNC:28993,PIEZO1,65,Cardiology,periferico,11323,2729,3.0062e-100,1.17,v4.1,132,1027,1570
HGNC:28993,PIEZO1,157,Haematology,periferico,11323,2729,3.0062e-100,1.17,v4.1,132,1027,1570
HGNC:29419,EARS2,302,Metabolic disorders,central,6990,386,7.0535e-14,1.138,v4.1,37,130,219
HGNC:29419,EARS2,402,Neurology,central,6990,386,7.0535e-14,1.138,v4.1,37,130,219
HGNC:29419,EARS2,285,Developmental disorders,central,6990,386,7.0535e-14,1.138,v4.1,37,130,219
HGNC:29419,EARS2,467,Metabolic,central,6990,386,7.0535e-14,1.138,v4.1,37,130,219
HGNC:29419,EARS2,478,Fetal (including NIPD),central,6990,386,7.0535e-14,1.138,v4.1,37,130,219
HGNC:10524,SALL1,251,Hearing and ear disorders,central,8414,780,1,0.228,v4.1,138,208,434
HGNC:10524,SALL1,156,Renal and urinary tract disorders,periferico,8414,780,1,0.228,v4.1,138,208,434
HGNC:10524,SALL1,1537,Renal,central,8414,780,1,0.228,v4.1,138,208,434
HGNC:10524,SALL1,509,Ophthalmology,central,8414,780,1,0.228,v4.1,138,208,434
HGNC:15516,XYLT1,302,Metabolic disorders,periferico,11612,643,0.9928,0.478,v4.1,26,300,317
HGNC:15516,XYLT1,467,Metabolic,periferico,11612,643,0.9928,0.478,v4.1,26,300,317
HGNC:15516,XYLT1,309,Musculoskeletal,central,11612,643,0.9928,0.478,v4.1,26,300,317
HGNC:29168,RPGRIP1L,484,Sin clasificar,central,16874,2120,4.2917e-23,0.907,v4.1,336,891,893
HGNC:29168,RPGRIP1L,725,Renal,central,16874,2120,4.2917e-23,0.907,v4.1,336,891,893
HGNC:29168,RPGRIP1L,307,Ophthalmology,central,16874,2120,4.2917e-23,0.907,v4.1,336,891,893
HGNC:29168,RPGRIP1L,209,Sin clasificar,periferico,16874,2120,4.2917e-23,0.907,v4.1,336,891,893
HGNC:29168,RPGRIP1L,724,Neurology,central,16874,2120,4.2917e-23,0.907,v4.1,336,891,893
HGNC:29168,RPGRIP1L,294,Ophthalmological disorders,periferico,16874,2120,4.2917e-23,0.907,v4.1,336,891,893
HGNC:29168,RPGRIP1L,478,Fetal (including NIPD),central,16874,2120,4.2917e-23,0.907,v4.1,336,891,893
HGNC:29168,RPGRIP1L,722,Ophthalmology,central,16874,2120,4.2917e-23,0.907,v4.1,336,891,893
HGNC:29168,RPGRIP1L,150,Ciliopathies,central,16874,2120,4.2917e-23,0.907,v4.1,336,891,893
HGNC:24641,C16orf62,309,Musculoskeletal,periferico,13603,39,7.7023e-11,0.757,v4.1,7,12,20
HGNC:24641,C16orf62,384,Musculoskeletal,periferico,13603,39,7.7023e-11,0.757,v4.1,7,12,20
HGNC:24641,C16orf62,34,Ophthalmological disorders,periferico,13603,39,7.7023e-11,0.757,v4.1,7,12,20
HGNC:24641,C16orf62,285,Developmental disorders,periferico,13603,39,7.7023e-11,0.757,v4.1,7,12,20
HGNC:24641,C16orf62,286,Neurology and neurodevelopmental disorders,periferico,13603,39,7.7023e-11,0.757,v4.1,7,12,20
HGNC:24641,C16orf62,294,Ophthalmological disorders,periferico,13603,39,7.7023e-11,0.757,v4.1,7,12,20
HGNC:24641,C16orf62,509,Ophthalmology,periferico,13603,39,7.7023e-11,0.757,v4.1,7,12,20
HGNC:24641,C16orf62,478,Fetal (including NIPD),periferico,13603,39,7.7023e-11,0.757,v4.1,7,12,20
HGNC:25662,AAGAB,556,Dermatology,periferico,5809,139,1.5706e-8,1.156,v4.1,24,39,76
HGNC:25662,AAGAB,555,Dermatology,periferico,5809,139,1.5706e-8,1.156,v4.1,24,39,76
HGNC:4867,HERC1,285,Developmental disorders,periferico,17851,1784,1,0.33,v4.1,53,864,867
HGNC:4867,HERC1,484,Sin clasificar,periferico,17851,1784,1,0.33,v4.1,53,864,867
HGNC:12310,TRIP4,79,Neurology,periferico,8334,338,4.2173e-10,0.802,v4.1,33,162,143
HGNC:567,AP3B2,186,Ophthalmology,periferico,14432,929,0.21689,0.52,v4.1,51,495,383
HGNC:9760,RAB11A,478,Fetal (including NIPD),central,8637,122,0.87729,0.577,v4.1,2,66,54
HGNC:9760,RAB11A,285,Developmental disorders,central,8637,122,0.87729,0.577,v4.1,2,66,54
HGNC:9760,RAB11A,484,Sin clasificar,central,8637,122,0.87729,0.577,v4.1,2,66,54
HGNC:9760,RAB11A,402,Neurology,central,8637,122,0.87729,0.577,v4.1,2,66,54
HGNC:3579,FAH,292,Renal,periferico,10898,885,1.8906e-12,1.067,v4.1,189,426,270
HGNC:3579,FAH,749,Cardiology,periferico,10898,885,1.8906e-12,1.067,v4.1,189,426,270
HGNC:3579,FAH,544,Gastrohepatology,periferico,10898,885,1.8906e-12,1.067,v4.1,189,426,270
HGNC:3579,FAH,385,Gastroenterological disorders,periferico,10898,885,1.8906e-12,1.067,v4.1,189,426,270
HGNC:3579,FAH,482,Endocrinology,periferico,10898,885,1.8906e-12,1.067,v4.1,189,426,270
HGNC:17513,HOMER2,126,Audiology,periferico,17648,219,1.2585e-5,0.921,v4.1,5,108,106
HGNC:29298,CEP152,147,Neurology,periferico,8483,1244,2.2782e-26,0.784,v4.1,143,669,432
HGNC:8101,OCA2,128,Sin clasificar,periferico,4138,1451,1.9006e-14,0.869,v4.1,323,653,475
HGNC:8101,OCA2,511,Ophthalmology,central,4138,1451,1.9006e-14,0.869,v4.1,323,653,475
HGNC:8101,OCA2,246,Ophthalmological disorders,periferico,4138,1451,1.9006e-14,0.869,v4.1,323,653,475
HGNC:11781,TGM5,554,Dermatology,central,3689,209,6.2413e-20,1.034,v4.1,20,44,145
HGNC:2938,DMXL2,126,Audiology,periferico,14513,1937,1,0.36,v4.1,64,991,882
HGNC:2938,DMXL2,26,Endocrine disorders,periferico,14513,1937,1,0.36,v4.1,64,991,882
HGNC:11226,SPG11,579,Neurology,periferico,18055,3684,2.0022e-51,0.852,v4.1,577,1471,1636
HGNC:11226,SPG11,846,Neurology,central,18055,3684,2.0022e-51,0.852,v4.1,577,1471,1636
HGNC:11226,SPG11,39,Neurology and neurodevelopmental disorders,central,18055,3684,2.0022e-51,0.852,v4.1,577,1471,1636
HGNC:11226,SPG11,285,Developmental disorders,central,18055,3684,2.0022e-51,0.852,v4.1,577,1471,1636
HGNC:11226,SPG11,568,Neurology,central,18055,3684,2.0022e-51,0.852,v4.1,577,1471,1636
HGNC:11226,SPG11,540,Neurology,central,18055,3684,2.0022e-51,0.852,v4.1,577,1471,1636
HGNC:11226,SPG11,79,Neurology,central,18055,3684,2.0022e-51,0.852,v4.1,577,1471,1636
HGNC:11226,SPG11,474,Neurology,central,18055,3684,2.0022e-51,0.852,v4.1,577,1471,1636
HGNC:8549,BLOC1S6,511,Ophthalmology,central,7393,212,5.1903e-7,1.5,v4.1,27,105,80
HGNC:26193,CSPP1,122,Skeletal disorders,periferico,31853,1282,1.8241e-9,0.876,v4.1,118,541,623
HGNC:17298,BRF2,285,Developmental disorders,periferico,3090,68,0.0020703,0.827,v4.1,0,1,67
HGNC:17298,BRF2,398,Immunology,periferico,3090,68,0.0020703,0.827,v4.1,0,1,67
HGNC:17298,BRF2,478,Fetal (including NIPD),periferico,3090,68,0.0020703,0.827,v4.1,0,1,67
HGNC:3519,EYA1,234,Renal and urinary tract disorders,central,10719,746,1,0.291,v4.1,226,199,321
HGNC:3519,EYA1,81,Musculoskeletal,central,10719,746,1,0.291,v4.1,226,199,321
HGNC:3519,EYA1,1537,Renal,central,10719,746,1,0.291,v4.1,226,199,321
HGNC:3519,EYA1,251,Hearing and ear disorders,central,10719,746,1,0.291,v4.1,226,199,321
HGNC:3519,EYA1,478,Fetal (including NIPD),central,10719,746,1,0.291,v4.1,226,199,321
HGNC:3519,EYA1,126,Audiology,central,10719,746,1,0.291,v4.1,226,199,321
HGNC:7652,NBN,519,Haematology,periferico,19513,3774,1.7467e-18,1.057,v4.1,541,1141,2092
HGNC:7652,NBN,1637,Inherited cancer,periferico,19513,3774,1.7467e-18,1.057,v4.1,541,1141,2092
HGNC:30129,POP1,309,Musculoskeletal,periferico,5851,492,4.2471e-16,0.824,v4.1,32,233,227
HGNC:30129,POP1,484,Sin clasificar,periferico,5851,492,4.2471e-16,0.824,v4.1,32,233,227
HGNC:30129,POP1,478,Fetal (including NIPD),periferico,5851,492,4.2471e-16,0.824,v4.1,32,233,227
HGNC:5960,IKBKB,398,Immunology,central,11647,830,0.99588,0.472,v4.1,34,499,297
HGNC:5960,IKBKB,111,Viral research,central,11647,830,0.99588,0.472,v4.1,34,499,297
HGNC:9051,PLAT,175,Haematological and immunological disorders,central,8064,105,6.0806e-7,0.804,v4.1,0,34,71
HGNC:14201,JPH1,484,Sin clasificar,periferico,4829,94,0.99998,0.365,v4.1,4,16,74
HGNC:14201,JPH1,309,Musculoskeletal,periferico,4829,94,0.99998,0.365,v4.1,4,16,74
HGNC:14201,JPH1,478,Fetal (including NIPD),periferico,4829,94,0.99998,0.365,v4.1,4,16,74
HGNC:14201,JPH1,81,Musculoskeletal,periferico,4829,94,0.99998,0.365,v4.1,4,16,74
HGNC:15968,GDAP1,85,Neurology and neurodevelopmental disorders,central,27379,630,2.3132e-4,0.963,v4.1,103,182,345
HGNC:15968,GDAP1,112,Mitochondrial,periferico,27379,630,2.3132e-4,0.963,v4.1,103,182,345
HGNC:15968,GDAP1,539,Mitochondrial,periferico,27379,630,2.3132e-4,0.963,v4.1,103,182,345
HGNC:15968,GDAP1,846,Neurology,central,27379,630,2.3132e-4,0.963,v4.1,103,182,345
HGNC:25966,ESRP1,126,Audiology,periferico,6769,98,0.99932,0.445,v4.1,4,26,68
HGNC:6023,IL7,111,Viral research,central,4317,29,0.48796,1.517,v4.1,3,6,20
HGNC:6023,IL7,398,Immunology,central,4317,29,0.48796,1.517,v4.1,3,6,20
HGNC:16806,UBR5,484,Sin clasificar,central,17165,337,1,0.073,v4.1,9,64,264
HGNC:16806,UBR5,285,Developmental disorders,central,17165,337,1,0.073,v4.1,9,64,264
HGNC:23994,ERI1,309,Musculoskeletal,periferico,8828,115,4.2781e-7,1.526,v4.1,14,24,77
HGNC:20858,SLC39A14,302,Metabolic disorders,periferico,14007,272,0.37345,0.592,v4.1,14,157,101
HGNC:20858,SLC39A14,39,Neurology and neurodevelopmental disorders,periferico,14007,272,0.37345,0.592,v4.1,14,157,101
HGNC:20858,SLC39A14,285,Developmental disorders,periferico,14007,272,0.37345,0.592,v4.1,14,157,101
HGNC:20858,SLC39A14,467,Metabolic,periferico,14007,272,0.37345,0.592,v4.1,14,157,101
HGNC:20858,SLC39A14,484,Sin clasificar,periferico,14007,272,0.37345,0.592,v4.1,14,157,101
HGNC:4623,GSR,518,Haematology,central,3982,241,4.4851e-7,1.182,v4.1,8,94,139
HGNC:30242,TUSC3,484,Sin clasificar,periferico,18536,312,5.0694e-15,1.31,v4.1,21,112,179
HGNC:30242,TUSC3,302,Metabolic disorders,periferico,18536,312,5.0694e-15,1.31,v4.1,21,112,179
HGNC:30242,TUSC3,467,Metabolic,periferico,18536,312,5.0694e-15,1.31,v4.1,21,112,179
HGNC:735,ASAH1,79,Neurology,periferico,15500,1016,2.6013e-20,1.435,v4.1,127,511,378
HGNC:6826,MAN2B1,230,Ophthalmology,periferico,8074,1919,6.3922000000000005e-24,0.898,v4.1,362,984,573
HGNC:6826,MAN2B1,529,Metabolic,central,8074,1919,6.3922000000000005e-24,0.898,v4.1,362,984,573
HGNC:6826,MAN2B1,307,Ophthalmology,periferico,8074,1919,6.3922000000000005e-24,0.898,v4.1,362,984,573
HGNC:6826,MAN2B1,179,Neurology,periferico,8074,1919,6.3922000000000005e-24,0.898,v4.1,362,984,573
HGNC:6826,MAN2B1,168,Musculoskeletal,periferico,8074,1919,6.3922000000000005e-24,0.898,v4.1,362,984,573
HGNC:6293,KCNN4,518,Haematology,periferico,3690,169,5.8788e-8,0.972,v4.1,4,54,111
HGNC:4706,GYS1,528,Metabolic,central,4381,733,3.3756e-13,0.898,v4.1,43,333,357
HGNC:6584,LHB,92,Endocrine disorders,periferico,630,93,1.2773e-4,1.603,v4.1,6,55,32
HGNC:20774,TUBB4A,180,Neurology and neurodevelopmental disorders,periferico,3560,365,0.60434,0.604,v4.1,45,163,157
HGNC:20774,TUBB4A,192,Neurology and neurodevelopmental disorders,central,3560,365,0.60434,0.604,v4.1,45,163,157
HGNC:20774,TUBB4A,39,Neurology and neurodevelopmental disorders,periferico,3560,365,0.60434,0.604,v4.1,45,163,157
HGNC:20774,TUBB4A,477,Neurology,central,3560,365,0.60434,0.604,v4.1,45,163,157
HGNC:20774,TUBB4A,466,Neurology,central,3560,365,0.60434,0.604,v4.1,45,163,157
HGNC:20774,TUBB4A,579,Neurology,central,3560,365,0.60434,0.604,v4.1,45,163,157
HGNC:20774,TUBB4A,285,Developmental disorders,central,3560,365,0.60434,0.604,v4.1,45,163,157
HGNC:20774,TUBB4A,847,Neurology,central,3560,365,0.60434,0.604,v4.1,45,163,157
HGNC:17697,SARS2,156,Renal and urinary tract disorders,periferico,3514,397,9.4058e-16,1.02,v4.1,5,172,220
HGNC:17697,SARS2,112,Mitochondrial,periferico,3514,397,9.4058e-16,1.02,v4.1,5,172,220
HGNC:17697,SARS2,539,Mitochondrial,periferico,3514,397,9.4058e-16,1.02,v4.1,5,172,220
HGNC:17697,SARS2,165,Neurology and neurodevelopmental disorders,periferico,3514,397,9.4058e-16,1.02,v4.1,5,172,220
HGNC:17697,SARS2,292,Renal,periferico,3514,397,9.4058e-16,1.02,v4.1,5,172,220
HGNC:17697,SARS2,193,Respiratory,periferico,3514,397,9.4058e-16,1.02,v4.1,5,172,220
HGNC:9956,RELB,111,Viral research,central,3511,518,0.96979,0.512,v4.1,2,247,269
HGNC:17090,ARHGEF18,307,Ophthalmology,periferico,7951,1083,7.897000000000001e-20,0.811,v4.1,31,518,534
HGNC:18838,PPP1R13L,478,Fetal (including NIPD),periferico,6135,206,9.3473e-13,0.974,v4.1,13,45,148
HGNC:18838,PPP1R13L,749,Cardiology,periferico,6135,206,9.3473e-13,0.974,v4.1,13,45,148
HGNC:18838,PPP1R13L,484,Sin clasificar,periferico,6135,206,9.3473e-13,0.974,v4.1,13,45,148
HGNC:18838,PPP1R13L,553,Dermatology,periferico,6135,206,9.3473e-13,0.974,v4.1,13,45,148
HGNC:18838,PPP1R13L,47,Cardiovascular disorders,periferico,6135,206,9.3473e-13,0.974,v4.1,13,45,148
HGNC:3434,ERCC2,285,Developmental disorders,central,7097,2351,6.8729e-28,1.089,v4.1,227,1096,1028
HGNC:3434,ERCC2,484,Sin clasificar,central,7097,2351,6.8729e-28,1.089,v4.1,227,1096,1028
HGNC:18518,RNASEH2A,476,Neurology,central,2139,548,1.502e-9,1.164,v4.1,44,276,228
HGNC:18518,RNASEH2A,315,Neurology and neurodevelopmental disorders,central,2139,548,1.502e-9,1.164,v4.1,44,276,228
HGNC:18518,RNASEH2A,478,Fetal (including NIPD),central,2139,548,1.502e-9,1.164,v4.1,44,276,228
HGNC:18518,RNASEH2A,42,Neurology and neurodevelopmental disorders,central,2139,548,1.502e-9,1.164,v4.1,44,276,228
HGNC:18518,RNASEH2A,579,Neurology,central,2139,548,1.502e-9,1.164,v4.1,44,276,228
HGNC:464,AMH,9,Endocrinology,central,2587,280,1.0623000000000001e-19,1.954,v4.1,32,93,155
HGNC:7887,NOVA2,478,Fetal (including NIPD),periferico,9182,127,0.85257,0.611,v4.1,13,30,84
HGNC:28845,MED25,81,Musculoskeletal,periferico,7920,821,1.489e-14,0.874,v4.1,8,446,367
HGNC:11948,TNNT1,258,Neurology,central,3469,423,1.1036e-19,1.415,v4.1,38,234,151
HGNC:11948,TNNT1,225,Neurology,central,3469,423,1.1036e-19,1.415,v4.1,38,234,151
HGNC:26141,C19orf44,307,Ophthalmology,periferico,5460,13,1.2561e-12,1.143,v4.1,0,1,12
HGNC:17189,OLFM2,509,Ophthalmology,periferico,2523,79,0.0039955,0.736,v4.1,0,16,63
HGNC:3092,DYRK1B,152,Endocrine disorders,periferico,4131,349,0.77746,0.548,v4.1,2,154,193
HGNC:3092,DYRK1B,130,Endocrinology,periferico,4131,349,0.77746,0.548,v4.1,2,154,193
HGNC:3092,DYRK1B,472,Endocrinology,periferico,4131,349,0.77746,0.548,v4.1,2,154,193
HGNC:4458,GPI,478,Fetal (including NIPD),central,10722,237,3.0918e-10,0.861,v4.1,33,76,128
HGNC:392,AKT2,98,Dermatology,periferico,22800,229,0.99996,0.398,v4.1,2,142,85
HGNC:392,AKT2,38,Growth disorders,periferico,22800,229,0.99996,0.398,v4.1,2,142,85
HGNC:392,AKT2,484,Sin clasificar,central,22800,229,0.99996,0.398,v4.1,2,142,85
HGNC:392,AKT2,478,Fetal (including NIPD),central,22800,229,0.99996,0.398,v4.1,2,142,85
HGNC:392,AKT2,308,Endocrinology,periferico,22800,229,0.99996,0.398,v4.1,2,142,85
HGNC:1989,TBCB,568,Neurology,periferico,3577,49,2.9028e-5,1.073,v4.1,0,1,48
HGNC:11766,TGFB1,111,Viral research,central,7278,530,0.026363,0.682,v4.1,11,211,308
HGNC:11766,TGFB1,484,Sin clasificar,central,7278,530,0.026363,0.682,v4.1,11,211,308
HGNC:11766,TGFB1,398,Immunology,central,7278,530,0.026363,0.682,v4.1,11,211,308
HGNC:11766,TGFB1,285,Developmental disorders,central,7278,530,0.026363,0.682,v4.1,11,211,308
HGNC:11766,TGFB1,309,Musculoskeletal,central,7278,530,0.026363,0.682,v4.1,11,211,308
HGNC:23212,MYH14,846,Neurology,periferico,12266,1570,7.535e-18,0.647,v4.1,33,594,943
HGNC:23212,MYH14,253,Gastroenterological disorders,periferico,12266,1570,7.535e-18,0.647,v4.1,33,594,943
HGNC:23212,MYH14,85,Neurology and neurodevelopmental disorders,periferico,12266,1570,7.535e-18,0.647,v4.1,33,594,943
HGNC:6610,LIM2,230,Ophthalmology,central,1088,115,3.9658e-4,1.079,v4.1,3,25,87
HGNC:10402,RPS19,484,Sin clasificar,central,4967,293,0.99966,0.239,v4.1,87,96,110
HGNC:10402,RPS19,478,Fetal (including NIPD),central,4967,293,0.99966,0.239,v4.1,87,96,110
HGNC:10402,RPS19,519,Haematology,central,4967,293,0.99966,0.239,v4.1,87,96,110
HGNC:10402,RPS19,518,Haematology,central,4967,293,0.99966,0.239,v4.1,87,96,110
HGNC:3482,ETFB,302,Metabolic disorders,central,6987,390,2.0928e-5,1.1,v4.1,39,230,121
HGNC:3482,ETFB,66,Neurology,central,6987,390,2.0928e-5,1.1,v4.1,39,230,121
HGNC:3482,ETFB,467,Metabolic,central,6987,390,2.0928e-5,1.1,v4.1,39,230,121
HGNC:3482,ETFB,1141,Neurology,central,6987,390,2.0928e-5,1.1,v4.1,39,230,121
HGNC:2383,CRX,307,Ophthalmology,central,5991,553,0.72313,0.673,v4.1,138,158,257
HGNC:12440,TYK2,398,Immunology,central,8738,1103,1.5716e-7,0.626,v4.1,46,517,540
HGNC:12440,TYK2,111,Viral research,central,8738,1103,1.5716e-7,0.626,v4.1,46,517,540
HGNC:801,ATP1A3,477,Neurology,central,5983,1386,1,0.173,v4.1,176,627,583
HGNC:801,ATP1A3,96,Neurology,central,5983,1386,1,0.173,v4.1,176,627,583
HGNC:801,ATP1A3,192,Neurology and neurodevelopmental disorders,central,5983,1386,1,0.173,v4.1,176,627,583
HGNC:801,ATP1A3,402,Neurology,central,5983,1386,1,0.173,v4.1,176,627,583
HGNC:801,ATP1A3,847,Neurology,central,5983,1386,1,0.173,v4.1,176,627,583
HGNC:801,ATP1A3,540,Neurology,central,5983,1386,1,0.173,v4.1,176,627,583
HGNC:801,ATP1A3,285,Developmental disorders,central,5983,1386,1,0.173,v4.1,176,627,583
HGNC:801,ATP1A3,541,Neurology,central,5983,1386,1,0.173,v4.1,176,627,583
HGNC:801,ATP1A3,90,Neurology and neurodevelopmental disorders,central,5983,1386,1,0.173,v4.1,176,627,583
HGNC:3233,MEGF8,478,Fetal (including NIPD),periferico,11781,1212,1.2102e-27,0.696,v4.1,44,530,638
HGNC:3233,MEGF8,384,Musculoskeletal,periferico,11781,1212,1.2102e-27,0.696,v4.1,44,530,638
HGNC:3233,MEGF8,309,Musculoskeletal,periferico,11781,1212,1.2102e-27,0.696,v4.1,44,530,638
HGNC:3233,MEGF8,484,Sin clasificar,periferico,11781,1212,1.2102e-27,0.696,v4.1,44,530,638
HGNC:3233,MEGF8,168,Musculoskeletal,periferico,11781,1212,1.2102e-27,0.696,v4.1,44,530,638
HGNC:26560,CCDC114,484,Sin clasificar,periferico,5470,592,1.1861e-10,0.904,v4.1,30,282,280
HGNC:977,BCAT2,467,Metabolic,central,4687,166,5.2297e-13,1.038,v4.1,9,63,94
HGNC:9302,PPP2R1A,484,Sin clasificar,central,13385,609,1,0.345,v4.1,22,360,227
HGNC:9302,PPP2R1A,402,Neurology,central,13385,609,1,0.345,v4.1,22,360,227
HGNC:9302,PPP2R1A,478,Fetal (including NIPD),central,13385,609,1,0.345,v4.1,22,360,227
HGNC:9302,PPP2R1A,285,Developmental disorders,central,13385,609,1,0.345,v4.1,22,360,227
HGNC:19998,TNPO2,162,Neurology,periferico,10166,153,1,0.229,v4.1,17,39,97
HGNC:19998,TNPO2,285,Developmental disorders,periferico,10166,153,1,0.229,v4.1,17,39,97
HGNC:19998,TNPO2,402,Neurology,periferico,10166,153,1,0.229,v4.1,17,39,97
HGNC:4189,GCDH,579,Neurology,central,8685,1020,1.7641e-5,0.752,v4.1,330,409,281
HGNC:6345,KLF1,519,Haematology,periferico,1747,241,4.5975e-15,1.777,v4.1,26,71,144
HGNC:6345,KLF1,159,Haematological disorders,central,1747,241,4.5975e-15,1.777,v4.1,26,71,144
HGNC:19034,MAST1,484,Sin clasificar,periferico,7511,727,1,0.379,v4.1,15,299,413
HGNC:19034,MAST1,402,Neurology,periferico,7511,727,1,0.379,v4.1,15,299,413
HGNC:19034,MAST1,285,Developmental disorders,periferico,7511,727,1,0.379,v4.1,15,299,413
HGNC:19034,MAST1,478,Fetal (including NIPD),periferico,7511,727,1,0.379,v4.1,15,299,413
HGNC:15446,PRPF31,307,Ophthalmology,central,4145,807,1,0.347,v4.1,278,237,292
HGNC:11040,SLC5A5,285,Developmental disorders,periferico,3686,564,1.3394e-14,1.002,v4.1,51,363,150
HGNC:8980,PIK3R2,96,Neurology,periferico,6575,574,1.6831e-7,0.76,v4.1,16,287,271
HGNC:2227,COMP,309,Musculoskeletal,central,3301,886,1.6355e-24,1.073,v4.1,176,263,447
HGNC:6783,MAG,846,Neurology,central,7627,370,5.2971e-5,0.734,v4.1,16,169,185
HGNC:6783,MAG,186,Ophthalmology,periferico,7627,370,5.2971e-5,0.734,v4.1,16,169,185
HGNC:15598,HAMP,385,Gastroenterological disorders,periferico,2865,91,0.014111,1.464,v4.1,8,56,27
HGNC:15598,HAMP,302,Metabolic disorders,periferico,2865,91,0.014111,1.464,v4.1,8,56,27
HGNC:15598,HAMP,47,Cardiovascular disorders,periferico,2865,91,0.014111,1.464,v4.1,8,56,27
HGNC:15598,HAMP,467,Metabolic,periferico,2865,91,0.014111,1.464,v4.1,8,56,27
HGNC:15598,HAMP,92,Endocrine disorders,periferico,2865,91,0.014111,1.464,v4.1,8,56,27
HGNC:29572,LSR,544,Gastrohepatology,periferico,4774,230,1.9633e-11,0.96,v4.1,3,69,158
HGNC:10586,SCN1B,402,Neurology,central,8232,707,0.19763,0.71,v4.1,37,238,432
HGNC:10586,SCN1B,506,Cardiology,periferico,8232,707,0.19763,0.71,v4.1,37,238,432
HGNC:10586,SCN1B,47,Cardiovascular disorders,periferico,8232,707,0.19763,0.71,v4.1,37,238,432
HGNC:3444,ERF,309,Musculoskeletal,periferico,3338,310,0.99787,0.443,v4.1,67,75,168
HGNC:3444,ERF,484,Sin clasificar,periferico,3338,310,0.99787,0.443,v4.1,67,75,168
HGNC:3444,ERF,168,Musculoskeletal,periferico,3338,310,0.99787,0.443,v4.1,67,75,168
HGNC:25763,SMG9,484,Sin clasificar,periferico,9173,136,5.4857e-15,1.05,v4.1,17,36,83
HGNC:25763,SMG9,478,Fetal (including NIPD),periferico,9173,136,5.4857e-15,1.05,v4.1,17,36,83
HGNC:25763,SMG9,81,Musculoskeletal,periferico,9173,136,5.4857e-15,1.05,v4.1,17,36,83
HGNC:25763,SMG9,285,Developmental disorders,periferico,9173,136,5.4857e-15,1.05,v4.1,17,36,83
HGNC:9119,PMPCB,402,Neurology,central,17424,187,1.4703e-9,1.085,v4.1,12,71,104
HGNC:9119,PMPCB,112,Mitochondrial,central,17424,187,1.4703e-9,1.085,v4.1,12,71,104
HGNC:9119,PMPCB,467,Metabolic,central,17424,187,1.4703e-9,1.085,v4.1,12,71,104
HGNC:9119,PMPCB,539,Mitochondrial,central,17424,187,1.4703e-9,1.085,v4.1,12,71,104
HGNC:14562,BET1,207,Neurology,periferico,10821,14,0.0020777,1.549,v4.1,1,0,13
HGNC:24997,WDR91,478,Fetal (including NIPD),periferico,16597,119,2.5365e-8,0.716,v4.1,4,12,103
HGNC:24997,WDR91,96,Neurology,periferico,16597,119,2.5365e-8,0.716,v4.1,4,12,103
HGNC:24997,WDR91,285,Developmental disorders,periferico,16597,119,2.5365e-8,0.716,v4.1,4,12,103
HGNC:2942,DNAH11,550,Respiratory,central,18981,6607,1.1451e-114,0.912,v4.1,587,4082,1938
HGNC:2942,DNAH11,549,Respiratory,central,18981,6607,1.1451e-114,0.912,v4.1,587,4082,1938
HGNC:21882,TTC26,725,Renal,periferico,5237,130,5.261e-7,0.794,v4.1,4,64,62
HGNC:21882,TTC26,544,Gastrohepatology,periferico,5237,130,5.261e-7,0.794,v4.1,4,64,62
HGNC:21882,TTC26,724,Neurology,periferico,5237,130,5.261e-7,0.794,v4.1,4,64,62
HGNC:21882,TTC26,483,Endocrinology,periferico,5237,130,5.261e-7,0.794,v4.1,4,64,62
HGNC:8124,OGDH,467,Metabolic,central,12842,241,1,0.415,v4.1,5,126,110
HGNC:8124,OGDH,302,Metabolic disorders,central,12842,241,1,0.415,v4.1,5,126,110
HGNC:1527,CAV1,193,Respiratory,central,3976,192,0.014002,0.967,v4.1,12,99,81
HGNC:7029,MET,154,Cancer Programme,periferico,7710,4885,0.99985,0.446,v4.1,12,1825,3048
HGNC:7029,MET,521,Inherited cancer,periferico,7710,4885,0.99985,0.446,v4.1,12,1825,3048
HGNC:7029,MET,258,Neurology,central,7710,4885,0.99985,0.446,v4.1,12,1825,3048
HGNC:13243,LMBR1,247,Dysmorphic and congenital abnormality syndromes,periferico,18645,363,1.3374e-6,1.381,v4.1,19,188,156
HGNC:5099,HOXA1,402,Neurology,periferico,2582,115,9.1851e-6,1.012,v4.1,5,32,78
HGNC:14888,DNAJB6,235,Neurology,central,21967,510,7.7061e-4,0.92,v4.1,15,216,279
HGNC:14888,DNAJB6,185,Neurology,central,21967,510,7.7061e-4,0.92,v4.1,15,216,279
HGNC:5103,HOXA2,126,Audiology,periferico,2709,106,0.99969,0.334,v4.1,7,14,85
HGNC:6560,LFNG,25,Metabolic,periferico,3440,320,0.02119,0.755,v4.1,10,177,133
HGNC:6560,LFNG,309,Musculoskeletal,periferico,3440,320,0.02119,0.755,v4.1,10,177,133
HGNC:6560,LFNG,467,Metabolic,periferico,3440,320,0.02119,0.755,v4.1,10,177,133
HGNC:21701,BRAT1,285,Developmental disorders,periferico,9626,1350,3.0623e-29,1.39,v4.1,116,634,600
HGNC:21701,BRAT1,484,Sin clasificar,periferico,9626,1350,3.0623e-29,1.39,v4.1,116,634,600
HGNC:21701,BRAT1,478,Fetal (including NIPD),periferico,9626,1350,3.0623e-29,1.39,v4.1,116,634,600
HGNC:21701,BRAT1,402,Neurology,periferico,9626,1350,3.0623e-29,1.39,v4.1,116,634,600
HGNC:29171,IQCE,384,Musculoskeletal,central,10737,240,1.5711e-38,1.442,v4.1,10,76,154
HGNC:29171,IQCE,726,Musculoskeletal,periferico,10737,240,1.5711e-38,1.442,v4.1,10,76,154
HGNC:5102,HOXA13,9,Endocrinology,periferico,5071,252,0.98285,0.482,v4.1,12,82,158
HGNC:5102,HOXA13,247,Dysmorphic and congenital abnormality syndromes,periferico,5071,252,0.98285,0.482,v4.1,12,82,158
HGNC:5102,HOXA13,101,Dysmorphic and congenital abnormality syndromes,periferico,5071,252,0.98285,0.482,v4.1,12,82,158
HGNC:18625,FKBP14,700,Cardiology,periferico,9085,283,4.1885e-6,1.342,v4.1,21,118,144
HGNC:18625,FKBP14,484,Sin clasificar,periferico,9085,283,4.1885e-6,1.342,v4.1,21,118,144
HGNC:11433,STX1A,285,Developmental disorders,central,3728,48,0.99999,0.257,v4.1,6,16,26
HGNC:4162,GARS,112,Mitochondrial,periferico,17378,878,0.00052744999999999995,0.648,v4.1,30,327,521
HGNC:4162,GARS,539,Mitochondrial,periferico,17378,878,0.00052744999999999995,0.648,v4.1,30,327,521
HGNC:4266,GHRHR,483,Endocrinology,central,3133,346,4.5012e-8,0.984,v4.1,41,162,143
HGNC:5246,HSPB1,79,Neurology,periferico,3148,415,2.3024e-9,1.888,v4.1,42,123,250
HGNC:5246,HSPB1,235,Neurology,periferico,3148,415,2.3024e-9,1.888,v4.1,42,123,250
HGNC:3280,EIF3B,478,Fetal (including NIPD),central,9365,177,1,0.107,v4.1,1,35,141
HGNC:3280,EIF3B,484,Sin clasificar,central,9365,177,1,0.107,v4.1,1,35,141
HGNC:11762,TFR2,302,Metabolic disorders,periferico,6169,1168,2.6889e-16,0.907,v4.1,177,703,288
HGNC:11762,TFR2,47,Cardiovascular disorders,periferico,6169,1168,2.6889e-16,0.907,v4.1,177,703,288
HGNC:11762,TFR2,26,Endocrine disorders,periferico,6169,1168,2.6889e-16,0.907,v4.1,177,703,288
HGNC:11762,TFR2,385,Gastroenterological disorders,periferico,6169,1168,2.6889e-16,0.907,v4.1,177,703,288
HGNC:11762,TFR2,467,Metabolic,periferico,6169,1168,2.6889e-16,0.907,v4.1,177,703,288
HGNC:6052,IMPDH1,307,Ophthalmology,central,3621,695,9.0395e-8,0.763,v4.1,36,278,381
HGNC:8583,SERPINE1,516,Haematology,central,8682,137,0.03467,0.685,v4.1,3,38,96
HGNC:8583,SERPINE1,545,Haematology,central,8682,137,0.03467,0.685,v4.1,3,38,96
HGNC:8583,SERPINE1,175,Haematological and immunological disorders,central,8682,137,0.03467,0.685,v4.1,3,38,96
HGNC:559,AP1S1,514,Gastrohepatology,periferico,1840,156,7.7664e-4,1.078,v4.1,9,125,22
HGNC:559,AP1S1,85,Neurology and neurodevelopmental disorders,periferico,1840,156,7.7664e-4,1.078,v4.1,9,125,22
HGNC:9083,PLOD3,230,Ophthalmology,periferico,5800,759,1.6589e-17,0.925,v4.1,37,417,305
HGNC:9083,PLOD3,554,Dermatology,periferico,5800,759,1.6589e-17,0.925,v4.1,37,417,305
HGNC:22448,NOBOX,155,Endocrine disorders,central,2173,214,3.639e-11,1.061,v4.1,15,59,140
HGNC:22203,PHF14,285,Developmental disorders,periferico,14313,87,0.025917,0.671,v4.1,0,6,81
HGNC:22407,TMEM106B,484,Sin clasificar,periferico,21414,116,0.046186,0.813,v4.1,2,45,69
HGNC:22407,TMEM106B,476,Neurology,periferico,21414,116,0.046186,0.813,v4.1,2,45,69
HGNC:22407,TMEM106B,477,Neurology,periferico,21414,116,0.046186,0.813,v4.1,2,45,69
HGNC:22407,TMEM106B,42,Neurology and neurodevelopmental disorders,periferico,21414,116,0.046186,0.813,v4.1,2,45,69
HGNC:22407,TMEM106B,285,Developmental disorders,periferico,21414,116,0.046186,0.813,v4.1,2,45,69
HGNC:22407,TMEM106B,466,Neurology,periferico,21414,116,0.046186,0.813,v4.1,2,45,69
HGNC:3527,EZH2,285,Developmental disorders,central,11352,701,1,0.272,v4.1,40,389,272
HGNC:3527,EZH2,478,Fetal (including NIPD),central,11352,701,1,0.272,v4.1,40,389,272
HGNC:3527,EZH2,38,Growth disorders,central,11352,701,1,0.272,v4.1,40,389,272
HGNC:3527,EZH2,243,Cancer susceptibility,central,11352,701,1,0.272,v4.1,40,389,272
HGNC:3527,EZH2,309,Musculoskeletal,central,11352,701,1,0.272,v4.1,40,389,272
HGNC:3527,EZH2,1636,Inherited cancer,central,11352,701,1,0.272,v4.1,40,389,272
HGNC:3527,EZH2,484,Sin clasificar,central,11352,701,1,0.272,v4.1,40,389,272
HGNC:3527,EZH2,259,Cancer Programme,central,11352,701,1,0.272,v4.1,40,389,272
HGNC:12370,CEP41,724,Neurology,central,14412,463,2.3358e-4,1.066,v4.1,23,177,263
HGNC:10778,SFRP4,384,Musculoskeletal,periferico,8133,172,4.1757e-4,0.857,v4.1,16,73,83
HGNC:328,AGR2,398,Immunology,periferico,5631,33,1.6551e-7,1.34,v4.1,10,1,22
HGNC:348,AHR,307,Ophthalmology,periferico,8051,516,0.007994,0.606,v4.1,9,210,297
HGNC:348,AHR,511,Ophthalmology,periferico,8051,516,0.007994,0.606,v4.1,9,210,297
HGNC:4319,GLI3,478,Fetal (including NIPD),central,23482,1527,1,0.298,v4.1,218,542,767
HGNC:4319,GLI3,484,Sin clasificar,central,23482,1527,1,0.298,v4.1,218,542,767
HGNC:4319,GLI3,384,Musculoskeletal,central,23482,1527,1,0.298,v4.1,218,542,767
HGNC:4319,GLI3,81,Musculoskeletal,central,23482,1527,1,0.298,v4.1,218,542,767
HGNC:4319,GLI3,179,Neurology,central,23482,1527,1,0.298,v4.1,218,542,767
HGNC:4319,GLI3,722,Ophthalmology,periferico,23482,1527,1,0.298,v4.1,218,542,767
HGNC:4319,GLI3,253,Gastroenterological disorders,central,23482,1527,1,0.298,v4.1,218,542,767
HGNC:4319,GLI3,285,Developmental disorders,central,23482,1527,1,0.298,v4.1,218,542,767
HGNC:4319,GLI3,309,Musculoskeletal,central,23482,1527,1,0.298,v4.1,218,542,767
HGNC:9386,PRKAG2,506,Cardiology,central,19290,1481,0.19664,0.582,v4.1,26,658,797
HGNC:9386,PRKAG2,49,Cardiology,central,19290,1481,0.19664,0.582,v4.1,26,658,797
HGNC:9386,PRKAG2,749,Cardiology,central,19290,1481,0.19664,0.582,v4.1,26,658,797
HGNC:4195,GCK,308,Endocrinology,central,6772,1375,7.7468e-7,0.866,v4.1,690,186,499
HGNC:6594,LHX2,186,Ophthalmology,central,2663,80,0.99966,0.368,v4.1,7,9,64
HGNC:6594,LHX2,162,Neurology,periferico,2663,80,0.99966,0.368,v4.1,7,9,64
HGNC:3622,FKTN,207,Neurology,central,20342,1145,1.5042e-5,1.022,v4.1,172,415,558
HGNC:13753,FSD1L,478,Fetal (including NIPD),periferico,9877,59,0.033382,0.838,v4.1,5,4,50
HGNC:13753,FSD1L,402,Neurology,periferico,9877,59,0.033382,0.838,v4.1,5,4,50
HGNC:13753,FSD1L,186,Ophthalmology,periferico,9877,59,0.033382,0.838,v4.1,5,4,50
HGNC:13753,FSD1L,179,Neurology,periferico,9877,59,0.033382,0.838,v4.1,5,4,50
HGNC:13753,FSD1L,307,Ophthalmology,periferico,9877,59,0.033382,0.838,v4.1,5,4,50
HGNC:13753,FSD1L,285,Developmental disorders,periferico,9877,59,0.033382,0.838,v4.1,5,4,50
HGNC:11772,TGFBR1,398,Immunology,central,8613,1222,0.96403,0.509,v4.1,127,374,721
HGNC:11772,TGFBR1,81,Musculoskeletal,central,8613,1222,0.96403,0.509,v4.1,127,374,721
HGNC:11772,TGFBR1,484,Sin clasificar,central,8613,1222,0.96403,0.509,v4.1,127,374,721
HGNC:11772,TGFBR1,1,Cardiovascular disorders,central,8613,1222,0.96403,0.509,v4.1,127,374,721
HGNC:11772,TGFBR1,700,Cardiology,central,8613,1222,0.96403,0.509,v4.1,127,374,721
HGNC:11772,TGFBR1,168,Musculoskeletal,central,8613,1222,0.96403,0.509,v4.1,127,374,721
HGNC:11772,TGFBR1,478,Fetal (including NIPD),central,8613,1222,0.96403,0.509,v4.1,127,374,721
HGNC:11772,TGFBR1,111,Viral research,central,8613,1222,0.96403,0.509,v4.1,127,374,721
HGNC:11772,TGFBR1,53,Musculoskeletal,central,8613,1222,0.96403,0.509,v4.1,127,374,721
HGNC:1331,C5,398,Immunology,periferico,18753,899,7.7641e-17,0.779,v4.1,56,442,401
HGNC:2972,DNM1,285,Developmental disorders,central,11362,1033,0.99997,0.417,v4.1,68,534,431
HGNC:2972,DNM1,484,Sin clasificar,central,11362,1033,0.99997,0.417,v4.1,68,534,431
HGNC:2972,DNM1,402,Neurology,central,11362,1033,0.99997,0.417,v4.1,68,534,431
HGNC:3349,ENG,478,Fetal (including NIPD),central,6884,2087,1,0.374,v4.1,647,732,708
HGNC:3349,ENG,147,Neurology,central,6884,2087,1,0.374,v4.1,647,732,708
HGNC:361,AK1,518,Haematology,central,4304,103,0.0078122,0.873,v4.1,11,46,46
HGNC:17686,RIC1,230,Ophthalmology,periferico,14387,231,2.7467e-5,0.577,v4.1,1,38,192
HGNC:19191,DOCK8,565,Dermatology,central,21792,3090,2.9093e-17,0.622,v4.1,145,1621,1324
HGNC:19191,DOCK8,398,Immunology,central,21792,3090,2.9093e-17,0.622,v4.1,145,1621,1324
HGNC:19191,DOCK8,176,Gastroenterological disorders,central,21792,3090,2.9093e-17,0.622,v4.1,145,1621,1324
HGNC:19191,DOCK8,111,Viral research,central,21792,3090,2.9093e-17,0.622,v4.1,145,1621,1324
HGNC:19191,DOCK8,407,Tumour syndromes,periferico,21792,3090,2.9093e-17,0.622,v4.1,145,1621,1324
HGNC:19191,DOCK8,484,Sin clasificar,periferico,21792,3090,2.9093e-17,0.622,v4.1,145,1621,1324
HGNC:19191,DOCK8,285,Developmental disorders,periferico,21792,3090,2.9093e-17,0.622,v4.1,145,1621,1324
HGNC:19191,DOCK8,59,Cancer susceptibility,periferico,21792,3090,2.9093e-17,0.622,v4.1,145,1621,1324
HGNC:18865,KCNT1,402,Neurology,central,15604,2583,1.7222e-12,0.682,v4.1,78,1336,1169
HGNC:12450,TYRP1,128,Sin clasificar,periferico,4344,702,3.9975999999999995e-21,1.398,v4.1,92,283,327
HGNC:6595,LHX3,483,Endocrinology,central,3840,641,3.9422e-6,1.024,v4.1,51,361,229
HGNC:19102,DDX58,111,Viral research,central,10505,774,3.6576e-20,0.985,v4.1,5,276,493
HGNC:28510,GLIS3,293,Endocrinology,central,16243,784,2.4153e-12,0.853,v4.1,18,254,512
HGNC:28510,GLIS3,26,Endocrine disorders,central,16243,784,2.4153e-12,0.853,v4.1,18,254,512
HGNC:28510,GLIS3,152,Endocrine disorders,central,16243,784,2.4153e-12,0.853,v4.1,18,254,512
HGNC:445,SETX,511,Ophthalmology,periferico,14252,2218,0.99995,0.442,v4.1,124,803,1291
HGNC:445,SETX,467,Metabolic,periferico,14252,2218,0.99995,0.442,v4.1,124,803,1291
HGNC:445,SETX,20,Neurology and neurodevelopmental disorders,central,14252,2218,0.99995,0.442,v4.1,124,803,1291
HGNC:445,SETX,85,Neurology and neurodevelopmental disorders,central,14252,2218,0.99995,0.442,v4.1,124,803,1291
HGNC:445,SETX,466,Neurology,central,14252,2218,0.99995,0.442,v4.1,124,803,1291
HGNC:445,SETX,477,Neurology,central,14252,2218,0.99995,0.442,v4.1,124,803,1291
HGNC:445,SETX,79,Neurology,central,14252,2218,0.99995,0.442,v4.1,124,803,1291
HGNC:445,SETX,302,Metabolic disorders,periferico,14252,2218,0.99995,0.442,v4.1,124,803,1291
HGNC:445,SETX,846,Neurology,central,14252,2218,0.99995,0.442,v4.1,124,803,1291
HGNC:32,ABCA2,285,Developmental disorders,periferico,11508,628,0.99999,0.436,v4.1,16,170,442
HGNC:32,ABCA2,477,Neurology,periferico,11508,628,0.99999,0.436,v4.1,16,170,442
HGNC:32,ABCA2,484,Sin clasificar,periferico,11508,628,0.99999,0.436,v4.1,16,170,442
HGNC:17944,EXOSC3,258,Neurology,periferico,12111,321,2.9349e-5,1.072,v4.1,51,145,125
HGNC:17944,EXOSC3,402,Neurology,periferico,12111,321,2.9349e-5,1.072,v4.1,51,145,125
HGNC:3084,DVL1,484,Sin clasificar,central,5901,838,1.2538e-14,1.046,v4.1,24,425,389
HGNC:3084,DVL1,384,Musculoskeletal,central,5901,838,1.2538e-14,1.046,v4.1,24,425,389
HGNC:3084,DVL1,478,Fetal (including NIPD),central,5901,838,1.2538e-14,1.046,v4.1,24,425,389
HGNC:4172,GATA3,478,Fetal (including NIPD),central,4731,514,0.99953,0.376,v4.1,121,175,218
HGNC:4172,GATA3,484,Sin clasificar,central,4731,514,0.99953,0.376,v4.1,121,175,218
HGNC:4172,GATA3,81,Musculoskeletal,central,4731,514,0.99953,0.376,v4.1,121,175,218
HGNC:4172,GATA3,234,Renal and urinary tract disorders,central,4731,514,0.99953,0.376,v4.1,121,175,218
HGNC:4172,GATA3,1537,Renal,periferico,4731,514,0.99953,0.376,v4.1,121,175,218
HGNC:5163,HPS1,467,Metabolic,periferico,18968,1297,7.6455e-13,0.879,v4.1,196,678,423
HGNC:5163,HPS1,559,Dermatology,periferico,18968,1297,7.6455e-13,0.879,v4.1,196,678,423
HGNC:5163,HPS1,1174,Respiratory,periferico,18968,1297,7.6455e-13,0.879,v4.1,196,678,423
HGNC:5163,HPS1,545,Haematology,periferico,18968,1297,7.6455e-13,0.879,v4.1,196,678,423
HGNC:5163,HPS1,200,Respiratory disorders,periferico,18968,1297,7.6455e-13,0.879,v4.1,196,678,423
HGNC:5163,HPS1,175,Haematological and immunological disorders,periferico,18968,1297,7.6455e-13,0.879,v4.1,196,678,423
HGNC:5163,HPS1,302,Metabolic disorders,periferico,18968,1297,7.6455e-13,0.879,v4.1,196,678,423
HGNC:5163,HPS1,398,Immunology,periferico,18968,1297,7.6455e-13,0.879,v4.1,196,678,423
HGNC:5163,HPS1,111,Viral research,periferico,18968,1297,7.6455e-13,0.879,v4.1,196,678,423
HGNC:5163,HPS1,511,Ophthalmology,periferico,18968,1297,7.6455e-13,0.879,v4.1,196,678,423
HGNC:5163,HPS1,484,Sin clasificar,periferico,18968,1297,7.6455e-13,0.879,v4.1,196,678,423
HGNC:5163,HPS1,128,Sin clasificar,periferico,18968,1297,7.6455e-13,0.879,v4.1,196,678,423
HGNC:8940,PHYH,307,Ophthalmology,periferico,5095,524,1.4384e-6,1.147,v4.1,71,244,209
HGNC:8940,PHYH,114,Metabolic disorders,central,5095,524,1.4384e-6,1.147,v4.1,71,244,209
HGNC:8940,PHYH,85,Neurology and neurodevelopmental disorders,periferico,5095,524,1.4384e-6,1.147,v4.1,71,244,209
HGNC:2548,CUBN,518,Haematology,periferico,13423,2575,1.0686e-57,0.756,v4.1,213,968,1394
HGNC:13733,CDH23,126,Audiology,central,20437,6226,2.8868999999999997e-32,0.685,v4.1,731,3042,2453
HGNC:1530,MICU1,207,Neurology,periferico,9844,347,1.11e-8,1.019,v4.1,45,188,114
HGNC:1530,MICU1,539,Mitochondrial,periferico,9844,347,1.11e-8,1.019,v4.1,45,188,114
HGNC:1076,BMPR1A,244,Cancer Programme,central,19612,2748,1,0.195,v4.1,326,1010,1412
HGNC:1076,BMPR1A,391,Tumour syndromes,central,19612,2748,1,0.195,v4.1,326,1010,1412
HGNC:7102,MINPP1,402,Neurology,periferico,6450,106,0.0011889,0.765,v4.1,16,22,68
HGNC:7102,MINPP1,478,Fetal (including NIPD),periferico,6450,106,0.0011889,0.765,v4.1,16,22,68
HGNC:7102,MINPP1,477,Neurology,periferico,6450,106,0.0011889,0.765,v4.1,16,22,68
HGNC:7102,MINPP1,285,Developmental disorders,periferico,6450,106,0.0011889,0.765,v4.1,16,22,68
HGNC:7102,MINPP1,162,Neurology,periferico,6450,106,0.0011889,0.765,v4.1,16,22,68
HGNC:130,ACTA2,1217,Gastrohepatology,central,9654,728,0.99431,0.472,v4.1,41,293,394
HGNC:130,ACTA2,147,Neurology,central,9654,728,0.99431,0.472,v4.1,41,293,394
HGNC:130,ACTA2,484,Sin clasificar,central,9654,728,0.99431,0.472,v4.1,41,293,394
HGNC:130,ACTA2,478,Fetal (including NIPD),central,9654,728,0.99431,0.472,v4.1,41,293,394
HGNC:6617,LIPA,529,Metabolic,periferico,13292,779,1.1486e-7,1.377,v4.1,159,322,298
HGNC:6617,LIPA,144,Dysmorphic and congenital abnormality syndromes,periferico,13292,779,1.1486e-7,1.377,v4.1,159,322,298
HGNC:1160,TWNK,533,Mitochondrial,central,4135,672,1.2032e-6,0.76,v4.1,84,180,408
HGNC:3686,FGF8,131,Endocrine disorders,central,1982,134,0.060739,0.765,v4.1,18,40,76
HGNC:3686,FGF8,650,Endocrinology,central,1982,134,0.060739,0.765,v4.1,18,40,76
HGNC:3686,FGF8,478,Fetal (including NIPD),central,1982,134,0.060739,0.765,v4.1,18,40,76
HGNC:3686,FGF8,92,Endocrine disorders,central,1982,134,0.060739,0.765,v4.1,18,40,76
HGNC:9006,PITX3,509,Ophthalmology,central,1861,93,0.76933,0.691,v4.1,8,23,62
HGNC:9006,PITX3,230,Ophthalmology,central,1861,93,0.76933,0.691,v4.1,8,23,62
HGNC:16466,SUFU,245,Cancer susceptibility,periferico,8203,1921,1,0.214,v4.1,135,754,1032
HGNC:16466,SUFU,722,Ophthalmology,periferico,8203,1921,1,0.214,v4.1,135,754,1032
HGNC:16466,SUFU,243,Cancer susceptibility,periferico,8203,1921,1,0.214,v4.1,135,754,1032
HGNC:16466,SUFU,259,Cancer Programme,periferico,8203,1921,1,0.214,v4.1,135,754,1032
HGNC:16466,SUFU,391,Tumour syndromes,periferico,8203,1921,1,0.214,v4.1,135,754,1032
HGNC:16466,SUFU,150,Ciliopathies,periferico,8203,1921,1,0.214,v4.1,135,754,1032
HGNC:16466,SUFU,477,Neurology,periferico,8203,1921,1,0.214,v4.1,135,754,1032
HGNC:29186,ANKRD26,59,Cancer susceptibility,periferico,14740,3127,1.9855e-20,0.728,v4.1,13,971,2143
HGNC:29186,ANKRD26,407,Tumour syndromes,periferico,14740,3127,1.9855e-20,0.728,v4.1,13,971,2143
HGNC:23338,ACBD5,114,Metabolic disorders,central,11859,439,2.2882e-6,0.734,v4.1,24,226,189
HGNC:23338,ACBD5,307,Ophthalmology,periferico,11859,439,2.2882e-6,0.734,v4.1,24,226,189
HGNC:25532,MTPAP,539,Mitochondrial,periferico,8471,430,0.028201,0.641,v4.1,3,223,204
HGNC:25532,MTPAP,478,Fetal (including NIPD),periferico,8471,430,0.028201,0.641,v4.1,3,223,204
HGNC:26200,STN1,568,Neurology,periferico,16821,304,3.0373e-5,0.975,v4.1,2,139,163
HGNC:19087,EBF3,484,Sin clasificar,periferico,7924,386,1,0.353,v4.1,153,66,167
HGNC:19087,EBF3,477,Neurology,periferico,7924,386,1,0.353,v4.1,153,66,167
HGNC:19087,EBF3,466,Neurology,periferico,7924,386,1,0.353,v4.1,153,66,167
HGNC:2468,SMC3,484,Sin clasificar,central,16414,780,1,0.132,v4.1,86,365,329
HGNC:2468,SMC3,478,Fetal (including NIPD),central,16414,780,1,0.132,v4.1,86,365,329
HGNC:2468,SMC3,285,Developmental disorders,central,16414,780,1,0.132,v4.1,86,365,329
HGNC:15454,SHOC2,243,Cancer susceptibility,periferico,16659,714,1,0.201,v4.1,6,332,376
HGNC:15454,SHOC2,259,Cancer Programme,periferico,16659,714,1,0.201,v4.1,6,332,376
HGNC:15454,SHOC2,131,Endocrine disorders,periferico,16659,714,1,0.201,v4.1,6,332,376
HGNC:15454,SHOC2,245,Cancer susceptibility,periferico,16659,714,1,0.201,v4.1,6,332,376
HGNC:11741,TFAM,539,Mitochondrial,central,8190,101,0.086803,0.742,v4.1,2,56,43
HGNC:11741,TFAM,112,Mitochondrial,central,8190,101,0.086803,0.742,v4.1,2,56,43
HGNC:11741,TFAM,467,Metabolic,central,8190,101,0.086803,0.742,v4.1,2,56,43
HGNC:16493,ZMIZ1,402,Neurology,periferico,13408,833,1,0.22,v4.1,63,365,405
HGNC:28908,DNAJC12,484,Sin clasificar,periferico,2425,122,8.241e-7,1.193,v4.1,22,50,50
HGNC:28908,DNAJC12,302,Metabolic disorders,periferico,2425,122,8.241e-7,1.193,v4.1,22,50,50
HGNC:28908,DNAJC12,467,Metabolic,periferico,2425,122,8.241e-7,1.193,v4.1,22,50,50
HGNC:28908,DNAJC12,285,Developmental disorders,periferico,2425,122,8.241e-7,1.193,v4.1,22,50,50
HGNC:28908,DNAJC12,478,Fetal (including NIPD),periferico,2425,122,8.241e-7,1.193,v4.1,22,50,50
HGNC:12511,UBTF,477,Neurology,periferico,7990,174,1,0.133,v4.1,7,47,120
HGNC:18505,RNF43,504,Inherited cancer,central,6371,1508,6.5215e-4,0.632,v4.1,34,537,937
HGNC:12782,WNT3,179,Neurology,periferico,6033,142,0.99982,0.367,v4.1,2,86,54
HGNC:756,ASPA,42,Neurology and neurodevelopmental disorders,periferico,6024,518,4.2807e-5,1.098,v4.1,187,194,137
HGNC:756,ASPA,484,Sin clasificar,periferico,6024,518,4.2807e-5,1.098,v4.1,187,194,137
HGNC:756,ASPA,302,Metabolic disorders,periferico,6024,518,4.2807e-5,1.098,v4.1,187,194,137
HGNC:756,ASPA,285,Developmental disorders,periferico,6024,518,4.2807e-5,1.098,v4.1,187,194,137
HGNC:756,ASPA,402,Neurology,periferico,6024,518,4.2807e-5,1.098,v4.1,187,194,137
HGNC:756,ASPA,478,Fetal (including NIPD),periferico,6024,518,4.2807e-5,1.098,v4.1,187,194,137
HGNC:756,ASPA,467,Metabolic,periferico,6024,518,4.2807e-5,1.098,v4.1,187,194,137
HGNC:9820,RAD51C,247,Dysmorphic and congenital abnormality syndromes,central,16480,2356,3.0641e-13,1.139,v4.1,358,787,1211
HGNC:7523,TRIM37,131,Endocrine disorders,periferico,8180,854,1.4743e-15,0.789,v4.1,114,494,246
HGNC:7523,TRIM37,302,Metabolic disorders,periferico,8180,854,1.4743e-15,0.789,v4.1,114,494,246
HGNC:7523,TRIM37,114,Metabolic disorders,periferico,8180,854,1.4743e-15,0.789,v4.1,114,494,246
HGNC:7523,TRIM37,81,Musculoskeletal,periferico,8180,854,1.4743e-15,0.789,v4.1,114,494,246
HGNC:7523,TRIM37,243,Cancer susceptibility,periferico,8180,854,1.4743e-15,0.789,v4.1,114,494,246
HGNC:7523,TRIM37,259,Cancer Programme,periferico,8180,854,1.4743e-15,0.789,v4.1,114,494,246
HGNC:7523,TRIM37,467,Metabolic,periferico,8180,854,1.4743e-15,0.789,v4.1,114,494,246
HGNC:7523,TRIM37,1471,Endocrinology,periferico,8180,854,1.4743e-15,0.789,v4.1,114,494,246
HGNC:30260,PNPO,285,Developmental disorders,central,5531,394,1.8868e-12,1.481,v4.1,42,182,170
HGNC:30260,PNPO,402,Neurology,central,5531,394,1.8868e-12,1.481,v4.1,42,182,170
HGNC:10436,RPS6KB1,49,Cardiology,periferico,10588,24,0.99926,0.387,v4.1,0,4,20
HGNC:8966,PIGL,294,Ophthalmological disorders,periferico,9827,157,9.8416e-5,1.239,v4.1,21,50,86
HGNC:8966,PIGL,555,Dermatology,central,9827,157,9.8416e-5,1.239,v4.1,21,50,86
HGNC:8966,PIGL,509,Ophthalmology,periferico,9827,157,9.8416e-5,1.239,v4.1,21,50,86
HGNC:4118,GALK1,230,Ophthalmology,central,2733,591,8.4112e-10,1.198,v4.1,114,308,169
HGNC:3354,ENO3,1141,Neurology,central,5464,403,4.7177e-15,1.181,v4.1,4,195,204
HGNC:3354,ENO3,66,Neurology,central,5464,403,4.7177e-15,1.181,v4.1,4,195,204
HGNC:1966,CHRNE,232,Neurology,central,3528,1469,8.8183e-22,1.298,v4.1,267,685,517
HGNC:9834,RAI1,478,Fetal (including NIPD),periferico,10307,2568,1,0.129,v4.1,239,1138,1191
HGNC:9834,RAI1,285,Developmental disorders,periferico,10307,2568,1,0.129,v4.1,239,1138,1191
HGNC:9834,RAI1,484,Sin clasificar,periferico,10307,2568,1,0.129,v4.1,239,1138,1191
HGNC:11107,SMARCD2,111,Viral research,periferico,6009,403,2.6057e-7,0.762,v4.1,28,219,156
HGNC:11107,SMARCD2,398,Immunology,periferico,6009,403,2.6057e-7,0.762,v4.1,28,219,156
HGNC:11107,SMARCD2,269,Musculoskeletal,periferico,6009,403,2.6057e-7,0.762,v4.1,28,219,156
HGNC:24123,B9D1,209,Sin clasificar,periferico,8511,264,1.0346e-4,1.023,v4.1,16,129,119
HGNC:24123,B9D1,653,Gastrohepatology,periferico,8511,264,1.0346e-4,1.023,v4.1,16,129,119
HGNC:10618,CCL2,111,Viral research,central,1935,10,0.098444,1.84,v4.1,0,2,8
HGNC:8854,PEX12,484,Sin clasificar,periferico,2819,551,2.7901e-10,1.218,v4.1,118,187,246
HGNC:8854,PEX12,114,Metabolic disorders,central,2819,551,2.7901e-10,1.218,v4.1,118,187,246
HGNC:7632,NAGLU,529,Metabolic,central,3637,1436,2.3821e-9,1.029,v4.1,297,602,537
HGNC:7632,NAGLU,288,Neurology and neurodevelopmental disorders,central,3637,1436,2.3821e-9,1.029,v4.1,297,602,537
HGNC:7632,NAGLU,749,Cardiology,periferico,3637,1436,2.3821e-9,1.029,v4.1,297,602,537
HGNC:8011,CNTNAP1,81,Musculoskeletal,periferico,7184,629,1.514e-7,0.578,v4.1,46,278,305
HGNC:2917,DLX4,81,Musculoskeletal,periferico,4160,63,4.9846e-4,1.056,v4.1,0,13,50
HGNC:2197,COL1A1,484,Sin clasificar,central,9079,3803,1,0.159,v4.1,1517,1188,1098
HGNC:2197,COL1A1,175,Haematological and immunological disorders,central,9079,3803,1,0.159,v4.1,1517,1188,1098
HGNC:2197,COL1A1,478,Fetal (including NIPD),central,9079,3803,1,0.159,v4.1,1517,1188,1098
HGNC:2197,COL1A1,545,Haematology,central,9079,3803,1,0.159,v4.1,1517,1188,1098
HGNC:2197,COL1A1,196,Musculoskeletal,central,9079,3803,1,0.159,v4.1,1517,1188,1098
HGNC:2197,COL1A1,309,Musculoskeletal,central,9079,3803,1,0.159,v4.1,1517,1188,1098
HGNC:30858,EFTUD2,251,Hearing and ear disorders,central,10600,906,1,0.145,v4.1,188,393,325
HGNC:30858,EFTUD2,402,Neurology,central,10600,906,1,0.145,v4.1,188,393,325
HGNC:30858,EFTUD2,162,Neurology,central,10600,906,1,0.145,v4.1,188,393,325
HGNC:30858,EFTUD2,484,Sin clasificar,central,10600,906,1,0.145,v4.1,188,393,325
HGNC:30858,EFTUD2,285,Developmental disorders,central,10600,906,1,0.145,v4.1,188,393,325
HGNC:30858,EFTUD2,478,Fetal (including NIPD),central,10600,906,1,0.145,v4.1,188,393,325
HGNC:9388,PRKAR1A,36,Tumour syndromes,central,16053,1334,1,0.158,v4.1,119,586,629
HGNC:9388,PRKAR1A,478,Fetal (including NIPD),central,16053,1334,1,0.158,v4.1,119,586,629
HGNC:9388,PRKAR1A,309,Musculoskeletal,central,16053,1334,1,0.158,v4.1,119,586,629
HGNC:9388,PRKAR1A,649,Endocrinology,periferico,16053,1334,1,0.158,v4.1,119,586,629
HGNC:9388,PRKAR1A,31,Endocrinology,periferico,16053,1334,1,0.158,v4.1,119,586,629
HGNC:9388,PRKAR1A,484,Sin clasificar,central,16053,1334,1,0.158,v4.1,119,586,629
HGNC:23015,FAM20A,149,Renal,periferico,7394,356,2.8931e-12,1.108,v4.1,46,132,178
HGNC:12851,YWHAE,484,Sin clasificar,central,6545,79,0.99999,0.175,v4.1,8,55,16
HGNC:12851,YWHAE,478,Fetal (including NIPD),central,6545,79,0.99999,0.175,v4.1,8,55,16
HGNC:3003,DPH1,285,Developmental disorders,periferico,6278,157,9.9258e-22,1.321,v4.1,15,36,106
HGNC:3003,DPH1,478,Fetal (including NIPD),periferico,6278,157,9.9258e-22,1.321,v4.1,15,36,106
HGNC:3003,DPH1,168,Musculoskeletal,periferico,6278,157,9.9258e-22,1.321,v4.1,15,36,106
HGNC:7573,MYH3,225,Neurology,central,7778,1922,9.1337e-16,0.604,v4.1,129,775,1018
HGNC:7573,MYH3,258,Neurology,central,7778,1922,9.1337e-16,0.604,v4.1,129,775,1018
HGNC:9118,PMP22,126,Audiology,periferico,16485,479,0.99479,0.374,v4.1,152,123,204
HGNC:16519,RAB34,484,Sin clasificar,periferico,5207,43,9.3255e-11,1.152,v4.1,4,5,34
HGNC:16519,RAB34,478,Fetal (including NIPD),periferico,5207,43,9.3255e-11,1.152,v4.1,4,5,34
HGNC:9143,PHOX2B,63,Gastroenterological disorders,central,3009,1294,0.99227,0.349,v4.1,89,473,732
HGNC:9143,PHOX2B,243,Cancer susceptibility,periferico,3009,1294,0.99227,0.349,v4.1,89,473,732
HGNC:9143,PHOX2B,1636,Inherited cancer,periferico,3009,1294,0.99227,0.349,v4.1,89,473,732
HGNC:9143,PHOX2B,259,Cancer Programme,periferico,3009,1294,0.99227,0.349,v4.1,89,473,732
HGNC:4421,GNRHR,650,Endocrinology,central,4417,217,0.44922,0.789,v4.1,45,43,129
HGNC:7794,NFKB1,111,Viral research,central,17800,954,1,0.178,v4.1,161,379,414
HGNC:7794,NFKB1,398,Immunology,central,17800,954,1,0.178,v4.1,161,379,414
HGNC:6831,MANBA,511,Ophthalmology,periferico,18094,869,2.4023e-10,0.826,v4.1,110,477,282
HGNC:6831,MANBA,402,Neurology,periferico,18094,869,2.4023e-10,0.826,v4.1,110,477,282
HGNC:2303,CPE,285,Developmental disorders,periferico,8061,157,0.83335,0.565,v4.1,8,68,81
HGNC:2303,CPE,650,Endocrinology,periferico,8061,157,0.83335,0.565,v4.1,8,68,81
HGNC:12762,WFS1,126,Audiology,central,7149,2146,1.7214e-39,1.64,v4.1,239,655,1252
HGNC:12762,WFS1,152,Endocrine disorders,central,7149,2146,1.7214e-39,1.64,v4.1,239,655,1252
HGNC:12762,WFS1,302,Metabolic disorders,periferico,7149,2146,1.7214e-39,1.64,v4.1,239,655,1252
HGNC:12762,WFS1,472,Endocrinology,central,7149,2146,1.7214e-39,1.64,v4.1,239,655,1252
HGNC:12762,WFS1,467,Metabolic,periferico,7149,2146,1.7214e-39,1.64,v4.1,239,655,1252
HGNC:2021,CLCN3,478,Fetal (including NIPD),periferico,14078,202,1,0.341,v4.1,16,20,166
HGNC:16712,FBXW7,484,Sin clasificar,central,11554,256,1,0.181,v4.1,31,83,142
HGNC:16712,FBXW7,478,Fetal (including NIPD),central,11554,256,1,0.181,v4.1,31,83,142
HGNC:16712,FBXW7,285,Developmental disorders,central,11554,256,1,0.181,v4.1,31,83,142
HGNC:4329,GLRB,847,Neurology,periferico,4523,457,0.46345,0.746,v4.1,23,215,219
HGNC:4329,GLRB,484,Sin clasificar,periferico,4523,457,0.46345,0.746,v4.1,23,215,219
HGNC:25640,UFSP2,309,Musculoskeletal,periferico,6858,101,2.8216e-10,0.935,v4.1,9,20,72
HGNC:25640,UFSP2,285,Developmental disorders,periferico,6858,101,2.8216e-10,0.935,v4.1,9,20,72
HGNC:25640,UFSP2,402,Neurology,periferico,6858,101,2.8216e-10,0.935,v4.1,9,20,72
HGNC:25640,UFSP2,478,Fetal (including NIPD),periferico,6858,101,2.8216e-10,0.935,v4.1,9,20,72
HGNC:12525,UGDH,402,Neurology,central,8592,97,1.6807e-7,0.902,v4.1,26,13,58
HGNC:2528,CTSC,467,Metabolic,periferico,27131,547,2.2986e-8,1.051,v4.1,86,252,209
HGNC:2528,CTSC,302,Metabolic disorders,periferico,27131,547,2.2986e-8,1.051,v4.1,86,252,209
HGNC:10547,SC5D,484,Sin clasificar,periferico,11849,226,5.8326e-6,1.303,v4.1,5,71,150
HGNC:10547,SC5D,285,Developmental disorders,periferico,11849,226,5.8326e-6,1.303,v4.1,5,71,150
HGNC:10547,SC5D,478,Fetal (including NIPD),periferico,11849,226,5.8326e-6,1.303,v4.1,5,71,150
HGNC:25461,PUS3,484,Sin clasificar,periferico,4109,175,1.6014e-10,1.058,v4.1,15,52,108
HGNC:25461,PUS3,478,Fetal (including NIPD),periferico,4109,175,1.6014e-10,1.058,v4.1,15,52,108
HGNC:26927,FOXRED1,534,Mitochondrial,central,8849,532,2.0617e-11,1.118,v4.1,63,283,186
HGNC:17896,PRPF19,484,Sin clasificar,central,4777,45,1,0.099,v4.1,1,0,44
HGNC:3791,FOLR1,477,Neurology,periferico,2633,287,0.13787,0.735,v4.1,32,115,140
HGNC:3791,FOLR1,467,Metabolic,periferico,2633,287,0.13787,0.735,v4.1,32,115,140
HGNC:3791,FOLR1,847,Neurology,periferico,2633,287,0.13787,0.735,v4.1,32,115,140
HGNC:3791,FOLR1,476,Neurology,periferico,2633,287,0.13787,0.735,v4.1,32,115,140
HGNC:3791,FOLR1,302,Metabolic disorders,periferico,2633,287,0.13787,0.735,v4.1,32,115,140
HGNC:3791,FOLR1,111,Viral research,periferico,2633,287,0.13787,0.735,v4.1,32,115,140
HGNC:3791,FOLR1,219,Neurology and neurodevelopmental disorders,periferico,2633,287,0.13787,0.735,v4.1,32,115,140
HGNC:3791,FOLR1,20,Neurology and neurodevelopmental disorders,periferico,2633,287,0.13787,0.735,v4.1,32,115,140
HGNC:3791,FOLR1,466,Neurology,periferico,2633,287,0.13787,0.735,v4.1,32,115,140
HGNC:3791,FOLR1,42,Neurology and neurodevelopmental disorders,periferico,2633,287,0.13787,0.735,v4.1,32,115,140
HGNC:602,APOA4,548,Renal,periferico,1594,189,5.836e-7,0.985,v4.1,2,67,120
HGNC:610,APOC3,60,Rheumatological disorders,periferico,4346,85,0.0012283,1.68,v4.1,2,40,43
HGNC:610,APOC3,502,Renal,periferico,4346,85,0.0012283,1.68,v4.1,2,40,43
HGNC:29182,CEP164,550,Respiratory,periferico,15675,1575,3.2098999999999994e-45,1.009,v4.1,135,668,772
HGNC:29182,CEP164,725,Renal,central,15675,1575,3.2098999999999994e-45,1.009,v4.1,135,668,772
HGNC:29182,CEP164,150,Ciliopathies,central,15675,1575,3.2098999999999994e-45,1.009,v4.1,135,668,772
HGNC:29182,CEP164,722,Ophthalmology,central,15675,1575,3.2098999999999994e-45,1.009,v4.1,135,668,772
HGNC:29182,CEP164,478,Fetal (including NIPD),central,15675,1575,3.2098999999999994e-45,1.009,v4.1,135,668,772
HGNC:5964,IL10RA,111,Viral research,central,8831,490,1.9555e-4,0.899,v4.1,24,211,255
HGNC:5964,IL10RA,33,Gastroenterological disorders,central,8831,490,1.9555e-4,0.899,v4.1,24,211,255
HGNC:5964,IL10RA,398,Immunology,central,8831,490,1.9555e-4,0.899,v4.1,24,211,255
HGNC:5964,IL10RA,176,Gastroenterological disorders,central,8831,490,1.9555e-4,0.899,v4.1,24,211,255
HGNC:1541,CBL,259,Cancer Programme,periferico,12721,2518,3.3116e-4,0.622,v4.1,36,876,1606
HGNC:1541,CBL,147,Neurology,periferico,12721,2518,3.3116e-4,0.622,v4.1,36,876,1606
HGNC:1541,CBL,1637,Inherited cancer,periferico,12721,2518,3.3116e-4,0.622,v4.1,36,876,1606
HGNC:1541,CBL,159,Haematological disorders,central,12721,2518,3.3116e-4,0.622,v4.1,36,876,1606
HGNC:1541,CBL,59,Cancer susceptibility,periferico,12721,2518,3.3116e-4,0.622,v4.1,36,876,1606
HGNC:1541,CBL,407,Tumour syndromes,periferico,12721,2518,3.3116e-4,0.622,v4.1,36,876,1606
HGNC:1541,CBL,484,Sin clasificar,central,12721,2518,3.3116e-4,0.622,v4.1,36,876,1606
HGNC:9706,NECTIN1,136,Dermatological disorders,central,8290,241,0.014474,0.659,v4.1,8,70,163
HGNC:21350,PDHX,112,Mitochondrial,central,14280,435,0.0014274,0.797,v4.1,40,178,217
HGNC:21350,PDHX,531,Mitochondrial,central,14280,435,0.0014274,0.797,v4.1,40,178,217
HGNC:21350,PDHX,285,Developmental disorders,central,14280,435,0.0014274,0.797,v4.1,40,178,217
HGNC:21350,PDHX,467,Metabolic,central,14280,435,0.0014274,0.797,v4.1,40,178,217
HGNC:21350,PDHX,302,Metabolic disorders,central,14280,435,0.0014274,0.797,v4.1,40,178,217
HGNC:21350,PDHX,402,Neurology,central,14280,435,0.0014274,0.797,v4.1,40,178,217
HGNC:21350,PDHX,539,Mitochondrial,central,14280,435,0.0014274,0.797,v4.1,40,178,217
HGNC:10940,SLC1A2,285,Developmental disorders,central,22939,541,0.83706,0.569,v4.1,12,292,237
HGNC:10940,SLC1A2,402,Neurology,central,22939,541,0.83706,0.569,v4.1,12,292,237
HGNC:10940,SLC1A2,484,Sin clasificar,central,22939,541,0.83706,0.569,v4.1,12,292,237
HGNC:6766,MADD,484,Sin clasificar,periferico,8856,376,7.734e-20,0.725,v4.1,39,55,282
HGNC:26965,PTPMT1,539,Mitochondrial,periferico,4316,38,0.004294,1.032,v4.1,1,10,27
HGNC:26965,PTPMT1,162,Neurology,periferico,4316,38,0.004294,1.032,v4.1,1,10,27
HGNC:26965,PTPMT1,402,Neurology,periferico,4316,38,0.004294,1.032,v4.1,1,10,27
HGNC:26965,PTPMT1,285,Developmental disorders,periferico,4316,38,0.004294,1.032,v4.1,1,10,27
HGNC:26965,PTPMT1,112,Mitochondrial,periferico,4316,38,0.004294,1.032,v4.1,1,10,27
HGNC:26965,PTPMT1,467,Metabolic,periferico,4316,38,0.004294,1.032,v4.1,1,10,27
HGNC:358,AIP,391,Tumour syndromes,periferico,3931,1210,0.28135,0.626,v4.1,73,423,714
HGNC:358,AIP,36,Tumour syndromes,periferico,3931,1210,0.28135,0.626,v4.1,73,423,714
HGNC:358,AIP,648,Endocrinology,periferico,3931,1210,0.28135,0.626,v4.1,73,423,714
HGNC:358,AIP,245,Cancer susceptibility,periferico,3931,1210,0.28135,0.626,v4.1,73,423,714
HGNC:7715,NDUFS8,534,Mitochondrial,periferico,5368,164,0.034248,0.775,v4.1,18,58,88
HGNC:7715,NDUFS8,112,Mitochondrial,central,5368,164,0.034248,0.775,v4.1,18,58,88
HGNC:7715,NDUFS8,476,Neurology,central,5368,164,0.034248,0.775,v4.1,18,58,88
HGNC:7715,NDUFS8,539,Mitochondrial,central,5368,164,0.034248,0.775,v4.1,18,58,88
HGNC:7715,NDUFS8,484,Sin clasificar,central,5368,164,0.034248,0.775,v4.1,18,58,88
HGNC:7715,NDUFS8,402,Neurology,central,5368,164,0.034248,0.775,v4.1,18,58,88
HGNC:7715,NDUFS8,467,Metabolic,central,5368,164,0.034248,0.775,v4.1,18,58,88
HGNC:7715,NDUFS8,302,Metabolic disorders,central,5368,164,0.034248,0.775,v4.1,18,58,88
HGNC:7715,NDUFS8,847,Neurology,central,5368,164,0.034248,0.775,v4.1,18,58,88
HGNC:7715,NDUFS8,180,Neurology and neurodevelopmental disorders,central,5368,164,0.034248,0.775,v4.1,18,58,88
HGNC:7715,NDUFS8,285,Developmental disorders,central,5368,164,0.034248,0.775,v4.1,18,58,88
HGNC:7715,NDUFS8,42,Neurology and neurodevelopmental disorders,central,5368,164,0.034248,0.775,v4.1,18,58,88
HGNC:11647,TCIRG1,179,Neurology,central,6431,1774,6.66e-30,1.222,v4.1,281,809,684
HGNC:11647,TCIRG1,943,Musculoskeletal,central,6431,1774,6.66e-30,1.222,v4.1,281,809,684
HGNC:1937,CHKA,162,Neurology,periferico,7457,60,3.9274e-4,0.926,v4.1,5,5,50
HGNC:1937,CHKA,402,Neurology,periferico,7457,60,3.9274e-4,0.926,v4.1,5,5,50
HGNC:30578,EXPH5,484,Sin clasificar,periferico,10956,424,3.5934e-7,1.142,v4.1,16,118,290
HGNC:17022,HPS5,511,Ophthalmology,central,12746,1160,7.0936e-15,0.797,v4.1,134,609,417
HGNC:17022,HPS5,128,Sin clasificar,central,12746,1160,7.0936e-15,0.797,v4.1,134,609,417
HGNC:12726,VWF,545,Haematology,central,11401,1913,5.1954e-27,0.639,v4.1,467,361,1085
HGNC:12726,VWF,175,Haematological and immunological disorders,central,11401,1913,5.1954e-27,0.639,v4.1,467,361,1085
HGNC:9249,PPFIBP1,476,Neurology,periferico,16856,175,1.5016999999999999e-21,0.911,v4.1,15,18,142
HGNC:9249,PPFIBP1,568,Neurology,periferico,16856,175,1.5016999999999999e-21,0.911,v4.1,15,18,142
HGNC:9249,PPFIBP1,402,Neurology,periferico,16856,175,1.5016999999999999e-21,0.911,v4.1,15,18,142
HGNC:9249,PPFIBP1,162,Neurology,periferico,16856,175,1.5016999999999999e-21,0.911,v4.1,15,18,142
HGNC:28722,COQ5,307,Ophthalmology,periferico,3110,67,6.4145e-4,0.811,v4.1,2,16,49
HGNC:10908,SLC11A2,515,Haematology,central,12698,162,8.6394e-7,0.78,v4.1,8,50,104
HGNC:7530,MVK,564,Dermatology,periferico,13137,752,9.1415e-10,0.985,v4.1,112,328,312
HGNC:7530,MVK,176,Gastroenterological disorders,periferico,13137,752,9.1415e-10,0.985,v4.1,112,328,312
HGNC:7530,MVK,565,Dermatology,central,13137,752,9.1415e-10,0.985,v4.1,112,328,312
HGNC:7530,MVK,33,Gastroenterological disorders,periferico,13137,752,9.1415e-10,0.985,v4.1,112,328,312
HGNC:7530,MVK,20,Neurology and neurodevelopmental disorders,periferico,13137,752,9.1415e-10,0.985,v4.1,112,328,312
HGNC:830,ATP5B,112,Mitochondrial,central,3525,46,0.91752,0.531,v4.1,1,2,43
HGNC:830,ATP5B,539,Mitochondrial,central,3525,46,0.91752,0.531,v4.1,1,2,43
HGNC:830,ATP5B,467,Metabolic,central,3525,46,0.91752,0.531,v4.1,1,2,43
HGNC:19737,TNS2,106,Renal,periferico,8208,538,5.9314e-9,0.612,v4.1,0,187,351
HGNC:4317,GLI1,478,Fetal (including NIPD),central,4562,212,1.318e-7,0.704,v4.1,14,42,156
HGNC:4317,GLI1,384,Musculoskeletal,central,4562,212,1.318e-7,0.704,v4.1,14,42,156
HGNC:18083,TRPV4,258,Neurology,periferico,5119,1303,6.1123e-13,0.824,v4.1,69,495,739
HGNC:3818,FOXM1,147,Neurology,periferico,5257,123,0.602,0.545,v4.1,0,19,104
HGNC:7583,MYL2,225,Neurology,central,3809,647,5.3978e-6,1.157,v4.1,19,252,376
HGNC:7583,MYL2,478,Fetal (including NIPD),central,3809,647,5.3978e-6,1.157,v4.1,19,252,376
HGNC:7583,MYL2,749,Cardiology,central,3809,647,5.3978e-6,1.157,v4.1,19,252,376
HGNC:29605,SH2B3,157,Haematology,periferico,6473,1113,5.0447e-15,1.35,v4.1,5,410,698
HGNC:6218,KCNA1,466,Neurology,central,7985,735,1.067e-4,0.935,v4.1,47,238,450
HGNC:6218,KCNA1,542,Neurology,periferico,7985,735,1.067e-4,0.935,v4.1,47,238,450
HGNC:6218,KCNA1,402,Neurology,central,7985,735,1.067e-4,0.935,v4.1,47,238,450
HGNC:6218,KCNA1,477,Neurology,central,7985,735,1.067e-4,0.935,v4.1,47,238,450
HGNC:6218,KCNA1,285,Developmental disorders,central,7985,735,1.067e-4,0.935,v4.1,47,238,450
HGNC:1785,CDKN1B,648,Endocrinology,central,10321,1153,0.24233,0.804,v4.1,142,294,717
HGNC:1785,CDKN1B,183,Cancer Programme,periferico,10321,1153,0.24233,0.804,v4.1,142,294,717
HGNC:10599,SCNN1A,550,Respiratory,periferico,8350,442,5.1789e-18,1.105,v4.1,43,117,282
HGNC:3257,EIF2B1,579,Neurology,central,3844,313,9.7941e-9,1.06,v4.1,37,173,103
HGNC:3257,EIF2B1,293,Endocrinology,periferico,3844,313,9.7941e-9,1.06,v4.1,37,173,103
HGNC:3257,EIF2B1,474,Neurology,periferico,3844,313,9.7941e-9,1.06,v4.1,37,173,103
HGNC:5438,IFNG,111,Viral research,central,1219,35,0.10704,1.095,v4.1,2,11,22
HGNC:9784,RAB5B,1638,Respiratory,periferico,7543,21,0.95294,0.533,v4.1,0,1,20
HGNC:29917,MDM1,722,Ophthalmology,periferico,7377,108,2.4602e-8,0.806,v4.1,6,9,93
HGNC:29917,MDM1,307,Ophthalmology,periferico,7377,108,2.4602e-8,0.806,v4.1,6,9,93
HGNC:1919,CHD4,81,Musculoskeletal,central,12824,802,1,0.192,v4.1,89,269,444
HGNC:1919,CHD4,478,Fetal (including NIPD),central,12824,802,1,0.192,v4.1,89,269,444
HGNC:1919,CHD4,484,Sin clasificar,central,12824,802,1,0.192,v4.1,89,269,444
HGNC:1919,CHD4,402,Neurology,central,12824,802,1,0.192,v4.1,89,269,444
HGNC:1919,CHD4,285,Developmental disorders,central,12824,802,1,0.192,v4.1,89,269,444
HGNC:1919,CHD4,101,Dysmorphic and congenital abnormality syndromes,central,12824,802,1,0.192,v4.1,89,269,444
HGNC:29670,GNPTAB,144,Dysmorphic and congenital abnormality syndromes,periferico,16540,1728,1.5001e-13,0.8,v4.1,441,819,468
HGNC:29670,GNPTAB,529,Metabolic,periferico,16540,1728,1.5001e-13,0.8,v4.1,441,819,468
HGNC:29670,GNPTAB,75,Metabolic disorders,periferico,16540,1728,1.5001e-13,0.8,v4.1,441,819,468
HGNC:29670,GNPTAB,467,Metabolic,periferico,16540,1728,1.5001e-13,0.8,v4.1,441,819,468
HGNC:29670,GNPTAB,168,Musculoskeletal,periferico,16540,1728,1.5001e-13,0.8,v4.1,441,819,468
HGNC:29670,GNPTAB,302,Metabolic disorders,periferico,16540,1728,1.5001e-13,0.8,v4.1,441,819,468
HGNC:29521,C12orf57,478,Fetal (including NIPD),periferico,2564,271,4.093e-6,1.732,v4.1,25,137,109
HGNC:29521,C12orf57,402,Neurology,periferico,2564,271,4.093e-6,1.732,v4.1,25,137,109
HGNC:29521,C12orf57,509,Ophthalmology,periferico,2564,271,4.093e-6,1.732,v4.1,25,137,109
HGNC:29521,C12orf57,484,Sin clasificar,periferico,2564,271,4.093e-6,1.732,v4.1,25,137,109
HGNC:29521,C12orf57,294,Ophthalmological disorders,periferico,2564,271,4.093e-6,1.732,v4.1,25,137,109
HGNC:29521,C12orf57,285,Developmental disorders,periferico,2564,271,4.093e-6,1.732,v4.1,25,137,109
HGNC:4707,GYS2,248,Metabolic disorders,central,11358,377,1.4812000000000002e-19,1.277,v4.1,47,156,174
HGNC:4707,GYS2,528,Metabolic,central,11358,377,1.4812000000000002e-19,1.277,v4.1,47,156,174
HGNC:9985,RFX4,285,Developmental disorders,periferico,6999,118,1,0.178,v4.1,0,7,111
HGNC:9985,RFX4,484,Sin clasificar,periferico,6999,118,1,0.178,v4.1,0,7,111
HGNC:2188,COL12A1,207,Neurology,periferico,21901,4044,1,0.375,v4.1,138,1599,2307
HGNC:17768,TDP2,402,Neurology,periferico,3549,99,1.8372e-10,1.197,v4.1,14,27,58
HGNC:21144,DSE,53,Musculoskeletal,periferico,23394,489,0.062098,0.563,v4.1,15,206,268
HGNC:21144,DSE,478,Fetal (including NIPD),periferico,23394,489,0.062098,0.563,v4.1,15,206,268
HGNC:21558,RSPH4A,178,Ciliopathies,periferico,4625,446,4.7138e-8,0.816,v4.1,58,142,246
HGNC:4204,GCNT2,230,Ophthalmology,central,10394,187,7.7917e-10,1.369,v4.1,14,72,101
HGNC:21638,CEP85L,285,Developmental disorders,periferico,9571,191,1.0923e-4,0.696,v4.1,17,47,127
HGNC:21638,CEP85L,96,Neurology,periferico,9571,191,1.0923e-4,0.696,v4.1,17,47,127
HGNC:21638,CEP85L,478,Fetal (including NIPD),periferico,9571,191,1.0923e-4,0.696,v4.1,17,47,127
HGNC:21638,CEP85L,484,Sin clasificar,periferico,9571,191,1.0923e-4,0.696,v4.1,17,47,127
HGNC:21638,CEP85L,402,Neurology,periferico,9571,191,1.0923e-4,0.696,v4.1,17,47,127
HGNC:21484,MCM9,155,Endocrine disorders,central,15938,200,5.6124e-13,0.916,v4.1,11,37,152
HGNC:19182,SASH1,559,Dermatology,periferico,17122,332,0.99999,0.412,v4.1,14,94,224
HGNC:3586,FANCE,484,Sin clasificar,central,4893,831,7.6995e-11,0.957,v4.1,79,338,414
HGNC:3586,FANCE,407,Tumour syndromes,central,4893,831,7.6995e-11,0.957,v4.1,79,338,414
HGNC:3586,FANCE,162,Neurology,central,4893,831,7.6995e-11,0.957,v4.1,79,338,414
HGNC:3586,FANCE,247,Dysmorphic and congenital abnormality syndromes,central,4893,831,7.6995e-11,0.957,v4.1,79,338,414
HGNC:3586,FANCE,59,Cancer susceptibility,central,4893,831,7.6995e-11,0.957,v4.1,79,338,414
HGNC:3586,FANCE,159,Haematological disorders,central,4893,831,7.6995e-11,0.957,v4.1,79,338,414
HGNC:3586,FANCE,285,Developmental disorders,central,4893,831,7.6995e-11,0.957,v4.1,79,338,414
HGNC:3586,FANCE,478,Fetal (including NIPD),central,4893,831,7.6995e-11,0.957,v4.1,79,338,414
HGNC:3586,FANCE,384,Musculoskeletal,central,4893,831,7.6995e-11,0.957,v4.1,79,338,414
HGNC:12423,TULP1,511,Ophthalmology,periferico,2961,859,2.9584e-14,1.019,v4.1,151,357,351
HGNC:12423,TULP1,307,Ophthalmology,central,2961,859,2.9584e-14,1.019,v4.1,151,357,351
HGNC:5981,IL17A,111,Viral research,central,1871,31,0.47775,0.776,v4.1,0,7,24
HGNC:20990,PHACTR1,402,Neurology,periferico,24490,154,1,0.336,v4.1,6,51,97
HGNC:20990,PHACTR1,484,Sin clasificar,periferico,24490,154,1,0.336,v4.1,6,51,97
HGNC:20990,PHACTR1,285,Developmental disorders,periferico,24490,154,1,0.336,v4.1,6,51,97
HGNC:21219,ICK,179,Neurology,periferico,6672,268,1.5236e-7,0.774,v4.1,6,117,145
HGNC:21219,ICK,724,Neurology,periferico,6672,268,1.5236e-7,0.774,v4.1,6,117,145
HGNC:21219,ICK,725,Renal,periferico,6672,268,1.5236e-7,0.774,v4.1,6,117,145
HGNC:14078,BACH2,176,Gastroenterological disorders,periferico,12362,588,1,0.164,v4.1,1,235,352
HGNC:20039,CAP2,749,Cardiology,periferico,4704,79,0.0030872,0.763,v4.1,4,4,71
HGNC:14263,RAB23,309,Musculoskeletal,periferico,17248,316,0.033359,0.838,v4.1,38,164,114
HGNC:13601,FBXL4,539,Mitochondrial,periferico,10083,633,6.4718e-9,0.841,v4.1,84,109,440
HGNC:13601,FBXL4,112,Mitochondrial,periferico,10083,633,6.4718e-9,0.841,v4.1,84,109,440
HGNC:13601,FBXL4,531,Mitochondrial,periferico,10083,633,6.4718e-9,0.841,v4.1,84,109,440
HGNC:13998,PRDM13,478,Fetal (including NIPD),periferico,3232,622,0.077288,0.694,v4.1,9,216,397
HGNC:13998,PRDM13,9,Endocrinology,periferico,3232,622,0.077288,0.694,v4.1,9,216,397
HGNC:13998,PRDM13,285,Developmental disorders,periferico,3232,622,0.077288,0.694,v4.1,9,216,397
HGNC:13998,PRDM13,484,Sin clasificar,periferico,3232,622,0.077288,0.694,v4.1,9,216,397
HGNC:13998,PRDM13,307,Ophthalmology,periferico,3232,622,0.077288,0.694,v4.1,9,216,397
HGNC:13998,PRDM13,477,Neurology,periferico,3232,622,0.077288,0.694,v4.1,9,216,397
HGNC:18697,ASCC3,225,Neurology,periferico,19826,337,5.2923000000000005e-25,0.677,v4.1,13,40,284
HGNC:2217,COL9A1,307,Ophthalmology,periferico,10334,1497,6.4083e-24,0.889,v4.1,101,818,578
HGNC:408,ALDH5A1,467,Metabolic,central,8665,887,2.1451e-7,0.852,v4.1,150,354,383
HGNC:408,ALDH5A1,302,Metabolic disorders,central,8665,887,2.1451e-7,0.852,v4.1,150,354,383
HGNC:408,ALDH5A1,285,Developmental disorders,central,8665,887,2.1451e-7,0.852,v4.1,150,354,383
HGNC:408,ALDH5A1,219,Neurology and neurodevelopmental disorders,periferico,8665,887,2.1451e-7,0.852,v4.1,150,354,383
HGNC:3522,EYA4,126,Audiology,central,16870,1233,0.86351,0.536,v4.1,93,440,700
HGNC:8860,PEX7,309,Musculoskeletal,periferico,4468,740,0.0018388,0.941,v4.1,142,347,251
HGNC:8860,PEX7,85,Neurology and neurodevelopmental disorders,periferico,4468,740,0.0018388,0.941,v4.1,142,347,251
HGNC:8860,PEX7,846,Neurology,periferico,4468,740,0.0018388,0.941,v4.1,142,347,251
HGNC:21143,ZBTB24,111,Viral research,periferico,10891,534,6.4022e-7,0.763,v4.1,54,268,212
HGNC:21143,ZBTB24,478,Fetal (including NIPD),periferico,10891,534,6.4022e-7,0.763,v4.1,54,268,212
HGNC:21143,ZBTB24,285,Developmental disorders,periferico,10891,534,6.4022e-7,0.763,v4.1,54,268,212
HGNC:21143,ZBTB24,398,Immunology,periferico,10891,534,6.4022e-7,0.763,v4.1,54,268,212
HGNC:21143,ZBTB24,81,Musculoskeletal,periferico,10891,534,6.4022e-7,0.763,v4.1,54,268,212
HGNC:16873,FIG4,846,Neurology,central,28973,1137,1.3237e-16,0.966,v4.1,128,503,506
HGNC:16873,FIG4,309,Musculoskeletal,periferico,28973,1137,1.3237e-16,0.966,v4.1,128,503,506
HGNC:16873,FIG4,384,Musculoskeletal,periferico,28973,1137,1.3237e-16,0.966,v4.1,128,503,506
HGNC:16873,FIG4,247,Dysmorphic and congenital abnormality syndromes,periferico,28973,1137,1.3237e-16,0.966,v4.1,128,503,506
HGNC:16873,FIG4,96,Neurology,periferico,28973,1137,1.3237e-16,0.966,v4.1,128,503,506
HGNC:16873,FIG4,85,Neurology and neurodevelopmental disorders,central,28973,1137,1.3237e-16,0.966,v4.1,128,503,506
HGNC:21213,ARFGEF3,847,Neurology,periferico,15163,328,7.8929e-10,0.588,v4.1,0,63,265
HGNC:13841,ADGRG6,846,Neurology,periferico,12981,247,0.16537,0.63,v4.1,9,78,160
HGNC:13841,ADGRG6,484,Sin clasificar,periferico,12981,247,0.16537,0.63,v4.1,9,78,160
HGNC:13841,ADGRG6,478,Fetal (including NIPD),periferico,12981,247,0.16537,0.63,v4.1,9,78,160
HGNC:3413,EPM2A,467,Metabolic,periferico,21783,493,4.004e-7,1.191,v4.1,59,187,247
HGNC:3413,EPM2A,528,Metabolic,periferico,21783,493,4.004e-7,1.191,v4.1,59,187,247
HGNC:3413,EPM2A,302,Metabolic disorders,periferico,21783,493,4.004e-7,1.191,v4.1,59,187,247
HGNC:4927,SLC39A7,111,Viral research,periferico,4003,254,2.6654e-5,0.836,v4.1,6,118,130
HGNC:4927,SLC39A7,554,Dermatology,periferico,4003,254,2.6654e-5,0.836,v4.1,6,118,130
HGNC:8772,PDE10A,484,Sin clasificar,periferico,37993,299,0.99932,0.427,v4.1,13,138,148
HGNC:8772,PDE10A,541,Neurology,periferico,37993,299,0.99932,0.427,v4.1,13,138,148
HGNC:8772,PDE10A,478,Fetal (including NIPD),periferico,37993,299,0.99932,0.427,v4.1,13,138,148
HGNC:8772,PDE10A,180,Neurology and neurodevelopmental disorders,periferico,37993,299,0.99932,0.427,v4.1,13,138,148
HGNC:20323,SMOC2,484,Sin clasificar,periferico,4984,184,3.0705e-7,0.824,v4.1,4,71,109
HGNC:20323,SMOC2,269,Musculoskeletal,periferico,4984,184,3.0705e-7,0.824,v4.1,4,71,109
HGNC:4679,GUCA1B,307,Ophthalmology,central,2270,240,4.3079e-5,1.248,v4.1,1,88,151
HGNC:9942,PRPH2,307,Ophthalmology,central,3025,825,0.0060809,0.773,v4.1,363,142,320
HGNC:9312,PPP2R5D,540,Neurology,periferico,3811,654,1,0.234,v4.1,32,302,320
HGNC:12771,WISP3,309,Musculoskeletal,periferico,2425,256,5.3805e-9,1.055,v4.1,69,108,79
HGNC:18345,FAM46A,478,Fetal (including NIPD),periferico,10992,189,0.93427,0.545,v4.1,4,101,84
HGNC:29308,FBRSL1,478,Fetal (including NIPD),periferico,10021,385,3.9024e-12,0.883,v4.1,1,70,314
HGNC:29308,FBRSL1,285,Developmental disorders,periferico,10021,385,3.9024e-12,0.883,v4.1,1,70,314
HGNC:29308,FBRSL1,162,Neurology,periferico,10021,385,3.9024e-12,0.883,v4.1,1,70,314
HGNC:13717,ENPP5,478,Fetal (including NIPD),periferico,7579,64,1.7865e-9,1.113,v4.1,0,4,60
HGNC:11595,TBX18,1537,Renal,periferico,10532,253,0.70069,0.56,v4.1,6,88,159
HGNC:11595,TBX18,156,Renal and urinary tract disorders,periferico,10532,253,0.70069,0.56,v4.1,6,88,159
HGNC:4817,HARS2,126,Audiology,periferico,4181,290,8.3014e-8,0.865,v4.1,26,99,165
HGNC:4817,HARS2,539,Mitochondrial,periferico,4181,290,8.3014e-8,0.865,v4.1,26,99,165
HGNC:1346,C7,111,Viral research,periferico,11073,664,3.8847e-13,0.926,v4.1,62,294,308
HGNC:1346,C7,398,Immunology,periferico,11073,664,3.8847e-13,0.926,v4.1,62,294,308
HGNC:4263,GHR,483,Endocrinology,periferico,14567,618,0.15729,0.65,v4.1,61,245,312
HGNC:5007,HMGCS1,225,Neurology,periferico,6627,35,1,0.176,v4.1,6,3,26
HGNC:5244,HSPA9,539,Mitochondrial,central,10006,113,0.86038,0.525,v4.1,6,29,78
HGNC:5244,HSPA9,518,Haematology,central,10006,113,0.86038,0.525,v4.1,6,29,78
HGNC:5244,HSPA9,251,Hearing and ear disorders,periferico,10006,113,0.86038,0.525,v4.1,6,29,78
HGNC:5244,HSPA9,467,Metabolic,central,10006,113,0.86038,0.525,v4.1,6,29,78
HGNC:5244,HSPA9,302,Metabolic disorders,central,10006,113,0.86038,0.525,v4.1,6,29,78
HGNC:5244,HSPA9,478,Fetal (including NIPD),central,10006,113,0.86038,0.525,v4.1,6,29,78
HGNC:5244,HSPA9,112,Mitochondrial,central,10006,113,0.86038,0.525,v4.1,6,29,78
HGNC:6664,LOX,1,Cardiovascular disorders,central,5788,681,0.97977,0.503,v4.1,56,231,394
HGNC:6664,LOX,478,Fetal (including NIPD),central,5788,681,0.97977,0.503,v4.1,56,231,394
HGNC:6664,LOX,53,Musculoskeletal,central,5788,681,0.97977,0.503,v4.1,56,231,394
HGNC:6664,LOX,700,Cardiology,central,5788,681,0.97977,0.503,v4.1,56,231,394
HGNC:11219,SPARC,309,Musculoskeletal,central,6177,257,6.426e-5,0.844,v4.1,4,158,95
HGNC:11219,SPARC,484,Sin clasificar,central,6177,257,6.426e-5,0.844,v4.1,4,158,95
HGNC:11219,SPARC,478,Fetal (including NIPD),central,6177,257,6.426e-5,0.844,v4.1,4,158,95
HGNC:5006,HMGCR,484,Sin clasificar,central,11943,73,0.99943,0.447,v4.1,7,9,57
HGNC:5006,HMGCR,207,Neurology,periferico,11943,73,0.99943,0.447,v4.1,7,9,57
HGNC:2205,COL4A3BP,285,Developmental disorders,periferico,14607,263,0.103,0.656,v4.1,13,81,169
HGNC:2205,COL4A3BP,478,Fetal (including NIPD),periferico,14607,263,0.103,0.656,v4.1,13,81,169
HGNC:2205,COL4A3BP,484,Sin clasificar,periferico,14607,263,0.103,0.656,v4.1,13,81,169
HGNC:6171,ITK,398,Immunology,central,8605,608,0.0012917,0.644,v4.1,22,291,295
HGNC:6171,ITK,407,Tumour syndromes,periferico,8605,608,0.0012917,0.644,v4.1,22,291,295
HGNC:26053,THG1L,477,Neurology,periferico,4156,66,2.1821e-6,1.114,v4.1,5,11,50
HGNC:714,ARSB,168,Musculoskeletal,periferico,10940,1022,6.1124e-13,1.032,v4.1,258,409,355
HGNC:714,ARSB,749,Cardiology,periferico,10940,1022,6.1124e-13,1.032,v4.1,258,409,355
HGNC:714,ARSB,179,Neurology,periferico,10940,1022,6.1124e-13,1.032,v4.1,258,409,355
HGNC:714,ARSB,75,Metabolic disorders,central,10940,1022,6.1124e-13,1.032,v4.1,258,409,355
HGNC:7326,MSH3,504,Inherited cancer,central,12090,5439,1.3014999999999998e-21,1.027,v4.1,614,1708,3117
HGNC:4087,GABRG2,467,Metabolic,periferico,22751,779,0.99942,0.428,v4.1,138,244,397
HGNC:4087,GABRG2,302,Metabolic disorders,periferico,22751,779,0.99942,0.428,v4.1,138,244,397
HGNC:4087,GABRG2,402,Neurology,central,22751,779,0.99942,0.428,v4.1,138,244,397
HGNC:17904,DROSHA,285,Developmental disorders,central,10675,212,1,0.39,v4.1,9,65,138
HGNC:17904,DROSHA,162,Neurology,central,10675,212,1,0.39,v4.1,9,65,138
HGNC:17904,DROSHA,402,Neurology,central,10675,212,1,0.39,v4.1,9,65,138
HGNC:17904,DROSHA,309,Musculoskeletal,central,10675,212,1,0.39,v4.1,9,65,138
HGNC:6637,LMNB1,484,Sin clasificar,central,3951,331,0.86621,0.55,v4.1,20,109,202
HGNC:6637,LMNB1,476,Neurology,periferico,3951,331,0.86621,0.55,v4.1,20,109,202
HGNC:6637,LMNB1,478,Fetal (including NIPD),central,3951,331,0.86621,0.55,v4.1,20,109,202
HGNC:6637,LMNB1,579,Neurology,periferico,3951,331,0.86621,0.55,v4.1,20,109,202
HGNC:6637,LMNB1,42,Neurology and neurodevelopmental disorders,periferico,3951,331,0.86621,0.55,v4.1,20,109,202
HGNC:6637,LMNB1,285,Developmental disorders,central,3951,331,0.86621,0.55,v4.1,20,109,202
HGNC:7945,NPR3,309,Musculoskeletal,periferico,12717,260,1.2828e-5,0.92,v4.1,8,133,119
HGNC:7945,NPR3,484,Sin clasificar,periferico,12717,260,1.2828e-5,0.92,v4.1,8,133,119
HGNC:8783,PDE4D,309,Musculoskeletal,periferico,16321,654,0.9999,0.403,v4.1,25,322,307
HGNC:8657,PCDH12,478,Fetal (including NIPD),periferico,6114,510,2.2416e-8,0.752,v4.1,33,188,289
HGNC:8657,PCDH12,402,Neurology,periferico,6114,510,2.2416e-8,0.752,v4.1,33,188,289
HGNC:8657,PCDH12,162,Neurology,periferico,6114,510,2.2416e-8,0.752,v4.1,33,188,289
HGNC:8657,PCDH12,847,Neurology,periferico,6114,510,2.2416e-8,0.752,v4.1,33,188,289
HGNC:8657,PCDH12,484,Sin clasificar,periferico,6114,510,2.2416e-8,0.752,v4.1,33,188,289
HGNC:8657,PCDH12,285,Developmental disorders,periferico,6114,510,2.2416e-8,0.752,v4.1,33,188,289
HGNC:9299,PPP2CA,484,Sin clasificar,central,6713,259,0.99995,0.315,v4.1,41,130,88
HGNC:9299,PPP2CA,402,Neurology,central,6713,259,0.99995,0.315,v4.1,41,130,88
HGNC:9299,PPP2CA,285,Developmental disorders,central,6713,259,0.99995,0.315,v4.1,41,130,88
HGNC:9299,PPP2CA,478,Fetal (including NIPD),central,6713,259,0.99995,0.315,v4.1,41,130,88
HGNC:7978,NR3C1,314,Renal and urinary tract disorders,periferico,11598,320,1,0.294,v4.1,16,61,243
HGNC:6597,LIFR,234,Renal and urinary tract disorders,periferico,17265,1403,5.0234e-10,0.798,v4.1,173,683,547
HGNC:1358,C9,111,Viral research,periferico,5460,425,4.8359e-12,1.223,v4.1,47,178,200
HGNC:20652,TXNDC15,725,Renal,periferico,6223,81,2.4837e-6,0.975,v4.1,8,19,54
HGNC:20652,TXNDC15,478,Fetal (including NIPD),periferico,6223,81,2.4837e-6,0.975,v4.1,8,19,54
HGNC:9870,RARS,402,Neurology,central,3657,447,1.1875e-16,1.079,v4.1,35,228,184
HGNC:9870,RARS,285,Developmental disorders,central,3657,447,1.1875e-16,1.079,v4.1,35,228,184
HGNC:9870,RARS,484,Sin clasificar,central,3657,447,1.1875e-16,1.079,v4.1,35,228,184
HGNC:29205,ERGIC1,478,Fetal (including NIPD),periferico,18535,41,0.035998,0.683,v4.1,2,8,31
HGNC:29205,ERGIC1,258,Neurology,periferico,18535,41,0.035998,0.683,v4.1,2,8,31
HGNC:8804,PDGFRB,474,Neurology,central,11441,822,0.93843,0.504,v4.1,28,431,363
HGNC:8804,PDGFRB,285,Developmental disorders,central,11441,822,0.93843,0.504,v4.1,28,431,363
HGNC:8804,PDGFRB,315,Neurology and neurodevelopmental disorders,central,11441,822,0.93843,0.504,v4.1,28,431,363
HGNC:8804,PDGFRB,478,Fetal (including NIPD),central,11441,822,0.93843,0.504,v4.1,28,431,363
HGNC:8804,PDGFRB,484,Sin clasificar,central,11441,822,0.93843,0.504,v4.1,28,431,363
HGNC:1805,CDX1,479,Developmental disorders,periferico,3572,55,6.5203e-4,1.625,v4.1,0,1,54
HGNC:3247,EHHADH,292,Renal,periferico,8825,270,1.1695e-8,0.873,v4.1,0,70,200
HGNC:3247,EHHADH,467,Metabolic,central,8825,270,1.1695e-8,0.873,v4.1,0,70,200
HGNC:1321,TIMMDC1,534,Mitochondrial,central,2907,134,7.7468e-6,1.023,v4.1,9,41,84
HGNC:6383,KNG1,545,Haematology,central,6942,137,0.81148,0.575,v4.1,10,27,100
HGNC:6383,KNG1,175,Haematological and immunological disorders,central,6942,137,0.81148,0.575,v4.1,10,27,100
HGNC:2037,CLDN16,292,Renal,central,3970,267,0.0078488,0.837,v4.1,48,80,139
HGNC:2037,CLDN16,149,Renal,central,3970,267,0.0078488,0.837,v4.1,48,80,139
HGNC:2037,CLDN16,467,Metabolic,periferico,3970,267,0.0078488,0.837,v4.1,48,80,139
HGNC:2037,CLDN16,302,Metabolic disorders,periferico,3970,267,0.0078488,0.837,v4.1,48,80,139
HGNC:13210,ARL6,285,Developmental disorders,periferico,6389,293,0.0088078,0.956,v4.1,52,131,110
HGNC:13210,ARL6,722,Ophthalmology,periferico,6389,293,0.0088078,0.956,v4.1,52,131,110
HGNC:13210,ARL6,543,Ophthalmology,periferico,6389,293,0.0088078,0.956,v4.1,52,131,110
HGNC:13210,ARL6,725,Renal,periferico,6389,293,0.0088078,0.956,v4.1,52,131,110
HGNC:13210,ARL6,478,Fetal (including NIPD),periferico,6389,293,0.0088078,0.956,v4.1,52,131,110
HGNC:13210,ARL6,484,Sin clasificar,periferico,6389,293,0.0088078,0.956,v4.1,52,131,110
HGNC:13210,ARL6,150,Ciliopathies,periferico,6389,293,0.0088078,0.956,v4.1,52,131,110
HGNC:7907,NPHP3,544,Gastrohepatology,periferico,11555,1430,1.4470999999999998e-21,0.873,v4.1,162,485,783
HGNC:7907,NPHP3,150,Ciliopathies,central,11555,1430,1.4470999999999998e-21,0.873,v4.1,162,485,783
HGNC:7907,NPHP3,725,Renal,central,11555,1430,1.4470999999999998e-21,0.873,v4.1,162,485,783
HGNC:7907,NPHP3,385,Gastroenterological disorders,periferico,11555,1430,1.4470999999999998e-21,0.873,v4.1,162,485,783
HGNC:7907,NPHP3,234,Renal and urinary tract disorders,periferico,11555,1430,1.4470999999999998e-21,0.873,v4.1,162,485,783
HGNC:8654,PCCB,467,Metabolic,central,12181,1340,1.1332e-4,0.843,v4.1,270,617,453
HGNC:8654,PCCB,285,Developmental disorders,central,12181,1340,1.1332e-4,0.843,v4.1,270,617,453
HGNC:8654,PCCB,302,Metabolic disorders,central,12181,1340,1.1332e-4,0.843,v4.1,270,617,453
HGNC:8654,PCCB,180,Neurology and neurodevelopmental disorders,central,12181,1340,1.1332e-4,0.843,v4.1,270,617,453
HGNC:8654,PCCB,484,Sin clasificar,central,12181,1340,1.1332e-4,0.843,v4.1,270,617,453
HGNC:8654,PCCB,847,Neurology,central,12181,1340,1.1332e-4,0.843,v4.1,270,617,453
HGNC:8654,PCCB,402,Neurology,central,12181,1340,1.1332e-4,0.843,v4.1,270,617,453
HGNC:12496,UBE3A,402,Neurology,central,19134,1218,1,0.139,v4.1,459,323,436
HGNC:12496,UBE3A,484,Sin clasificar,central,19134,1218,1,0.139,v4.1,459,323,436
HGNC:12496,UBE3A,285,Developmental disorders,central,19134,1218,1,0.139,v4.1,459,323,436
HGNC:25554,SLC25A36,112,Mitochondrial,periferico,12510,31,0.022171,0.919,v4.1,2,1,28
HGNC:25554,SLC25A36,467,Metabolic,periferico,12510,31,0.022171,0.919,v4.1,2,1,28
HGNC:8638,KAT2B,106,Renal,periferico,12680,151,0.9982,0.461,v4.1,0,66,85
HGNC:8761,PDCD10,484,Sin clasificar,periferico,14517,193,0.6364,0.924,v4.1,83,48,62
HGNC:8761,PDCD10,478,Fetal (including NIPD),periferico,14517,193,0.6364,0.924,v4.1,83,48,62
HGNC:12784,WNT5A,384,Musculoskeletal,central,9030,302,0.998,0.437,v4.1,12,120,170
HGNC:12784,WNT5A,484,Sin clasificar,central,9030,302,0.998,0.437,v4.1,12,120,170
HGNC:12784,WNT5A,234,Renal and urinary tract disorders,central,9030,302,0.998,0.437,v4.1,12,120,170
HGNC:12784,WNT5A,309,Musculoskeletal,central,9030,302,0.998,0.437,v4.1,12,120,170
HGNC:12784,WNT5A,478,Fetal (including NIPD),central,9030,302,0.998,0.437,v4.1,12,120,170
HGNC:12784,WNT5A,81,Musculoskeletal,central,9030,302,0.998,0.437,v4.1,12,120,170
HGNC:2214,COL7A1,176,Gastroenterological disorders,periferico,11400,6286,1.4204e-56,0.69,v4.1,1086,3193,2007
HGNC:2214,COL7A1,398,Immunology,periferico,11400,6286,1.4204e-56,0.69,v4.1,1086,3193,2007
HGNC:2214,COL7A1,33,Gastroenterological disorders,periferico,11400,6286,1.4204e-56,0.69,v4.1,1086,3193,2007
HGNC:11758,TFG,567,Neurology,periferico,17995,483,0.49485,0.591,v4.1,5,231,247
HGNC:11758,TFG,186,Ophthalmology,periferico,17995,483,0.49485,0.591,v4.1,5,231,247
HGNC:11758,TFG,846,Neurology,periferico,17995,483,0.49485,0.591,v4.1,5,231,247
HGNC:11758,TFG,165,Neurology and neurodevelopmental disorders,periferico,17995,483,0.49485,0.591,v4.1,5,231,247
HGNC:5320,HYAL1,529,Metabolic,periferico,4405,436,5.1904e-4,0.875,v4.1,53,209,174
HGNC:5320,HYAL1,484,Sin clasificar,periferico,4405,436,5.1904e-4,0.875,v4.1,53,209,174
HGNC:5320,HYAL1,467,Metabolic,periferico,4405,436,5.1904e-4,0.875,v4.1,53,209,174
HGNC:5320,HYAL1,302,Metabolic disorders,periferico,4405,436,5.1904e-4,0.875,v4.1,53,209,174
HGNC:24969,NPRL2,96,Neurology,periferico,3412,161,0.5771,0.564,v4.1,28,27,106
HGNC:17367,IFT57,543,Ophthalmology,periferico,6720,259,5.3666e-9,1.425,v4.1,3,104,152
HGNC:17367,IFT57,384,Musculoskeletal,central,6720,259,5.3666e-9,1.425,v4.1,3,104,152
HGNC:4180,GBE1,42,Neurology and neurodevelopmental disorders,periferico,10604,1109,1.475e-8,1.211,v4.1,207,549,353
HGNC:4180,GBE1,567,Neurology,periferico,10604,1109,1.475e-8,1.211,v4.1,207,549,353
HGNC:4180,GBE1,1141,Neurology,central,10604,1109,1.475e-8,1.211,v4.1,207,549,353
HGNC:4180,GBE1,302,Metabolic disorders,central,10604,1109,1.475e-8,1.211,v4.1,207,549,353
HGNC:4180,GBE1,474,Neurology,periferico,10604,1109,1.475e-8,1.211,v4.1,207,549,353
HGNC:4180,GBE1,528,Metabolic,central,10604,1109,1.475e-8,1.211,v4.1,207,549,353
HGNC:4180,GBE1,467,Metabolic,central,10604,1109,1.475e-8,1.211,v4.1,207,549,353
HGNC:4180,GBE1,225,Neurology,periferico,10604,1109,1.475e-8,1.211,v4.1,207,549,353
HGNC:4180,GBE1,579,Neurology,periferico,10604,1109,1.475e-8,1.211,v4.1,207,549,353
HGNC:4180,GBE1,66,Neurology,central,10604,1109,1.475e-8,1.211,v4.1,207,549,353
HGNC:12563,UMPS,302,Metabolic disorders,central,7776,287,0.0026796,0.735,v4.1,5,100,182
HGNC:12563,UMPS,484,Sin clasificar,central,7776,287,0.0026796,0.735,v4.1,5,100,182
HGNC:12563,UMPS,467,Metabolic,central,7776,287,0.0026796,0.735,v4.1,5,100,182
HGNC:12563,UMPS,285,Developmental disorders,central,7776,287,0.0026796,0.735,v4.1,5,100,182
HGNC:26255,C3orf52,553,Dermatology,periferico,8904,13,4.4267e-6,1.336,v4.1,4,1,8
HGNC:26255,C3orf52,189,Dermatological disorders,periferico,8904,13,4.4267e-6,1.336,v4.1,4,1,8
HGNC:851,ATP6V1A,484,Sin clasificar,central,7762,439,0.99998,0.391,v4.1,26,185,228
HGNC:851,ATP6V1A,285,Developmental disorders,central,7762,439,0.99998,0.391,v4.1,26,185,228
HGNC:851,ATP6V1A,402,Neurology,central,7762,439,0.99998,0.391,v4.1,26,185,228
HGNC:851,ATP6V1A,53,Musculoskeletal,periferico,7762,439,0.99998,0.391,v4.1,26,185,228
HGNC:6888,MAPKAPK3,307,Ophthalmology,periferico,11495,297,9.4441e-9,0.943,v4.1,1,105,191
HGNC:174,ACVR2B,549,Respiratory,periferico,15752,376,0.99995,0.408,v4.1,1,154,221
HGNC:25947,KLHL24,119,Dermatological disorders,periferico,15637,120,0.20694,0.649,v4.1,13,35,72
HGNC:25947,KLHL24,554,Dermatology,periferico,15637,120,0.20694,0.649,v4.1,13,35,72
HGNC:25947,KLHL24,49,Cardiology,periferico,15637,120,0.20694,0.649,v4.1,13,35,72
HGNC:25947,KLHL24,749,Cardiology,periferico,15637,120,0.20694,0.649,v4.1,13,35,72
HGNC:29185,PLCH1,78,Neurology,periferico,7207,242,1.8921e-4,0.654,v4.1,2,23,217
HGNC:11325,SSR3,467,Metabolic,periferico,10456,45,0.068475,0.816,v4.1,1,19,25
HGNC:11325,SSR3,25,Metabolic,periferico,10456,45,0.068475,0.816,v4.1,1,19,25
HGNC:26955,ZBTB47,402,Neurology,periferico,6178,168,0.011159,0.676,v4.1,1,19,148
HGNC:26955,ZBTB47,285,Developmental disorders,periferico,6178,168,0.011159,0.676,v4.1,1,19,148
HGNC:2020,CLCN2,476,Neurology,periferico,10263,685,3.1071e-15,0.786,v4.1,46,227,412
HGNC:2020,CLCN2,42,Neurology and neurodevelopmental disorders,periferico,10263,685,3.1071e-15,0.786,v4.1,46,227,412
HGNC:2020,CLCN2,579,Neurology,periferico,10263,685,3.1071e-15,0.786,v4.1,46,227,412
HGNC:3296,EIF4G1,474,Neurology,central,9214,251,1,0.048,v4.1,0,75,176
HGNC:2858,DGUOK,209,Sin clasificar,periferico,7702,403,6.2222e-8,1.115,v4.1,68,184,151
HGNC:23785,PIKFYVE,250,Ophthalmological disorders,periferico,12617,471,1.2773e-6,0.523,v4.1,27,139,305
HGNC:12858,ZAP70,111,Viral research,central,9390,566,0.0095039,0.624,v4.1,38,293,235
HGNC:12858,ZAP70,398,Immunology,central,9390,566,0.0095039,0.624,v4.1,38,293,235
HGNC:24592,STEAP3,515,Haematology,central,6932,176,3.6907e-13,1.27,v4.1,0,52,124
HGNC:9201,POMC,130,Endocrinology,central,2090,212,3.3898e-10,1.796,v4.1,21,54,137
HGNC:8515,OTOF,126,Audiology,central,8025,2402,5.4095e-65,1.017,v4.1,399,1278,725
HGNC:7224,MPV17,385,Gastroenterological disorders,central,7516,372,1.4056e-10,1.368,v4.1,92,162,118
HGNC:7224,MPV17,544,Gastrohepatology,central,7516,372,1.4056e-10,1.368,v4.1,92,162,118
HGNC:7224,MPV17,288,Neurology and neurodevelopmental disorders,periferico,7516,372,1.4056e-10,1.368,v4.1,92,162,118
HGNC:24036,APC2,96,Neurology,periferico,12635,1226,3.6028e-11,0.961,v4.1,26,475,725
HGNC:24036,APC2,478,Fetal (including NIPD),periferico,12635,1226,3.6028e-11,0.961,v4.1,26,475,725
HGNC:24036,APC2,484,Sin clasificar,periferico,12635,1226,3.6028e-11,0.961,v4.1,26,475,725
HGNC:24036,APC2,285,Developmental disorders,periferico,12635,1226,3.6028e-11,0.961,v4.1,26,475,725
HGNC:24036,APC2,402,Neurology,periferico,12635,1226,3.6028e-11,0.961,v4.1,26,475,725
HGNC:18873,IFIH1,398,Immunology,central,5373,1742,4.5803e-34,1.406,v4.1,42,644,1056
HGNC:18873,IFIH1,111,Viral research,central,5373,1742,4.5803e-34,1.406,v4.1,42,644,1056
HGNC:18873,IFIH1,568,Neurology,periferico,5373,1742,4.5803e-34,1.406,v4.1,42,644,1056
HGNC:24862,MOGS,111,Viral research,periferico,3589,622,2.6946e-10,0.85,v4.1,38,238,346
HGNC:7714,NDUFS7,180,Neurology and neurodevelopmental disorders,central,7507,365,0.1577,0.726,v4.1,19,260,86
HGNC:7714,NDUFS7,112,Mitochondrial,central,7507,365,0.1577,0.726,v4.1,19,260,86
HGNC:7714,NDUFS7,302,Metabolic disorders,central,7507,365,0.1577,0.726,v4.1,19,260,86
HGNC:7714,NDUFS7,539,Mitochondrial,central,7507,365,0.1577,0.726,v4.1,19,260,86
HGNC:7714,NDUFS7,467,Metabolic,central,7507,365,0.1577,0.726,v4.1,19,260,86
HGNC:14348,HTRA2,285,Developmental disorders,central,4488,349,2.0521e-4,0.778,v4.1,17,173,159
HGNC:13869,LOXL3,307,Ophthalmology,periferico,6531,530,1.2603e-12,0.791,v4.1,4,252,274
HGNC:4125,GALNT3,25,Metabolic,periferico,6473,533,1.2541e-7,0.804,v4.1,68,248,217
HGNC:4125,GALNT3,559,Dermatology,periferico,6473,533,1.2541e-7,0.804,v4.1,68,248,217
HGNC:4125,GALNT3,467,Metabolic,periferico,6473,533,1.2541e-7,0.804,v4.1,68,248,217
HGNC:4125,GALNT3,565,Dermatology,periferico,6473,533,1.2541e-7,0.804,v4.1,68,248,217
HGNC:4125,GALNT3,302,Metabolic disorders,periferico,6473,533,1.2541e-7,0.804,v4.1,68,248,217
HGNC:25523,CCDC88A,402,Neurology,periferico,34603,1143,1,0.25,v4.1,36,579,528
HGNC:20748,FANCL,509,Ophthalmology,periferico,37977,841,1.6815e-17,1.444,v4.1,124,381,336
HGNC:3778,FN1,478,Fetal (including NIPD),central,22560,1997,1,0.404,v4.1,30,900,1067
HGNC:3778,FN1,484,Sin clasificar,central,22560,1997,1,0.404,v4.1,30,900,1067
HGNC:3778,FN1,106,Renal,central,22560,1997,1,0.404,v4.1,30,900,1067
HGNC:3778,FN1,309,Musculoskeletal,central,22560,1997,1,0.404,v4.1,30,900,1067
HGNC:11362,STAT1,111,Viral research,central,27797,769,1,0.271,v4.1,103,369,297
HGNC:11362,STAT1,1638,Respiratory,central,27797,769,1,0.271,v4.1,103,369,297
HGNC:11362,STAT1,398,Immunology,central,27797,769,1,0.271,v4.1,103,369,297
HGNC:11362,STAT1,176,Gastroenterological disorders,central,27797,769,1,0.271,v4.1,103,369,297
HGNC:11362,STAT1,33,Gastroenterological disorders,central,27797,769,1,0.271,v4.1,103,369,297
HGNC:16046,UNC50,478,Fetal (including NIPD),periferico,7464,38,1.3259e-6,1.011,v4.1,0,6,32
HGNC:26158,ELMOD3,126,Audiology,periferico,10171,214,2.1153e-8,1.021,v4.1,1,107,106
HGNC:4247,GGCX,565,Dermatology,periferico,14452,595,2.2339e-15,0.888,v4.1,54,253,288
HGNC:4247,GGCX,545,Haematology,periferico,14452,595,2.2339e-15,0.888,v4.1,54,253,288
HGNC:10768,SF3B1,285,Developmental disorders,central,10518,75,1,0.1,v4.1,4,23,48
HGNC:10872,ST3GAL5,484,Sin clasificar,periferico,17054,502,0.0016954,0.736,v4.1,52,231,219
HGNC:10872,ST3GAL5,402,Neurology,periferico,17054,502,0.0016954,0.736,v4.1,52,231,219
HGNC:12927,ZNF142,402,Neurology,periferico,12344,458,8.1465999999999995e-22,0.832,v4.1,47,99,312
HGNC:12927,ZNF142,285,Developmental disorders,periferico,12344,458,8.1465999999999995e-22,0.832,v4.1,47,99,312
HGNC:12927,ZNF142,484,Sin clasificar,periferico,12344,458,8.1465999999999995e-22,0.832,v4.1,47,99,312
HGNC:5993,IL1R1,398,Immunology,central,9799,46,0.71878,0.629,v4.1,1,7,38
HGNC:47,ABCB6,559,Dermatology,periferico,5230,307,2.0017000000000002e-25,0.984,v4.1,10,83,214
HGNC:14025,SLC5A7,285,Developmental disorders,periferico,5556,586,0.99738,0.462,v4.1,19,234,333
HGNC:14025,SLC5A7,484,Sin clasificar,periferico,5556,586,0.99738,0.462,v4.1,19,234,333
HGNC:14025,SLC5A7,232,Neurology,central,5556,586,0.99738,0.462,v4.1,19,234,333
HGNC:14025,SLC5A7,478,Fetal (including NIPD),periferico,5556,586,0.99738,0.462,v4.1,19,234,333
HGNC:25784,DCAF17,152,Endocrine disorders,periferico,9328,582,3.4768e-7,0.855,v4.1,58,334,190
HGNC:25784,DCAF17,92,Endocrine disorders,periferico,9328,582,3.4768e-7,0.855,v4.1,58,334,190
HGNC:25784,DCAF17,472,Endocrinology,periferico,9328,582,3.4768e-7,0.855,v4.1,58,334,190
HGNC:17063,RAB3GAP1,230,Ophthalmology,periferico,22078,608,5.1538e-17,0.798,v4.1,80,260,268
HGNC:10982,SLC25A12,539,Mitochondrial,periferico,12810,547,0.87613,0.525,v4.1,22,285,240
HGNC:10982,SLC25A12,42,Neurology and neurodevelopmental disorders,periferico,12810,547,0.87613,0.525,v4.1,22,285,240
HGNC:10982,SLC25A12,476,Neurology,periferico,12810,547,0.87613,0.525,v4.1,22,285,240
HGNC:10982,SLC25A12,112,Mitochondrial,periferico,12810,547,0.87613,0.525,v4.1,22,285,240
HGNC:6530,LCT,302,Metabolic disorders,periferico,6753,983,1.7232e-11,0.62,v4.1,51,477,455
HGNC:6530,LCT,467,Metabolic,periferico,6753,983,1.7232e-11,0.62,v4.1,51,477,455
HGNC:2678,DARS,165,Neurology and neurodevelopmental disorders,periferico,10612,242,4.0557e-6,1.023,v4.1,11,109,122
HGNC:2678,DARS,567,Neurology,periferico,10612,242,4.0557e-6,1.023,v4.1,11,109,122
HGNC:10942,SLC1A4,567,Neurology,periferico,7389,442,0.0038535,0.795,v4.1,34,281,127
HGNC:10942,SLC1A4,165,Neurology and neurodevelopmental disorders,periferico,7389,442,0.0038535,0.795,v4.1,34,281,127
HGNC:10942,SLC1A4,162,Neurology,central,7389,442,0.0038535,0.795,v4.1,34,281,127
HGNC:10942,SLC1A4,568,Neurology,periferico,7389,442,0.0038535,0.795,v4.1,34,281,127
HGNC:11187,SOS1,484,Sin clasificar,central,23386,2201,1,0.288,v4.1,73,870,1258
HGNC:11187,SOS1,478,Fetal (including NIPD),central,23386,2201,1,0.288,v4.1,73,870,1258
HGNC:11187,SOS1,1471,Endocrinology,central,23386,2201,1,0.288,v4.1,73,870,1258
HGNC:11187,SOS1,285,Developmental disorders,central,23386,2201,1,0.288,v4.1,73,870,1258
HGNC:11187,SOS1,144,Dysmorphic and congenital abnormality syndromes,central,23386,2201,1,0.288,v4.1,73,870,1258
HGNC:11187,SOS1,48,Dysmorphic and congenital abnormality syndromes,central,23386,2201,1,0.288,v4.1,73,870,1258
HGNC:6469,KYNU,478,Fetal (including NIPD),periferico,21157,118,1.0563e-8,1.364,v4.1,24,19,75
HGNC:6469,KYNU,384,Musculoskeletal,periferico,21157,118,1.0563e-8,1.364,v4.1,24,19,75
HGNC:12736,WIPF1,159,Haematological disorders,periferico,20066,364,0.83225,0.565,v4.1,6,177,181
HGNC:12736,WIPF1,111,Viral research,periferico,20066,364,0.83225,0.565,v4.1,6,177,181
HGNC:8490,ORC4,309,Musculoskeletal,periferico,11351,235,0.0050398,1.532,v4.1,32,92,111
HGNC:8490,ORC4,131,Endocrine disorders,periferico,11351,235,0.0050398,1.532,v4.1,32,92,111
HGNC:8490,ORC4,484,Sin clasificar,periferico,11351,235,0.0050398,1.532,v4.1,32,92,111
HGNC:11802,TIA1,235,Neurology,periferico,11034,338,0.9488,0.517,v4.1,1,174,163
HGNC:853,ATP6V1B1,149,Renal,central,4144,862,6.0984e-9,0.827,v4.1,127,436,299
HGNC:853,ATP6V1B1,292,Renal,central,4144,862,6.0984e-9,0.827,v4.1,127,436,299
HGNC:7782,NFE2L2,484,Sin clasificar,central,15109,419,0.5022,0.575,v4.1,5,170,244
HGNC:7329,MSH6,59,Cancer susceptibility,central,17768,10491,7.9694e-20,0.841,v4.1,2285,2482,5724
HGNC:7329,MSH6,255,Tumour syndromes,central,17768,10491,7.9694e-20,0.841,v4.1,2285,2482,5724
HGNC:7329,MSH6,143,Inherited cancer,central,17768,10491,7.9694e-20,0.841,v4.1,2285,2482,5724
HGNC:7329,MSH6,244,Cancer Programme,periferico,17768,10491,7.9694e-20,0.841,v4.1,2285,2482,5724
HGNC:7329,MSH6,243,Cancer susceptibility,central,17768,10491,7.9694e-20,0.841,v4.1,2285,2482,5724
HGNC:7329,MSH6,478,Fetal (including NIPD),central,17768,10491,7.9694e-20,0.841,v4.1,2285,2482,5724
HGNC:7329,MSH6,290,Tumour syndromes,central,17768,10491,7.9694e-20,0.841,v4.1,2285,2482,5724
HGNC:7329,MSH6,259,Cancer Programme,central,17768,10491,7.9694e-20,0.841,v4.1,2285,2482,5724
HGNC:11257,SPR,285,Developmental disorders,periferico,1831,282,5.9067e-6,1.528,v4.1,36,122,124
HGNC:11257,SPR,39,Neurology and neurodevelopmental disorders,periferico,1831,282,5.9067e-6,1.528,v4.1,36,122,124
HGNC:11257,SPR,402,Neurology,periferico,1831,282,5.9067e-6,1.528,v4.1,36,122,124
HGNC:11257,SPR,477,Neurology,periferico,1831,282,5.9067e-6,1.528,v4.1,36,122,124
HGNC:11257,SPR,192,Neurology and neurodevelopmental disorders,periferico,1831,282,5.9067e-6,1.528,v4.1,36,122,124
HGNC:11257,SPR,90,Neurology and neurodevelopmental disorders,periferico,1831,282,5.9067e-6,1.528,v4.1,36,122,124
HGNC:17800,FARSB,315,Neurology and neurodevelopmental disorders,periferico,11920,221,0.0073883,1.131,v4.1,14,82,125
HGNC:17800,FARSB,544,Gastrohepatology,periferico,11920,221,0.0073883,1.131,v4.1,14,82,125
HGNC:428,ALMS1,130,Endocrinology,central,22670,7414,2.1295e-65,0.825,v4.1,1006,2804,3604
HGNC:428,ALMS1,749,Cardiology,periferico,22670,7414,2.1295e-65,0.825,v4.1,1006,2804,3604
HGNC:428,ALMS1,546,Endocrinology,periferico,22670,7414,2.1295e-65,0.825,v4.1,1006,2804,3604
HGNC:428,ALMS1,26,Endocrine disorders,periferico,22670,7414,2.1295e-65,0.825,v4.1,1006,2804,3604
HGNC:2859,DHCR24,309,Musculoskeletal,periferico,13427,365,0.048572,0.597,v4.1,6,196,163
HGNC:11953,TNR,568,Neurology,periferico,13579,284,1,0.373,v4.1,14,57,213
HGNC:11953,TNR,847,Neurology,periferico,13579,284,1,0.373,v4.1,14,57,213
HGNC:11953,TNR,285,Developmental disorders,periferico,13579,284,1,0.373,v4.1,14,57,213
HGNC:10606,SCP2,302,Metabolic disorders,central,13673,517,8.1505e-6,0.944,v4.1,27,282,208
HGNC:10606,SCP2,467,Metabolic,central,13673,517,8.1505e-6,0.944,v4.1,27,282,208
HGNC:14615,PAPPA2,131,Endocrine disorders,periferico,10926,307,1.3615e-5,0.549,v4.1,12,45,250
HGNC:24866,CEP104,484,Sin clasificar,periferico,14474,635,2.4722e-17,0.851,v4.1,52,352,231
HGNC:13394,NPHS2,156,Renal and urinary tract disorders,central,1921,621,9.7871e-12,1.319,v4.1,161,267,193
HGNC:13394,NPHS2,106,Renal,central,1921,621,9.7871e-12,1.319,v4.1,161,267,193
HGNC:16816,CHD5,285,Developmental disorders,periferico,10129,598,1,0.383,v4.1,66,78,454
HGNC:16816,CHD5,402,Neurology,periferico,10129,598,1,0.383,v4.1,66,78,454
HGNC:16816,CHD5,168,Musculoskeletal,periferico,10129,598,1,0.383,v4.1,66,78,454
HGNC:11446,STXBP3,398,Immunology,periferico,8670,66,2.314e-4,0.774,v4.1,3,2,61
HGNC:16369,PARK7,39,Neurology and neurodevelopmental disorders,central,4228,150,0.0013008,1.025,v4.1,17,76,57
HGNC:16369,PARK7,540,Neurology,central,4228,150,0.0013008,1.025,v4.1,17,76,57
HGNC:16369,PARK7,474,Neurology,central,4228,150,0.0013008,1.025,v4.1,17,76,57
HGNC:469,AMPD2,402,Neurology,periferico,9481,547,1.3901e-8,0.705,v4.1,51,270,226
HGNC:469,AMPD2,286,Neurology and neurodevelopmental disorders,periferico,9481,547,1.3901e-8,0.705,v4.1,51,270,226
HGNC:19691,MECR,192,Neurology and neurodevelopmental disorders,periferico,7558,343,5.9594e-9,0.961,v4.1,31,208,104
HGNC:16787,EDEM3,25,Metabolic,periferico,18704,141,4.8964e-6,0.671,v4.1,16,8,117
HGNC:16787,EDEM3,467,Metabolic,periferico,18704,141,4.8964e-6,0.671,v4.1,16,8,117
HGNC:19088,ASH1L,484,Sin clasificar,central,14023,964,1,0.104,v4.1,108,171,685
HGNC:19088,ASH1L,285,Developmental disorders,central,14023,964,1,0.104,v4.1,108,171,685
HGNC:25973,GON4L,478,Fetal (including NIPD),periferico,13705,34,0.64858,0.49,v4.1,4,26,4
HGNC:25973,GON4L,285,Developmental disorders,periferico,13705,34,0.64858,0.49,v4.1,4,26,4
HGNC:29796,LAMTOR2,111,Viral research,periferico,2677,83,0.94039,0.546,v4.1,0,39,44
HGNC:6764,MAD2L2,508,Haematology,central,7917,184,0.0030912,0.806,v4.1,1,111,72
HGNC:6554,LEPR,650,Endocrinology,periferico,14331,518,9.3179e-5,0.589,v4.1,35,220,263
HGNC:6554,LEPR,130,Endocrinology,central,14331,518,9.3179e-5,0.589,v4.1,35,220,263
HGNC:16951,IVNS1ABP,111,Viral research,periferico,20097,54,0.99911,0.453,v4.1,2,9,43
HGNC:16951,IVNS1ABP,398,Immunology,periferico,20097,54,0.99911,0.453,v4.1,2,9,43
HGNC:16877,MFN2,846,Neurology,central,12439,1426,5.6528e-4,0.602,v4.1,202,452,772
HGNC:16877,MFN2,466,Neurology,central,12439,1426,5.6528e-4,0.602,v4.1,202,452,772
HGNC:16877,MFN2,85,Neurology and neurodevelopmental disorders,central,12439,1426,5.6528e-4,0.602,v4.1,202,452,772
HGNC:16877,MFN2,484,Sin clasificar,central,12439,1426,5.6528e-4,0.602,v4.1,202,452,772
HGNC:9364,PRG4,258,Neurology,periferico,5106,331,1.2039e-12,0.801,v4.1,48,67,216
HGNC:20800,SLC35D1,285,Developmental disorders,periferico,14930,242,4.2354e-6,0.981,v4.1,15,140,87
HGNC:20800,SLC35D1,484,Sin clasificar,periferico,14930,242,4.2354e-6,0.981,v4.1,15,140,87
HGNC:20800,SLC35D1,302,Metabolic disorders,periferico,14930,242,4.2354e-6,0.981,v4.1,15,140,87
HGNC:30238,WLS,162,Neurology,periferico,10981,99,0.995,0.475,v4.1,4,11,84
HGNC:9998,RGS2,545,Haematology,periferico,2101,21,2.077e-5,1.101,v4.1,1,2,18
HGNC:10294,RPE65,307,Ophthalmology,central,4307,1123,2.7238e-16,0.998,v4.1,333,421,369
HGNC:19661,TNNI3K,652,Cardiology,periferico,7110,1369,1.244e-51,1.404,v4.1,5,480,884
HGNC:19661,TNNI3K,506,Cardiology,periferico,7110,1369,1.244e-51,1.404,v4.1,5,480,884
HGNC:19661,TNNI3K,749,Cardiology,periferico,7110,1369,1.244e-51,1.404,v4.1,5,480,884
HGNC:21304,ADPRHL2,477,Neurology,periferico,3199,107,3.3734e-8,1.155,v4.1,22,11,74
HGNC:21304,ADPRHL2,285,Developmental disorders,periferico,3199,107,3.3734e-8,1.155,v4.1,22,11,74
HGNC:21304,ADPRHL2,484,Sin clasificar,periferico,3199,107,3.3734e-8,1.155,v4.1,22,11,74
HGNC:21304,ADPRHL2,466,Neurology,periferico,3199,107,3.3734e-8,1.155,v4.1,22,11,74
HGNC:21304,ADPRHL2,846,Neurology,periferico,3199,107,3.3734e-8,1.155,v4.1,22,11,74
HGNC:21304,ADPRHL2,402,Neurology,periferico,3199,107,3.3734e-8,1.155,v4.1,22,11,74
HGNC:4416,GNPAT,114,Metabolic disorders,central,7343,572,0.87864,0.572,v4.1,67,323,182
HGNC:19902,RRAGC,652,Cardiology,periferico,5231,40,0.94153,0.545,v4.1,4,2,34
HGNC:19902,RRAGC,749,Cardiology,periferico,5231,40,0.94153,0.545,v4.1,4,2,34
HGNC:19902,RRAGC,478,Fetal (including NIPD),periferico,5231,40,0.94153,0.545,v4.1,4,2,34
HGNC:7468,MTR,159,Haematological disorders,periferico,19254,1439,2.5517e-9,0.625,v4.1,108,881,450
HGNC:7468,MTR,285,Developmental disorders,central,19254,1439,2.5517e-9,0.625,v4.1,108,881,450
HGNC:6298,KCNQ4,126,Audiology,central,5060,519,0.022475,0.602,v4.1,57,182,280
HGNC:393,AKT3,96,Neurology,central,21685,276,0.99015,0.482,v4.1,64,127,85
HGNC:393,AKT3,478,Fetal (including NIPD),central,21685,276,0.99015,0.482,v4.1,64,127,85
HGNC:393,AKT3,484,Sin clasificar,central,21685,276,0.99015,0.482,v4.1,64,127,85
HGNC:89,ACADM,484,Sin clasificar,central,14986,1066,6.8458e-12,1.072,v4.1,376,362,328
HGNC:89,ACADM,467,Metabolic,central,14986,1066,6.8458e-12,1.072,v4.1,376,362,328
HGNC:89,ACADM,285,Developmental disorders,central,14986,1066,6.8458e-12,1.072,v4.1,376,362,328
HGNC:89,ACADM,267,Metabolic disorders,central,14986,1066,6.8458e-12,1.072,v4.1,376,362,328
HGNC:89,ACADM,302,Metabolic disorders,central,14986,1066,6.8458e-12,1.072,v4.1,376,362,328
HGNC:10681,SDHB,467,Metabolic,central,3433,1653,0.027807,0.741,v4.1,307,531,815
HGNC:10681,SDHB,539,Mitochondrial,central,3433,1653,0.027807,0.741,v4.1,307,531,815
HGNC:10681,SDHB,217,Cancer Programme,central,3433,1653,0.027807,0.741,v4.1,307,531,815
HGNC:10681,SDHB,476,Neurology,central,3433,1653,0.027807,0.741,v4.1,307,531,815
HGNC:10681,SDHB,183,Cancer Programme,central,3433,1653,0.027807,0.741,v4.1,307,531,815
HGNC:10681,SDHB,97,Tumour syndromes,central,3433,1653,0.027807,0.741,v4.1,307,531,815
HGNC:10681,SDHB,112,Mitochondrial,central,3433,1653,0.027807,0.741,v4.1,307,531,815
HGNC:10681,SDHB,649,Endocrinology,central,3433,1653,0.027807,0.741,v4.1,307,531,815
HGNC:10681,SDHB,42,Neurology and neurodevelopmental disorders,central,3433,1653,0.027807,0.741,v4.1,307,531,815
HGNC:10681,SDHB,302,Metabolic disorders,central,3433,1653,0.027807,0.741,v4.1,307,531,815
HGNC:10681,SDHB,521,Inherited cancer,central,3433,1653,0.027807,0.741,v4.1,307,531,815
HGNC:18039,KDM5B,484,Sin clasificar,central,25461,528,1.1176999999999999e-29,0.858,v4.1,105,87,336
HGNC:18039,KDM5B,285,Developmental disorders,central,25461,528,1.1176999999999999e-29,0.858,v4.1,105,87,336
HGNC:9888,RBBP5,478,Fetal (including NIPD),central,5154,27,1,0.144,v4.1,2,5,20
HGNC:9888,RBBP5,484,Sin clasificar,central,5154,27,1,0.144,v4.1,2,5,20
HGNC:9888,RBBP5,285,Developmental disorders,central,5154,27,1,0.144,v4.1,2,5,20
HGNC:5005,HMGCL,267,Metabolic disorders,central,6254,563,3.4786e-6,1.032,v4.1,103,294,166
HGNC:5005,HMGCL,302,Metabolic disorders,central,6254,563,3.4786e-6,1.032,v4.1,103,294,166
HGNC:5005,HMGCL,467,Metabolic,central,6254,563,3.4786e-6,1.032,v4.1,103,294,166
HGNC:5005,HMGCL,285,Developmental disorders,central,6254,563,3.4786e-6,1.032,v4.1,103,294,166
HGNC:4116,GALE,545,Haematology,periferico,4777,425,5.1351e-8,0.925,v4.1,58,223,144
HGNC:11005,SLC2A1,847,Neurology,central,6772,1247,1,0.139,v4.1,354,358,535
HGNC:11005,SLC2A1,302,Metabolic disorders,central,6772,1247,1,0.139,v4.1,354,358,535
HGNC:11005,SLC2A1,484,Sin clasificar,central,6772,1247,1,0.139,v4.1,354,358,535
HGNC:11005,SLC2A1,467,Metabolic,central,6772,1247,1,0.139,v4.1,354,358,535
HGNC:11005,SLC2A1,285,Developmental disorders,central,6772,1247,1,0.139,v4.1,354,358,535
HGNC:11005,SLC2A1,402,Neurology,central,6772,1247,1,0.139,v4.1,354,358,535
HGNC:11005,SLC2A1,477,Neurology,central,6772,1247,1,0.139,v4.1,354,358,535
HGNC:16853,IPO13,509,Ophthalmology,periferico,6829,99,1,0.324,v4.1,0,6,93
HGNC:10938,SLC19A2,26,Endocrine disorders,central,9124,511,2.0312e-6,0.852,v4.1,60,236,215
HGNC:10938,SLC19A2,112,Mitochondrial,periferico,9124,511,2.0312e-6,0.852,v4.1,60,236,215
HGNC:10938,SLC19A2,293,Endocrinology,central,9124,511,2.0312e-6,0.852,v4.1,60,236,215
HGNC:10938,SLC19A2,539,Mitochondrial,periferico,9124,511,2.0312e-6,0.852,v4.1,60,236,215
HGNC:10938,SLC19A2,531,Mitochondrial,periferico,9124,511,2.0312e-6,0.852,v4.1,60,236,215
HGNC:11936,FASLG,398,Immunology,central,1954,226,0.76712,0.606,v4.1,7,106,113
HGNC:11936,FASLG,111,Viral research,central,1954,226,0.76712,0.606,v4.1,7,106,113
HGNC:25538,DARS2,846,Neurology,central,8228,501,8.0697e-13,0.923,v4.1,76,201,224
HGNC:25538,DARS2,484,Sin clasificar,central,8228,501,8.0697e-13,0.923,v4.1,76,201,224
HGNC:25538,DARS2,285,Developmental disorders,central,8228,501,8.0697e-13,0.923,v4.1,76,201,224
HGNC:25538,DARS2,477,Neurology,central,8228,501,8.0697e-13,0.923,v4.1,76,201,224
HGNC:25538,DARS2,20,Neurology and neurodevelopmental disorders,central,8228,501,8.0697e-13,0.923,v4.1,76,201,224
HGNC:25538,DARS2,476,Neurology,central,8228,501,8.0697e-13,0.923,v4.1,76,201,224
HGNC:25538,DARS2,478,Fetal (including NIPD),central,8228,501,8.0697e-13,0.923,v4.1,76,201,224
HGNC:11023,SLC35A3,402,Neurology,periferico,24674,353,0.004264,1.114,v4.1,51,207,95
HGNC:11023,SLC35A3,285,Developmental disorders,periferico,24674,353,0.004264,1.114,v4.1,51,207,95
HGNC:11023,SLC35A3,258,Neurology,periferico,24674,353,0.004264,1.114,v4.1,51,207,95
HGNC:11023,SLC35A3,478,Fetal (including NIPD),periferico,24674,353,0.004264,1.114,v4.1,51,207,95
HGNC:20603,DHDDS,302,Metabolic disorders,central,7874,620,0.90959,0.536,v4.1,42,275,303
HGNC:20603,DHDDS,402,Neurology,central,7874,620,0.90959,0.536,v4.1,42,275,303
HGNC:20603,DHDDS,307,Ophthalmology,central,7874,620,0.90959,0.536,v4.1,42,275,303
HGNC:11110,ARID1A,478,Fetal (including NIPD),central,16790,1852,1,0.141,v4.1,149,817,886
HGNC:11110,ARID1A,484,Sin clasificar,central,16790,1852,1,0.141,v4.1,149,817,886
HGNC:11110,ARID1A,81,Musculoskeletal,central,16790,1852,1,0.141,v4.1,149,817,886
HGNC:11110,ARID1A,285,Developmental disorders,central,16790,1852,1,0.141,v4.1,149,817,886
HGNC:1857,CENPF,179,Neurology,periferico,12621,933,1.0803e-39,0.734,v4.1,67,303,563
HGNC:1857,CENPF,150,Ciliopathies,periferico,12621,933,1.0803e-39,0.734,v4.1,67,303,563
HGNC:1857,CENPF,725,Renal,periferico,12621,933,1.0803e-39,0.734,v4.1,67,303,563
HGNC:1857,CENPF,509,Ophthalmology,periferico,12621,933,1.0803e-39,0.734,v4.1,67,303,563
HGNC:1857,CENPF,724,Neurology,periferico,12621,933,1.0803e-39,0.734,v4.1,67,303,563
HGNC:1857,CENPF,162,Neurology,central,12621,933,1.0803e-39,0.734,v4.1,67,303,563
HGNC:1857,CENPF,722,Ophthalmology,periferico,12621,933,1.0803e-39,0.734,v4.1,67,303,563
HGNC:13520,MESD,484,Sin clasificar,periferico,10965,106,0.058994,0.926,v4.1,8,41,57
HGNC:13520,MESD,478,Fetal (including NIPD),periferico,10965,106,0.058994,0.926,v4.1,8,41,57
HGNC:2529,CTSD,285,Developmental disorders,central,5948,809,1.4812e-6,0.886,v4.1,52,434,323
HGNC:2529,CTSD,402,Neurology,central,5948,809,1.4812e-6,0.886,v4.1,52,434,323
HGNC:2529,CTSD,529,Metabolic,central,5948,809,1.4812e-6,0.886,v4.1,52,434,323
HGNC:2529,CTSD,484,Sin clasificar,central,5948,809,1.4812e-6,0.886,v4.1,52,434,323
HGNC:2529,CTSD,478,Fetal (including NIPD),central,5948,809,1.4812e-6,0.886,v4.1,52,434,323
HGNC:17213,COLEC11,285,Developmental disorders,periferico,7170,129,2.3153e-6,1.168,v4.1,6,65,58
HGNC:17213,COLEC11,478,Fetal (including NIPD),periferico,7170,129,2.3153e-6,1.168,v4.1,6,65,58
HGNC:17213,COLEC11,309,Musculoskeletal,periferico,7170,129,2.3153e-6,1.168,v4.1,6,65,58
HGNC:17213,COLEC11,484,Sin clasificar,periferico,7170,129,2.3153e-6,1.168,v4.1,6,65,58
HGNC:17213,COLEC11,81,Musculoskeletal,periferico,7170,129,2.3153e-6,1.168,v4.1,6,65,58
HGNC:11354,STAG1,402,Neurology,periferico,15515,679,1,0.159,v4.1,62,284,333
HGNC:11389,STK11,158,Tumour syndromes,central,9254,3039,0.99991,0.364,v4.1,424,1116,1499
HGNC:11389,STK11,254,Tumour syndromes,central,9254,3039,0.99991,0.364,v4.1,424,1116,1499
HGNC:11389,STK11,524,Inherited cancer,central,9254,3039,0.99991,0.364,v4.1,424,1116,1499
HGNC:7132,KMT2A,81,Musculoskeletal,central,31469,3774,1,0.065,v4.1,555,1253,1966
HGNC:7132,KMT2A,484,Sin clasificar,central,31469,3774,1,0.065,v4.1,555,1253,1966
HGNC:7132,KMT2A,478,Fetal (including NIPD),central,31469,3774,1,0.065,v4.1,555,1253,1966
HGNC:7132,KMT2A,285,Developmental disorders,central,31469,3774,1,0.065,v4.1,555,1253,1966
HGNC:6404,KPTN,478,Fetal (including NIPD),periferico,2833,224,8.356e-10,0.988,v4.1,24,78,122
HGNC:6404,KPTN,484,Sin clasificar,periferico,2833,224,8.356e-10,0.988,v4.1,24,78,122
HGNC:6404,KPTN,168,Musculoskeletal,periferico,2833,224,8.356e-10,0.988,v4.1,24,78,122
HGNC:19181,KIF14,478,Fetal (including NIPD),central,7436,505,2.0983e-6,0.65,v4.1,43,201,261
HGNC:19181,KIF14,725,Renal,periferico,7436,505,2.0983e-6,0.65,v4.1,43,201,261
HGNC:19181,KIF14,484,Sin clasificar,central,7436,505,2.0983e-6,0.65,v4.1,43,201,261
HGNC:19181,KIF14,162,Neurology,central,7436,505,2.0983e-6,0.65,v4.1,43,201,261
HGNC:11949,TNNT2,652,Cardiology,central,15272,1145,2.824e-4,0.683,v4.1,65,452,628
HGNC:11949,TNNT2,749,Cardiology,central,15272,1145,2.824e-4,0.683,v4.1,65,452,628
HGNC:25360,DDX59,81,Musculoskeletal,periferico,6833,168,2.7973e-8,0.864,v4.1,9,65,94
HGNC:25360,DDX59,478,Fetal (including NIPD),periferico,6833,168,2.7973e-8,0.864,v4.1,9,65,94
HGNC:25360,DDX59,285,Developmental disorders,periferico,6833,168,2.7973e-8,0.864,v4.1,9,65,94
HGNC:25360,DDX59,484,Sin clasificar,periferico,6833,168,2.7973e-8,0.864,v4.1,9,65,94
HGNC:25360,DDX59,150,Ciliopathies,periferico,6833,168,2.7973e-8,0.864,v4.1,9,65,94
HGNC:25360,DDX59,122,Skeletal disorders,periferico,6833,168,2.7973e-8,0.864,v4.1,9,65,94
HGNC:25360,DDX59,722,Ophthalmology,periferico,6833,168,2.7973e-8,0.864,v4.1,9,65,94
HGNC:25360,DDX59,384,Musculoskeletal,periferico,6833,168,2.7973e-8,0.864,v4.1,9,65,94
HGNC:2411,CRYGD,484,Sin clasificar,periferico,713,100,6.8117e-6,1.796,v4.1,18,35,47
HGNC:2411,CRYGD,230,Ophthalmology,central,713,100,6.8117e-6,1.796,v4.1,18,35,47
HGNC:6350,KLF7,285,Developmental disorders,periferico,9904,72,0.99999,0.219,v4.1,1,16,55
HGNC:6350,KLF7,484,Sin clasificar,periferico,9904,72,0.99999,0.219,v4.1,1,16,55
HGNC:12405,TTR,49,Cardiology,periferico,6870,437,0.01296,1.049,v4.1,133,125,179
HGNC:12405,TTR,846,Neurology,central,6870,437,0.01296,1.049,v4.1,133,125,179
HGNC:12405,TTR,506,Cardiology,periferico,6870,437,0.01296,1.049,v4.1,133,125,179
HGNC:12405,TTR,502,Renal,central,6870,437,0.01296,1.049,v4.1,133,125,179
HGNC:12405,TTR,85,Neurology and neurodevelopmental disorders,central,6870,437,0.01296,1.049,v4.1,133,125,179
HGNC:14415,ELOVL4,847,Neurology,periferico,4344,356,0.12588,0.649,v4.1,28,137,191
HGNC:14415,ELOVL4,307,Ophthalmology,central,4344,356,0.12588,0.649,v4.1,28,137,191
HGNC:14415,ELOVL4,285,Developmental disorders,periferico,4344,356,0.12588,0.649,v4.1,28,137,191
HGNC:14415,ELOVL4,484,Sin clasificar,periferico,4344,356,0.12588,0.649,v4.1,28,137,191
HGNC:14415,ELOVL4,474,Neurology,periferico,4344,356,0.12588,0.649,v4.1,28,137,191
HGNC:14415,ELOVL4,477,Neurology,periferico,4344,356,0.12588,0.649,v4.1,28,137,191
HGNC:14415,ELOVL4,466,Neurology,periferico,4344,356,0.12588,0.649,v4.1,28,137,191
HGNC:14415,ELOVL4,478,Fetal (including NIPD),periferico,4344,356,0.12588,0.649,v4.1,28,137,191
HGNC:14415,ELOVL4,20,Neurology and neurodevelopmental disorders,periferico,4344,356,0.12588,0.649,v4.1,28,137,191
HGNC:21015,FILIP1,484,Sin clasificar,periferico,14887,182,2.4841e-10,0.711,v4.1,8,23,151
HGNC:21015,FILIP1,478,Fetal (including NIPD),periferico,14887,182,2.4841e-10,0.711,v4.1,8,23,151
HGNC:21015,FILIP1,162,Neurology,periferico,14887,182,2.4841e-10,0.711,v4.1,8,23,151
HGNC:21015,FILIP1,285,Developmental disorders,periferico,14887,182,2.4841e-10,0.711,v4.1,8,23,151
HGNC:11896,TNFAIP3,1075,Immunology,central,10827,728,1,0.209,v4.1,93,243,392
HGNC:9772,RAB32,474,Neurology,periferico,1323,28,8.5505e-7,1.339,v4.1,1,1,26
HGNC:663,ARG1,484,Sin clasificar,central,2662,584,2.3675e-4,0.833,v4.1,140,272,172
HGNC:663,ARG1,165,Neurology and neurodevelopmental disorders,periferico,2662,584,2.3675e-4,0.833,v4.1,140,272,172
HGNC:663,ARG1,402,Neurology,central,2662,584,2.3675e-4,0.833,v4.1,140,272,172
HGNC:663,ARG1,285,Developmental disorders,central,2662,584,2.3675e-4,0.833,v4.1,140,272,172
HGNC:2500,CTGF,309,Musculoskeletal,central,2422,60,2.6895e-6,1.05,v4.1,3,8,49
HGNC:2500,CTGF,478,Fetal (including NIPD),central,2422,60,2.6895e-6,1.05,v4.1,3,8,49
HGNC:2500,CTGF,81,Musculoskeletal,central,2422,60,2.6895e-6,1.05,v4.1,3,8,49
HGNC:13530,TMEM5,484,Sin clasificar,periferico,10540,448,2.146e-12,1.09,v4.1,56,214,178
HGNC:13530,TMEM5,478,Fetal (including NIPD),periferico,10540,448,2.146e-12,1.09,v4.1,56,214,178
HGNC:13530,TMEM5,509,Ophthalmology,periferico,10540,448,2.146e-12,1.09,v4.1,56,214,178
HGNC:13530,TMEM5,467,Metabolic,periferico,10540,448,2.146e-12,1.09,v4.1,56,214,178
HGNC:13530,TMEM5,302,Metabolic disorders,periferico,10540,448,2.146e-12,1.09,v4.1,56,214,178
HGNC:13530,TMEM5,285,Developmental disorders,periferico,10540,448,2.146e-12,1.09,v4.1,56,214,178
HGNC:9009,PKD2,209,Sin clasificar,central,8947,1573,1.8979e-4,0.683,v4.1,451,333,789
HGNC:9009,PKD2,283,Renal,central,8947,1573,1.8979e-4,0.683,v4.1,451,333,789
HGNC:9009,PKD2,478,Fetal (including NIPD),central,8947,1573,1.8979e-4,0.683,v4.1,451,333,789
HGNC:9009,PKD2,653,Gastrohepatology,periferico,8947,1573,1.8979e-4,0.683,v4.1,451,333,789
HGNC:17168,RAB3GAP2,509,Ophthalmology,periferico,23365,843,7.1117e-4,0.535,v4.1,49,366,428
HGNC:17168,RAB3GAP2,250,Ophthalmological disorders,periferico,23365,843,7.1117e-4,0.535,v4.1,49,366,428
HGNC:29250,WDR35,484,Sin clasificar,central,12411,883,1.4175999999999998e-21,0.776,v4.1,79,311,493
HGNC:29250,WDR35,168,Musculoskeletal,periferico,12411,883,1.4175999999999998e-21,0.776,v4.1,79,311,493
HGNC:29250,WDR35,478,Fetal (including NIPD),central,12411,883,1.4175999999999998e-21,0.776,v4.1,79,311,493
HGNC:1583,CCND2,478,Fetal (including NIPD),central,9516,165,0.99932,0.385,v4.1,17,70,78
HGNC:1583,CCND2,484,Sin clasificar,central,9516,165,0.99932,0.385,v4.1,17,70,78
HGNC:3680,FGF23,309,Musculoskeletal,central,4714,255,0.0087695,1.608,v4.1,13,75,167
HGNC:3680,FGF23,559,Dermatology,central,4714,255,0.0087695,1.608,v4.1,13,75,167
HGNC:7698,NDUFB3,534,Mitochondrial,periferico,3809,45,0.0029987,1.457,v4.1,5,15,25
HGNC:4666,GTF3C3,402,Neurology,periferico,11668,101,4.625e-8,0.983,v4.1,11,15,75
HGNC:4666,GTF3C3,478,Fetal (including NIPD),periferico,11668,101,4.625e-8,0.983,v4.1,11,15,75
HGNC:4666,GTF3C3,285,Developmental disorders,periferico,11668,101,4.625e-8,0.983,v4.1,11,15,75
HGNC:4666,GTF3C3,484,Sin clasificar,periferico,11668,101,4.625e-8,0.983,v4.1,11,15,75
HGNC:4666,GTF3C3,162,Neurology,periferico,11668,101,4.625e-8,0.983,v4.1,11,15,75
HGNC:21637,SATB2,484,Sin clasificar,central,19508,912,1,0.077,v4.1,222,425,265
HGNC:21637,SATB2,285,Developmental disorders,central,19508,912,1,0.077,v4.1,222,425,265
HGNC:17995,TRPM6,467,Metabolic,periferico,10342,963,0.019828,0.494,v4.1,68,345,550
HGNC:17995,TRPM6,302,Metabolic disorders,periferico,10342,963,0.019828,0.494,v4.1,68,345,550
HGNC:28296,WDR34,122,Skeletal disorders,central,2679,583,8.6153e-12,1.036,v4.1,53,272,258
HGNC:16524,RAB14,484,Sin clasificar,periferico,7708,11,0.99982,0.224,v4.1,0,2,9
HGNC:7692,NDUFA8,112,Mitochondrial,central,2866,36,5.9673e-4,1.108,v4.1,3,2,31
HGNC:7692,NDUFA8,539,Mitochondrial,central,2866,36,5.9673e-4,1.108,v4.1,3,2,31
HGNC:7692,NDUFA8,467,Metabolic,central,2866,36,5.9673e-4,1.108,v4.1,3,2,31
HGNC:17870,INVS,478,Fetal (including NIPD),central,19624,1125,1.7464e-21,0.941,v4.1,125,462,538
HGNC:23159,ALG2,232,Neurology,periferico,5296,372,5.5991e-12,1.408,v4.1,13,146,213
HGNC:2439,CSF3R,398,Immunology,central,11819,771,3.6121e-9,0.726,v4.1,51,289,431
HGNC:2439,CSF3R,519,Haematology,central,11819,771,3.6121e-9,0.726,v4.1,51,289,431
HGNC:4021,KDSR,556,Dermatology,periferico,12237,62,0.043514,0.965,v4.1,7,9,46
HGNC:4021,KDSR,545,Haematology,periferico,12237,62,0.043514,0.965,v4.1,7,9,46
HGNC:4021,KDSR,555,Dermatology,periferico,12237,62,0.043514,0.965,v4.1,7,9,46
HGNC:4021,KDSR,215,Dermatological disorders,periferico,12237,62,0.043514,0.965,v4.1,7,9,46
HGNC:4021,KDSR,175,Haematological and immunological disorders,periferico,12237,62,0.043514,0.965,v4.1,7,9,46
HGNC:1975,VSX2,34,Ophthalmological disorders,central,3018,534,4.2463e-10,1.35,v4.1,53,309,172
HGNC:1975,VSX2,509,Ophthalmology,central,3018,534,4.2463e-10,1.35,v4.1,53,309,172
HGNC:1975,VSX2,294,Ophthalmological disorders,central,3018,534,4.2463e-10,1.35,v4.1,53,309,172
HGNC:18591,NEK9,258,Neurology,periferico,13791,213,9.3511e-13,0.837,v4.1,22,58,133
HGNC:18591,NEK9,564,Dermatology,periferico,13791,213,9.3511e-13,0.837,v4.1,22,58,133
HGNC:29669,IFT43,285,Developmental disorders,periferico,8775,321,1.1041e-9,1.282,v4.1,39,157,125
HGNC:29669,IFT43,122,Skeletal disorders,periferico,8775,321,1.1041e-9,1.282,v4.1,39,157,125
HGNC:14537,NPC2,544,Gastrohepatology,periferico,4244,300,2.2188e-6,1.422,v4.1,60,157,83
HGNC:14537,NPC2,385,Gastroenterological disorders,periferico,4244,300,2.2188e-6,1.422,v4.1,60,157,83
HGNC:23247,DNAL1,549,Respiratory,periferico,9344,142,2.009e-5,1.47,v4.1,12,85,45
HGNC:23247,DNAL1,178,Ciliopathies,periferico,9344,142,2.009e-5,1.47,v4.1,12,85,45
HGNC:23247,DNAL1,550,Respiratory,periferico,9344,142,2.009e-5,1.47,v4.1,12,85,45
HGNC:23247,DNAL1,478,Fetal (including NIPD),periferico,9344,142,2.009e-5,1.47,v4.1,12,85,45
HGNC:14282,IRF2BPL,402,Neurology,periferico,4166,595,0.90987,0.544,v4.1,109,145,341
HGNC:14282,IRF2BPL,847,Neurology,periferico,4166,595,0.90987,0.544,v4.1,109,145,341
HGNC:14282,IRF2BPL,477,Neurology,periferico,4166,595,0.90987,0.544,v4.1,109,145,341
HGNC:14282,IRF2BPL,466,Neurology,periferico,4166,595,0.90987,0.544,v4.1,109,145,341
HGNC:6715,LTBP2,249,Ophthalmological disorders,central,9098,1679,1.0051e-11,0.595,v4.1,78,790,811
HGNC:6715,LTBP2,509,Ophthalmology,central,9098,1679,1.0051e-11,0.595,v4.1,78,790,811
HGNC:20105,FLVCR2,179,Neurology,periferico,4941,269,3.3589e-6,0.9,v4.1,22,111,136
HGNC:20105,FLVCR2,42,Neurology and neurodevelopmental disorders,periferico,4941,269,3.3589e-6,0.9,v4.1,22,111,136
HGNC:20105,FLVCR2,484,Sin clasificar,periferico,4941,269,3.3589e-6,0.9,v4.1,22,111,136
HGNC:20105,FLVCR2,476,Neurology,periferico,4941,269,3.3589e-6,0.9,v4.1,22,111,136
HGNC:20105,FLVCR2,478,Fetal (including NIPD),periferico,4941,269,3.3589e-6,0.9,v4.1,22,111,136
HGNC:20105,FLVCR2,285,Developmental disorders,periferico,4941,269,3.3589e-6,0.9,v4.1,22,111,136
HGNC:20105,FLVCR2,147,Neurology,periferico,4941,269,3.3589e-6,0.9,v4.1,22,111,136
HGNC:68,ABCD4,478,Fetal (including NIPD),periferico,10168,551,4.0217e-10,0.772,v4.1,45,313,193
HGNC:11769,TGFB3,478,Fetal (including NIPD),central,6366,725,1,0.249,v4.1,83,253,389
HGNC:11769,TGFB3,484,Sin clasificar,central,6366,725,1,0.249,v4.1,83,253,389
HGNC:3258,EIF2B2,579,Neurology,central,6219,330,1.6143e-10,1.25,v4.1,39,175,116
HGNC:3258,EIF2B2,230,Ophthalmology,periferico,6219,330,1.6143e-10,1.25,v4.1,39,175,116
HGNC:3258,EIF2B2,477,Neurology,central,6219,330,1.6143e-10,1.25,v4.1,39,175,116
HGNC:20233,COQ6,467,Metabolic,central,8225,391,2.5926e-11,0.972,v4.1,31,173,187
HGNC:20233,COQ6,106,Renal,central,8225,391,2.5926e-11,0.972,v4.1,31,173,187
HGNC:20233,COQ6,156,Renal and urinary tract disorders,central,8225,391,2.5926e-11,0.972,v4.1,31,173,187
HGNC:20233,COQ6,302,Metabolic disorders,central,8225,391,2.5926e-11,0.972,v4.1,31,173,187
HGNC:2978,DNMT3A,484,Sin clasificar,central,15677,1337,3.0683999999999996e-146,1.998,v4.1,219,568,550
HGNC:2978,DNMT3A,285,Developmental disorders,central,15677,1337,3.0683999999999996e-146,1.998,v4.1,219,568,550
HGNC:2978,DNMT3A,478,Fetal (including NIPD),central,15677,1337,3.0683999999999996e-146,1.998,v4.1,219,568,550
HGNC:14312,CRIPT,131,Endocrine disorders,periferico,12407,91,0.18985,1.852,v4.1,12,46,33
HGNC:14312,CRIPT,484,Sin clasificar,periferico,12407,91,0.18985,1.852,v4.1,12,46,33
HGNC:14312,CRIPT,478,Fetal (including NIPD),periferico,12407,91,0.18985,1.852,v4.1,12,46,33
HGNC:14312,CRIPT,162,Neurology,periferico,12407,91,0.18985,1.852,v4.1,12,46,33
HGNC:11529,EPCAM,484,Sin clasificar,central,4285,1014,4.2301e-6,1.341,v4.1,80,363,571
HGNC:11529,EPCAM,504,Inherited cancer,periferico,4285,1014,4.2301e-6,1.341,v4.1,80,363,571
HGNC:11529,EPCAM,514,Gastrohepatology,central,4285,1014,4.2301e-6,1.341,v4.1,80,363,571
HGNC:10933,SLC17A5,42,Neurology and neurodevelopmental disorders,central,8794,745,1.1116e-9,1.065,v4.1,155,351,239
HGNC:10933,SLC17A5,477,Neurology,periferico,8794,745,1.1116e-9,1.065,v4.1,155,351,239
HGNC:10933,SLC17A5,529,Metabolic,periferico,8794,745,1.1116e-9,1.065,v4.1,155,351,239
HGNC:10933,SLC17A5,285,Developmental disorders,periferico,8794,745,1.1116e-9,1.065,v4.1,155,351,239
HGNC:10933,SLC17A5,302,Metabolic disorders,periferico,8794,745,1.1116e-9,1.065,v4.1,155,351,239
HGNC:10933,SLC17A5,478,Fetal (including NIPD),periferico,8794,745,1.1116e-9,1.065,v4.1,155,351,239
HGNC:10933,SLC17A5,467,Metabolic,periferico,8794,745,1.1116e-9,1.065,v4.1,155,351,239
HGNC:10933,SLC17A5,309,Musculoskeletal,periferico,8794,745,1.1116e-9,1.065,v4.1,155,351,239
HGNC:10933,SLC17A5,484,Sin clasificar,periferico,8794,745,1.1116e-9,1.065,v4.1,155,351,239
HGNC:10933,SLC17A5,476,Neurology,periferico,8794,745,1.1116e-9,1.065,v4.1,155,351,239
HGNC:10933,SLC17A5,144,Dysmorphic and congenital abnormality syndromes,periferico,8794,745,1.1116e-9,1.065,v4.1,155,351,239
HGNC:21378,OGFRL1,1075,Immunology,periferico,10084,62,5.6953e-6,1.306,v4.1,0,2,60
HGNC:17814,SLF2,484,Sin clasificar,periferico,9919,181,4.7302e-6,0.672,v4.1,8,22,151
HGNC:17814,SLF2,162,Neurology,periferico,9919,181,4.7302e-6,0.672,v4.1,8,22,151
HGNC:17814,SLF2,1471,Endocrinology,periferico,9919,181,4.7302e-6,0.672,v4.1,8,22,151
HGNC:17814,SLF2,478,Fetal (including NIPD),periferico,9919,181,4.7302e-6,0.672,v4.1,8,22,151
HGNC:13831,WDR11,650,Endocrinology,periferico,11487,541,5.057e-8,0.617,v4.1,18,268,255
HGNC:13831,WDR11,162,Neurology,periferico,11487,541,5.057e-8,0.617,v4.1,18,268,255
HGNC:13831,WDR11,92,Endocrine disorders,periferico,11487,541,5.057e-8,0.617,v4.1,18,268,255
HGNC:13831,WDR11,484,Sin clasificar,periferico,11487,541,5.057e-8,0.617,v4.1,18,268,255
HGNC:7392,MSX2,168,Musculoskeletal,central,2255,275,0.0093402,1.013,v4.1,23,114,138
HGNC:7392,MSX2,309,Musculoskeletal,central,2255,275,0.0093402,1.013,v4.1,23,114,138
HGNC:11724,TEK,563,Dermatology,central,7007,475,1,0.368,v4.1,62,195,218
HGNC:11724,TEK,478,Fetal (including NIPD),central,7007,475,1,0.368,v4.1,62,195,218
HGNC:11724,TEK,249,Ophthalmological disorders,periferico,7007,475,1,0.368,v4.1,62,195,218
HGNC:4572,GRIA2,402,Neurology,central,17969,246,1,0.15,v4.1,42,40,164
HGNC:4572,GRIA2,285,Developmental disorders,central,17969,246,1,0.15,v4.1,42,40,164
HGNC:4572,GRIA2,484,Sin clasificar,central,17969,246,1,0.15,v4.1,42,40,164
HGNC:24097,ARAP3,65,Cardiology,periferico,7996,218,1.0218e-9,0.598,v4.1,0,14,204
HGNC:14049,MRPS14,478,Fetal (including NIPD),central,3754,63,8.0944e-5,1.264,v4.1,1,16,46
HGNC:11655,TCP1,478,Fetal (including NIPD),central,5685,81,1,0.22,v4.1,7,4,70
HGNC:11655,TCP1,484,Sin clasificar,central,5685,81,1,0.22,v4.1,7,4,70
HGNC:11655,TCP1,285,Developmental disorders,central,5685,81,1,0.22,v4.1,7,4,70
HGNC:11655,TCP1,402,Neurology,central,5685,81,1,0.22,v4.1,7,4,70
HGNC:6266,KCNJ5,229,Neurology and neurodevelopmental disorders,periferico,8557,523,0.0081482,0.912,v4.1,8,208,307
HGNC:23088,SLC10A7,484,Sin clasificar,periferico,15566,81,1.9084e-5,0.966,v4.1,7,34,40
HGNC:23088,SLC10A7,478,Fetal (including NIPD),periferico,15566,81,1.9084e-5,0.966,v4.1,7,34,40
HGNC:23088,SLC10A7,269,Musculoskeletal,periferico,15566,81,1.9084e-5,0.966,v4.1,7,34,40
HGNC:25428,KIAA1217,101,Dysmorphic and congenital abnormality syndromes,periferico,15670,309,2.8447e-10,0.62,v4.1,0,32,277
HGNC:11926,TNFSF11,309,Musculoskeletal,central,2765,262,0.66126,0.603,v4.1,5,126,131
HGNC:11926,TNFSF11,943,Musculoskeletal,central,2765,262,0.66126,0.603,v4.1,5,126,131
HGNC:11926,TNFSF11,111,Viral research,central,2765,262,0.66126,0.603,v4.1,5,126,131
HGNC:20597,UFM1,476,Neurology,periferico,5544,48,0.62139,0.85,v4.1,5,23,20
HGNC:20597,UFM1,162,Neurology,periferico,5544,48,0.62139,0.85,v4.1,5,23,20
HGNC:20597,UFM1,402,Neurology,periferico,5544,48,0.62139,0.85,v4.1,5,23,20
HGNC:17035,EXOSC8,79,Neurology,periferico,14412,128,1.2734e-7,1.944,v4.1,3,56,69
HGNC:11771,TGFBI,658,Ophthalmology,central,10761,220,1.214e-11,0.856,v4.1,22,41,157
HGNC:11771,TGFBI,250,Ophthalmological disorders,central,10761,220,1.214e-11,0.856,v4.1,22,41,157
HGNC:24624,SIL1,466,Neurology,central,7869,413,2.4121e-11,1.023,v4.1,35,166,212
HGNC:24624,SIL1,66,Neurology,periferico,7869,413,2.4121e-11,1.023,v4.1,35,166,212
HGNC:24624,SIL1,20,Neurology and neurodevelopmental disorders,central,7869,413,2.4121e-11,1.023,v4.1,35,166,212
HGNC:24624,SIL1,285,Developmental disorders,central,7869,413,2.4121e-11,1.023,v4.1,35,166,212
HGNC:24624,SIL1,207,Neurology,periferico,7869,413,2.4121e-11,1.023,v4.1,35,166,212
HGNC:24624,SIL1,477,Neurology,central,7869,413,2.4121e-11,1.023,v4.1,35,166,212
HGNC:24624,SIL1,1141,Neurology,periferico,7869,413,2.4121e-11,1.023,v4.1,35,166,212
HGNC:12399,MYOT,185,Neurology,central,2908,502,1.1112e-6,0.923,v4.1,10,163,329
HGNC:12399,MYOT,235,Neurology,central,2908,502,1.1112e-6,0.923,v4.1,10,163,329
HGNC:1337,KDM3B,126,Audiology,periferico,8412,443,1,0.117,v4.1,47,93,303
HGNC:1337,KDM3B,1471,Endocrinology,periferico,8412,443,1,0.117,v4.1,47,93,303
HGNC:1337,KDM3B,243,Cancer susceptibility,periferico,8412,443,1,0.117,v4.1,47,93,303
HGNC:25358,RNF170,466,Neurology,periferico,9340,60,0.74312,0.664,v4.1,7,10,43
HGNC:25358,RNF170,477,Neurology,periferico,9340,60,0.74312,0.664,v4.1,7,10,43
HGNC:25358,RNF170,20,Neurology and neurodevelopmental disorders,periferico,9340,60,0.74312,0.664,v4.1,7,10,43
HGNC:11571,TARDBP,474,Neurology,central,8487,290,1,0.229,v4.1,25,119,146
HGNC:11254,SPOP,285,Developmental disorders,central,8245,230,0.99995,0.377,v4.1,12,13,205
HGNC:11254,SPOP,484,Sin clasificar,central,8245,230,0.99995,0.377,v4.1,12,13,205
HGNC:11254,SPOP,478,Fetal (including NIPD),central,8245,230,0.99995,0.377,v4.1,12,13,205
HGNC:6685,LRAT,307,Ophthalmology,central,9173,282,0.0010654,1.214,v4.1,35,82,165
HGNC:25907,CEP89,537,Mitochondrial,periferico,11383,356,1.0671e-17,1.173,v4.1,1,139,216
HGNC:25907,CEP89,539,Mitochondrial,periferico,11383,356,1.0671e-17,1.173,v4.1,1,139,216
HGNC:30700,TSHZ3,478,Fetal (including NIPD),periferico,15241,196,1,0.263,v4.1,1,36,159
HGNC:26162,PYROXD1,478,Fetal (including NIPD),periferico,7501,433,3.8839e-5,1.107,v4.1,29,232,172
HGNC:26162,PYROXD1,225,Neurology,periferico,7501,433,3.8839e-5,1.107,v4.1,29,232,172
HGNC:26162,PYROXD1,207,Neurology,periferico,7501,433,3.8839e-5,1.107,v4.1,29,232,172
HGNC:26162,PYROXD1,484,Sin clasificar,periferico,7501,433,3.8839e-5,1.107,v4.1,29,232,172
HGNC:10061,RNF2,285,Developmental disorders,central,6670,38,0.99993,0.321,v4.1,1,3,34
HGNC:10061,RNF2,478,Fetal (including NIPD),central,6670,38,0.99993,0.321,v4.1,1,3,34
HGNC:2481,CSTA,484,Sin clasificar,periferico,1582,30,0.12232,1.219,v4.1,6,10,14
HGNC:17648,POPDC2,506,Cardiology,periferico,5219,60,4.8129e-6,1.056,v4.1,0,1,59
HGNC:4281,GJA8,230,Ophthalmology,central,1392,370,1.2646e-5,1.304,v4.1,117,52,201
HGNC:8857,PEX16,478,Fetal (including NIPD),periferico,3590,655,9.9638e-10,0.957,v4.1,42,363,250
HGNC:8857,PEX16,484,Sin clasificar,periferico,3590,655,9.9638e-10,0.957,v4.1,42,363,250
HGNC:8857,PEX16,466,Neurology,periferico,3590,655,9.9638e-10,0.957,v4.1,42,363,250
HGNC:8857,PEX16,477,Neurology,periferico,3590,655,9.9638e-10,0.957,v4.1,42,363,250
HGNC:8857,PEX16,20,Neurology and neurodevelopmental disorders,periferico,3590,655,9.9638e-10,0.957,v4.1,42,363,250
HGNC:1516,CAT,114,Metabolic disorders,periferico,7387,66,1.644e-8,0.9,v4.1,5,30,31
HGNC:4288,GJB6,555,Dermatology,periferico,3521,233,3.4146e-5,1.524,v4.1,12,86,135
HGNC:4288,GJB6,215,Dermatological disorders,periferico,3521,233,3.4146e-5,1.524,v4.1,12,86,135
HGNC:4277,GJA3,230,Ophthalmology,central,5807,285,0.13111,1.922,v4.1,40,62,183
HGNC:18116,KHDRBS1,155,Endocrine disorders,periferico,5910,35,0.99849,0.394,v4.1,1,0,34
HGNC:1603,CCR2,111,Viral research,central,4105,56,0.048055,1.825,v4.1,6,11,39
HGNC:8975,PIK3CA,179,Neurology,central,18210,1602,1,0.221,v4.1,113,789,700
HGNC:8975,PIK3CA,384,Musculoskeletal,central,18210,1602,1,0.221,v4.1,113,789,700
HGNC:8975,PIK3CA,96,Neurology,central,18210,1602,1,0.221,v4.1,113,789,700
HGNC:8975,PIK3CA,484,Sin clasificar,central,18210,1602,1,0.221,v4.1,113,789,700
HGNC:8975,PIK3CA,285,Developmental disorders,central,18210,1602,1,0.221,v4.1,113,789,700
HGNC:8975,PIK3CA,564,Dermatology,central,18210,1602,1,0.221,v4.1,113,789,700
HGNC:8975,PIK3CA,478,Fetal (including NIPD),central,18210,1602,1,0.221,v4.1,113,789,700
HGNC:8975,PIK3CA,559,Dermatology,central,18210,1602,1,0.221,v4.1,113,789,700
HGNC:8975,PIK3CA,563,Dermatology,central,18210,1602,1,0.221,v4.1,113,789,700
HGNC:16429,LIAS,531,Mitochondrial,central,11318,450,2.9116e-7,0.988,v4.1,33,218,199
HGNC:30299,LRIF1,235,Neurology,periferico,7108,105,5.574e-6,0.77,v4.1,1,7,97
HGNC:29675,CLCC1,307,Ophthalmology,periferico,20227,328,3.0014e-5,0.778,v4.1,1,137,190
HGNC:29501,GPSM2,179,Neurology,periferico,22161,335,7.7889e-5,0.86,v4.1,39,112,184
HGNC:29501,GPSM2,126,Audiology,central,22161,335,7.7889e-5,0.86,v4.1,39,112,184
HGNC:29501,GPSM2,96,Neurology,periferico,22161,335,7.7889e-5,0.86,v4.1,39,112,184
HGNC:2561,CXCR4,519,Haematology,central,2902,241,0.96908,0.514,v4.1,41,85,115
HGNC:2561,CXCR4,398,Immunology,central,2902,241,0.96908,0.514,v4.1,41,85,115
HGNC:2561,CXCR4,111,Viral research,central,2902,241,0.96908,0.514,v4.1,41,85,115
HGNC:4662,GTF3A,398,Immunology,periferico,2961,48,7.275e-6,1.893,v4.1,0,3,45
HGNC:8108,OCRL,467,Metabolic,periferico,8811,977,0.99999,0.155,v2.1.1,234,427,316
HGNC:8108,OCRL,249,Ophthalmological disorders,periferico,8811,977,0.99999,0.155,v2.1.1,234,427,316
HGNC:8108,OCRL,302,Metabolic disorders,periferico,8811,977,0.99999,0.155,v2.1.1,234,427,316
HGNC:8108,OCRL,149,Renal,periferico,8811,977,0.99999,0.155,v2.1.1,234,427,316
HGNC:8108,OCRL,292,Renal,periferico,8811,977,0.99999,0.155,v2.1.1,234,427,316
HGNC:8108,OCRL,509,Ophthalmology,periferico,8811,977,0.99999,0.155,v2.1.1,234,427,316
HGNC:8108,OCRL,579,Neurology,periferico,8811,977,0.99999,0.155,v2.1.1,234,427,316
HGNC:8108,OCRL,482,Endocrinology,periferico,8811,977,0.99999,0.155,v2.1.1,234,427,316
HGNC:14495,MRPS2,484,Sin clasificar,central,3818,134,1.7874e-4,1.166,v4.1,4,46,84
HGNC:9071,PLG,179,Neurology,periferico,14764,625,0.16673,0.559,v4.1,31,264,330
HGNC:9071,PLG,478,Fetal (including NIPD),central,14764,625,0.16673,0.559,v4.1,31,264,330
HGNC:9071,PLG,516,Haematology,central,14764,625,0.16673,0.559,v4.1,31,264,330
HGNC:2230,COPA,1638,Respiratory,periferico,17868,982,1,0.098,v4.1,8,506,468
HGNC:2230,COPA,1075,Immunology,periferico,17868,982,1,0.098,v4.1,8,506,468
HGNC:2230,COPA,398,Immunology,periferico,17868,982,1,0.098,v4.1,8,506,468
HGNC:21061,SERAC1,267,Metabolic disorders,periferico,11099,501,2.1364e-4,0.681,v4.1,59,255,187
HGNC:21061,SERAC1,285,Developmental disorders,periferico,11099,501,2.1364e-4,0.681,v4.1,59,255,187
HGNC:21061,SERAC1,192,Neurology and neurodevelopmental disorders,periferico,11099,501,2.1364e-4,0.681,v4.1,59,255,187
HGNC:21061,SERAC1,567,Neurology,periferico,11099,501,2.1364e-4,0.681,v4.1,59,255,187
HGNC:21061,SERAC1,112,Mitochondrial,periferico,11099,501,2.1364e-4,0.681,v4.1,59,255,187
HGNC:21061,SERAC1,484,Sin clasificar,periferico,11099,501,2.1364e-4,0.681,v4.1,59,255,187
HGNC:21061,SERAC1,847,Neurology,periferico,11099,501,2.1364e-4,0.681,v4.1,59,255,187
HGNC:21061,SERAC1,126,Audiology,periferico,11099,501,2.1364e-4,0.681,v4.1,59,255,187
HGNC:21061,SERAC1,568,Neurology,periferico,11099,501,2.1364e-4,0.681,v4.1,59,255,187
HGNC:21061,SERAC1,539,Mitochondrial,periferico,11099,501,2.1364e-4,0.681,v4.1,59,255,187
HGNC:21061,SERAC1,180,Neurology and neurodevelopmental disorders,periferico,11099,501,2.1364e-4,0.681,v4.1,59,255,187
HGNC:21061,SERAC1,165,Neurology and neurodevelopmental disorders,periferico,11099,501,2.1364e-4,0.681,v4.1,59,255,187
HGNC:535,ANXA11,579,Neurology,periferico,11934,454,1.5348e-14,1.086,v4.1,6,191,257
HGNC:15710,LDB3,652,Cardiology,central,14450,1608,1.5098e-11,0.864,v4.1,39,537,1032
HGNC:15710,LDB3,749,Cardiology,central,14450,1608,1.5098e-11,0.864,v4.1,39,537,1032
HGNC:25875,NAA60,476,Neurology,periferico,8992,38,0.8157,0.6,v4.1,6,7,25
HGNC:25875,NAA60,466,Neurology,periferico,8992,38,0.8157,0.6,v4.1,6,7,25
HGNC:25875,NAA60,474,Neurology,periferico,8992,38,0.8157,0.6,v4.1,6,7,25
HGNC:10360,RPL5,407,Tumour syndromes,central,4274,360,1,0.096,v4.1,91,121,148
HGNC:10360,RPL5,384,Musculoskeletal,central,4274,360,1,0.096,v4.1,91,121,148
HGNC:10360,RPL5,478,Fetal (including NIPD),central,4274,360,1,0.096,v4.1,91,121,148
HGNC:10360,RPL5,519,Haematology,central,4274,360,1,0.096,v4.1,91,121,148
HGNC:10360,RPL5,518,Haematology,central,4274,360,1,0.096,v4.1,91,121,148
HGNC:9122,PMS2,734,Cancer susceptibility,central,11353,6073,5.3905e-9,0.898,v4.1,1016,1687,3370
HGNC:9122,PMS2,484,Sin clasificar,central,11353,6073,5.3905e-9,0.898,v4.1,1016,1687,3370
HGNC:9122,PMS2,245,Cancer susceptibility,central,11353,6073,5.3905e-9,0.898,v4.1,1016,1687,3370
HGNC:9122,PMS2,243,Cancer susceptibility,central,11353,6073,5.3905e-9,0.898,v4.1,1016,1687,3370
HGNC:9122,PMS2,504,Inherited cancer,periferico,11353,6073,5.3905e-9,0.898,v4.1,1016,1687,3370
HGNC:9122,PMS2,259,Cancer Programme,central,11353,6073,5.3905e-9,0.898,v4.1,1016,1687,3370
HGNC:9122,PMS2,254,Tumour syndromes,periferico,11353,6073,5.3905e-9,0.898,v4.1,1016,1687,3370
HGNC:9122,PMS2,255,Tumour syndromes,central,11353,6073,5.3905e-9,0.898,v4.1,1016,1687,3370
HGNC:9122,PMS2,478,Fetal (including NIPD),central,11353,6073,5.3905e-9,0.898,v4.1,1016,1687,3370
HGNC:15646,KLHL7,285,Developmental disorders,periferico,14764,440,1.0222e-6,0.789,v4.1,46,184,210
HGNC:15646,KLHL7,478,Fetal (including NIPD),periferico,14764,440,1.0222e-6,0.789,v4.1,46,184,210
HGNC:15646,KLHL7,258,Neurology,periferico,14764,440,1.0222e-6,0.789,v4.1,46,184,210
HGNC:5033,HNRNPA2B1,484,Sin clasificar,central,14726,402,1,0.108,v4.1,6,296,100
HGNC:5033,HNRNPA2B1,225,Neurology,periferico,14726,402,1,0.108,v4.1,6,296,100
HGNC:5033,HNRNPA2B1,207,Neurology,periferico,14726,402,1,0.108,v4.1,6,296,100
HGNC:24587,FAM126A,230,Ophthalmology,periferico,20678,385,0.025698,0.745,v4.1,21,161,203
HGNC:24587,FAM126A,85,Neurology and neurodevelopmental disorders,periferico,20678,385,0.025698,0.745,v4.1,21,161,203
HGNC:17820,NT5C3A,484,Sin clasificar,periferico,7527,158,9.2412e-4,1.137,v4.1,19,60,79
HGNC:17820,NT5C3A,302,Metabolic disorders,periferico,7527,158,9.2412e-4,1.137,v4.1,19,60,79
HGNC:17820,NT5C3A,467,Metabolic,periferico,7527,158,9.2412e-4,1.137,v4.1,19,60,79
HGNC:17820,NT5C3A,285,Developmental disorders,periferico,7527,158,9.2412e-4,1.137,v4.1,19,60,79
HGNC:12428,TWIST1,478,Fetal (including NIPD),central,2006,295,0.0067806,1.451,v4.1,117,30,148
HGNC:12428,TWIST1,309,Musculoskeletal,central,2006,295,0.0067806,1.451,v4.1,117,30,148
HGNC:12428,TWIST1,384,Musculoskeletal,central,2006,295,0.0067806,1.451,v4.1,117,30,148
HGNC:12428,TWIST1,168,Musculoskeletal,central,2006,295,0.0067806,1.451,v4.1,117,30,148
HGNC:12428,TWIST1,484,Sin clasificar,central,2006,295,0.0067806,1.451,v4.1,117,30,148
HGNC:2954,DNAI1,178,Ciliopathies,periferico,3614,1072,7.0296e-16,0.854,v4.1,171,568,333
HGNC:2954,DNAI1,549,Respiratory,central,3614,1072,7.0296e-16,0.854,v4.1,171,568,333
HGNC:388,AKR1D1,385,Gastroenterological disorders,central,5134,232,7.4662e-9,1.157,v4.1,25,68,139
HGNC:388,AKR1D1,544,Gastrohepatology,central,5134,232,7.4662e-9,1.157,v4.1,25,68,139
HGNC:13806,NEUROG3,514,Gastrohepatology,central,1928,170,0.29275,1.892,v4.1,14,68,88
HGNC:9052,PLAU,545,Haematology,central,3463,151,2.192e-7,0.852,v4.1,1,62,88
HGNC:9052,PLAU,175,Haematological and immunological disorders,central,3463,151,2.192e-7,0.852,v4.1,1,62,88
HGNC:1971,CHST3,478,Fetal (including NIPD),periferico,8867,471,4.1464e-6,1.119,v4.1,58,185,228
HGNC:1971,CHST3,467,Metabolic,periferico,8867,471,4.1464e-6,1.119,v4.1,58,185,228
HGNC:1971,CHST3,484,Sin clasificar,periferico,8867,471,4.1464e-6,1.119,v4.1,58,185,228
HGNC:1971,CHST3,302,Metabolic disorders,periferico,8867,471,4.1464e-6,1.119,v4.1,58,185,228
HGNC:1985,CIT,162,Neurology,central,29566,736,1,0.353,v4.1,25,387,324
HGNC:90,ACADS,467,Metabolic,central,3222,500,3.5192e-6,0.852,v4.1,94,158,248
HGNC:90,ACADS,302,Metabolic disorders,central,3222,500,3.5192e-6,0.852,v4.1,94,158,248
HGNC:22962,MED13L,285,Developmental disorders,central,32888,1744,1,0.041,v4.1,315,743,686
HGNC:1789,CDKN2C,480,Endocrinology,central,4438,20,0.21445,0.94,v4.1,1,5,14
HGNC:870,ATP7B,515,Haematology,periferico,20711,3675,1.0827999999999999e-35,1.063,v4.1,840,1236,1599
HGNC:870,ATP7B,565,Dermatology,periferico,20711,3675,1.0827999999999999e-35,1.063,v4.1,840,1236,1599
HGNC:870,ATP7B,540,Neurology,periferico,20711,3675,1.0827999999999999e-35,1.063,v4.1,840,1236,1599
HGNC:870,ATP7B,192,Neurology and neurodevelopmental disorders,periferico,20711,3675,1.0827999999999999e-35,1.063,v4.1,840,1236,1599
HGNC:870,ATP7B,90,Neurology and neurodevelopmental disorders,periferico,20711,3675,1.0827999999999999e-35,1.063,v4.1,840,1236,1599
HGNC:17142,OPTN,263,Neurology and neurodevelopmental disorders,central,10048,573,9.8571e-10,0.877,v4.1,66,201,306
HGNC:12367,TSFM,302,Metabolic disorders,central,9179,573,1.8489e-9,1.197,v4.1,88,288,197
HGNC:12367,TSFM,478,Fetal (including NIPD),central,9179,573,1.8489e-9,1.197,v4.1,88,288,197
HGNC:12367,TSFM,539,Mitochondrial,central,9179,573,1.8489e-9,1.197,v4.1,88,288,197
HGNC:12367,TSFM,467,Metabolic,central,9179,573,1.8489e-9,1.197,v4.1,88,288,197
HGNC:12367,TSFM,402,Neurology,central,9179,573,1.8489e-9,1.197,v4.1,88,288,197
HGNC:12367,TSFM,112,Mitochondrial,central,9179,573,1.8489e-9,1.197,v4.1,88,288,197
HGNC:12367,TSFM,285,Developmental disorders,central,9179,573,1.8489e-9,1.197,v4.1,88,288,197
HGNC:8775,PDE1B,847,Neurology,periferico,8002,45,0.99998,0.377,v4.1,0,1,44
HGNC:8775,PDE1B,285,Developmental disorders,periferico,8002,45,0.99998,0.377,v4.1,0,1,44
HGNC:8775,PDE1B,477,Neurology,periferico,8002,45,0.99998,0.377,v4.1,0,1,44
HGNC:5125,HOXC13,484,Sin clasificar,periferico,2470,93,0.059928,0.828,v4.1,5,16,72
HGNC:5125,HOXC13,136,Dermatological disorders,central,2470,93,0.059928,0.828,v4.1,5,16,72
HGNC:5125,HOXC13,553,Dermatology,central,2470,93,0.059928,0.828,v4.1,5,16,72
HGNC:2689,DBH,467,Metabolic,periferico,4653,549,9.4704e-13,0.936,v4.1,12,250,287
HGNC:2689,DBH,302,Metabolic disorders,periferico,4653,549,9.4704e-13,0.936,v4.1,12,250,287
HGNC:2689,DBH,219,Neurology and neurodevelopmental disorders,periferico,4653,549,9.4704e-13,0.936,v4.1,12,250,287
HGNC:2185,COL10A1,478,Fetal (including NIPD),central,3830,557,0.01645,0.855,v4.1,81,120,356
HGNC:2185,COL10A1,309,Musculoskeletal,central,3830,557,0.01645,0.855,v4.1,81,120,356
HGNC:21034,NDUFAF4,534,Mitochondrial,central,2947,136,0.075091,0.962,v4.1,1,51,84
HGNC:9086,PLP1,567,Neurology,central,16174,551,0.92845,0.355,v2.1.1,262,125,164
HGNC:9086,PLP1,285,Developmental disorders,central,16174,551,0.92845,0.355,v2.1.1,262,125,164
HGNC:9086,PLP1,85,Neurology and neurodevelopmental disorders,central,16174,551,0.92845,0.355,v2.1.1,262,125,164
HGNC:9086,PLP1,165,Neurology and neurodevelopmental disorders,central,16174,551,0.92845,0.355,v2.1.1,262,125,164
HGNC:9086,PLP1,847,Neurology,central,16174,551,0.92845,0.355,v2.1.1,262,125,164
HGNC:9086,PLP1,42,Neurology and neurodevelopmental disorders,central,16174,551,0.92845,0.355,v2.1.1,262,125,164
HGNC:9086,PLP1,846,Neurology,central,16174,551,0.92845,0.355,v2.1.1,262,125,164
HGNC:9086,PLP1,568,Neurology,central,16174,551,0.92845,0.355,v2.1.1,262,125,164
HGNC:9086,PLP1,579,Neurology,central,16174,551,0.92845,0.355,v2.1.1,262,125,164
HGNC:9086,PLP1,476,Neurology,central,16174,551,0.92845,0.355,v2.1.1,262,125,164
HGNC:25660,TTC21B,726,Musculoskeletal,central,35960,1468,5.2851e-25,0.831,v4.1,144,601,723
HGNC:25660,TTC21B,150,Ciliopathies,central,35960,1468,5.2851e-25,0.831,v4.1,144,601,723
HGNC:25660,TTC21B,478,Fetal (including NIPD),central,35960,1468,5.2851e-25,0.831,v4.1,144,601,723
HGNC:25660,TTC21B,548,Renal,central,35960,1468,5.2851e-25,0.831,v4.1,144,601,723
HGNC:25660,TTC21B,725,Renal,central,35960,1468,5.2851e-25,0.831,v4.1,144,601,723
HGNC:25660,TTC21B,314,Renal and urinary tract disorders,periferico,35960,1468,5.2851e-25,0.831,v4.1,144,601,723
HGNC:6263,KCNJ2,90,Neurology and neurodevelopmental disorders,periferico,5747,668,0.37571,0.651,v4.1,65,205,398
HGNC:6263,KCNJ2,76,Cardiology,central,5747,668,0.37571,0.651,v4.1,65,205,398
HGNC:19041,COQ8B,307,Ophthalmology,periferico,12693,314,1.1559e-10,0.923,v4.1,40,159,115
HGNC:19041,COQ8B,539,Mitochondrial,periferico,12693,314,1.1559e-10,0.923,v4.1,40,159,115
HGNC:19041,COQ8B,106,Renal,central,12693,314,1.1559e-10,0.923,v4.1,40,159,115
HGNC:3263,AGO2,285,Developmental disorders,central,17155,202,1,0.102,v4.1,18,52,132
HGNC:29092,OBSL1,131,Endocrine disorders,periferico,10017,1432,2.7825000000000003e-57,1.212,v4.1,80,509,843
HGNC:29092,OBSL1,1471,Endocrinology,periferico,10017,1432,2.7825000000000003e-57,1.212,v4.1,80,509,843
HGNC:13818,SLC12A5,402,Neurology,central,8922,1031,1,0.225,v4.1,46,585,400
HGNC:14938,PIGT,467,Metabolic,periferico,20103,381,1.0109e-16,1.084,v4.1,28,149,204
HGNC:14938,PIGT,302,Metabolic disorders,periferico,20103,381,1.0109e-16,1.084,v4.1,28,149,204
HGNC:14938,PIGT,484,Sin clasificar,periferico,20103,381,1.0109e-16,1.084,v4.1,28,149,204
HGNC:14938,PIGT,285,Developmental disorders,periferico,20103,381,1.0109e-16,1.084,v4.1,28,149,204
HGNC:14938,PIGT,478,Fetal (including NIPD),periferico,20103,381,1.0109e-16,1.084,v4.1,28,149,204
HGNC:14938,PIGT,309,Musculoskeletal,periferico,20103,381,1.0109e-16,1.084,v4.1,28,149,204
HGNC:12649,VAPB,474,Neurology,central,10768,412,0.52375,0.699,v4.1,2,165,245
HGNC:15853,ARFGEF2,96,Neurology,central,14390,853,1,0.391,v4.1,26,357,470
HGNC:3178,EDN3,63,Gastroenterological disorders,central,5489,193,0.38182,0.696,v4.1,7,66,120
HGNC:3178,EDN3,126,Audiology,periferico,5489,193,0.38182,0.696,v4.1,7,66,120
HGNC:11431,STX16,130,Endocrinology,periferico,6124,295,6.7458e-7,0.977,v4.1,3,114,178
HGNC:14107,PMEPA1,700,Cardiology,periferico,5764,35,0.26094,0.794,v4.1,0,2,33
HGNC:8724,PCK1,467,Metabolic,central,12204,304,6.458e-13,1.109,v4.1,7,109,188
HGNC:8724,PCK1,302,Metabolic disorders,central,12204,304,6.458e-13,1.109,v4.1,7,109,188
HGNC:7473,MTRR,159,Haematological disorders,periferico,8794,1070,1.0409e-15,0.932,v4.1,160,613,297
HGNC:7473,MTRR,518,Haematology,periferico,8794,1070,1.0409e-15,0.932,v4.1,160,613,297
HGNC:8840,PEPD,111,Viral research,periferico,12136,802,1.1194e-8,1.132,v4.1,79,447,276
HGNC:8840,PEPD,398,Immunology,periferico,12136,802,1.1194e-8,1.132,v4.1,79,447,276
HGNC:16950,STAMBP,81,Musculoskeletal,periferico,18201,234,3.8599e-6,0.829,v4.1,27,95,112
HGNC:16950,STAMBP,563,Dermatology,periferico,18201,234,3.8599e-6,0.829,v4.1,27,95,112
HGNC:16732,MCEE,248,Metabolic disorders,periferico,5873,135,0.40675,0.867,v4.1,9,78,48
HGNC:16732,MCEE,467,Metabolic,central,5873,135,0.40675,0.867,v4.1,9,78,48
HGNC:16732,MCEE,302,Metabolic disorders,central,5873,135,0.40675,0.867,v4.1,9,78,48
HGNC:7678,NDP,402,Neurology,periferico,3501,290,0.65042,0.876,v2.1.1,163,53,74
HGNC:7678,NDP,509,Ophthalmology,periferico,3501,290,0.65042,0.876,v2.1.1,163,53,74
HGNC:7678,NDP,230,Ophthalmology,periferico,3501,290,0.65042,0.876,v2.1.1,163,53,74
HGNC:7678,NDP,285,Developmental disorders,periferico,3501,290,0.65042,0.876,v2.1.1,163,53,74
HGNC:7678,NDP,307,Ophthalmology,periferico,3501,290,0.65042,0.876,v2.1.1,163,53,74
HGNC:12632,USP9X,285,Developmental disorders,central,16006,1252,1,0.051,v2.1.1,210,439,603
HGNC:12632,USP9X,221,Skeletal disorders,periferico,16006,1252,1,0.051,v2.1.1,210,439,603
HGNC:12632,USP9X,484,Sin clasificar,central,16006,1252,1,0.051,v2.1.1,210,439,603
HGNC:12632,USP9X,478,Fetal (including NIPD),central,16006,1252,1,0.051,v2.1.1,210,439,603
HGNC:8859,PEX6,544,Gastrohepatology,periferico,6923,1963,1.1594e-11,0.799,v4.1,304,929,730
HGNC:8859,PEX6,96,Neurology,central,6923,1963,1.1594e-11,0.799,v4.1,304,929,730
HGNC:8859,PEX6,258,Neurology,central,6923,1963,1.1594e-11,0.799,v4.1,304,929,730
HGNC:8859,PEX6,144,Dysmorphic and congenital abnormality syndromes,central,6923,1963,1.1594e-11,0.799,v4.1,304,929,730
HGNC:8859,PEX6,466,Neurology,periferico,6923,1963,1.1594e-11,0.799,v4.1,304,929,730
HGNC:8859,PEX6,307,Ophthalmology,periferico,6923,1963,1.1594e-11,0.799,v4.1,304,929,730
HGNC:8859,PEX6,477,Neurology,periferico,6923,1963,1.1594e-11,0.799,v4.1,304,929,730
HGNC:21022,AARS2,467,Metabolic,central,5634,706,1.8233e-15,0.752,v4.1,73,269,364
HGNC:21022,AARS2,155,Endocrine disorders,periferico,5634,706,1.8233e-15,0.752,v4.1,73,269,364
HGNC:10383,RPS10,384,Musculoskeletal,periferico,3318,173,0.99983,0.265,v4.1,12,89,72
HGNC:7190,MOCS1,478,Fetal (including NIPD),periferico,9639,809,1.2794e-9,0.887,v4.1,89,298,422
HGNC:1784,CDKN1A,480,Endocrinology,periferico,8234,37,1.7576e-5,1.492,v4.1,1,14,22
HGNC:10449,RREB1,48,Dysmorphic and congenital abnormality syndromes,periferico,19517,574,1,0.366,v4.1,4,191,379
HGNC:10472,RUNX2,478,Fetal (including NIPD),central,8306,666,0.99998,0.352,v4.1,180,170,316
HGNC:10472,RUNX2,309,Musculoskeletal,central,8306,666,0.99998,0.352,v4.1,180,170,316
HGNC:10472,RUNX2,484,Sin clasificar,central,8306,666,0.99998,0.352,v4.1,180,170,316
HGNC:10472,RUNX2,168,Musculoskeletal,central,8306,666,0.99998,0.352,v4.1,180,170,316
HGNC:1181,MYRF,34,Ophthalmological disorders,periferico,10905,345,1,0.215,v4.1,69,78,198
HGNC:1181,MYRF,9,Endocrinology,periferico,10905,345,1,0.215,v4.1,69,78,198
HGNC:12774,WNT1,309,Musculoskeletal,central,2422,298,0.0027318,0.957,v4.1,48,71,179
HGNC:12774,WNT1,196,Musculoskeletal,central,2422,298,0.0027318,0.957,v4.1,48,71,179
HGNC:12774,WNT1,478,Fetal (including NIPD),central,2422,298,0.0027318,0.957,v4.1,48,71,179
HGNC:12774,WNT1,484,Sin clasificar,central,2422,298,0.0027318,0.957,v4.1,48,71,179
HGNC:7877,CNOT1,293,Endocrinology,periferico,13228,920,1,0.064,v4.1,54,380,486
HGNC:7877,CNOT1,78,Neurology,periferico,13228,920,1,0.064,v4.1,54,380,486
HGNC:967,BBS2,130,Endocrinology,central,18383,1303,6.2071e-15,0.892,v4.1,270,548,485
HGNC:4433,GOT2,484,Sin clasificar,central,8032,154,0.49396,0.591,v4.1,4,70,80
HGNC:4433,GOT2,285,Developmental disorders,central,8032,154,0.49396,0.591,v4.1,4,70,80
HGNC:4433,GOT2,402,Neurology,central,8032,154,0.49396,0.591,v4.1,4,70,80
HGNC:10906,SLC10A2,514,Gastrohepatology,periferico,3350,417,5.8838e-10,1.464,v4.1,3,119,295
HGNC:6116,IRF1,398,Immunology,central,12310,38,0.94161,0.531,v4.1,4,15,19
HGNC:6116,IRF1,111,Viral research,central,12310,38,0.94161,0.531,v4.1,4,15,19
HGNC:12974,RNF113A,77,Dermatology,periferico,1259,129,0.88873,0.42,v2.1.1,5,25,99
HGNC:12974,RNF113A,478,Fetal (including NIPD),periferico,1259,129,0.88873,0.42,v2.1.1,5,25,99
HGNC:12974,RNF113A,402,Neurology,periferico,1259,129,0.88873,0.42,v2.1.1,5,25,99
HGNC:461,AMELX,269,Musculoskeletal,central,835,53,0.074507,0.947,v2.1.1,21,16,16
HGNC:1071,BMP4,34,Ophthalmological disorders,central,8962,313,0.99998,0.258,v4.1,28,78,207
HGNC:1071,BMP4,294,Ophthalmological disorders,central,8962,313,0.99998,0.258,v4.1,28,78,207
HGNC:1071,BMP4,3,Ophthalmology,periferico,8962,313,0.99998,0.258,v4.1,28,78,207
HGNC:1071,BMP4,484,Sin clasificar,central,8962,313,0.99998,0.258,v4.1,28,78,207
HGNC:1071,BMP4,234,Renal and urinary tract disorders,central,8962,313,0.99998,0.258,v4.1,28,78,207
HGNC:1071,BMP4,384,Musculoskeletal,central,8962,313,0.99998,0.258,v4.1,28,78,207
HGNC:1071,BMP4,251,Hearing and ear disorders,central,8962,313,0.99998,0.258,v4.1,28,78,207
HGNC:1071,BMP4,478,Fetal (including NIPD),central,8962,313,0.99998,0.258,v4.1,28,78,207
HGNC:1071,BMP4,509,Ophthalmology,central,8962,313,0.99998,0.258,v4.1,28,78,207
HGNC:11204,SOX9,285,Developmental disorders,central,4103,537,1,0.154,v4.1,149,163,225
HGNC:11204,SOX9,478,Fetal (including NIPD),central,4103,537,1,0.154,v4.1,149,163,225
HGNC:11204,SOX9,484,Sin clasificar,central,4103,537,1,0.154,v4.1,149,163,225
HGNC:11204,SOX9,9,Endocrinology,central,4103,537,1,0.154,v4.1,149,163,225
HGNC:11204,SOX9,309,Musculoskeletal,central,4103,537,1,0.154,v4.1,149,163,225
HGNC:11204,SOX9,81,Musculoskeletal,central,4103,537,1,0.154,v4.1,149,163,225
HGNC:14499,MRPS7,467,Metabolic,central,6627,135,0.045985,0.758,v4.1,1,69,65
HGNC:8734,NUP85,106,Renal,periferico,7509,217,1,0.352,v4.1,4,105,108
HGNC:14409,SLC25A19,846,Neurology,periferico,5161,199,4.8079e-5,0.986,v4.1,14,91,94
HGNC:14409,SLC25A19,85,Neurology and neurodevelopmental disorders,periferico,5161,199,4.8079e-5,0.986,v4.1,14,91,94
HGNC:14409,SLC25A19,112,Mitochondrial,periferico,5161,199,4.8079e-5,0.986,v4.1,14,91,94
HGNC:14409,SLC25A19,539,Mitochondrial,periferico,5161,199,4.8079e-5,0.986,v4.1,14,91,94
HGNC:14409,SLC25A19,180,Neurology and neurodevelopmental disorders,periferico,5161,199,4.8079e-5,0.986,v4.1,14,91,94
HGNC:29678,MSTO1,1471,Endocrinology,periferico,6161,233,4.1392e-4,0.831,v4.1,20,66,147
HGNC:29678,MSTO1,112,Mitochondrial,periferico,6161,233,4.1392e-4,0.831,v4.1,20,66,147
HGNC:29678,MSTO1,467,Metabolic,periferico,6161,233,4.1392e-4,0.831,v4.1,20,66,147
HGNC:29678,MSTO1,477,Neurology,periferico,6161,233,4.1392e-4,0.831,v4.1,20,66,147
HGNC:29678,MSTO1,466,Neurology,periferico,6161,233,4.1392e-4,0.831,v4.1,20,66,147
HGNC:29678,MSTO1,307,Ophthalmology,periferico,6161,233,4.1392e-4,0.831,v4.1,20,66,147
HGNC:29678,MSTO1,207,Neurology,periferico,6161,233,4.1392e-4,0.831,v4.1,20,66,147
HGNC:29678,MSTO1,539,Mitochondrial,periferico,6161,233,4.1392e-4,0.831,v4.1,20,66,147
HGNC:29678,MSTO1,478,Fetal (including NIPD),periferico,6161,233,4.1392e-4,0.831,v4.1,20,66,147
HGNC:15505,MBOAT7,484,Sin clasificar,periferico,5845,201,1.7407e-13,1.229,v4.1,29,33,139
HGNC:15505,MBOAT7,478,Fetal (including NIPD),periferico,5845,201,1.7407e-13,1.229,v4.1,29,33,139
HGNC:15505,MBOAT7,402,Neurology,periferico,5845,201,1.7407e-13,1.229,v4.1,29,33,139
HGNC:8622,PAX8,9,Endocrinology,periferico,16044,265,0.99965,0.415,v4.1,26,78,161
HGNC:20454,POLR1B,478,Fetal (including NIPD),central,9259,170,1,0.363,v4.1,5,52,113
HGNC:2084,CLPP,467,Metabolic,central,3635,236,0.0061632,0.936,v4.1,23,136,77
HGNC:2084,CLPP,476,Neurology,central,3635,236,0.0061632,0.936,v4.1,23,136,77
HGNC:2084,CLPP,302,Metabolic disorders,central,3635,236,0.0061632,0.936,v4.1,23,136,77
HGNC:2084,CLPP,478,Fetal (including NIPD),central,3635,236,0.0061632,0.936,v4.1,23,136,77
HGNC:2084,CLPP,92,Endocrine disorders,periferico,3635,236,0.0061632,0.936,v4.1,23,136,77
HGNC:2084,CLPP,112,Mitochondrial,central,3635,236,0.0061632,0.936,v4.1,23,136,77
HGNC:2084,CLPP,539,Mitochondrial,central,3635,236,0.0061632,0.936,v4.1,23,136,77
HGNC:2084,CLPP,477,Neurology,central,3635,236,0.0061632,0.936,v4.1,23,136,77
HGNC:2084,CLPP,484,Sin clasificar,central,3635,236,0.0061632,0.936,v4.1,23,136,77
HGNC:2084,CLPP,650,Endocrinology,periferico,3635,236,0.0061632,0.936,v4.1,23,136,77
HGNC:1318,C3,1537,Renal,central,13168,1827,1.2692e-6,0.541,v4.1,77,741,1009
HGNC:1318,C3,139,Renal,periferico,13168,1827,1.2692e-6,0.541,v4.1,77,741,1009
HGNC:8142,OPA3,39,Neurology and neurodevelopmental disorders,periferico,10344,629,2.5087e-4,1.92,v4.1,38,218,373
HGNC:8142,OPA3,539,Mitochondrial,periferico,10344,629,2.5087e-4,1.92,v4.1,38,218,373
HGNC:10468,RTN2,846,Neurology,central,3229,351,4.9773e-6,0.748,v4.1,15,134,202
HGNC:10468,RTN2,165,Neurology and neurodevelopmental disorders,central,3229,351,4.9773e-6,0.748,v4.1,15,134,202
HGNC:10468,RTN2,568,Neurology,central,3229,351,4.9773e-6,0.748,v4.1,15,134,202
HGNC:10468,RTN2,567,Neurology,central,3229,351,4.9773e-6,0.748,v4.1,15,134,202
HGNC:15894,PANK2,112,Mitochondrial,periferico,9205,796,4.521e-11,1.115,v4.1,143,358,295
HGNC:15894,PANK2,539,Mitochondrial,periferico,9205,796,4.521e-11,1.115,v4.1,143,358,295
HGNC:15894,PANK2,307,Ophthalmology,periferico,9205,796,4.521e-11,1.115,v4.1,143,358,295
HGNC:15894,PANK2,847,Neurology,central,9205,796,4.521e-11,1.115,v4.1,143,358,295
HGNC:15894,PANK2,540,Neurology,central,9205,796,4.521e-11,1.115,v4.1,143,358,295
HGNC:15894,PANK2,39,Neurology and neurodevelopmental disorders,central,9205,796,4.521e-11,1.115,v4.1,143,358,295
HGNC:15894,PANK2,467,Metabolic,periferico,9205,796,4.521e-11,1.115,v4.1,143,358,295
HGNC:15894,PANK2,192,Neurology and neurodevelopmental disorders,central,9205,796,4.521e-11,1.115,v4.1,143,358,295
HGNC:15894,PANK2,302,Metabolic disorders,periferico,9205,796,4.521e-11,1.115,v4.1,143,358,295
HGNC:15808,GZF1,3,Ophthalmology,periferico,6078,293,2.2277e-7,0.87,v4.1,14,124,155
HGNC:15808,GZF1,309,Musculoskeletal,periferico,6078,293,2.2277e-7,0.87,v4.1,14,124,155
HGNC:15808,GZF1,478,Fetal (including NIPD),periferico,6078,293,2.2277e-7,0.87,v4.1,14,124,155
HGNC:15808,GZF1,484,Sin clasificar,periferico,6078,293,2.2277e-7,0.87,v4.1,14,124,155
HGNC:8615,PAX1,111,Viral research,periferico,5850,514,6.7656e-4,0.86,v4.1,23,234,257
HGNC:8615,PAX1,398,Immunology,periferico,5850,514,6.7656e-4,0.86,v4.1,23,234,257
HGNC:9571,PSMF1,478,Fetal (including NIPD),central,14744,53,4.804e-11,1.382,v4.1,1,6,46
HGNC:15864,RBCK1,1141,Neurology,periferico,11788,569,1.0642e-10,0.89,v4.1,51,299,219
HGNC:15864,RBCK1,528,Metabolic,periferico,11788,569,1.0642e-10,0.89,v4.1,51,299,219
HGNC:15864,RBCK1,66,Neurology,periferico,11788,569,1.0642e-10,0.89,v4.1,51,299,219
HGNC:15864,RBCK1,302,Metabolic disorders,periferico,11788,569,1.0642e-10,0.89,v4.1,51,299,219
HGNC:15864,RBCK1,467,Metabolic,periferico,11788,569,1.0642e-10,0.89,v4.1,51,299,219
HGNC:15864,RBCK1,484,Sin clasificar,periferico,11788,569,1.0642e-10,0.89,v4.1,51,299,219
HGNC:11153,SNRPB,81,Musculoskeletal,periferico,5548,161,0.99857,0.324,v4.1,8,78,75
HGNC:1069,BMP2,478,Fetal (including NIPD),central,6316,247,0.99999,0.213,v4.1,37,56,154
HGNC:1069,BMP2,384,Musculoskeletal,central,6316,247,0.99999,0.213,v4.1,37,56,154
HGNC:1069,BMP2,484,Sin clasificar,central,6316,247,0.99999,0.213,v4.1,37,56,154
HGNC:1069,BMP2,309,Musculoskeletal,central,6316,247,0.99999,0.213,v4.1,37,56,154
HGNC:1069,BMP2,81,Musculoskeletal,central,6316,247,0.99999,0.213,v4.1,37,56,154
HGNC:15804,OVOL2,658,Ophthalmology,periferico,8332,61,2.4182e-4,1.218,v4.1,4,16,41
HGNC:15804,OVOL2,250,Ophthalmological disorders,periferico,8332,61,2.4182e-4,1.218,v4.1,4,16,41
HGNC:7108,MKKS,722,Ophthalmology,periferico,8570,680,9.952e-11,1.112,v4.1,126,248,306
HGNC:7108,MKKS,725,Renal,periferico,8570,680,9.952e-11,1.112,v4.1,126,248,306
HGNC:7108,MKKS,543,Ophthalmology,periferico,8570,680,9.952e-11,1.112,v4.1,126,248,306
HGNC:7108,MKKS,150,Ciliopathies,periferico,8570,680,9.952e-11,1.112,v4.1,126,248,306
HGNC:7108,MKKS,309,Musculoskeletal,periferico,8570,680,9.952e-11,1.112,v4.1,126,248,306
HGNC:1040,BFSP1,230,Ophthalmology,central,3483,269,7.9397e-15,1.371,v4.1,7,117,145
HGNC:16205,MGME1,539,Mitochondrial,periferico,6454,196,9.2408e-7,0.932,v4.1,13,80,103
HGNC:16133,TBC1D20,484,Sin clasificar,periferico,9827,187,0.99504,0.468,v4.1,9,101,77
HGNC:16133,TBC1D20,509,Ophthalmology,periferico,9827,187,0.99504,0.468,v4.1,9,101,77
HGNC:16133,TBC1D20,478,Fetal (including NIPD),periferico,9827,187,0.99504,0.468,v4.1,9,101,77
HGNC:16133,TBC1D20,285,Developmental disorders,periferico,9827,187,0.99504,0.468,v4.1,9,101,77
HGNC:16147,MCM8,155,Endocrine disorders,central,7867,147,7.8297e-18,0.97,v4.1,15,23,109
HGNC:6913,MAX,243,Cancer susceptibility,periferico,10069,653,0.99819,0.288,v4.1,60,266,327
HGNC:6913,MAX,183,Cancer Programme,central,10069,653,0.99819,0.288,v4.1,60,266,327
HGNC:6913,MAX,649,Endocrinology,central,10069,653,0.99819,0.288,v4.1,60,266,327
HGNC:6913,MAX,391,Tumour syndromes,periferico,10069,653,0.99819,0.288,v4.1,60,266,327
HGNC:6913,MAX,97,Tumour syndromes,central,10069,653,0.99819,0.288,v4.1,60,266,327
HGNC:6913,MAX,245,Cancer susceptibility,periferico,10069,653,0.99819,0.288,v4.1,60,266,327
HGNC:4220,GDF5,309,Musculoskeletal,central,2697,506,0.025782,0.71,v4.1,59,229,218
HGNC:15927,ERGIC3,285,Developmental disorders,periferico,6190,47,2.2603e-6,0.781,v4.1,1,3,43
HGNC:11114,KDM5C,478,Fetal (including NIPD),central,12331,1113,1,0.166,v2.1.1,264,388,461
HGNC:11114,KDM5C,567,Neurology,periferico,12331,1113,1,0.166,v2.1.1,264,388,461
HGNC:11114,KDM5C,484,Sin clasificar,central,12331,1113,1,0.166,v2.1.1,264,388,461
HGNC:11114,KDM5C,285,Developmental disorders,central,12331,1113,1,0.166,v2.1.1,264,388,461
HGNC:12591,UROD,560,Dermatology,periferico,4155,195,2.0406e-8,0.914,v4.1,59,27,109
HGNC:10866,ST3GAL3,467,Metabolic,periferico,21771,402,0.47529,0.573,v4.1,22,205,175
HGNC:10866,ST3GAL3,402,Neurology,periferico,21771,402,0.47529,0.573,v4.1,22,205,175
HGNC:10866,ST3GAL3,285,Developmental disorders,periferico,21771,402,0.47529,0.573,v4.1,22,205,175
HGNC:10866,ST3GAL3,302,Metabolic disorders,periferico,21771,402,0.47529,0.573,v4.1,22,205,175
HGNC:3528,F10,545,Haematology,central,6827,165,9.9027e-6,0.968,v4.1,44,34,87
HGNC:3528,F10,175,Haematological and immunological disorders,central,6827,165,9.9027e-6,0.968,v4.1,44,34,87
HGNC:18746,SLURP1,215,Dermatological disorders,periferico,543,46,0.22368,1.031,v4.1,15,9,22
HGNC:18746,SLURP1,555,Dermatology,periferico,543,46,0.22368,1.031,v4.1,15,9,22
HGNC:18746,SLURP1,556,Dermatology,periferico,543,46,0.22368,1.031,v4.1,15,9,22
HGNC:1481,CAPNS1,193,Respiratory,periferico,3157,40,4.5159e-8,1.186,v4.1,3,3,34
HGNC:30661,UBA2,309,Musculoskeletal,periferico,6768,121,1,0.258,v4.1,32,6,83
HGNC:30661,UBA2,384,Musculoskeletal,periferico,6768,121,1,0.258,v4.1,32,6,83
HGNC:30661,UBA2,478,Fetal (including NIPD),periferico,6768,121,1,0.258,v4.1,32,6,83
HGNC:11796,THRA,31,Endocrinology,central,8081,91,0.99892,0.439,v4.1,18,20,53
HGNC:1608,CCR7,111,Viral research,central,5202,34,0.39665,0.66,v4.1,0,3,31
HGNC:6118,IRF3,111,Viral research,central,3783,98,5.2965e-8,0.949,v4.1,0,31,67
HGNC:6118,IRF3,398,Immunology,central,3783,98,5.2965e-8,0.949,v4.1,0,31,67
HGNC:10447,RRAS,519,Haematology,periferico,1949,360,1.6583e-4,1.175,v4.1,1,162,197
HGNC:29217,PRR12,285,Developmental disorders,central,7628,765,1,0.18,v4.1,80,242,443
HGNC:29217,PRR12,478,Fetal (including NIPD),periferico,7628,765,1,0.18,v4.1,80,242,443
HGNC:29217,PRR12,484,Sin clasificar,periferico,7628,765,1,0.18,v4.1,80,242,443
HGNC:29217,PRR12,509,Ophthalmology,periferico,7628,765,1,0.18,v4.1,80,242,443
HGNC:746,ASL,847,Neurology,periferico,6913,947,2.6098e-13,0.937,v4.1,239,490,218
HGNC:19440,SBDS,726,Musculoskeletal,periferico,2807,414,1.3519e-5,1.08,v4.1,49,130,235
HGNC:19440,SBDS,159,Haematological disorders,central,2807,414,1.3519e-5,1.08,v4.1,49,130,235
HGNC:19440,SBDS,519,Haematology,central,2807,414,1.3519e-5,1.08,v4.1,49,130,235
HGNC:19440,SBDS,150,Ciliopathies,periferico,2807,414,1.3519e-5,1.08,v4.1,49,130,235
HGNC:19440,SBDS,407,Tumour syndromes,central,2807,414,1.3519e-5,1.08,v4.1,49,130,235
HGNC:19440,SBDS,59,Cancer susceptibility,central,2807,414,1.3519e-5,1.08,v4.1,49,130,235
HGNC:9402,PRKCG,466,Neurology,central,3967,369,0.99433,0.476,v4.1,51,107,211
HGNC:9402,PRKCG,847,Neurology,central,3967,369,0.99433,0.476,v4.1,51,107,211
HGNC:9402,PRKCG,477,Neurology,central,3967,369,0.99433,0.476,v4.1,51,107,211
HGNC:9402,PRKCG,20,Neurology and neurodevelopmental disorders,central,3967,369,0.99433,0.476,v4.1,51,107,211
HGNC:16264,TRAP1,156,Renal and urinary tract disorders,periferico,10351,506,8.698499999999999e-40,1.343,v4.1,6,189,311
HGNC:16264,TRAP1,234,Renal and urinary tract disorders,periferico,10351,506,8.698499999999999e-40,1.343,v4.1,6,189,311
HGNC:16264,TRAP1,1537,Renal,periferico,10351,506,8.698499999999999e-40,1.343,v4.1,6,189,311
HGNC:16264,TRAP1,479,Developmental disorders,periferico,10351,506,8.698499999999999e-40,1.343,v4.1,6,189,311
HGNC:16264,TRAP1,101,Dysmorphic and congenital abnormality syndromes,periferico,10351,506,8.698499999999999e-40,1.343,v4.1,6,189,311
HGNC:29450,GLIS2,150,Ciliopathies,periferico,5525,352,0.32698,0.637,v4.1,1,101,250
HGNC:25305,NSRP1,478,Fetal (including NIPD),periferico,4859,79,0.52682,0.582,v4.1,5,7,67
HGNC:25305,NSRP1,568,Neurology,periferico,4859,79,0.52682,0.582,v4.1,5,7,67
HGNC:25305,NSRP1,162,Neurology,periferico,4859,79,0.52682,0.582,v4.1,5,7,67
HGNC:25305,NSRP1,484,Sin clasificar,periferico,4859,79,0.52682,0.582,v4.1,5,7,67
HGNC:25305,NSRP1,96,Neurology,periferico,4859,79,0.52682,0.582,v4.1,5,7,67
HGNC:25230,AHDC1,168,Musculoskeletal,periferico,8444,1477,1,0.168,v4.1,189,590,698
HGNC:25230,AHDC1,285,Developmental disorders,periferico,8444,1477,1,0.168,v4.1,189,590,698
HGNC:25230,AHDC1,478,Fetal (including NIPD),periferico,8444,1477,1,0.168,v4.1,189,590,698
HGNC:25230,AHDC1,484,Sin clasificar,periferico,8444,1477,1,0.168,v4.1,189,590,698
HGNC:16814,DACH2,155,Endocrine disorders,periferico,7035,74,0.16242,0.618,v2.1.1,0,6,68
HGNC:10887,SIX1,484,Sin clasificar,central,5682,277,0.25564,0.692,v4.1,28,76,173
HGNC:10887,SIX1,81,Musculoskeletal,central,5682,277,0.25564,0.692,v4.1,28,76,173
HGNC:23141,TRMT5,112,Mitochondrial,periferico,6038,259,9.3056e-9,0.969,v4.1,4,103,152
HGNC:23141,TRMT5,846,Neurology,periferico,6038,259,9.3056e-9,0.969,v4.1,4,103,152
HGNC:23141,TRMT5,539,Mitochondrial,periferico,6038,259,9.3056e-9,0.969,v4.1,4,103,152
HGNC:23141,TRMT5,567,Neurology,periferico,6038,259,9.3056e-9,0.969,v4.1,4,103,152
HGNC:21862,WDR60,725,Renal,periferico,6994,628,2.2708e-17,0.802,v4.1,31,314,283
HGNC:11817,TIMM8A,186,Ophthalmology,periferico,4810,158,0.65195,0.872,v2.1.1,104,32,22
HGNC:11817,TIMM8A,540,Neurology,periferico,4810,158,0.65195,0.872,v2.1.1,104,32,22
HGNC:11817,TIMM8A,847,Neurology,periferico,4810,158,0.65195,0.872,v2.1.1,104,32,22
HGNC:24931,ZC4H2,484,Sin clasificar,periferico,5651,283,0.90752,0.39,v2.1.1,128,63,92
HGNC:24931,ZC4H2,81,Musculoskeletal,periferico,5651,283,0.90752,0.39,v2.1.1,128,63,92
HGNC:24931,ZC4H2,225,Neurology,periferico,5651,283,0.90752,0.39,v2.1.1,128,63,92
HGNC:24931,ZC4H2,258,Neurology,periferico,5651,283,0.90752,0.39,v2.1.1,128,63,92
HGNC:24931,ZC4H2,285,Developmental disorders,periferico,5651,283,0.90752,0.39,v2.1.1,128,63,92
HGNC:24931,ZC4H2,478,Fetal (including NIPD),periferico,5651,283,0.90752,0.39,v2.1.1,128,63,92
HGNC:26052,INTS11,186,Ophthalmology,periferico,9231,159,6.2511e-27,1.223,v4.1,9,25,125
HGNC:26052,INTS11,484,Sin clasificar,periferico,9231,159,6.2511e-27,1.223,v4.1,9,25,125
HGNC:26052,INTS11,307,Ophthalmology,periferico,9231,159,6.2511e-27,1.223,v4.1,9,25,125
HGNC:26052,INTS11,478,Fetal (including NIPD),periferico,9231,159,6.2511e-27,1.223,v4.1,9,25,125
HGNC:26052,INTS11,285,Developmental disorders,periferico,9231,159,6.2511e-27,1.223,v4.1,9,25,125
HGNC:25686,PPCS,749,Cardiology,periferico,3531,275,6.3481e-5,1.064,v4.1,4,140,131
HGNC:13222,BCL11B,285,Developmental disorders,central,8528,945,0.99537,0.462,v4.1,69,419,457
HGNC:13222,BCL11B,484,Sin clasificar,central,8528,945,0.99537,0.462,v4.1,69,419,457
HGNC:6901,MASP1,81,Musculoskeletal,periferico,19251,405,1.584e-13,0.874,v4.1,28,166,211
HGNC:6901,MASP1,285,Developmental disorders,periferico,19251,405,1.584e-13,0.874,v4.1,28,166,211
HGNC:6901,MASP1,309,Musculoskeletal,periferico,19251,405,1.584e-13,0.874,v4.1,28,166,211
HGNC:6901,MASP1,478,Fetal (including NIPD),periferico,19251,405,1.584e-13,0.874,v4.1,28,166,211
HGNC:6901,MASP1,126,Audiology,periferico,19251,405,1.584e-13,0.874,v4.1,28,166,211
HGNC:6901,MASP1,484,Sin clasificar,periferico,19251,405,1.584e-13,0.874,v4.1,28,166,211
HGNC:9857,RAP1B,159,Haematological disorders,periferico,23521,40,0.99938,0.185,v4.1,6,22,12
HGNC:9857,RAP1B,519,Haematology,periferico,23521,40,0.99938,0.185,v4.1,6,22,12
HGNC:28957,EMC1,478,Fetal (including NIPD),periferico,15030,1389,1.0051000000000001e-25,0.913,v4.1,100,511,778
HGNC:9038,PLA2G5,307,Ophthalmology,periferico,10620,132,0.0065224,1.057,v4.1,1,39,92
HGNC:4236,GFER,225,Neurology,periferico,3195,183,4.5979e-11,1.87,v4.1,9,90,84
HGNC:4236,GFER,230,Ophthalmology,periferico,3195,183,4.5979e-11,1.87,v4.1,9,90,84
HGNC:13664,MACF1,96,Neurology,periferico,71278,2012,1,0.238,v4.1,23,910,1079
HGNC:13664,MACF1,286,Neurology and neurodevelopmental disorders,periferico,71278,2012,1,0.238,v4.1,23,910,1079
HGNC:13664,MACF1,402,Neurology,periferico,71278,2012,1,0.238,v4.1,23,910,1079
HGNC:11100,SMARCA4,391,Tumour syndromes,central,19259,6662,1,0.226,v4.1,347,2993,3322
HGNC:11100,SMARCA4,243,Cancer susceptibility,central,19259,6662,1,0.226,v4.1,347,2993,3322
HGNC:11100,SMARCA4,734,Cancer susceptibility,central,19259,6662,1,0.226,v4.1,347,2993,3322
HGNC:11100,SMARCA4,484,Sin clasificar,central,19259,6662,1,0.226,v4.1,347,2993,3322
HGNC:11100,SMARCA4,259,Cancer Programme,central,19259,6662,1,0.226,v4.1,347,2993,3322
HGNC:11100,SMARCA4,81,Musculoskeletal,central,19259,6662,1,0.226,v4.1,347,2993,3322
HGNC:11100,SMARCA4,245,Cancer susceptibility,central,19259,6662,1,0.226,v4.1,347,2993,3322
HGNC:11100,SMARCA4,1636,Inherited cancer,central,19259,6662,1,0.226,v4.1,347,2993,3322
HGNC:11100,SMARCA4,478,Fetal (including NIPD),central,19259,6662,1,0.226,v4.1,347,2993,3322
HGNC:11100,SMARCA4,285,Developmental disorders,central,19259,6662,1,0.226,v4.1,347,2993,3322
HGNC:9153,PNKD,541,Neurology,periferico,8639,662,2.9216e-10,1.131,v4.1,3,277,382
HGNC:9153,PNKD,90,Neurology and neurodevelopmental disorders,periferico,8639,662,2.9216e-10,1.131,v4.1,3,277,382
HGNC:3151,ECHS1,467,Metabolic,central,4946,398,9.322e-4,0.907,v4.1,65,195,138
HGNC:3151,ECHS1,302,Metabolic disorders,central,4946,398,9.322e-4,0.907,v4.1,65,195,138
HGNC:3151,ECHS1,531,Mitochondrial,periferico,4946,398,9.322e-4,0.907,v4.1,65,195,138
HGNC:3151,ECHS1,484,Sin clasificar,central,4946,398,9.322e-4,0.907,v4.1,65,195,138
HGNC:8850,PEX1,307,Ophthalmology,periferico,9491,2101,3.6437e-11,0.746,v4.1,472,872,757
HGNC:8850,PEX1,467,Metabolic,periferico,9491,2101,3.6437e-11,0.746,v4.1,472,872,757
HGNC:25812,SRD5A3,230,Ophthalmology,periferico,8264,248,1.4849e-6,1.004,v4.1,23,89,136
HGNC:25812,SRD5A3,20,Neurology and neurodevelopmental disorders,periferico,8264,248,1.4849e-6,1.004,v4.1,23,89,136
HGNC:25812,SRD5A3,307,Ophthalmology,periferico,8264,248,1.4849e-6,1.004,v4.1,23,89,136
HGNC:25812,SRD5A3,509,Ophthalmology,periferico,8264,248,1.4849e-6,1.004,v4.1,23,89,136
HGNC:25812,SRD5A3,466,Neurology,periferico,8264,248,1.4849e-6,1.004,v4.1,23,89,136
HGNC:6307,KDR,478,Fetal (including NIPD),central,8327,211,1,0.328,v4.1,3,45,163
HGNC:9802,RAC2,398,Immunology,central,3574,213,0.99996,0.197,v4.1,7,129,77
HGNC:19192,DOCK4,285,Developmental disorders,central,12280,329,0.9999,0.445,v4.1,4,54,271
HGNC:17284,POT1,522,Inherited cancer,periferico,12682,2604,3.5567e-5,0.871,v4.1,229,909,1466
HGNC:13875,FOXP2,484,Sin clasificar,central,19740,431,1,0.157,v4.1,73,143,215
HGNC:13875,FOXP2,180,Neurology and neurodevelopmental disorders,periferico,19740,431,1,0.157,v4.1,73,143,215
HGNC:13875,FOXP2,285,Developmental disorders,central,19740,431,1,0.157,v4.1,73,143,215
HGNC:3756,FLNC,47,Cardiovascular disorders,central,9767,6260,1,0.424,v4.1,632,2372,3256
HGNC:3756,FLNC,652,Cardiology,central,9767,6260,1,0.424,v4.1,632,2372,3256
HGNC:3756,FLNC,134,Cardiology,central,9767,6260,1,0.424,v4.1,632,2372,3256
HGNC:3756,FLNC,235,Neurology,central,9767,6260,1,0.424,v4.1,632,2372,3256
HGNC:3756,FLNC,749,Cardiology,central,9767,6260,1,0.424,v4.1,632,2372,3256
HGNC:3756,FLNC,478,Fetal (including NIPD),central,9767,6260,1,0.424,v4.1,632,2372,3256
HGNC:3756,FLNC,49,Cardiology,central,9767,6260,1,0.424,v4.1,632,2372,3256
HGNC:11119,SMO,384,Musculoskeletal,central,4997,223,5.4431e-6,0.706,v4.1,11,74,138
HGNC:11119,SMO,484,Sin clasificar,central,4997,223,5.4431e-6,0.706,v4.1,11,74,138
HGNC:11119,SMO,509,Ophthalmology,central,4997,223,5.4431e-6,0.706,v4.1,11,74,138
HGNC:11119,SMO,478,Fetal (including NIPD),central,4997,223,5.4431e-6,0.706,v4.1,11,74,138
HGNC:11119,SMO,34,Ophthalmological disorders,periferico,4997,223,5.4431e-6,0.706,v4.1,11,74,138
HGNC:7688,NDUFA5,467,Metabolic,central,13738,10,0.0036885,1.407,v4.1,0,1,9
HGNC:7506,MTX2,314,Renal and urinary tract disorders,periferico,5741,39,3.1555e-4,1.103,v4.1,9,1,29
HGNC:7506,MTX2,546,Endocrinology,periferico,5741,39,3.1555e-4,1.103,v4.1,9,1,29
HGNC:7506,MTX2,1471,Endocrinology,periferico,5741,39,3.1555e-4,1.103,v4.1,9,1,29
HGNC:4092,GAD1,402,Neurology,central,8242,305,0.28136,0.569,v4.1,18,142,145
HGNC:4092,GAD1,285,Developmental disorders,central,8242,305,0.28136,0.569,v4.1,18,142,145
HGNC:4868,HERC2,402,Neurology,periferico,23730,1233,1,0.243,v4.1,27,306,900
HGNC:24929,PSMG2,111,Viral research,periferico,12636,240,0.096376,0.788,v4.1,1,87,152
HGNC:19687,EIF2AK4,193,Respiratory,central,13639,545,2.0877e-22,0.75,v4.1,81,278,186
HGNC:28295,CCDC32,484,Sin clasificar,periferico,12864,12,0.19314,0.76,v4.1,3,5,4
HGNC:28295,CCDC32,549,Respiratory,periferico,12864,12,0.19314,0.76,v4.1,3,5,4
HGNC:28295,CCDC32,285,Developmental disorders,periferico,12864,12,0.19314,0.76,v4.1,3,5,4
HGNC:28295,CCDC32,150,Ciliopathies,periferico,12864,12,0.19314,0.76,v4.1,3,5,4
HGNC:28295,CCDC32,478,Fetal (including NIPD),periferico,12864,12,0.19314,0.76,v4.1,3,5,4
HGNC:26956,INO80,111,Viral research,periferico,20809,203,1,0.165,v4.1,2,40,161
HGNC:6186,IVD,248,Metabolic disorders,periferico,10271,832,7.3062e-6,0.776,v4.1,175,411,246
HGNC:3078,DUT,519,Haematology,periferico,3742,17,3.3881e-7,1.684,v4.1,1,3,13
HGNC:3078,DUT,472,Endocrinology,periferico,3742,17,3.3881e-7,1.684,v4.1,1,3,13
HGNC:2077,CLN6,467,Metabolic,periferico,7408,811,8.7664e-6,1.015,v4.1,121,391,299
HGNC:2077,CLN6,529,Metabolic,periferico,7408,811,8.7664e-6,1.015,v4.1,121,391,299
HGNC:2077,CLN6,20,Neurology and neurodevelopmental disorders,periferico,7408,811,8.7664e-6,1.015,v4.1,121,391,299
HGNC:2077,CLN6,474,Neurology,periferico,7408,811,8.7664e-6,1.015,v4.1,121,391,299
HGNC:2077,CLN6,526,Metabolic,periferico,7408,811,8.7664e-6,1.015,v4.1,121,391,299
HGNC:2077,CLN6,302,Metabolic disorders,periferico,7408,811,8.7664e-6,1.015,v4.1,121,391,299
HGNC:2077,CLN6,484,Sin clasificar,periferico,7408,811,8.7664e-6,1.015,v4.1,121,391,299
HGNC:6919,MBD4,504,Inherited cancer,periferico,4627,1435,4.0105e-13,1.023,v4.1,145,418,872
HGNC:6919,MBD4,525,Haematology,periferico,4627,1435,4.0105e-13,1.023,v4.1,145,418,872
HGNC:6919,MBD4,254,Tumour syndromes,periferico,4627,1435,4.0105e-13,1.023,v4.1,145,418,872
HGNC:6919,MBD4,59,Cancer susceptibility,periferico,4627,1435,4.0105e-13,1.023,v4.1,145,418,872
HGNC:7611,MYOD1,478,Fetal (including NIPD),central,1809,78,1.424e-6,1.749,v4.1,5,19,54
HGNC:7611,MYOD1,258,Neurology,central,1809,78,1.424e-6,1.749,v4.1,5,19,54
HGNC:7611,MYOD1,225,Neurology,central,1809,78,1.424e-6,1.749,v4.1,5,19,54
HGNC:6233,KCNC1,402,Neurology,central,14474,540,0.99991,0.363,v4.1,18,240,282
HGNC:6233,KCNC1,285,Developmental disorders,central,14474,540,0.99991,0.363,v4.1,18,240,282
HGNC:2472,CSRP3,749,Cardiology,central,5671,500,1.039e-7,1.307,v4.1,35,159,306
HGNC:359,AIPL1,307,Ophthalmology,central,3985,603,7.0113e-7,1.01,v4.1,81,248,274
HGNC:359,AIPL1,285,Developmental disorders,periferico,3985,603,7.0113e-7,1.01,v4.1,81,248,274
HGNC:7207,MPDU1,555,Dermatology,central,5370,125,1.406e-5,0.984,v4.1,17,40,68
HGNC:7207,MPDU1,309,Musculoskeletal,periferico,5370,125,1.406e-5,0.984,v4.1,17,40,68
HGNC:7207,MPDU1,25,Metabolic,central,5370,125,1.406e-5,0.984,v4.1,17,40,68
HGNC:16725,LRRC6,550,Respiratory,central,5573,346,1.6371e-7,1.018,v4.1,50,143,153
HGNC:8002,NRL,307,Ophthalmology,central,5681,252,1.863e-11,1.917,v4.1,33,64,155
HGNC:3816,FOXJ1,478,Fetal (including NIPD),central,3147,130,0.43885,0.701,v4.1,10,22,98
HGNC:3816,FOXJ1,550,Respiratory,central,3147,130,0.43885,0.701,v4.1,10,22,98
HGNC:20788,RHBDF2,555,Dermatology,periferico,7358,529,0.15213,0.545,v4.1,1,167,361
HGNC:20788,RHBDF2,215,Dermatological disorders,periferico,7358,529,0.15213,0.545,v4.1,1,167,361
HGNC:20788,RHBDF2,398,Immunology,periferico,7358,529,0.15213,0.545,v4.1,1,167,361
HGNC:3670,FGF13,484,Sin clasificar,central,23423,64,0.89489,0.406,v2.1.1,6,7,51
HGNC:26262,TTI2,285,Developmental disorders,periferico,5246,135,1.4488e-4,0.758,v4.1,9,41,85
HGNC:26262,TTI2,484,Sin clasificar,periferico,5246,135,1.4488e-4,0.758,v4.1,9,41,85
HGNC:1786,CDKN1C,734,Cancer susceptibility,periferico,2563,1287,4.3741e-4,1.943,v4.1,139,506,642
HGNC:1786,CDKN1C,259,Cancer Programme,periferico,2563,1287,4.3741e-4,1.943,v4.1,139,506,642
HGNC:1786,CDKN1C,131,Endocrine disorders,periferico,2563,1287,4.3741e-4,1.943,v4.1,139,506,642
HGNC:1786,CDKN1C,290,Tumour syndromes,periferico,2563,1287,4.3741e-4,1.943,v4.1,139,506,642
HGNC:1786,CDKN1C,145,Endocrinology,periferico,2563,1287,4.3741e-4,1.943,v4.1,139,506,642
HGNC:1786,CDKN1C,217,Cancer Programme,periferico,2563,1287,4.3741e-4,1.943,v4.1,139,506,642
HGNC:1786,CDKN1C,98,Dermatology,periferico,2563,1287,4.3741e-4,1.943,v4.1,139,506,642
HGNC:1786,CDKN1C,9,Endocrinology,periferico,2563,1287,4.3741e-4,1.943,v4.1,139,506,642
HGNC:1786,CDKN1C,1471,Endocrinology,periferico,2563,1287,4.3741e-4,1.943,v4.1,139,506,642
HGNC:11947,TNNI3,652,Cardiology,central,2157,862,6.5705e-7,1.099,v4.1,91,288,483
HGNC:11947,TNNI3,749,Cardiology,central,2157,862,6.5705e-7,1.099,v4.1,91,288,483
HGNC:11947,TNNI3,47,Cardiovascular disorders,central,2157,862,6.5705e-7,1.099,v4.1,91,288,483
HGNC:11947,TNNI3,49,Cardiology,central,2157,862,6.5705e-7,1.099,v4.1,91,288,483
HGNC:6224,KCNA5,398,Immunology,periferico,4827,596,2.1099e-7,1.182,v4.1,3,134,459
HGNC:19189,DOCK6,478,Fetal (including NIPD),periferico,12487,1712,1.38e-40,0.87,v4.1,104,858,750
HGNC:19189,DOCK6,484,Sin clasificar,periferico,12487,1712,1.38e-40,0.87,v4.1,104,858,750
HGNC:19189,DOCK6,285,Developmental disorders,periferico,12487,1712,1.38e-40,0.87,v4.1,104,858,750
HGNC:19189,DOCK6,309,Musculoskeletal,periferico,12487,1712,1.38e-40,0.87,v4.1,104,858,750
HGNC:19189,DOCK6,384,Musculoskeletal,periferico,12487,1712,1.38e-40,0.87,v4.1,104,858,750
HGNC:19189,DOCK6,509,Ophthalmology,periferico,12487,1712,1.38e-40,0.87,v4.1,104,858,750
HGNC:6547,LDLR,399,Sin clasificar,periferico,11481,4571,1.2476999999999999e-30,1.091,v4.1,2041,1014,1516
HGNC:6547,LDLR,302,Metabolic disorders,periferico,11481,4571,1.2476999999999999e-30,1.091,v4.1,2041,1014,1516
HGNC:6547,LDLR,467,Metabolic,periferico,11481,4571,1.2476999999999999e-30,1.091,v4.1,2041,1014,1516
HGNC:9411,PRKCSH,209,Sin clasificar,central,7158,503,2.2611e-6,0.699,v4.1,47,208,248
HGNC:9411,PRKCSH,653,Gastrohepatology,central,7158,503,2.2611e-6,0.699,v4.1,47,208,248
HGNC:12997,ZSCAN10,478,Fetal (including NIPD),periferico,3438,165,7.238700000000001e-19,1.312,v4.1,5,23,137
HGNC:12997,ZSCAN10,484,Sin clasificar,periferico,3438,165,7.238700000000001e-19,1.312,v4.1,5,23,137
HGNC:613,APOE,111,Viral research,central,3130,263,2.5668e-4,1.319,v4.1,19,112,132
HGNC:613,APOE,106,Renal,periferico,3130,263,2.5668e-4,1.319,v4.1,19,112,132
HGNC:613,APOE,467,Metabolic,central,3130,263,2.5668e-4,1.319,v4.1,19,112,132
HGNC:613,APOE,302,Metabolic disorders,central,3130,263,2.5668e-4,1.319,v4.1,19,112,132
HGNC:13557,ACE2,111,Viral research,central,10946,22,0.99769,0.25,v2.1.1,0,6,16
HGNC:13631,RPL36,59,Cancer susceptibility,periferico,2539,11,0.93829,0.433,v4.1,0,2,9
HGNC:13631,RPL36,407,Tumour syndromes,periferico,2539,11,0.93829,0.433,v4.1,0,2,9
HGNC:4214,GDF1,479,Developmental disorders,periferico,2822,254,6.6838e-6,1.972,v4.1,29,82,143
HGNC:4214,GDF1,549,Respiratory,periferico,2822,254,6.6838e-6,1.972,v4.1,29,82,143
HGNC:888,KIF1A,846,Neurology,central,18309,3437,1,0.304,v4.1,208,1611,1618
HGNC:888,KIF1A,285,Developmental disorders,central,18309,3437,1,0.304,v4.1,208,1611,1618
HGNC:888,KIF1A,7,Sin clasificar,periferico,18309,3437,1,0.304,v4.1,208,1611,1618
HGNC:888,KIF1A,568,Neurology,central,18309,3437,1,0.304,v4.1,208,1611,1618
HGNC:888,KIF1A,484,Sin clasificar,central,18309,3437,1,0.304,v4.1,208,1611,1618
HGNC:888,KIF1A,477,Neurology,central,18309,3437,1,0.304,v4.1,208,1611,1618
HGNC:888,KIF1A,165,Neurology and neurodevelopmental disorders,central,18309,3437,1,0.304,v4.1,208,1611,1618
HGNC:888,KIF1A,567,Neurology,central,18309,3437,1,0.304,v4.1,208,1611,1618
HGNC:13635,PLVAP,514,Gastrohepatology,periferico,3697,268,1.6527e-9,1.015,v4.1,8,140,120
HGNC:13635,PLVAP,479,Developmental disorders,periferico,3697,268,1.6527e-9,1.015,v4.1,8,140,120
HGNC:13635,PLVAP,101,Dysmorphic and congenital abnormality syndromes,periferico,3697,268,1.6527e-9,1.015,v4.1,8,140,120
HGNC:13635,PLVAP,234,Renal and urinary tract disorders,periferico,3697,268,1.6527e-9,1.015,v4.1,8,140,120
HGNC:26182,COLGALT1,476,Neurology,periferico,6634,312,1.6488e-12,1.021,v4.1,7,106,199
HGNC:26182,COLGALT1,42,Neurology and neurodevelopmental disorders,periferico,6634,312,1.6488e-12,1.021,v4.1,7,106,199
HGNC:20470,LSM7,476,Neurology,periferico,1946,11,1.0781e-5,1.727,v4.1,2,0,9
HGNC:20470,LSM7,477,Neurology,periferico,1946,11,1.0781e-5,1.727,v4.1,2,0,9
HGNC:18647,RTN4IP1,285,Developmental disorders,periferico,6496,342,1.7126e-7,0.952,v4.1,35,142,165
HGNC:18647,RTN4IP1,402,Neurology,periferico,6496,342,1.7126e-7,0.952,v4.1,35,142,165
HGNC:21054,RSPH3,550,Respiratory,central,11873,354,0.018895,0.784,v4.1,30,161,163
HGNC:1068,BMP15,155,Endocrine disorders,central,1262,83,1.832e-4,1.277,v2.1.1,13,21,49
HGNC:166,ACTN4,156,Renal and urinary tract disorders,central,8053,523,1,0.238,v4.1,18,246,259
HGNC:166,ACTN4,106,Renal,central,8053,523,1,0.238,v4.1,18,246,259
HGNC:7684,NDUFA10,402,Neurology,central,23649,383,1.7415e-10,1.12,v4.1,9,152,222
HGNC:7684,NDUFA10,467,Metabolic,central,23649,383,1.7415e-10,1.12,v4.1,9,152,222
HGNC:7684,NDUFA10,534,Mitochondrial,periferico,23649,383,1.7415e-10,1.12,v4.1,9,152,222
HGNC:7684,NDUFA10,180,Neurology and neurodevelopmental disorders,central,23649,383,1.7415e-10,1.12,v4.1,9,152,222
HGNC:3415,EPO,157,Haematology,central,1665,58,0.026938,0.819,v4.1,3,24,31
HGNC:704,ARPC1B,175,Haematological and immunological disorders,periferico,8513,378,1.063e-6,0.876,v4.1,28,205,145
HGNC:29316,ZSWIM6,150,Ciliopathies,periferico,5865,1052,1,0.146,v4.1,5,502,545
HGNC:29316,ZSWIM6,81,Musculoskeletal,periferico,5865,1052,1,0.146,v4.1,5,502,545
HGNC:29316,ZSWIM6,285,Developmental disorders,periferico,5865,1052,1,0.146,v4.1,5,502,545
HGNC:29316,ZSWIM6,384,Musculoskeletal,periferico,5865,1052,1,0.146,v4.1,5,502,545
HGNC:29316,ZSWIM6,478,Fetal (including NIPD),periferico,5865,1052,1,0.146,v4.1,5,502,545
HGNC:29316,ZSWIM6,847,Neurology,central,5865,1052,1,0.146,v4.1,5,502,545
HGNC:29316,ZSWIM6,724,Neurology,periferico,5865,1052,1,0.146,v4.1,5,502,545
HGNC:29316,ZSWIM6,484,Sin clasificar,periferico,5865,1052,1,0.146,v4.1,5,502,545
HGNC:29316,ZSWIM6,726,Musculoskeletal,periferico,5865,1052,1,0.146,v4.1,5,502,545
HGNC:29316,ZSWIM6,309,Musculoskeletal,periferico,5865,1052,1,0.146,v4.1,5,502,545
HGNC:29002,FCHO1,111,Viral research,periferico,7340,883,0.87717,0.499,v4.1,22,497,364
HGNC:29002,FCHO1,398,Immunology,periferico,7340,883,0.87717,0.499,v4.1,22,497,364
HGNC:23150,UNC13A,232,Neurology,periferico,11206,415,1,0.389,v4.1,10,143,262
HGNC:14966,PXDN,484,Sin clasificar,central,14943,589,1.9752e-10,0.677,v4.1,28,310,251
HGNC:14966,PXDN,478,Fetal (including NIPD),central,14943,589,1.9752e-10,0.677,v4.1,28,310,251
HGNC:14966,PXDN,509,Ophthalmology,central,14943,589,1.9752e-10,0.677,v4.1,28,310,251
HGNC:19946,CAMSAP1,402,Neurology,periferico,9988,276,0.0099751,0.544,v4.1,6,41,229
HGNC:11950,TNNT3,225,Neurology,central,6185,310,2.5681e-8,0.866,v4.1,5,165,140
HGNC:2209,COL5A1,53,Musculoskeletal,central,11524,4288,1,0.089,v4.1,407,2310,1571
HGNC:2209,COL5A1,700,Cardiology,central,11524,4288,1,0.089,v4.1,407,2310,1571
HGNC:4979,MNX1,253,Gastroenterological disorders,periferico,4369,541,0.84711,0.634,v4.1,96,161,284
HGNC:15761,OSBPL2,126,Audiology,periferico,20743,294,0.99659,0.467,v4.1,6,176,112
HGNC:758,ASS1,484,Sin clasificar,central,13407,924,1.4303e-18,1.14,v4.1,230,432,262
HGNC:758,ASS1,467,Metabolic,central,13407,924,1.4303e-18,1.14,v4.1,230,432,262
HGNC:758,ASS1,302,Metabolic disorders,central,13407,924,1.4303e-18,1.14,v4.1,230,432,262
HGNC:758,ASS1,285,Developmental disorders,central,13407,924,1.4303e-18,1.14,v4.1,230,432,262
HGNC:13997,PRDM12,846,Neurology,periferico,2481,346,2.3682e-5,1.153,v4.1,19,162,165
HGNC:13997,PRDM12,85,Neurology and neurodevelopmental disorders,periferico,2481,346,2.3682e-5,1.153,v4.1,19,162,165
HGNC:13997,PRDM12,484,Sin clasificar,periferico,2481,346,2.3682e-5,1.153,v4.1,19,162,165
HGNC:13997,PRDM12,7,Sin clasificar,periferico,2481,346,2.3682e-5,1.153,v4.1,19,162,165
HGNC:17097,EXOSC2,307,Ophthalmology,periferico,8914,293,5.217e-8,1.009,v4.1,2,140,151
HGNC:9202,POMT1,258,Neurology,central,12766,1279,7.2486e-26,1.002,v4.1,199,559,521
HGNC:9202,POMT1,207,Neurology,central,12766,1279,7.2486e-26,1.002,v4.1,199,559,521
HGNC:9202,POMT1,307,Ophthalmology,periferico,12766,1279,7.2486e-26,1.002,v4.1,199,559,521
HGNC:9202,POMT1,185,Neurology,central,12766,1279,7.2486e-26,1.002,v4.1,199,559,521
HGNC:9202,POMT1,25,Metabolic,central,12766,1279,7.2486e-26,1.002,v4.1,199,559,521
HGNC:3267,EIF2S3,162,Neurology,central,6166,78,0.96388,0.322,v2.1.1,8,21,49
HGNC:3267,EIF2S3,484,Sin clasificar,central,6166,78,0.96388,0.322,v2.1.1,8,21,49
HGNC:3267,EIF2S3,478,Fetal (including NIPD),central,6166,78,0.96388,0.322,v2.1.1,8,21,49
HGNC:3267,EIF2S3,285,Developmental disorders,central,6166,78,0.96388,0.322,v2.1.1,8,21,49
HGNC:3267,EIF2S3,483,Endocrinology,periferico,6166,78,0.96388,0.322,v2.1.1,8,21,49
HGNC:23140,ANGPTL6,147,Neurology,periferico,3084,100,1.8601e-16,1.338,v4.1,0,10,90
HGNC:2976,DNMT1,265,Neurology and neurodevelopmental disorders,periferico,15472,1700,1,0.15,v4.1,13,912,775
HGNC:2976,DNMT1,541,Neurology,central,15472,1700,1,0.15,v4.1,13,912,775
HGNC:11055,SLC6A8,302,Metabolic disorders,periferico,5732,1358,0.99778,0.213,v2.1.1,305,679,374
HGNC:11055,SLC6A8,467,Metabolic,periferico,5732,1358,0.99778,0.213,v2.1.1,305,679,374
HGNC:2890,DKC1,478,Fetal (including NIPD),central,9478,621,0.99916,0.191,v2.1.1,136,307,178
HGNC:2890,DKC1,245,Cancer susceptibility,periferico,9478,621,0.99916,0.191,v2.1.1,136,307,178
HGNC:2890,DKC1,176,Gastroenterological disorders,periferico,9478,621,0.99916,0.191,v2.1.1,136,307,178
HGNC:2890,DKC1,484,Sin clasificar,central,9478,621,0.99916,0.191,v2.1.1,136,307,178
HGNC:2890,DKC1,519,Haematology,central,9478,621,0.99916,0.191,v2.1.1,136,307,178
HGNC:2890,DKC1,285,Developmental disorders,central,9478,621,0.99916,0.191,v2.1.1,136,307,178
HGNC:26784,C12orf65,567,Neurology,central,9324,169,2.3129e-4,1.224,v4.1,23,51,95
HGNC:26784,C12orf65,85,Neurology and neurodevelopmental disorders,central,9324,169,2.3129e-4,1.224,v4.1,23,51,95
HGNC:26784,C12orf65,846,Neurology,central,9324,169,2.3129e-4,1.224,v4.1,23,51,95
HGNC:26784,C12orf65,484,Sin clasificar,central,9324,169,2.3129e-4,1.224,v4.1,23,51,95
HGNC:26784,C12orf65,285,Developmental disorders,central,9324,169,2.3129e-4,1.224,v4.1,23,51,95
HGNC:26784,C12orf65,568,Neurology,central,9324,169,2.3129e-4,1.224,v4.1,23,51,95
HGNC:26784,C12orf65,165,Neurology and neurodevelopmental disorders,central,9324,169,2.3129e-4,1.224,v4.1,23,51,95
HGNC:26002,CASZ1,749,Cardiology,periferico,12687,675,1,0.285,v4.1,26,272,377
HGNC:5212,HSD17B3,9,Endocrinology,central,2819,348,5.5988e-6,0.903,v4.1,64,208,76
HGNC:12469,UBA1,79,Neurology,periferico,11545,698,1,0.108,v2.1.1,1,373,324
HGNC:12469,UBA1,478,Fetal (including NIPD),central,11545,698,1,0.108,v2.1.1,1,373,324
HGNC:12469,UBA1,1075,Immunology,periferico,11545,698,1,0.108,v2.1.1,1,373,324
HGNC:17089,SYNE1,207,Neurology,periferico,48279,7013,2.1789e-73,0.564,v4.1,388,2493,4132
HGNC:17089,SYNE1,484,Sin clasificar,central,48279,7013,2.1789e-73,0.564,v4.1,388,2493,4132
HGNC:17089,SYNE1,258,Neurology,central,48279,7013,2.1789e-73,0.564,v4.1,388,2493,4132
HGNC:17089,SYNE1,478,Fetal (including NIPD),central,48279,7013,2.1789e-73,0.564,v4.1,388,2493,4132
HGNC:16232,COX4I2,159,Haematological disorders,periferico,1190,84,5.3139e-5,1.079,v4.1,0,35,49
HGNC:16232,COX4I2,537,Mitochondrial,periferico,1190,84,5.3139e-5,1.079,v4.1,0,35,49
HGNC:15992,ZNF341,111,Viral research,periferico,5589,717,5.9594e-10,0.756,v4.1,28,365,324
HGNC:4235,GFAP,579,Neurology,central,12117,524,2.8861e-9,0.991,v4.1,74,174,276
HGNC:4235,GFAP,484,Sin clasificar,central,12117,524,2.8861e-9,0.991,v4.1,74,174,276
HGNC:4235,GFAP,477,Neurology,central,12117,524,2.8861e-9,0.991,v4.1,74,174,276
HGNC:4235,GFAP,540,Neurology,central,12117,524,2.8861e-9,0.991,v4.1,74,174,276
HGNC:4235,GFAP,20,Neurology and neurodevelopmental disorders,central,12117,524,2.8861e-9,0.991,v4.1,74,174,276
HGNC:4235,GFAP,476,Neurology,central,12117,524,2.8861e-9,0.991,v4.1,74,174,276
HGNC:4235,GFAP,42,Neurology and neurodevelopmental disorders,central,12117,524,2.8861e-9,0.991,v4.1,74,174,276
HGNC:4235,GFAP,466,Neurology,central,12117,524,2.8861e-9,0.991,v4.1,74,174,276
HGNC:4235,GFAP,474,Neurology,central,12117,524,2.8861e-9,0.991,v4.1,74,174,276
HGNC:4235,GFAP,478,Fetal (including NIPD),central,12117,524,2.8861e-9,0.991,v4.1,74,174,276
HGNC:4235,GFAP,285,Developmental disorders,central,12117,524,2.8861e-9,0.991,v4.1,74,174,276
HGNC:4235,GFAP,402,Neurology,central,12117,524,2.8861e-9,0.991,v4.1,74,174,276
HGNC:2265,COX4I1,539,Mitochondrial,central,6536,40,1.1962e-5,1.15,v4.1,2,7,31
HGNC:2265,COX4I1,112,Mitochondrial,central,6536,40,1.1962e-5,1.15,v4.1,2,7,31
HGNC:2265,COX4I1,467,Metabolic,central,6536,40,1.1962e-5,1.15,v4.1,2,7,31
HGNC:8740,CHMP1A,478,Fetal (including NIPD),periferico,7454,259,7.9416e-5,1.045,v4.1,5,148,106
HGNC:8740,CHMP1A,20,Neurology and neurodevelopmental disorders,periferico,7454,259,7.9416e-5,1.045,v4.1,5,148,106
HGNC:2291,COX7B,478,Fetal (including NIPD),periferico,3639,49,0.67459,0.815,v2.1.1,5,25,19
HGNC:2291,COX7B,559,Dermatology,periferico,3639,49,0.67459,0.815,v2.1.1,5,25,19
HGNC:2291,COX7B,509,Ophthalmology,periferico,3639,49,0.67459,0.815,v2.1.1,5,25,19
HGNC:11019,SLC34A1,482,Endocrinology,central,4737,576,3.0772e-21,1.288,v4.1,56,197,323
HGNC:11019,SLC34A1,149,Renal,central,4737,576,3.0772e-21,1.288,v4.1,56,197,323
HGNC:3530,F12,563,Dermatology,periferico,5796,237,2.9444e-26,1.286,v4.1,20,79,138
HGNC:3530,F12,398,Immunology,periferico,5796,237,2.9444e-26,1.286,v4.1,20,79,138
HGNC:3530,F12,111,Viral research,periferico,5796,237,2.9444e-26,1.286,v4.1,20,79,138
HGNC:12033,TRAF3,111,Viral research,central,14964,444,1,0.321,v4.1,5,231,208
HGNC:12033,TRAF3,398,Immunology,central,14964,444,1,0.321,v4.1,5,231,208
HGNC:11052,SLC6A6,652,Cardiology,periferico,8839,76,0.99994,0.399,v4.1,3,8,65
HGNC:11052,SLC6A6,307,Ophthalmology,periferico,8839,76,0.99994,0.399,v4.1,3,8,65
HGNC:6235,KCNC3,286,Neurology and neurodevelopmental disorders,periferico,6794,478,0.29626,0.654,v4.1,11,181,286
HGNC:6235,KCNC3,466,Neurology,central,6794,478,0.29626,0.654,v4.1,11,181,286
HGNC:6235,KCNC3,477,Neurology,central,6794,478,0.29626,0.654,v4.1,11,181,286
HGNC:6235,KCNC3,474,Neurology,periferico,6794,478,0.29626,0.654,v4.1,11,181,286
HGNC:6235,KCNC3,20,Neurology and neurodevelopmental disorders,central,6794,478,0.29626,0.654,v4.1,11,181,286
HGNC:12417,TUBG1,96,Neurology,central,4561,218,0.31647,0.583,v4.1,14,127,77
HGNC:7685,NDUFA2,467,Metabolic,central,1530,100,0.0022739,1.343,v4.1,3,51,46
HGNC:7685,NDUFA2,42,Neurology and neurodevelopmental disorders,central,1530,100,0.0022739,1.343,v4.1,3,51,46
HGNC:2876,DIAPH1,402,Neurology,periferico,7503,1872,1,0.367,v4.1,65,769,1038
HGNC:21625,ANO1,147,Neurology,periferico,6418,174,8.8688e-7,0.618,v4.1,3,39,132
HGNC:21625,ANO1,514,Gastrohepatology,periferico,6418,174,8.8688e-7,0.618,v4.1,3,39,132
HGNC:21625,ANO1,176,Gastroenterological disorders,periferico,6418,174,8.8688e-7,0.618,v4.1,3,39,132
HGNC:21625,ANO1,33,Gastroenterological disorders,periferico,6418,174,8.8688e-7,0.618,v4.1,3,39,132
HGNC:28369,THOC6,484,Sin clasificar,periferico,3292,120,3.8005e-9,0.872,v4.1,25,25,70
HGNC:28369,THOC6,478,Fetal (including NIPD),periferico,3292,120,3.8005e-9,0.872,v4.1,25,25,70
HGNC:28369,THOC6,285,Developmental disorders,periferico,3292,120,3.8005e-9,0.872,v4.1,25,25,70
HGNC:20456,TRAF7,384,Musculoskeletal,periferico,5657,231,1.7117e-6,0.675,v4.1,21,67,143
HGNC:20456,TRAF7,212,Cardiovascular disorders,periferico,5657,231,1.7117e-6,0.675,v4.1,21,67,143
HGNC:20456,TRAF7,168,Musculoskeletal,periferico,5657,231,1.7117e-6,0.675,v4.1,21,67,143
HGNC:19104,NPHP4,150,Ciliopathies,central,14214,1934,1.9287999999999997e-50,1.183,v4.1,160,667,1107
HGNC:19104,NPHP4,549,Respiratory,periferico,14214,1934,1.9287999999999997e-50,1.183,v4.1,160,667,1107
HGNC:19104,NPHP4,722,Ophthalmology,central,14214,1934,1.9287999999999997e-50,1.183,v4.1,160,667,1107
HGNC:6836,MAP1B,285,Developmental disorders,central,12609,666,1,0.105,v4.1,48,184,434
HGNC:30512,WDR44,484,Sin clasificar,periferico,5904,82,0.99972,0.195,v2.1.1,2,7,73
HGNC:30512,WDR44,478,Fetal (including NIPD),periferico,5904,82,0.99972,0.195,v2.1.1,2,7,73
HGNC:8806,PDHA1,539,Mitochondrial,central,5362,1002,0.98842,0.266,v2.1.1,477,335,190
HGNC:8806,PDHA1,484,Sin clasificar,central,5362,1002,0.98842,0.266,v2.1.1,477,335,190
HGNC:8806,PDHA1,85,Neurology and neurodevelopmental disorders,central,5362,1002,0.98842,0.266,v2.1.1,477,335,190
HGNC:8806,PDHA1,285,Developmental disorders,central,5362,1002,0.98842,0.266,v2.1.1,477,335,190
HGNC:8806,PDHA1,467,Metabolic,central,5362,1002,0.98842,0.266,v2.1.1,477,335,190
HGNC:8806,PDHA1,478,Fetal (including NIPD),central,5362,1002,0.98842,0.266,v2.1.1,477,335,190
HGNC:8806,PDHA1,402,Neurology,central,5362,1002,0.98842,0.266,v2.1.1,477,335,190
HGNC:8806,PDHA1,302,Metabolic disorders,central,5362,1002,0.98842,0.266,v2.1.1,477,335,190
HGNC:8806,PDHA1,112,Mitochondrial,central,5362,1002,0.98842,0.266,v2.1.1,477,335,190
HGNC:8806,PDHA1,847,Neurology,central,5362,1002,0.98842,0.266,v2.1.1,477,335,190
HGNC:6937,MCCC2,467,Metabolic,central,21264,898,1.8706e-10,0.832,v4.1,198,375,325
HGNC:6937,MCCC2,302,Metabolic disorders,central,21264,898,1.8706e-10,0.832,v4.1,198,375,325
HGNC:17198,CHSY1,302,Metabolic disorders,periferico,8048,323,1,0.357,v4.1,9,122,192
HGNC:17198,CHSY1,467,Metabolic,periferico,8048,323,1,0.357,v4.1,9,122,192
HGNC:17198,CHSY1,384,Musculoskeletal,periferico,8048,323,1,0.357,v4.1,9,122,192
HGNC:17198,CHSY1,478,Fetal (including NIPD),periferico,8048,323,1,0.357,v4.1,9,122,192
HGNC:17198,CHSY1,484,Sin clasificar,periferico,8048,323,1,0.357,v4.1,9,122,192
HGNC:25443,C19orf12,302,Metabolic disorders,periferico,8477,334,0.91468,0.568,v4.1,34,118,182
HGNC:25443,C19orf12,467,Metabolic,periferico,8477,334,0.91468,0.568,v4.1,34,118,182
HGNC:25443,C19orf12,39,Neurology and neurodevelopmental disorders,periferico,8477,334,0.91468,0.568,v4.1,34,118,182
HGNC:25443,C19orf12,186,Ophthalmology,periferico,8477,334,0.91468,0.568,v4.1,34,118,182
HGNC:28467,FAAP24,111,Viral research,periferico,3227,45,8.7894e-7,1.336,v4.1,0,17,28
HGNC:4193,GCH1,219,Neurology and neurodevelopmental disorders,central,6402,624,0.3618,0.899,v4.1,123,218,283
HGNC:4193,GCH1,847,Neurology,central,6402,624,0.3618,0.899,v4.1,123,218,283
HGNC:4193,GCH1,192,Neurology and neurodevelopmental disorders,central,6402,624,0.3618,0.899,v4.1,123,218,283
HGNC:4193,GCH1,39,Neurology and neurodevelopmental disorders,central,6402,624,0.3618,0.899,v4.1,123,218,283
HGNC:4193,GCH1,540,Neurology,central,6402,624,0.3618,0.899,v4.1,123,218,283
HGNC:30237,CC2D1A,285,Developmental disorders,periferico,8756,727,2.7205e-9,0.649,v4.1,65,394,268
HGNC:30237,CC2D1A,484,Sin clasificar,periferico,8756,727,2.7205e-9,0.649,v4.1,65,394,268
HGNC:6909,MATN3,484,Sin clasificar,periferico,4427,383,1.0499e-14,1.358,v4.1,14,115,254
HGNC:9829,RAF1,478,Fetal (including NIPD),central,20114,1355,1,0.353,v4.1,54,588,713
HGNC:9829,RAF1,255,Tumour syndromes,periferico,20114,1355,1,0.353,v4.1,54,588,713
HGNC:9829,RAF1,259,Cancer Programme,periferico,20114,1355,1,0.353,v4.1,54,588,713
HGNC:9829,RAF1,144,Dysmorphic and congenital abnormality syndromes,central,20114,1355,1,0.353,v4.1,54,588,713
HGNC:9236,PPARG,152,Endocrine disorders,central,18294,280,0.21436,0.628,v4.1,44,98,138
HGNC:9236,PPARG,472,Endocrinology,central,18294,280,0.21436,0.628,v4.1,44,98,138
HGNC:9236,PPARG,174,Endocrine disorders,central,18294,280,0.21436,0.628,v4.1,44,98,138
HGNC:9236,PPARG,546,Endocrinology,central,18294,280,0.21436,0.628,v4.1,44,98,138
HGNC:33882,INPP5K,207,Neurology,periferico,5580,156,4.6882e-11,1.113,v4.1,13,53,90
HGNC:33882,INPP5K,230,Ophthalmology,periferico,5580,156,4.6882e-11,1.113,v4.1,13,53,90
HGNC:10289,RPA1,1174,Respiratory,periferico,5928,96,6.0136e-10,0.818,v4.1,2,18,76
HGNC:24614,EEFSEC,477,Neurology,central,15031,117,9.5613e-16,1.345,v4.1,5,12,100
HGNC:17649,POPDC3,185,Neurology,periferico,4345,47,5.6818e-5,1.02,v4.1,6,9,32
HGNC:2719,DDC,192,Neurology and neurodevelopmental disorders,periferico,6135,661,7.7907e-10,0.922,v4.1,94,318,249
HGNC:3344,ENAM,269,Musculoskeletal,central,5807,303,0.0011786,0.892,v4.1,15,49,239
HGNC:12738,WBP2,126,Audiology,periferico,5399,137,8.9376e-7,1.078,v4.1,1,61,75
HGNC:4765,H3F3B,285,Developmental disorders,central,6146,40,0.96503,0.485,v4.1,20,3,17
HGNC:4765,H3F3B,484,Sin clasificar,central,6146,40,0.96503,0.485,v4.1,20,3,17
HGNC:4765,H3F3B,478,Fetal (including NIPD),central,6146,40,0.96503,0.485,v4.1,20,3,17
HGNC:4765,H3F3B,402,Neurology,central,6146,40,0.96503,0.485,v4.1,20,3,17
HGNC:3300,EIF5A,484,Sin clasificar,central,4041,44,0.99865,0.278,v4.1,14,7,23
HGNC:3300,EIF5A,285,Developmental disorders,central,4041,44,0.99865,0.278,v4.1,14,7,23
HGNC:3300,EIF5A,478,Fetal (including NIPD),central,4041,44,0.99865,0.278,v4.1,14,7,23
HGNC:29012,KDM6B,478,Fetal (including NIPD),central,7828,875,1,0.211,v4.1,127,229,519
HGNC:29012,KDM6B,285,Developmental disorders,central,7828,875,1,0.211,v4.1,127,229,519
HGNC:29012,KDM6B,402,Neurology,central,7828,875,1,0.211,v4.1,127,229,519
HGNC:29012,KDM6B,484,Sin clasificar,central,7828,875,1,0.211,v4.1,127,229,519
HGNC:4689,GUCY2D,307,Ophthalmology,central,4022,1674,1.1666e-16,0.911,v4.1,257,703,714
HGNC:2903,DLG4,478,Fetal (including NIPD),central,10277,308,1,0.151,v4.1,113,47,148
HGNC:2903,DLG4,285,Developmental disorders,central,10277,308,1,0.151,v4.1,113,47,148
HGNC:2903,DLG4,484,Sin clasificar,central,10277,308,1,0.151,v4.1,113,47,148
HGNC:2903,DLG4,477,Neurology,central,10277,308,1,0.151,v4.1,113,47,148
HGNC:2183,VPS13B,398,Immunology,periferico,22465,6585,2.3165e-55,0.708,v4.1,1022,2863,2700
HGNC:2183,VPS13B,150,Ciliopathies,periferico,22465,6585,2.3165e-55,0.708,v4.1,1022,2863,2700
HGNC:2183,VPS13B,722,Ophthalmology,periferico,22465,6585,2.3165e-55,0.708,v4.1,1022,2863,2700
HGNC:2183,VPS13B,222,Dysmorphic and congenital abnormality syndromes,periferico,22465,6585,2.3165e-55,0.708,v4.1,1022,2863,2700
HGNC:2183,VPS13B,130,Endocrinology,periferico,22465,6585,2.3165e-55,0.708,v4.1,1022,2863,2700
HGNC:2183,VPS13B,724,Neurology,periferico,22465,6585,2.3165e-55,0.708,v4.1,1022,2863,2700
HGNC:2183,VPS13B,111,Viral research,periferico,22465,6585,2.3165e-55,0.708,v4.1,1022,2863,2700
HGNC:17975,REEP2,567,Neurology,central,4724,156,0.98683,0.488,v4.1,7,81,68
HGNC:17975,REEP2,165,Neurology and neurodevelopmental disorders,central,4724,156,0.98683,0.488,v4.1,7,81,68
HGNC:17975,REEP2,568,Neurology,central,4724,156,0.98683,0.488,v4.1,7,81,68
HGNC:25557,PRMT7,384,Musculoskeletal,periferico,14073,348,1.7205e-16,1.01,v4.1,47,131,170
HGNC:25557,PRMT7,309,Musculoskeletal,periferico,14073,348,1.7205e-16,1.01,v4.1,47,131,170
HGNC:13488,VPS4A,230,Ophthalmology,periferico,6934,102,0.3968,0.585,v4.1,7,19,76
HGNC:13488,VPS4A,847,Neurology,periferico,6934,102,0.3968,0.585,v4.1,7,19,76
HGNC:13488,VPS4A,518,Haematology,periferico,6934,102,0.3968,0.585,v4.1,7,19,76
HGNC:25094,MTSS1L,285,Developmental disorders,periferico,5012,241,0.0032006,0.662,v4.1,2,44,195
HGNC:25094,MTSS1L,484,Sin clasificar,periferico,5012,241,0.0032006,0.662,v4.1,2,44,195
HGNC:11132,SNAP25,285,Developmental disorders,central,21204,252,0.99953,0.29,v4.1,27,136,89
HGNC:11132,SNAP25,478,Fetal (including NIPD),central,21204,252,0.99953,0.29,v4.1,27,136,89
HGNC:11132,SNAP25,402,Neurology,central,21204,252,0.99953,0.29,v4.1,27,136,89
HGNC:11132,SNAP25,484,Sin clasificar,central,21204,252,0.99953,0.29,v4.1,27,136,89
HGNC:11132,SNAP25,477,Neurology,central,21204,252,0.99953,0.29,v4.1,27,136,89
HGNC:15763,POLR3F,111,Viral research,periferico,6754,177,0.030764,1.012,v4.1,1,69,107
HGNC:2673,DAP3,251,Hearing and ear disorders,periferico,9286,63,8.1756e-4,0.706,v4.1,4,11,48
HGNC:5542,IGHMBP2,85,Neurology and neurodevelopmental disorders,central,9802,1513,1.1887e-22,1.019,v4.1,171,651,691
HGNC:5542,IGHMBP2,79,Neurology,central,9802,1513,1.1887e-22,1.019,v4.1,171,651,691
HGNC:5542,IGHMBP2,846,Neurology,central,9802,1513,1.1887e-22,1.019,v4.1,171,651,691
HGNC:24525,MMACHC,307,Ophthalmology,periferico,5163,657,1.8448e-4,1.162,v4.1,182,231,244
HGNC:24525,MMACHC,466,Neurology,periferico,5163,657,1.8448e-4,1.162,v4.1,182,231,244
HGNC:24525,MMACHC,749,Cardiology,periferico,5163,657,1.8448e-4,1.162,v4.1,182,231,244
HGNC:24525,MMACHC,477,Neurology,periferico,5163,657,1.8448e-4,1.162,v4.1,182,231,244
HGNC:24525,MMACHC,478,Fetal (including NIPD),periferico,5163,657,1.8448e-4,1.162,v4.1,182,231,244
HGNC:24525,MMACHC,20,Neurology and neurodevelopmental disorders,periferico,5163,657,1.8448e-4,1.162,v4.1,182,231,244
HGNC:24525,MMACHC,139,Renal,central,5163,657,1.8448e-4,1.162,v4.1,182,231,244
HGNC:15954,TOE1,9,Endocrinology,periferico,4721,236,5.2565e-17,1.225,v4.1,32,79,125
HGNC:15954,TOE1,286,Neurology and neurodevelopmental disorders,central,4721,236,5.2565e-17,1.225,v4.1,32,79,125
HGNC:7527,MUTYH,391,Tumour syndromes,central,5985,4199,1.7396e-18,1.022,v4.1,425,1190,2584
HGNC:7527,MUTYH,245,Cancer susceptibility,central,5985,4199,1.7396e-18,1.022,v4.1,425,1190,2584
HGNC:11699,SERINC3,111,Viral research,periferico,7316,72,0.11763,0.633,v4.1,0,9,63
HGNC:566,AP3B1,1174,Respiratory,periferico,27069,974,0.0032623,0.59,v4.1,74,417,483
HGNC:566,AP3B1,285,Developmental disorders,central,27069,974,0.0032623,0.59,v4.1,74,417,483
HGNC:566,AP3B1,222,Dysmorphic and congenital abnormality syndromes,central,27069,974,0.0032623,0.59,v4.1,74,417,483
HGNC:28127,RSG1,384,Musculoskeletal,periferico,1712,58,2.0746e-10,1.649,v4.1,0,4,54
HGNC:28127,RSG1,478,Fetal (including NIPD),periferico,1712,58,2.0746e-10,1.649,v4.1,0,4,54
HGNC:28127,RSG1,726,Musculoskeletal,periferico,1712,58,2.0746e-10,1.649,v4.1,0,4,54
HGNC:8785,PDE6A,307,Ophthalmology,central,7911,955,5.867e-17,0.888,v4.1,125,294,536
HGNC:13533,ATP8A2,285,Developmental disorders,periferico,24395,568,7.9069e-9,0.728,v4.1,53,250,265
HGNC:13533,ATP8A2,477,Neurology,periferico,24395,568,7.9069e-9,0.728,v4.1,53,250,265
HGNC:13533,ATP8A2,286,Neurology and neurodevelopmental disorders,periferico,24395,568,7.9069e-9,0.728,v4.1,53,250,265
HGNC:13533,ATP8A2,466,Neurology,periferico,24395,568,7.9069e-9,0.728,v4.1,53,250,265
HGNC:20330,POMP,398,Immunology,periferico,8168,149,0.020209,1.191,v4.1,5,68,76
HGNC:20330,POMP,215,Dermatological disorders,periferico,8168,149,0.020209,1.191,v4.1,5,68,76
HGNC:20330,POMP,111,Viral research,periferico,8168,149,0.020209,1.191,v4.1,5,68,76
HGNC:20330,POMP,1075,Immunology,periferico,8168,149,0.020209,1.191,v4.1,5,68,76
HGNC:20330,POMP,556,Dermatology,periferico,8168,149,0.020209,1.191,v4.1,5,68,76
HGNC:1952,CHRM3,234,Renal and urinary tract disorders,periferico,15653,154,0.99943,0.42,v4.1,3,54,97
HGNC:1952,CHRM3,156,Renal and urinary tract disorders,periferico,15653,154,0.99943,0.42,v4.1,3,54,97
HGNC:1952,CHRM3,1537,Renal,periferico,15653,154,0.99943,0.42,v4.1,3,54,97
HGNC:10603,SCO1,537,Mitochondrial,central,10989,273,1.393e-5,1.207,v4.1,14,103,156
HGNC:10603,SCO1,112,Mitochondrial,central,10989,273,1.393e-5,1.207,v4.1,14,103,156
HGNC:10603,SCO1,539,Mitochondrial,central,10989,273,1.393e-5,1.207,v4.1,14,103,156
HGNC:10603,SCO1,467,Metabolic,central,10989,273,1.393e-5,1.207,v4.1,14,103,156
HGNC:10603,SCO1,302,Metabolic disorders,central,10989,273,1.393e-5,1.207,v4.1,14,103,156
HGNC:29043,DSTYK,234,Renal and urinary tract disorders,periferico,8219,355,0.99974,0.445,v4.1,6,114,235
HGNC:29043,DSTYK,478,Fetal (including NIPD),periferico,8219,355,0.99974,0.445,v4.1,6,114,235
HGNC:29043,DSTYK,156,Renal and urinary tract disorders,periferico,8219,355,0.99974,0.445,v4.1,6,114,235
HGNC:29043,DSTYK,1537,Renal,periferico,8219,355,0.99974,0.445,v4.1,6,114,235
HGNC:29043,DSTYK,567,Neurology,periferico,8219,355,0.99974,0.445,v4.1,6,114,235
HGNC:29043,DSTYK,484,Sin clasificar,periferico,8219,355,0.99974,0.445,v4.1,6,114,235
HGNC:18621,COG6,467,Metabolic,periferico,12964,433,1.6039e-7,1.057,v4.1,38,184,211
HGNC:18621,COG6,25,Metabolic,periferico,12964,433,1.6039e-7,1.057,v4.1,38,184,211
HGNC:18621,COG6,302,Metabolic disorders,periferico,12964,433,1.6039e-7,1.057,v4.1,38,184,211
HGNC:18514,SPART,42,Neurology and neurodevelopmental disorders,periferico,13492,409,7.5315e-7,0.759,v4.1,29,129,251
HGNC:18514,SPART,476,Neurology,periferico,13492,409,7.5315e-7,0.759,v4.1,29,129,251
HGNC:9988,RFXAP,111,Viral research,periferico,2868,223,9.5754e-6,1.454,v4.1,29,72,122
HGNC:6128,IRS4,31,Endocrinology,periferico,16618,171,0.57796,0.43,v2.1.1,4,29,138
HGNC:24715,TBC1D8B,106,Renal,periferico,10944,277,5.953e-9,0.743,v2.1.1,10,78,189
HGNC:3393,EPHB2,545,Haematology,periferico,12903,152,1,0.265,v4.1,2,58,92
HGNC:8786,PDE6B,307,Ophthalmology,central,5111,1285,7.352900000000001e-27,1.238,v4.1,179,423,683
HGNC:7569,MYH11,479,Developmental disorders,central,21804,4240,1,0.377,v4.1,80,1756,2404
HGNC:7569,MYH11,700,Cardiology,central,21804,4240,1,0.377,v4.1,80,1756,2404
HGNC:7569,MYH11,1,Cardiovascular disorders,central,21804,4240,1,0.377,v4.1,80,1756,2404
HGNC:7569,MYH11,478,Fetal (including NIPD),central,21804,4240,1,0.377,v4.1,80,1756,2404
HGNC:23573,MORC2,466,Neurology,periferico,11735,1053,1,0.3,v4.1,35,447,571
HGNC:23573,MORC2,126,Audiology,periferico,11735,1053,1,0.3,v4.1,35,447,571
HGNC:23573,MORC2,162,Neurology,periferico,11735,1053,1,0.3,v4.1,35,447,571
HGNC:23573,MORC2,285,Developmental disorders,periferico,11735,1053,1,0.3,v4.1,35,447,571
HGNC:23573,MORC2,484,Sin clasificar,periferico,11735,1053,1,0.3,v4.1,35,447,571
HGNC:23573,MORC2,307,Ophthalmology,periferico,11735,1053,1,0.3,v4.1,35,447,571
HGNC:23573,MORC2,477,Neurology,periferico,11735,1053,1,0.3,v4.1,35,447,571
HGNC:6511,LARGE1,478,Fetal (including NIPD),periferico,25593,1007,5.7297e-4,0.606,v4.1,42,599,366
HGNC:6511,LARGE1,467,Metabolic,periferico,25593,1007,5.7297e-4,0.606,v4.1,42,599,366
HGNC:6511,LARGE1,207,Neurology,central,25593,1007,5.7297e-4,0.606,v4.1,42,599,366
HGNC:6511,LARGE1,302,Metabolic disorders,periferico,25593,1007,5.7297e-4,0.606,v4.1,42,599,366
HGNC:18150,MYO18B,309,Musculoskeletal,periferico,9870,2501,7.7955e-52,0.911,v4.1,143,1186,1172
HGNC:24113,ATP13A3,193,Respiratory,central,24568,281,0.99999,0.428,v4.1,8,120,153
HGNC:6407,KRAS,259,Cancer Programme,central,15916,537,0.99914,0.264,v4.1,97,219,221
HGNC:6407,KRAS,559,Dermatology,central,15916,537,0.99914,0.264,v4.1,97,219,221
HGNC:6407,KRAS,48,Dysmorphic and congenital abnormality syndromes,central,15916,537,0.99914,0.264,v4.1,97,219,221
HGNC:6407,KRAS,111,Viral research,central,15916,537,0.99914,0.264,v4.1,97,219,221
HGNC:6407,KRAS,65,Cardiology,central,15916,537,0.99914,0.264,v4.1,97,219,221
HGNC:6407,KRAS,478,Fetal (including NIPD),central,15916,537,0.99914,0.264,v4.1,97,219,221
HGNC:6407,KRAS,131,Endocrine disorders,central,15916,537,0.99914,0.264,v4.1,97,219,221
HGNC:6407,KRAS,285,Developmental disorders,central,15916,537,0.99914,0.264,v4.1,97,219,221
HGNC:6407,KRAS,168,Musculoskeletal,central,15916,537,0.99914,0.264,v4.1,97,219,221
HGNC:6407,KRAS,402,Neurology,central,15916,537,0.99914,0.264,v4.1,97,219,221
HGNC:6407,KRAS,398,Immunology,central,15916,537,0.99914,0.264,v4.1,97,219,221
HGNC:6407,KRAS,243,Cancer susceptibility,central,15916,537,0.99914,0.264,v4.1,97,219,221
HGNC:6407,KRAS,245,Cancer susceptibility,central,15916,537,0.99914,0.264,v4.1,97,219,221
HGNC:6407,KRAS,484,Sin clasificar,central,15916,537,0.99914,0.264,v4.1,97,219,221
HGNC:6407,KRAS,1471,Endocrinology,central,15916,537,0.99914,0.264,v4.1,97,219,221
HGNC:6407,KRAS,144,Dysmorphic and congenital abnormality syndromes,central,15916,537,0.99914,0.264,v4.1,97,219,221
HGNC:9853,IPO8,1,Cardiovascular disorders,periferico,6999,173,0.15221,0.575,v4.1,28,31,114
HGNC:9853,IPO8,398,Immunology,periferico,6999,173,0.15221,0.575,v4.1,28,31,114
HGNC:9853,IPO8,700,Cardiology,periferico,6999,173,0.15221,0.575,v4.1,28,31,114
HGNC:9853,IPO8,53,Musculoskeletal,periferico,6999,173,0.15221,0.575,v4.1,28,31,114
HGNC:6512,LARS,402,Neurology,central,22917,572,1.1516e-13,0.787,v4.1,29,319,224
HGNC:6512,LARS,285,Developmental disorders,central,22917,572,1.1516e-13,0.787,v4.1,29,319,224
HGNC:15464,SPINK5,111,Viral research,periferico,8834,1171,1.2594e-31,0.908,v4.1,127,582,462
HGNC:2135,SBF2,85,Neurology and neurodevelopmental disorders,central,30120,1850,5.3214e-9,0.591,v4.1,92,822,936
HGNC:2135,SBF2,509,Ophthalmology,periferico,30120,1850,5.3214e-9,0.591,v4.1,92,822,936
HGNC:2135,SBF2,249,Ophthalmological disorders,periferico,30120,1850,5.3214e-9,0.591,v4.1,92,822,936
HGNC:2135,SBF2,846,Neurology,central,30120,1850,5.3214e-9,0.591,v4.1,92,822,936
HGNC:5213,HSD17B4,476,Neurology,central,26279,1495,0.0060678,0.854,v4.1,268,776,451
HGNC:5213,HSD17B4,126,Audiology,periferico,26279,1495,0.0060678,0.854,v4.1,268,776,451
HGNC:5213,HSD17B4,302,Metabolic disorders,central,26279,1495,0.0060678,0.854,v4.1,268,776,451
HGNC:5213,HSD17B4,114,Metabolic disorders,central,26279,1495,0.0060678,0.854,v4.1,268,776,451
HGNC:7010,MEN1,259,Cancer Programme,central,5198,3134,1,0.206,v4.1,680,967,1487
HGNC:7010,MEN1,245,Cancer susceptibility,central,5198,3134,1,0.206,v4.1,680,967,1487
HGNC:7010,MEN1,36,Tumour syndromes,central,5198,3134,1,0.206,v4.1,680,967,1487
HGNC:7010,MEN1,648,Endocrinology,central,5198,3134,1,0.206,v4.1,680,967,1487
HGNC:7010,MEN1,391,Tumour syndromes,central,5198,3134,1,0.206,v4.1,680,967,1487
HGNC:7010,MEN1,183,Cancer Programme,central,5198,3134,1,0.206,v4.1,680,967,1487
HGNC:7010,MEN1,243,Cancer susceptibility,central,5198,3134,1,0.206,v4.1,680,967,1487
HGNC:7010,MEN1,399,Sin clasificar,central,5198,3134,1,0.206,v4.1,680,967,1487
HGNC:7010,MEN1,480,Endocrinology,central,5198,3134,1,0.206,v4.1,680,967,1487
HGNC:4612,GSC,309,Musculoskeletal,periferico,2869,119,7.1559e-5,1.398,v4.1,3,58,58
HGNC:4612,GSC,251,Hearing and ear disorders,periferico,2869,119,7.1559e-5,1.398,v4.1,3,58,58
HGNC:20213,COX16,484,Sin clasificar,periferico,2427,19,1.8572e-4,1.373,v4.1,2,3,14
HGNC:18550,IER3IP1,293,Endocrinology,central,4550,119,3.0434e-7,1.905,v4.1,1,66,52
HGNC:18550,IER3IP1,467,Metabolic,periferico,4550,119,3.0434e-7,1.905,v4.1,1,66,52
HGNC:18550,IER3IP1,479,Developmental disorders,periferico,4550,119,3.0434e-7,1.905,v4.1,1,66,52
HGNC:18550,IER3IP1,302,Metabolic disorders,periferico,4550,119,3.0434e-7,1.905,v4.1,1,66,52
HGNC:18550,IER3IP1,162,Neurology,central,4550,119,3.0434e-7,1.905,v4.1,1,66,52
HGNC:18550,IER3IP1,152,Endocrine disorders,central,4550,119,3.0434e-7,1.905,v4.1,1,66,52
HGNC:18550,IER3IP1,26,Endocrine disorders,central,4550,119,3.0434e-7,1.905,v4.1,1,66,52
HGNC:12687,VHL,648,Endocrinology,periferico,5386,2161,0.0019543,0.987,v4.1,473,585,1103
HGNC:12687,VHL,649,Endocrinology,periferico,5386,2161,0.0019543,0.987,v4.1,473,585,1103
HGNC:12687,VHL,399,Sin clasificar,periferico,5386,2161,0.0019543,0.987,v4.1,473,585,1103
HGNC:12687,VHL,36,Tumour syndromes,periferico,5386,2161,0.0019543,0.987,v4.1,473,585,1103
HGNC:12687,VHL,391,Tumour syndromes,periferico,5386,2161,0.0019543,0.987,v4.1,473,585,1103
HGNC:12687,VHL,183,Cancer Programme,periferico,5386,2161,0.0019543,0.987,v4.1,473,585,1103
HGNC:12687,VHL,245,Cancer susceptibility,periferico,5386,2161,0.0019543,0.987,v4.1,473,585,1103
HGNC:12687,VHL,97,Tumour syndromes,periferico,5386,2161,0.0019543,0.987,v4.1,473,585,1103
HGNC:12687,VHL,167,Tumour syndromes,periferico,5386,2161,0.0019543,0.987,v4.1,473,585,1103
HGNC:12687,VHL,243,Cancer susceptibility,periferico,5386,2161,0.0019543,0.987,v4.1,473,585,1103
HGNC:12687,VHL,259,Cancer Programme,periferico,5386,2161,0.0019543,0.987,v4.1,473,585,1103
HGNC:12687,VHL,156,Renal and urinary tract disorders,periferico,5386,2161,0.0019543,0.987,v4.1,473,585,1103
HGNC:1939,CHL1,285,Developmental disorders,periferico,14152,309,6.5575e-7,0.678,v4.1,1,72,236
HGNC:4394,GNAT2,307,Ophthalmology,central,3193,255,9.0816e-6,1.176,v4.1,35,88,132
HGNC:12372,TSHB,31,Endocrinology,central,528,83,9.7032e-4,1.532,v4.1,12,40,31
HGNC:12781,WNT2B,514,Gastrohepatology,periferico,12555,203,0.03178,0.676,v4.1,3,101,99
HGNC:7882,NOTCH2,309,Musculoskeletal,central,19930,2148,1,0.151,v4.1,101,706,1341
HGNC:7882,NOTCH2,484,Sin clasificar,central,19930,2148,1,0.151,v4.1,101,706,1341
HGNC:7882,NOTCH2,196,Musculoskeletal,periferico,19930,2148,1,0.151,v4.1,101,706,1341
HGNC:7882,NOTCH2,234,Renal and urinary tract disorders,central,19930,2148,1,0.151,v4.1,101,706,1341
HGNC:7882,NOTCH2,81,Musculoskeletal,central,19930,2148,1,0.151,v4.1,101,706,1341
HGNC:7882,NOTCH2,385,Gastroenterological disorders,periferico,19930,2148,1,0.151,v4.1,101,706,1341
HGNC:7882,NOTCH2,544,Gastrohepatology,periferico,19930,2148,1,0.151,v4.1,101,706,1341
HGNC:7882,NOTCH2,212,Cardiovascular disorders,periferico,19930,2148,1,0.151,v4.1,101,706,1341
HGNC:7882,NOTCH2,478,Fetal (including NIPD),central,19930,2148,1,0.151,v4.1,101,706,1341
HGNC:7808,NGF,85,Neurology and neurodevelopmental disorders,central,6032,194,0.7686,0.67,v4.1,3,70,121
HGNC:7808,NGF,846,Neurology,central,6032,194,0.7686,0.67,v4.1,3,70,121
HGNC:572,AP4B1,568,Neurology,central,7169,488,8.6664e-10,0.777,v4.1,64,160,264
HGNC:29508,KIDINS220,130,Endocrinology,periferico,29773,1146,0.9995,0.452,v4.1,59,429,658
HGNC:29508,KIDINS220,285,Developmental disorders,periferico,29773,1146,0.9995,0.452,v4.1,59,429,658
HGNC:29508,KIDINS220,179,Neurology,periferico,29773,1146,0.9995,0.452,v4.1,59,429,658
HGNC:29508,KIDINS220,484,Sin clasificar,periferico,29773,1146,0.9995,0.452,v4.1,59,429,658
HGNC:29508,KIDINS220,165,Neurology and neurodevelopmental disorders,periferico,29773,1146,0.9995,0.452,v4.1,59,429,658
HGNC:29508,KIDINS220,478,Fetal (including NIPD),periferico,29773,1146,0.9995,0.452,v4.1,59,429,658
HGNC:29508,KIDINS220,567,Neurology,periferico,29773,1146,0.9995,0.452,v4.1,59,429,658
HGNC:29508,KIDINS220,568,Neurology,periferico,29773,1146,0.9995,0.452,v4.1,59,429,658
HGNC:29508,KIDINS220,258,Neurology,periferico,29773,1146,0.9995,0.452,v4.1,59,429,658
HGNC:7559,MYCN,285,Developmental disorders,central,5239,388,0.99969,0.311,v4.1,85,85,218
HGNC:7559,MYCN,484,Sin clasificar,central,5239,388,0.99969,0.311,v4.1,85,85,218
HGNC:7559,MYCN,253,Gastroenterological disorders,central,5239,388,0.99969,0.311,v4.1,85,85,218
HGNC:7559,MYCN,309,Musculoskeletal,central,5239,388,0.99969,0.311,v4.1,85,85,218
HGNC:7559,MYCN,478,Fetal (including NIPD),central,5239,388,0.99969,0.311,v4.1,85,85,218
HGNC:7559,MYCN,384,Musculoskeletal,central,5239,388,0.99969,0.311,v4.1,85,85,218
HGNC:13345,LPIN1,1141,Neurology,periferico,15181,851,9.1879e-12,0.784,v4.1,57,413,381
HGNC:13345,LPIN1,66,Neurology,periferico,15181,851,9.1879e-12,0.784,v4.1,57,413,381
HGNC:27015,CMPK2,112,Mitochondrial,periferico,4781,109,7.1598e-13,1.708,v4.1,4,11,94
HGNC:6535,LDHA,1141,Neurology,central,6334,249,0.77417,0.613,v4.1,13,110,126
HGNC:6535,LDHA,302,Metabolic disorders,central,6334,249,0.77417,0.613,v4.1,13,110,126
HGNC:6535,LDHA,248,Metabolic disorders,central,6334,249,0.77417,0.613,v4.1,13,110,126
HGNC:6535,LDHA,66,Neurology,central,6334,249,0.77417,0.613,v4.1,13,110,126
HGNC:6535,LDHA,467,Metabolic,central,6334,249,0.77417,0.613,v4.1,13,110,126
HGNC:6021,IL6ST,168,Musculoskeletal,periferico,14503,634,0.99986,0.372,v4.1,24,224,386
HGNC:16979,CFHR4,111,Viral research,periferico,10333,208,1.3755000000000002e-19,1.204,v4.1,0,81,127
HGNC:16783,CDC73,243,Cancer susceptibility,periferico,31092,1971,0.99901,0.42,v4.1,165,859,947
HGNC:16783,CDC73,480,Endocrinology,central,31092,1971,0.99901,0.42,v4.1,165,859,947
HGNC:2343,CRB1,484,Sin clasificar,periferico,12730,2174,9.3619e-17,0.776,v4.1,577,772,825
HGNC:2343,CRB1,509,Ophthalmology,periferico,12730,2174,9.3619e-17,0.776,v4.1,577,772,825
HGNC:2343,CRB1,307,Ophthalmology,periferico,12730,2174,9.3619e-17,0.776,v4.1,577,772,825
HGNC:24668,CFHR5,111,Viral research,periferico,5553,364,6.6119e-22,1.466,v4.1,3,85,276
HGNC:18662,RAX,484,Sin clasificar,periferico,3791,209,5.8285e-4,1.197,v4.1,11,59,139
HGNC:18662,RAX,483,Endocrinology,periferico,3791,209,5.8285e-4,1.197,v4.1,11,59,139
HGNC:18662,RAX,478,Fetal (including NIPD),periferico,3791,209,5.8285e-4,1.197,v4.1,11,59,139
HGNC:18662,RAX,285,Developmental disorders,periferico,3791,209,5.8285e-4,1.197,v4.1,11,59,139
HGNC:6008,IL2RA,111,Viral research,central,3962,365,5.2506e-6,0.906,v4.1,15,159,191
HGNC:6008,IL2RA,293,Endocrinology,periferico,3962,365,5.2506e-6,0.906,v4.1,15,159,191
HGNC:6696,LRP4,232,Neurology,periferico,9909,1526,0.010613,0.501,v4.1,49,650,827
HGNC:7551,MYBPC3,749,Cardiology,central,4268,4684,5.3289e-28,0.915,v4.1,1078,1298,2308
HGNC:7551,MYBPC3,47,Cardiovascular disorders,central,4268,4684,5.3289e-28,0.915,v4.1,1078,1298,2308
HGNC:7551,MYBPC3,49,Cardiology,central,4268,4684,5.3289e-28,0.915,v4.1,1078,1298,2308
HGNC:14957,PUM1,285,Developmental disorders,central,7420,364,1,0.165,v4.1,25,75,264
HGNC:14957,PUM1,466,Neurology,periferico,7420,364,1,0.165,v4.1,25,75,264
HGNC:12840,YARS,544,Gastrohepatology,periferico,14160,637,5.7097e-6,0.734,v4.1,15,244,378
HGNC:12840,YARS,285,Developmental disorders,central,14160,637,5.7097e-6,0.734,v4.1,15,244,378
HGNC:12840,YARS,846,Neurology,central,14160,637,5.7097e-6,0.734,v4.1,15,244,378
HGNC:12840,YARS,126,Audiology,periferico,14160,637,5.7097e-6,0.734,v4.1,15,244,378
HGNC:12840,YARS,85,Neurology and neurodevelopmental disorders,central,14160,637,5.7097e-6,0.734,v4.1,15,244,378
HGNC:14629,CDCA8,31,Endocrinology,periferico,2429,32,5.4742e-4,0.944,v4.1,0,5,27
HGNC:3048,DSG1,555,Dermatology,central,7433,961,0.99927,0.455,v4.1,45,367,549
HGNC:3048,DSG1,215,Dermatological disorders,central,7433,961,0.99927,0.455,v4.1,45,367,549
HGNC:26178,FHOD3,49,Cardiology,periferico,21240,492,6.8612e-8,0.595,v4.1,6,180,306
HGNC:26178,FHOD3,749,Cardiology,periferico,21240,492,6.8612e-8,0.595,v4.1,6,180,306
HGNC:1165,DAGLA,285,Developmental disorders,periferico,6772,166,1,0.305,v4.1,8,44,114
HGNC:1165,DAGLA,246,Ophthalmological disorders,periferico,6772,166,1,0.305,v4.1,8,44,114
HGNC:4268,GIF,518,Haematology,periferico,2402,173,0.0051339,0.865,v4.1,15,70,88
HGNC:4268,GIF,302,Metabolic disorders,periferico,2402,173,0.0051339,0.865,v4.1,15,70,88
HGNC:4268,GIF,467,Metabolic,periferico,2402,173,0.0051339,0.865,v4.1,15,70,88
HGNC:16719,DHX34,59,Cancer susceptibility,periferico,10425,310,1.2787e-29,1.047,v4.1,3,55,252
HGNC:8803,PDGFRA,509,Ophthalmology,central,13236,3919,1,0.264,v4.1,7,1576,2336
HGNC:2203,COL4A2,478,Fetal (including NIPD),central,23210,1822,3.9603e-12,0.618,v4.1,93,878,851
HGNC:2203,COL4A2,579,Neurology,periferico,23210,1822,3.9603e-12,0.618,v4.1,93,878,851
HGNC:2203,COL4A2,50,Cardiovascular disorders,central,23210,1822,3.9603e-12,0.618,v4.1,93,878,851
HGNC:3437,ERCC5,258,Neurology,periferico,11043,536,1.02e-13,0.766,v4.1,78,219,239
HGNC:12016,TPP2,285,Developmental disorders,periferico,22000,825,1,0.29,v4.1,19,458,348
HGNC:12016,TPP2,484,Sin clasificar,periferico,22000,825,1,0.29,v4.1,19,458,348
HGNC:12016,TPP2,579,Neurology,periferico,22000,825,1,0.29,v4.1,19,458,348
HGNC:12016,TPP2,398,Immunology,periferico,22000,825,1,0.29,v4.1,19,458,348
HGNC:15527,KLB,92,Endocrine disorders,periferico,6036,238,1.3963e-5,0.644,v4.1,1,75,162
HGNC:15527,KLB,650,Endocrinology,periferico,6036,238,1.3963e-5,0.644,v4.1,1,75,162
HGNC:583,APC,259,Cancer Programme,periferico,16330,16087,1,0.321,v4.1,2642,3836,9609
HGNC:583,APC,504,Inherited cancer,periferico,16330,16087,1,0.321,v4.1,2642,3836,9609
HGNC:583,APC,254,Tumour syndromes,periferico,16330,16087,1,0.321,v4.1,2642,3836,9609
HGNC:583,APC,391,Tumour syndromes,periferico,16330,16087,1,0.321,v4.1,2642,3836,9609
HGNC:583,APC,244,Cancer Programme,periferico,16330,16087,1,0.321,v4.1,2642,3836,9609
HGNC:583,APC,399,Sin clasificar,periferico,16330,16087,1,0.321,v4.1,2642,3836,9609
HGNC:583,APC,245,Cancer susceptibility,periferico,16330,16087,1,0.321,v4.1,2642,3836,9609
HGNC:17258,AGTPBP1,484,Sin clasificar,periferico,9149,178,0.0066485,0.556,v4.1,24,20,134
HGNC:17258,AGTPBP1,85,Neurology and neurodevelopmental disorders,periferico,9149,178,0.0066485,0.556,v4.1,24,20,134
HGNC:17258,AGTPBP1,846,Neurology,periferico,9149,178,0.0066485,0.556,v4.1,24,20,134
HGNC:17258,AGTPBP1,477,Neurology,periferico,9149,178,0.0066485,0.556,v4.1,24,20,134
HGNC:17258,AGTPBP1,285,Developmental disorders,periferico,9149,178,0.0066485,0.556,v4.1,24,20,134
HGNC:19129,PSAT1,402,Neurology,central,14131,379,3.1767e-14,1.305,v4.1,35,186,158
HGNC:19129,PSAT1,467,Metabolic,central,14131,379,3.1767e-14,1.305,v4.1,35,186,158
HGNC:19129,PSAT1,484,Sin clasificar,central,14131,379,3.1767e-14,1.305,v4.1,35,186,158
HGNC:19129,PSAT1,302,Metabolic disorders,central,14131,379,3.1767e-14,1.305,v4.1,35,186,158
HGNC:28660,ISCA1,539,Mitochondrial,periferico,4847,41,0.010674,1.785,v4.1,1,23,17
HGNC:28660,ISCA1,531,Mitochondrial,periferico,4847,41,0.010674,1.785,v4.1,1,23,17
HGNC:11621,HNF1A,472,Endocrinology,central,5028,1229,0.99433,0.477,v4.1,400,325,504
HGNC:11621,HNF1A,152,Endocrine disorders,central,5028,1229,0.99433,0.477,v4.1,400,325,504
HGNC:11602,TBX3,247,Dysmorphic and congenital abnormality syndromes,periferico,6356,716,0.99465,0.468,v4.1,43,286,387
HGNC:11602,TBX3,478,Fetal (including NIPD),central,6356,716,0.99465,0.468,v4.1,43,286,387
HGNC:28900,PNPLA8,539,Mitochondrial,periferico,12345,407,9.2603e-4,0.775,v4.1,31,148,228
HGNC:28900,PNPLA8,162,Neurology,periferico,12345,407,9.2603e-4,0.775,v4.1,31,148,228
HGNC:28900,PNPLA8,112,Mitochondrial,periferico,12345,407,9.2603e-4,0.775,v4.1,31,148,228
HGNC:21876,RINT1,479,Developmental disorders,periferico,6529,1857,3.8414e-15,0.931,v4.1,43,576,1238
HGNC:28870,MDFIC,65,Cardiology,periferico,7918,81,7.0377e-6,1.501,v4.1,5,9,67
HGNC:28870,MDFIC,144,Dysmorphic and congenital abnormality syndromes,periferico,7918,81,7.0377e-6,1.501,v4.1,5,9,67
HGNC:28870,MDFIC,478,Fetal (including NIPD),periferico,7918,81,7.0377e-6,1.501,v4.1,5,9,67
HGNC:19261,MTO1,749,Cardiology,periferico,13373,820,1.7828e-10,0.82,v4.1,70,370,380
HGNC:14977,SNX14,20,Neurology and neurodevelopmental disorders,periferico,29158,388,4.2755e-12,0.853,v4.1,48,168,172
HGNC:14977,SNX14,478,Fetal (including NIPD),periferico,29158,388,4.2755e-12,0.853,v4.1,48,168,172
HGNC:14977,SNX14,484,Sin clasificar,periferico,29158,388,4.2755e-12,0.853,v4.1,48,168,172
HGNC:14977,SNX14,847,Neurology,periferico,29158,388,4.2755e-12,0.853,v4.1,48,168,172
HGNC:31923,LCA5,307,Ophthalmology,central,6747,912,2.7619e-7,0.883,v4.1,167,371,374
HGNC:6859,MAP3K7,749,Cardiology,periferico,9905,381,0.99991,0.397,v4.1,26,156,199
HGNC:6743,CAPRIN1,477,Neurology,periferico,11082,162,1,0.372,v4.1,35,12,115
HGNC:842,ATP5G2,539,Mitochondrial,central,8631,25,5.5957e-4,1.471,v4.1,0,2,23
HGNC:9461,PRPH,474,Neurology,periferico,2624,109,1.7093e-15,1.161,v4.1,4,20,85
HGNC:4200,BLOC1S1,476,Neurology,periferico,1782,28,0.0074768,0.972,v4.1,0,0,28
HGNC:1773,CDK4,524,Inherited cancer,periferico,4807,1318,0.56668,0.61,v4.1,4,546,768
HGNC:1773,CDK4,559,Dermatology,central,4807,1318,0.56668,0.61,v4.1,4,546,768
HGNC:4117,B4GALNT1,25,Metabolic,periferico,7891,397,2.7296e-13,1.114,v4.1,40,169,188
HGNC:20074,PAN2,484,Sin clasificar,periferico,8168,142,1.6351e-6,0.594,v4.1,6,4,132
HGNC:20074,PAN2,478,Fetal (including NIPD),periferico,8168,142,1.6351e-6,0.594,v4.1,6,4,132
HGNC:5031,HNRNPA1,185,Neurology,central,6697,118,0.99989,0.357,v4.1,21,45,52
HGNC:5031,HNRNPA1,263,Neurology and neurodevelopmental disorders,central,6697,118,0.99989,0.357,v4.1,21,45,52
HGNC:5031,HNRNPA1,235,Neurology,periferico,6697,118,0.99989,0.357,v4.1,21,45,52
HGNC:5031,HNRNPA1,474,Neurology,central,6697,118,0.99989,0.357,v4.1,21,45,52
HGNC:7103,MIP,230,Ophthalmology,central,3553,118,0.010148,0.942,v4.1,23,34,61
HGNC:21173,LTV1,565,Dermatology,periferico,2480,64,8.6146e-5,0.746,v4.1,1,5,58
HGNC:21173,LTV1,559,Dermatology,periferico,2480,64,8.6146e-5,0.746,v4.1,1,5,58
HGNC:1632,CD164,126,Audiology,periferico,8831,133,0.032935,1.232,v4.1,0,78,55
HGNC:21575,AHI1,285,Developmental disorders,central,31944,1740,2.6598e-30,1.069,v4.1,271,752,717
HGNC:21575,AHI1,484,Sin clasificar,central,31944,1740,2.6598e-30,1.069,v4.1,271,752,717
HGNC:21575,AHI1,722,Ophthalmology,central,31944,1740,2.6598e-30,1.069,v4.1,271,752,717
HGNC:21575,AHI1,724,Neurology,central,31944,1740,2.6598e-30,1.069,v4.1,271,752,717
HGNC:21575,AHI1,478,Fetal (including NIPD),central,31944,1740,2.6598e-30,1.069,v4.1,271,752,717
HGNC:11429,STX11,59,Cancer susceptibility,periferico,7029,416,3.5849e-8,1.502,v4.1,32,165,219
HGNC:3097,DYSF,185,Neurology,central,9326,4580,3.6575e-52,0.836,v4.1,947,2078,1555
HGNC:4422,GNS,529,Metabolic,central,7833,836,0.01087,1.543,v4.1,84,474,278
HGNC:333,AGT,478,Fetal (including NIPD),central,12774,266,1.6897e-8,1.202,v4.1,18,89,159
HGNC:333,AGT,479,Developmental disorders,central,12774,266,1.6897e-8,1.202,v4.1,18,89,159
HGNC:4341,GLUL,478,Fetal (including NIPD),central,12287,273,0.99971,0.377,v4.1,13,99,161
HGNC:4341,GLUL,484,Sin clasificar,central,12287,273,0.99971,0.377,v4.1,13,99,161
HGNC:4341,GLUL,285,Developmental disorders,central,12287,273,0.99971,0.377,v4.1,13,99,161
HGNC:4341,GLUL,467,Metabolic,central,12287,273,0.99971,0.377,v4.1,13,99,161
HGNC:4341,GLUL,302,Metabolic disorders,central,12287,273,0.99971,0.377,v4.1,13,99,161
HGNC:4341,GLUL,402,Neurology,central,12287,273,0.99971,0.377,v4.1,13,99,161
HGNC:2750,DHX9,285,Developmental disorders,central,7053,164,1,0.263,v4.1,18,19,127
HGNC:2750,DHX9,478,Fetal (including NIPD),central,7053,164,1,0.263,v4.1,18,19,127
HGNC:2750,DHX9,484,Sin clasificar,central,7053,164,1,0.263,v4.1,18,19,127
HGNC:8960,PIGC,285,Developmental disorders,periferico,5291,85,9.5682e-4,0.996,v4.1,7,18,60
HGNC:29434,RC3H1,398,Immunology,periferico,13264,114,0.9982,0.463,v4.1,1,8,105
HGNC:1965,CHRND,258,Neurology,central,3132,632,4.9651e-9,0.848,v4.1,46,211,375
HGNC:8617,PAX3,384,Musculoskeletal,central,7955,508,0.99985,0.409,v4.1,207,120,181
HGNC:8617,PAX3,309,Musculoskeletal,central,7955,508,0.99985,0.409,v4.1,207,120,181
HGNC:8617,PAX3,478,Fetal (including NIPD),central,7955,508,0.99985,0.409,v4.1,207,120,181
HGNC:8617,PAX3,81,Musculoskeletal,central,7955,508,0.99985,0.409,v4.1,207,120,181
HGNC:8617,PAX3,484,Sin clasificar,central,7955,508,0.99985,0.409,v4.1,207,120,181
HGNC:16266,SLC19A3,540,Neurology,periferico,9076,709,1.2033e-7,0.968,v4.1,77,304,328
HGNC:16266,SLC19A3,180,Neurology and neurodevelopmental disorders,periferico,9076,709,1.2033e-7,0.968,v4.1,77,304,328
HGNC:16266,SLC19A3,539,Mitochondrial,periferico,9076,709,1.2033e-7,0.968,v4.1,77,304,328
HGNC:2605,CYP27A1,474,Neurology,periferico,7049,1249,1.9163e-15,1.039,v4.1,216,512,521
HGNC:2605,CYP27A1,568,Neurology,periferico,7049,1249,1.9163e-15,1.039,v4.1,216,512,521
HGNC:2605,CYP27A1,42,Neurology and neurodevelopmental disorders,periferico,7049,1249,1.9163e-15,1.039,v4.1,216,512,521
HGNC:2605,CYP27A1,579,Neurology,periferico,7049,1249,1.9163e-15,1.039,v4.1,216,512,521
HGNC:2605,CYP27A1,165,Neurology and neurodevelopmental disorders,periferico,7049,1249,1.9163e-15,1.039,v4.1,216,512,521
HGNC:2605,CYP27A1,385,Gastroenterological disorders,central,7049,1249,1.9163e-15,1.039,v4.1,216,512,521
HGNC:2605,CYP27A1,477,Neurology,periferico,7049,1249,1.9163e-15,1.039,v4.1,216,512,521
HGNC:2605,CYP27A1,544,Gastrohepatology,central,7049,1249,1.9163e-15,1.039,v4.1,216,512,521
HGNC:2605,CYP27A1,567,Neurology,periferico,7049,1249,1.9163e-15,1.039,v4.1,216,512,521
HGNC:2605,CYP27A1,540,Neurology,periferico,7049,1249,1.9163e-15,1.039,v4.1,216,512,521
HGNC:2605,CYP27A1,20,Neurology and neurodevelopmental disorders,periferico,7049,1249,1.9163e-15,1.039,v4.1,216,512,521
HGNC:2605,CYP27A1,466,Neurology,periferico,7049,1249,1.9163e-15,1.039,v4.1,216,512,521
HGNC:2605,CYP27A1,847,Neurology,periferico,7049,1249,1.9163e-15,1.039,v4.1,216,512,521
HGNC:20730,ARMC9,150,Ciliopathies,periferico,23873,730,5.5271e-22,0.975,v4.1,51,329,350
HGNC:20730,ARMC9,724,Neurology,periferico,23873,730,5.5271e-22,0.975,v4.1,51,329,350
HGNC:20730,ARMC9,478,Fetal (including NIPD),periferico,23873,730,5.5271e-22,0.975,v4.1,51,329,350
HGNC:20730,ARMC9,722,Ophthalmology,periferico,23873,730,5.5271e-22,0.975,v4.1,51,329,350
HGNC:20730,ARMC9,484,Sin clasificar,periferico,23873,730,5.5271e-22,0.975,v4.1,51,329,350
HGNC:20730,ARMC9,285,Developmental disorders,periferico,23873,730,5.5271e-22,0.975,v4.1,51,329,350
HGNC:20730,ARMC9,466,Neurology,periferico,23873,730,5.5271e-22,0.975,v4.1,51,329,350
HGNC:20730,ARMC9,1537,Renal,periferico,23873,730,5.5271e-22,0.975,v4.1,51,329,350
HGNC:26038,TMEM127,391,Tumour syndromes,periferico,8723,1194,1.6977e-8,1.587,v4.1,138,334,722
HGNC:26038,TMEM127,245,Cancer susceptibility,periferico,8723,1194,1.6977e-8,1.587,v4.1,138,334,722
HGNC:2895,EDAR,136,Dermatological disorders,central,4543,388,1.243e-9,0.927,v4.1,96,108,184
HGNC:2895,EDAR,553,Dermatology,central,4543,388,1.243e-9,0.927,v4.1,96,108,184
HGNC:29882,ISCU,1141,Neurology,periferico,4472,201,0.002139,1.542,v4.1,2,135,64
HGNC:29882,ISCU,66,Neurology,periferico,4472,201,0.002139,1.542,v4.1,2,135,64
HGNC:19286,SCYL2,478,Fetal (including NIPD),periferico,9831,138,0.98694,0.491,v4.1,10,14,114
HGNC:19286,SCYL2,258,Neurology,periferico,9831,138,0.98694,0.491,v4.1,10,14,114
HGNC:29174,WASHC4,285,Developmental disorders,periferico,13210,240,0.001095,0.641,v4.1,14,49,177
HGNC:3755,FLNB,258,Neurology,central,30604,2862,5.7489e-4,0.504,v4.1,156,1227,1479
HGNC:3755,FLNB,478,Fetal (including NIPD),central,30604,2862,5.7489e-4,0.504,v4.1,156,1227,1479
HGNC:3755,FLNB,484,Sin clasificar,central,30604,2862,5.7489e-4,0.504,v4.1,156,1227,1479
HGNC:25671,RNASEH2B,568,Neurology,periferico,26406,533,7.8377e-4,1.401,v4.1,56,269,208
HGNC:25671,RNASEH2B,847,Neurology,periferico,26406,533,7.8377e-4,1.401,v4.1,56,269,208
HGNC:25671,RNASEH2B,42,Neurology and neurodevelopmental disorders,periferico,26406,533,7.8377e-4,1.401,v4.1,56,269,208
HGNC:25671,RNASEH2B,402,Neurology,periferico,26406,533,7.8377e-4,1.401,v4.1,56,269,208
HGNC:25671,RNASEH2B,467,Metabolic,periferico,26406,533,7.8377e-4,1.401,v4.1,56,269,208
HGNC:25671,RNASEH2B,579,Neurology,periferico,26406,533,7.8377e-4,1.401,v4.1,56,269,208
HGNC:17754,THSD1,147,Neurology,periferico,5703,139,9.5202e-8,0.861,v4.1,7,31,101
HGNC:17754,THSD1,478,Fetal (including NIPD),periferico,5703,139,9.5202e-8,0.861,v4.1,7,31,101
HGNC:11448,SUCLA2,285,Developmental disorders,central,12251,482,1.2137e-4,0.713,v4.1,36,231,215
HGNC:11448,SUCLA2,478,Fetal (including NIPD),central,12251,482,1.2137e-4,0.713,v4.1,36,231,215
HGNC:11448,SUCLA2,42,Neurology and neurodevelopmental disorders,central,12251,482,1.2137e-4,0.713,v4.1,36,231,215
HGNC:11448,SUCLA2,66,Neurology,central,12251,482,1.2137e-4,0.713,v4.1,36,231,215
HGNC:11448,SUCLA2,180,Neurology and neurodevelopmental disorders,central,12251,482,1.2137e-4,0.713,v4.1,36,231,215
HGNC:11448,SUCLA2,112,Mitochondrial,central,12251,482,1.2137e-4,0.713,v4.1,36,231,215
HGNC:11448,SUCLA2,402,Neurology,central,12251,482,1.2137e-4,0.713,v4.1,36,231,215
HGNC:11448,SUCLA2,1141,Neurology,central,12251,482,1.2137e-4,0.713,v4.1,36,231,215
HGNC:11448,SUCLA2,539,Mitochondrial,central,12251,482,1.2137e-4,0.713,v4.1,36,231,215
HGNC:11448,SUCLA2,467,Metabolic,central,12251,482,1.2137e-4,0.713,v4.1,36,231,215
HGNC:11448,SUCLA2,847,Neurology,central,12251,482,1.2137e-4,0.713,v4.1,36,231,215
HGNC:11448,SUCLA2,476,Neurology,central,12251,482,1.2137e-4,0.713,v4.1,36,231,215
HGNC:11448,SUCLA2,302,Metabolic disorders,central,12251,482,1.2137e-4,0.713,v4.1,36,231,215
HGNC:18243,RCBTB1,155,Endocrine disorders,periferico,10279,432,4.5851e-5,0.751,v4.1,34,204,194
HGNC:18243,RCBTB1,307,Ophthalmology,periferico,10279,432,4.5851e-5,0.751,v4.1,34,204,194
HGNC:3180,EDNRB,1217,Gastrohepatology,central,5608,411,0.49438,0.585,v4.1,72,90,249
HGNC:3180,EDNRB,126,Audiology,periferico,5608,411,0.49438,0.585,v4.1,72,90,249
HGNC:9801,RAC1,285,Developmental disorders,central,8782,99,0.99948,0.25,v4.1,27,22,50
HGNC:9801,RAC1,484,Sin clasificar,central,8782,99,0.99948,0.25,v4.1,27,22,50
HGNC:9801,RAC1,478,Fetal (including NIPD),central,8782,99,0.99948,0.25,v4.1,27,22,50
HGNC:6018,IL6,111,Viral research,central,4861,22,0.19986,0.881,v4.1,0,9,13
HGNC:11825,NKX2-1,1638,Respiratory,central,3435,410,0.9636,0.522,v4.1,133,102,175
HGNC:11825,NKX2-1,540,Neurology,periferico,3435,410,0.9636,0.522,v4.1,133,102,175
HGNC:11825,NKX2-1,31,Endocrinology,central,3435,410,0.9636,0.522,v4.1,133,102,175
HGNC:11825,NKX2-1,1174,Respiratory,periferico,3435,410,0.9636,0.522,v4.1,133,102,175
HGNC:11825,NKX2-1,847,Neurology,periferico,3435,410,0.9636,0.522,v4.1,133,102,175
HGNC:11825,NKX2-1,63,Gastroenterological disorders,periferico,3435,410,0.9636,0.522,v4.1,133,102,175
HGNC:11825,NKX2-1,484,Sin clasificar,central,3435,410,0.9636,0.522,v4.1,133,102,175
HGNC:7437,MTHFS,402,Neurology,periferico,4161,55,0.035415,0.992,v4.1,6,20,29
HGNC:7437,MTHFS,285,Developmental disorders,periferico,4161,55,0.035415,0.992,v4.1,6,20,29
HGNC:6115,IREB2,484,Sin clasificar,central,11579,283,0.99998,0.389,v4.1,2,131,150
HGNC:17574,ALPK3,144,Dysmorphic and congenital abnormality syndromes,periferico,12670,3304,2.279e-26,0.874,v4.1,276,1033,1995
HGNC:24579,CIB2,484,Sin clasificar,periferico,4726,244,1.5892e-6,1.274,v4.1,28,125,91
HGNC:24579,CIB2,126,Audiology,central,4726,244,1.5892e-6,1.274,v4.1,28,125,91
HGNC:10780,SRSF1,285,Developmental disorders,central,9811,39,0.99999,0.17,v4.1,18,0,21
HGNC:24316,TACO1,539,Mitochondrial,central,3769,180,0.0066187,0.848,v4.1,17,59,104
HGNC:24316,TACO1,112,Mitochondrial,central,3769,180,0.0066187,0.848,v4.1,17,59,104
HGNC:24316,TACO1,42,Neurology and neurodevelopmental disorders,central,3769,180,0.0066187,0.848,v4.1,17,59,104
HGNC:24316,TACO1,537,Mitochondrial,periferico,3769,180,0.0066187,0.848,v4.1,17,59,104
HGNC:24316,TACO1,476,Neurology,central,3769,180,0.0066187,0.848,v4.1,17,59,104
HGNC:24316,TACO1,467,Metabolic,central,3769,180,0.0066187,0.848,v4.1,17,59,104
HGNC:20473,BRIP1,162,Neurology,central,22461,6454,8.7115e-19,0.848,v4.1,911,1872,3671
HGNC:20473,BRIP1,115,Cancer Programme,central,22461,6454,8.7115e-19,0.848,v4.1,911,1872,3671
HGNC:7700,NDUFB5,534,Mitochondrial,periferico,6860,36,3.5607e-4,1.568,v4.1,0,2,34
HGNC:10588,SCN2A,402,Neurology,central,24087,3031,1,0.161,v4.1,726,889,1416
HGNC:10588,SCN2A,484,Sin clasificar,central,24087,3031,1,0.161,v4.1,726,889,1416
HGNC:10588,SCN2A,285,Developmental disorders,central,24087,3031,1,0.161,v4.1,726,889,1416
HGNC:10588,SCN2A,477,Neurology,central,24087,3031,1,0.161,v4.1,726,889,1416
HGNC:10588,SCN2A,478,Fetal (including NIPD),central,24087,3031,1,0.161,v4.1,726,889,1416
HGNC:4173,GATA4,484,Sin clasificar,central,10504,1144,0.99122,0.468,v4.1,91,474,579
HGNC:4173,GATA4,212,Cardiovascular disorders,central,10504,1144,0.99122,0.468,v4.1,91,474,579
HGNC:4173,GATA4,9,Endocrinology,central,10504,1144,0.99122,0.468,v4.1,91,474,579
HGNC:4173,GATA4,478,Fetal (including NIPD),central,10504,1144,0.99122,0.468,v4.1,91,474,579
HGNC:3418,EPRS,484,Sin clasificar,central,11805,499,0.019945,0.549,v4.1,20,199,280
HGNC:3418,EPRS,476,Neurology,central,11805,499,0.019945,0.549,v4.1,20,199,280
HGNC:14579,VPS45,111,Viral research,periferico,13105,680,0.0075434,0.629,v4.1,16,447,217
HGNC:14579,VPS45,159,Haematological disorders,periferico,13105,680,0.0075434,0.629,v4.1,16,447,217
HGNC:5962,IL10,398,Immunology,central,4342,141,0.48464,0.711,v4.1,1,78,62
HGNC:5962,IL10,111,Viral research,central,4342,141,0.48464,0.711,v4.1,1,78,62
HGNC:5962,IL10,33,Gastroenterological disorders,central,4342,141,0.48464,0.711,v4.1,1,78,62
HGNC:5962,IL10,176,Gastroenterological disorders,central,4342,141,0.48464,0.711,v4.1,1,78,62
HGNC:10439,RPS6KC1,568,Neurology,periferico,9949,365,2.1123e-4,0.681,v4.1,6,128,231
HGNC:10439,RPS6KC1,484,Sin clasificar,periferico,9949,365,2.1123e-4,0.681,v4.1,6,128,231
HGNC:10439,RPS6KC1,402,Neurology,periferico,9949,365,2.1123e-4,0.681,v4.1,6,128,231
HGNC:10439,RPS6KC1,285,Developmental disorders,periferico,9949,365,2.1123e-4,0.681,v4.1,6,128,231
HGNC:6000,IL1RN,565,Dermatology,central,3769,245,0.0055149,1.507,v4.1,13,119,113
HGNC:15561,IL36RN,1075,Immunology,periferico,3209,210,5.8353e-4,1.311,v4.1,13,78,119
HGNC:15561,IL36RN,60,Rheumatological disorders,periferico,3209,210,5.8353e-4,1.311,v4.1,13,78,119
HGNC:18292,CFC1,549,Respiratory,central,1672,47,0.85842,0.586,v4.1,3,20,24
HGNC:32949,SMPD4,478,Fetal (including NIPD),periferico,11335,241,3.7277e-11,0.769,v4.1,31,37,173
HGNC:32949,SMPD4,484,Sin clasificar,periferico,11335,241,3.7277e-11,0.769,v4.1,31,37,173
HGNC:32949,SMPD4,285,Developmental disorders,periferico,11335,241,3.7277e-11,0.769,v4.1,31,37,173
HGNC:32949,SMPD4,472,Endocrinology,periferico,11335,241,3.7277e-11,0.769,v4.1,31,37,173
HGNC:32949,SMPD4,477,Neurology,periferico,11335,241,3.7277e-11,0.769,v4.1,31,37,173
HGNC:32949,SMPD4,286,Neurology and neurodevelopmental disorders,periferico,11335,241,3.7277e-11,0.769,v4.1,31,37,173
HGNC:1052,BIN1,478,Fetal (including NIPD),central,9132,830,1.3843e-11,0.817,v4.1,9,407,414
HGNC:1052,BIN1,484,Sin clasificar,central,9132,830,1.3843e-11,0.817,v4.1,9,407,414
HGNC:15663,UGGT1,162,Neurology,periferico,12002,221,7.4921e-11,0.617,v4.1,10,27,184
HGNC:12843,YME1L1,112,Mitochondrial,central,10593,286,0.13362,0.582,v4.1,2,151,133
HGNC:12843,YME1L1,467,Metabolic,central,10593,286,0.13362,0.582,v4.1,2,151,133
HGNC:1780,CDK9,285,Developmental disorders,central,5511,47,4.8126e-9,1.139,v4.1,1,12,34
HGNC:3098,TOR1A,847,Neurology,central,4247,264,9.8008e-4,0.84,v4.1,16,94,154
HGNC:3098,TOR1A,192,Neurology and neurodevelopmental disorders,central,4247,264,9.8008e-4,0.84,v4.1,16,94,154
HGNC:11444,STXBP1,484,Sin clasificar,central,14075,1291,1,0.099,v4.1,427,496,368
HGNC:11444,STXBP1,402,Neurology,central,14075,1291,1,0.099,v4.1,427,496,368
HGNC:11444,STXBP1,285,Developmental disorders,central,14075,1291,1,0.099,v4.1,427,496,368
HGNC:18672,CDK5RAP2,509,Ophthalmology,periferico,28326,1051,1.2853e-20,0.692,v4.1,84,452,515
HGNC:11016,SLC31A1,484,Sin clasificar,periferico,8745,24,0.89314,0.586,v4.1,2,4,18
HGNC:11016,SLC31A1,467,Metabolic,periferico,8745,24,0.89314,0.586,v4.1,2,4,18
HGNC:11016,SLC31A1,402,Neurology,periferico,8745,24,0.89314,0.586,v4.1,2,4,18
HGNC:11850,TLR4,111,Viral research,central,13282,120,4.1066e-4,0.858,v4.1,0,31,89
HGNC:417,ALDOB,528,Metabolic,periferico,11204,596,2.3588e-11,1.183,v4.1,140,268,188
HGNC:932,BAAT,385,Gastroenterological disorders,central,13533,201,2.8051e-4,1.049,v4.1,6,55,140
HGNC:932,BAAT,544,Gastrohepatology,central,13533,201,2.8051e-4,1.049,v4.1,6,55,140
HGNC:3006,DPM2,25,Metabolic,central,2537,133,0.013762,1.274,v4.1,9,64,60
HGNC:4507,GABBR2,402,Neurology,central,8789,1160,0.99997,0.394,v4.1,18,680,462
HGNC:7983,NR5A1,145,Endocrinology,central,8801,371,0.99998,0.314,v4.1,145,93,133
HGNC:12814,XPA,126,Audiology,periferico,3756,405,2.0576e-6,1.068,v4.1,113,189,103
HGNC:6654,LMX1B,258,Neurology,periferico,6350,720,0.99956,0.409,v4.1,166,252,302
HGNC:6654,LMX1B,384,Musculoskeletal,periferico,6350,720,0.99956,0.409,v4.1,166,252,302
HGNC:5967,IL11RA,309,Musculoskeletal,periferico,7637,114,9.5084e-15,1.078,v4.1,24,60,30
HGNC:5967,IL11RA,484,Sin clasificar,periferico,7637,114,9.5084e-15,1.078,v4.1,24,60,30
HGNC:15984,APTX,846,Neurology,central,17236,326,2.0655e-7,0.973,v4.1,40,155,131
HGNC:15984,APTX,85,Neurology and neurodevelopmental disorders,central,17236,326,2.0655e-7,0.973,v4.1,40,155,131
HGNC:15984,APTX,192,Neurology and neurodevelopmental disorders,periferico,17236,326,2.0655e-7,0.973,v4.1,40,155,131
HGNC:15984,APTX,112,Mitochondrial,periferico,17236,326,2.0655e-7,0.973,v4.1,40,155,131
HGNC:15984,APTX,466,Neurology,central,17236,326,2.0655e-7,0.973,v4.1,40,155,131
HGNC:15984,APTX,539,Mitochondrial,periferico,17236,326,2.0655e-7,0.973,v4.1,40,155,131
HGNC:15984,APTX,477,Neurology,central,17236,326,2.0655e-7,0.973,v4.1,40,155,131
HGNC:15984,APTX,20,Neurology and neurodevelopmental disorders,central,17236,326,2.0655e-7,0.973,v4.1,40,155,131
HGNC:15984,APTX,540,Neurology,periferico,17236,326,2.0655e-7,0.973,v4.1,40,155,131
HGNC:4570,GRHPR,114,Metabolic disorders,periferico,13169,631,3.7191e-9,1.313,v4.1,166,303,162
HGNC:4570,GRHPR,302,Metabolic disorders,central,13169,631,3.7191e-9,1.313,v4.1,166,303,162
HGNC:4570,GRHPR,467,Metabolic,central,13169,631,3.7191e-9,1.313,v4.1,166,303,162
HGNC:11968,CNPY3,402,Neurology,periferico,5279,78,2.6212e-4,0.882,v4.1,9,10,59
HGNC:11968,CNPY3,484,Sin clasificar,periferico,5279,78,2.6212e-4,0.882,v4.1,9,10,59
HGNC:11968,CNPY3,285,Developmental disorders,periferico,5279,78,2.6212e-4,0.882,v4.1,9,10,59
HGNC:20842,FOXP4,479,Developmental disorders,periferico,12974,148,0.97775,0.496,v4.1,3,17,128
HGNC:20842,FOXP4,1471,Endocrinology,periferico,12974,148,0.97775,0.496,v4.1,3,17,128
HGNC:9260,PPIL1,484,Sin clasificar,periferico,5025,39,4.2194e-4,1.073,v4.1,10,4,25
HGNC:9260,PPIL1,478,Fetal (including NIPD),periferico,5025,39,4.2194e-4,1.073,v4.1,10,4,25
HGNC:9260,PPIL1,162,Neurology,periferico,5025,39,4.2194e-4,1.073,v4.1,10,4,25
HGNC:9260,PPIL1,402,Neurology,periferico,5025,39,4.2194e-4,1.073,v4.1,10,4,25
HGNC:11742,TFAP2A,484,Sin clasificar,central,8220,316,0.99993,0.334,v4.1,55,121,140
HGNC:11742,TFAP2A,478,Fetal (including NIPD),central,8220,316,0.99993,0.334,v4.1,55,121,140
HGNC:11742,TFAP2A,509,Ophthalmology,central,8220,316,0.99993,0.334,v4.1,55,121,140
HGNC:17735,TMEM63B,484,Sin clasificar,periferico,6005,126,1,0.314,v4.1,11,19,96
HGNC:17735,TMEM63B,1638,Respiratory,periferico,6005,126,1,0.314,v4.1,11,19,96
HGNC:17735,TMEM63B,285,Developmental disorders,periferico,6005,126,1,0.314,v4.1,11,19,96
HGNC:6119,IRF4,398,Immunology,central,7668,341,0.99993,0.383,v4.1,3,189,149
HGNC:6119,IRF4,111,Viral research,central,7668,341,0.99993,0.383,v4.1,3,189,149
HGNC:12412,TUBB2A,285,Developmental disorders,central,2916,372,0.99392,0.449,v4.1,37,193,142
HGNC:12412,TUBB2A,478,Fetal (including NIPD),central,2916,372,0.99392,0.449,v4.1,37,193,142
HGNC:12412,TUBB2A,484,Sin clasificar,central,2916,372,0.99392,0.449,v4.1,37,193,142
HGNC:3810,FOXF2,126,Audiology,periferico,2472,90,0.0014261,1.016,v4.1,0,17,73
HGNC:21237,UQCC2,536,Mitochondrial,central,8342,84,2.1776e-7,1.398,v4.1,2,40,42
HGNC:21237,UQCC2,478,Fetal (including NIPD),periferico,8342,84,2.1776e-7,1.398,v4.1,2,40,42
HGNC:17300,TAF8,478,Fetal (including NIPD),periferico,13482,64,3.7858e-16,1.66,v4.1,8,6,50
HGNC:17300,TAF8,402,Neurology,periferico,13482,64,3.7858e-16,1.66,v4.1,8,6,50
HGNC:17300,TAF8,568,Neurology,periferico,13482,64,3.7858e-16,1.66,v4.1,8,6,50
HGNC:7606,MYO7A,126,Audiology,central,11016,5014,2.4072e-62,0.995,v4.1,905,2202,1907
HGNC:7606,MYO7A,307,Ophthalmology,central,11016,5014,2.4072e-62,0.995,v4.1,905,2202,1907
HGNC:4161,LRRC32,285,Developmental disorders,periferico,6062,149,0.58567,0.703,v4.1,4,27,118
HGNC:4161,LRRC32,81,Musculoskeletal,periferico,6062,149,0.58567,0.703,v4.1,4,27,118
HGNC:4161,LRRC32,478,Fetal (including NIPD),periferico,6062,149,0.58567,0.703,v4.1,4,27,118
HGNC:4161,LRRC32,307,Ophthalmology,periferico,6062,149,0.58567,0.703,v4.1,4,27,118
HGNC:12404,TTPA,20,Neurology and neurodevelopmental disorders,central,5684,493,7.1096e-7,1.276,v4.1,92,213,188
HGNC:12404,TTPA,466,Neurology,central,5684,493,7.1096e-7,1.276,v4.1,92,213,188
HGNC:12404,TTPA,307,Ophthalmology,central,5684,493,7.1096e-7,1.276,v4.1,92,213,188
HGNC:7744,NEK1,122,Skeletal disorders,central,16447,1035,9.1878e-23,0.959,v4.1,112,393,530
HGNC:7744,NEK1,309,Musculoskeletal,central,16447,1035,9.1878e-23,0.959,v4.1,112,393,530
HGNC:7744,NEK1,726,Musculoskeletal,central,16447,1035,9.1878e-23,0.959,v4.1,112,393,530
HGNC:12338,TRPC6,156,Renal and urinary tract disorders,central,10136,539,6.5085e-8,0.708,v4.1,34,171,334
HGNC:7167,MMP20,269,Musculoskeletal,central,2554,202,6.7195e-15,1.197,v4.1,12,60,130
HGNC:28188,C11orf70,484,Sin clasificar,periferico,4700,119,2.4243e-7,1.386,v4.1,21,70,28
HGNC:28188,C11orf70,478,Fetal (including NIPD),periferico,4700,119,2.4243e-7,1.386,v4.1,21,70,28
HGNC:16262,YAP1,509,Ophthalmology,central,13420,136,1,0.212,v4.1,13,43,80
HGNC:16262,YAP1,478,Fetal (including NIPD),central,13420,136,1,0.212,v4.1,13,43,80
HGNC:16262,YAP1,484,Sin clasificar,central,13420,136,1,0.212,v4.1,13,43,80
HGNC:4061,SLC37A4,528,Metabolic,central,6510,1124,4.455e-14,1.252,v4.1,182,449,493
HGNC:4061,SLC37A4,25,Metabolic,periferico,6510,1124,4.455e-14,1.252,v4.1,182,449,493
HGNC:4061,SLC37A4,111,Viral research,periferico,6510,1124,4.455e-14,1.252,v4.1,182,449,493
HGNC:4061,SLC37A4,33,Gastroenterological disorders,periferico,6510,1124,4.455e-14,1.252,v4.1,182,449,493
HGNC:4026,FXYD2,292,Renal,central,7888,94,0.0079463,1.239,v4.1,1,59,34
HGNC:7159,MMP13,309,Musculoskeletal,central,2856,388,1.2947e-10,1.067,v4.1,31,134,223
HGNC:1499,CASP1,111,Viral research,central,5787,66,0.017654,0.816,v4.1,0,15,51
HGNC:25189,ALKBH8,402,Neurology,periferico,9861,162,2.7075e-5,0.797,v4.1,9,37,116
HGNC:20390,SQOR,537,Mitochondrial,periferico,5769,64,4.519e-9,0.972,v4.1,2,4,58
HGNC:29536,MAPKBP1,725,Renal,periferico,10682,514,0.84477,0.484,v4.1,16,234,264
HGNC:29536,MAPKBP1,150,Ciliopathies,periferico,10682,514,0.84477,0.484,v4.1,16,234,264
HGNC:18828,NDUFAF1,534,Mitochondrial,periferico,5249,196,0.0074616,0.841,v4.1,4,58,134
HGNC:6392,KIF23,159,Haematological disorders,central,6639,402,1,0.279,v4.1,4,155,243
HGNC:24054,KNL1,162,Neurology,central,10608,412,1,0.366,v4.1,23,174,215
HGNC:6772,SMAD6,309,Musculoskeletal,central,10122,1338,8.130799999999999e-55,1.996,v4.1,84,373,881
HGNC:188,ADAM10,559,Dermatology,periferico,22841,110,1,0.276,v4.1,4,37,69
HGNC:30650,STRA6,234,Renal and urinary tract disorders,periferico,8318,342,2.3028e-8,0.725,v4.1,34,133,175
HGNC:30650,STRA6,285,Developmental disorders,periferico,8318,342,2.3028e-8,0.725,v4.1,34,133,175
HGNC:2594,CYP19A1,9,Endocrinology,central,9615,570,0.016139,0.793,v4.1,87,340,143
HGNC:30207,ARHGAP29,81,Musculoskeletal,periferico,21689,208,0.9997,0.448,v4.1,7,36,165
HGNC:2016,CLCA2,506,Cardiology,periferico,5094,158,1.0624e-21,1.144,v4.1,0,14,144
HGNC:2698,DBT,402,Neurology,central,12815,837,3.6458e-9,1.255,v4.1,166,421,250
HGNC:2698,DBT,285,Developmental disorders,central,12815,837,3.6458e-9,1.255,v4.1,166,421,250
HGNC:30391,IFT172,150,Ciliopathies,central,16324,1980,1.2318999999999999e-29,0.745,v4.1,157,851,972
HGNC:30391,IFT172,725,Renal,central,16324,1980,1.2318999999999999e-29,0.745,v4.1,157,851,972
HGNC:30391,IFT172,307,Ophthalmology,central,16324,1980,1.2318999999999999e-29,0.745,v4.1,157,851,972
HGNC:30391,IFT172,478,Fetal (including NIPD),central,16324,1980,1.2318999999999999e-29,0.745,v4.1,157,851,972
HGNC:30391,IFT172,722,Ophthalmology,central,16324,1980,1.2318999999999999e-29,0.745,v4.1,157,851,972
HGNC:30391,IFT172,484,Sin clasificar,central,16324,1980,1.2318999999999999e-29,0.745,v4.1,157,851,972
HGNC:29361,SELENOI,484,Sin clasificar,periferico,8534,62,0.0018885,0.832,v4.1,5,19,38
HGNC:4803,HADHB,267,Metabolic disorders,central,8692,611,1.0599e-4,1.145,v4.1,100,328,183
HGNC:4803,HADHB,302,Metabolic disorders,central,8692,611,1.0599e-4,1.145,v4.1,100,328,183
HGNC:4803,HADHB,467,Metabolic,central,8692,611,1.0599e-4,1.145,v4.1,100,328,183
HGNC:4803,HADHB,285,Developmental disorders,central,8692,611,1.0599e-4,1.145,v4.1,100,328,183
HGNC:23166,PNPT1,476,Neurology,central,6795,975,1.4785e-4,0.64,v4.1,73,514,388
HGNC:23166,PNPT1,847,Neurology,central,6795,975,1.4785e-4,0.64,v4.1,73,514,388
HGNC:23166,PNPT1,477,Neurology,central,6795,975,1.4785e-4,0.64,v4.1,73,514,388
HGNC:23166,PNPT1,466,Neurology,central,6795,975,1.4785e-4,0.64,v4.1,73,514,388
HGNC:23166,PNPT1,302,Metabolic disorders,central,6795,975,1.4785e-4,0.64,v4.1,73,514,388
HGNC:23166,PNPT1,484,Sin clasificar,central,6795,975,1.4785e-4,0.64,v4.1,73,514,388
HGNC:23166,PNPT1,402,Neurology,central,6795,975,1.4785e-4,0.64,v4.1,73,514,388
HGNC:23166,PNPT1,539,Mitochondrial,central,6795,975,1.4785e-4,0.64,v4.1,73,514,388
HGNC:23166,PNPT1,112,Mitochondrial,central,6795,975,1.4785e-4,0.64,v4.1,73,514,388
HGNC:23166,PNPT1,467,Metabolic,central,6795,975,1.4785e-4,0.64,v4.1,73,514,388
HGNC:23166,PNPT1,285,Developmental disorders,central,6795,975,1.4785e-4,0.64,v4.1,73,514,388
HGNC:2597,CYP1B1,509,Ophthalmology,central,8173,600,1.5114e-6,1.089,v4.1,128,240,232
HGNC:9758,RAB1A,484,Sin clasificar,central,8018,12,0.99666,0.311,v4.1,1,1,10
HGNC:11041,SLC5A6,478,Fetal (including NIPD),periferico,8537,126,0.01529,0.609,v4.1,14,37,75
HGNC:13886,ABCG5,519,Haematology,periferico,4378,905,8.1322e-20,1.219,v4.1,70,316,519
HGNC:13886,ABCG5,545,Haematology,periferico,4378,905,8.1322e-20,1.219,v4.1,70,316,519
HGNC:13886,ABCG5,175,Haematological and immunological disorders,periferico,4378,905,8.1322e-20,1.219,v4.1,70,316,519
HGNC:30228,PREPL,484,Sin clasificar,periferico,9914,804,2.1658e-24,1.247,v4.1,70,350,384
HGNC:19880,EMILIN1,846,Neurology,periferico,4715,237,3.194e-10,0.832,v4.1,7,26,204
HGNC:13590,FBXO11,168,Musculoskeletal,central,13866,1215,1,0.215,v4.1,153,610,452
HGNC:13590,FBXO11,81,Musculoskeletal,periferico,13866,1215,1,0.215,v4.1,153,610,452
HGNC:10889,SIX3,402,Neurology,periferico,2719,278,0.99311,0.387,v4.1,37,89,152
HGNC:10889,SIX3,509,Ophthalmology,central,2719,278,0.99311,0.387,v4.1,37,89,152
HGNC:10889,SIX3,78,Neurology,central,2719,278,0.99311,0.387,v4.1,37,89,152
HGNC:15714,LRPPRC,112,Mitochondrial,central,36743,2339,2.1588e-11,0.808,v4.1,337,1343,659
HGNC:15714,LRPPRC,539,Mitochondrial,central,36743,2339,2.1588e-11,0.808,v4.1,337,1343,659
HGNC:15714,LRPPRC,537,Mitochondrial,periferico,36743,2339,2.1588e-11,0.808,v4.1,337,1343,659
HGNC:25903,ATAD1,847,Neurology,periferico,23780,208,0.97793,0.505,v4.1,3,113,92
HGNC:25903,ATAD1,541,Neurology,periferico,23780,208,0.97793,0.505,v4.1,3,113,92
HGNC:6388,KIF11,478,Fetal (including NIPD),central,7259,1025,1,0.184,v4.1,194,461,370
HGNC:6388,KIF11,285,Developmental disorders,central,7259,1025,1,0.184,v4.1,194,461,370
HGNC:6388,KIF11,65,Cardiology,periferico,7259,1025,1,0.184,v4.1,194,461,370
HGNC:6388,KIF11,162,Neurology,central,7259,1025,1,0.184,v4.1,194,461,370
HGNC:6388,KIF11,484,Sin clasificar,central,7259,1025,1,0.184,v4.1,194,461,370
HGNC:694,ARL3,307,Ophthalmology,central,4274,150,0.93,0.557,v4.1,3,53,94
HGNC:1161,CEP55,725,Renal,periferico,3341,125,7.3852e-16,1.138,v4.1,12,39,74
HGNC:3363,ENTPD1,476,Neurology,periferico,17113,254,1.218e-5,0.737,v4.1,17,115,122
HGNC:17175,PLCE1,106,Renal,central,27360,993,3.8869e-10,0.564,v4.1,65,299,629
HGNC:9922,RBP4,302,Metabolic disorders,periferico,6938,200,0.86966,0.575,v4.1,19,81,100
HGNC:9922,RBP4,467,Metabolic,periferico,6938,200,0.86966,0.575,v4.1,19,81,100
HGNC:9922,RBP4,307,Ophthalmology,periferico,6938,200,0.86966,0.575,v4.1,19,81,100
HGNC:15594,DBR1,398,Immunology,periferico,5773,250,6.9606e-5,0.841,v4.1,1,112,137
HGNC:15594,DBR1,555,Dermatology,periferico,5773,250,6.9606e-5,0.841,v4.1,1,112,137
HGNC:15594,DBR1,111,Viral research,periferico,5773,250,6.9606e-5,0.841,v4.1,1,112,137
HGNC:29162,FAM149B1,484,Sin clasificar,periferico,7701,133,5.3985e-10,0.98,v4.1,14,19,100
HGNC:29162,FAM149B1,726,Musculoskeletal,periferico,7701,133,5.3985e-10,0.98,v4.1,14,19,100
HGNC:29162,FAM149B1,724,Neurology,periferico,7701,133,5.3985e-10,0.98,v4.1,14,19,100
HGNC:29162,FAM149B1,150,Ciliopathies,periferico,7701,133,5.3985e-10,0.98,v4.1,14,19,100
HGNC:29162,FAM149B1,722,Ophthalmology,periferico,7701,133,5.3985e-10,0.98,v4.1,14,19,100
HGNC:29162,FAM149B1,478,Fetal (including NIPD),periferico,7701,133,5.3985e-10,0.98,v4.1,14,19,100
HGNC:24268,ASCC1,225,Neurology,periferico,10756,237,8.3188e-9,1.002,v4.1,30,130,77
HGNC:24268,ASCC1,258,Neurology,periferico,10756,237,8.3188e-9,1.002,v4.1,30,130,77
HGNC:10411,RPS24,519,Haematology,central,7866,226,0.99945,0.182,v4.1,20,116,90
HGNC:10411,RPS24,478,Fetal (including NIPD),central,7866,226,0.99945,0.182,v4.1,20,116,90
HGNC:2939,DNA2,162,Neurology,central,5138,1007,6.8618e-27,1.115,v4.1,19,422,566
HGNC:2939,DNA2,478,Fetal (including NIPD),central,5138,1007,6.8618e-27,1.115,v4.1,19,422,566
HGNC:794,ATIC,285,Developmental disorders,central,7730,170,4.8854e-17,1.044,v4.1,9,62,99
HGNC:794,ATIC,467,Metabolic,central,7730,170,4.8854e-17,1.044,v4.1,9,62,99
HGNC:794,ATIC,484,Sin clasificar,central,7730,170,4.8854e-17,1.044,v4.1,9,62,99
HGNC:794,ATIC,478,Fetal (including NIPD),central,7730,170,4.8854e-17,1.044,v4.1,9,62,99
HGNC:794,ATIC,302,Metabolic disorders,central,7730,170,4.8854e-17,1.044,v4.1,9,62,99
HGNC:11102,SMARCAL1,309,Musculoskeletal,periferico,14301,1344,5.0365e-12,0.795,v4.1,167,688,489
HGNC:11102,SMARCAL1,156,Renal and urinary tract disorders,central,14301,1344,5.0365e-12,0.795,v4.1,167,688,489
HGNC:11102,SMARCAL1,398,Immunology,periferico,14301,1344,5.0365e-12,0.795,v4.1,167,688,489
HGNC:25006,METTL5,285,Developmental disorders,periferico,3448,54,7.0183e-9,1.798,v4.1,10,4,40
HGNC:25006,METTL5,484,Sin clasificar,periferico,3448,54,7.0183e-9,1.798,v4.1,10,4,40
HGNC:25006,METTL5,162,Neurology,periferico,3448,54,7.0183e-9,1.798,v4.1,10,4,40
HGNC:29853,HECW2,484,Sin clasificar,periferico,24410,552,0.85881,0.498,v4.1,40,165,347
HGNC:29853,HECW2,847,Neurology,central,24410,552,0.85881,0.498,v4.1,40,165,347
HGNC:29853,HECW2,402,Neurology,periferico,24410,552,0.85881,0.498,v4.1,40,165,347
HGNC:5382,IDH1,478,Fetal (including NIPD),central,8325,467,9.2299e-5,0.829,v4.1,6,185,276
HGNC:5382,IDH1,467,Metabolic,central,8325,467,9.2299e-5,0.829,v4.1,6,185,276
HGNC:5382,IDH1,309,Musculoskeletal,central,8325,467,9.2299e-5,0.829,v4.1,6,185,276
HGNC:28833,OLA1,285,Developmental disorders,central,10838,47,0.98202,0.494,v4.1,0,0,47
HGNC:28833,OLA1,53,Musculoskeletal,periferico,10838,47,0.98202,0.494,v4.1,0,0,47
HGNC:1955,CHRNA1,258,Neurology,central,5164,586,5.0496e-9,0.943,v4.1,49,225,312
HGNC:24011,ABI2,402,Neurology,periferico,25326,35,0.44932,0.585,v4.1,0,0,35
HGNC:24011,ABI2,476,Neurology,periferico,25326,35,0.44932,0.585,v4.1,0,0,35
HGNC:6150,ITGAV,478,Fetal (including NIPD),central,20049,167,9.6626e-10,0.807,v4.1,6,20,141
HGNC:10909,SLC40A1,26,Endocrine disorders,periferico,8015,328,0.999,0.445,v4.1,41,138,149
HGNC:30402,SENP7,479,Developmental disorders,periferico,7203,120,0.96936,0.503,v4.1,3,18,99
HGNC:30402,SENP7,258,Neurology,periferico,7203,120,0.96936,0.503,v4.1,3,18,99
HGNC:30402,SENP7,398,Immunology,periferico,7203,120,0.96936,0.503,v4.1,3,18,99
HGNC:30402,SENP7,478,Fetal (including NIPD),periferico,7203,120,0.96936,0.503,v4.1,3,18,99
HGNC:29636,MNS1,478,Fetal (including NIPD),periferico,7032,86,5.9763e-16,1.033,v4.1,9,10,67
HGNC:29636,MNS1,549,Respiratory,periferico,7032,86,5.9763e-16,1.033,v4.1,9,10,67
HGNC:16882,HCN4,506,Cardiology,central,6922,2265,0.14903,0.571,v4.1,21,912,1332
HGNC:5036,HNRNPD,285,Developmental disorders,central,9000,52,0.99998,0.222,v4.1,4,10,38
HGNC:18758,BBS7,150,Ciliopathies,central,6253,843,8.5502e-7,0.701,v4.1,140,345,358
HGNC:26953,KIAA1109,509,Ophthalmology,periferico,46017,805,2.8317000000000003e-25,0.579,v4.1,57,193,555
HGNC:26953,KIAA1109,258,Neurology,periferico,46017,805,2.8317000000000003e-25,0.579,v4.1,57,193,555
HGNC:26953,KIAA1109,179,Neurology,periferico,46017,805,2.8317000000000003e-25,0.579,v4.1,57,193,555
HGNC:1077,BMPR1B,155,Endocrine disorders,periferico,6895,427,1,0.331,v4.1,19,179,229
HGNC:9349,PRDM5,250,Ophthalmological disorders,periferico,17369,855,3.7521e-12,0.899,v4.1,59,470,326
HGNC:9349,PRDM5,53,Musculoskeletal,periferico,17369,855,3.7521e-12,0.899,v4.1,59,470,326
HGNC:9349,PRDM5,658,Ophthalmology,periferico,17369,855,3.7521e-12,0.899,v4.1,59,470,326
HGNC:17359,NUP54,847,Neurology,periferico,15670,50,0.27619,0.611,v4.1,3,3,44
HGNC:19185,FRAS1,81,Musculoskeletal,periferico,21352,3560,6.835799999999999e-52,0.729,v4.1,319,1752,1489
HGNC:19185,FRAS1,484,Sin clasificar,periferico,21352,3560,6.835799999999999e-52,0.729,v4.1,319,1752,1489
HGNC:19185,FRAS1,1537,Renal,central,21352,3560,6.835799999999999e-52,0.729,v4.1,319,1752,1489
HGNC:19185,FRAS1,384,Musculoskeletal,periferico,21352,3560,6.835799999999999e-52,0.729,v4.1,319,1752,1489
HGNC:19185,FRAS1,509,Ophthalmology,periferico,21352,3560,6.835799999999999e-52,0.729,v4.1,319,1752,1489
HGNC:19185,FRAS1,285,Developmental disorders,periferico,21352,3560,6.835799999999999e-52,0.729,v4.1,319,1752,1489
HGNC:19185,FRAS1,478,Fetal (including NIPD),periferico,21352,3560,6.835799999999999e-52,0.729,v4.1,319,1752,1489
HGNC:30422,SHROOM3,212,Cardiovascular disorders,periferico,13903,418,0.99977,0.448,v4.1,0,110,308
HGNC:30422,SHROOM3,484,Sin clasificar,periferico,13903,418,0.99977,0.448,v4.1,0,110,308
HGNC:30422,SHROOM3,478,Fetal (including NIPD),periferico,13903,418,0.99977,0.448,v4.1,0,110,308
HGNC:28883,PPA2,302,Metabolic disorders,central,17276,412,1.4061e-9,1.324,v4.1,18,241,153
HGNC:28883,PPA2,467,Metabolic,central,17276,412,1.4061e-9,1.324,v4.1,18,241,153
HGNC:28883,PPA2,225,Neurology,periferico,17276,412,1.4061e-9,1.324,v4.1,18,241,153
HGNC:28883,PPA2,652,Cardiology,periferico,17276,412,1.4061e-9,1.324,v4.1,18,241,153
HGNC:28883,PPA2,484,Sin clasificar,central,17276,412,1.4061e-9,1.324,v4.1,18,241,153
HGNC:6551,LEF1,478,Fetal (including NIPD),central,11048,57,0.99641,0.459,v4.1,6,5,46
HGNC:6551,LEF1,484,Sin clasificar,central,11048,57,0.99641,0.459,v4.1,6,5,46
HGNC:6551,LEF1,553,Dermatology,central,11048,57,0.99641,0.459,v4.1,6,5,46
HGNC:4799,HADH,467,Metabolic,central,15267,384,0.0050647,1.09,v4.1,33,202,149
HGNC:4799,HADH,302,Metabolic disorders,central,15267,384,0.0050647,1.09,v4.1,33,202,149
HGNC:20862,SLC39A8,25,Metabolic,periferico,16718,246,0.62115,0.602,v4.1,9,113,124
HGNC:20862,SLC39A8,467,Metabolic,periferico,16718,246,0.62115,0.602,v4.1,9,113,124
HGNC:20862,SLC39A8,478,Fetal (including NIPD),periferico,16718,246,0.62115,0.602,v4.1,9,113,124
HGNC:20862,SLC39A8,402,Neurology,periferico,16718,246,0.62115,0.602,v4.1,9,113,124
HGNC:20862,SLC39A8,484,Sin clasificar,periferico,16718,246,0.62115,0.602,v4.1,9,113,124
HGNC:20862,SLC39A8,285,Developmental disorders,periferico,16718,246,0.62115,0.602,v4.1,9,113,124
HGNC:20862,SLC39A8,466,Neurology,periferico,16718,246,0.62115,0.602,v4.1,9,113,124
HGNC:20862,SLC39A8,302,Metabolic disorders,periferico,16718,246,0.62115,0.602,v4.1,9,113,124
HGNC:7467,MTTP,307,Ophthalmology,central,6181,1236,6.7227e-7,0.672,v4.1,181,641,414
HGNC:3604,FBN2,1,Cardiovascular disorders,central,22589,4124,1,0.312,v4.1,135,1858,2131
HGNC:3604,FBN2,309,Musculoskeletal,central,22589,4124,1,0.312,v4.1,135,1858,2131
HGNC:6884,MAPK8IP3,96,Neurology,periferico,11689,571,1,0.407,v4.1,21,166,384
HGNC:8790,PDE6H,484,Sin clasificar,periferico,1949,72,0.005109,1.904,v4.1,0,30,42
HGNC:8790,PDE6H,478,Fetal (including NIPD),periferico,1949,72,0.005109,1.904,v4.1,0,30,42
HGNC:19349,KIF21A,846,Neurology,periferico,10585,379,2.8357e-8,0.607,v4.1,15,91,273
HGNC:19349,KIF21A,258,Neurology,periferico,10585,379,2.8357e-8,0.607,v4.1,15,91,273
HGNC:24249,YARS2,518,Haematology,central,6747,362,6.8516e-11,1.035,v4.1,38,146,178
HGNC:24249,YARS2,302,Metabolic disorders,central,6747,362,6.8516e-11,1.035,v4.1,38,146,178
HGNC:24249,YARS2,467,Metabolic,central,6747,362,6.8516e-11,1.035,v4.1,38,146,178
HGNC:19125,FGD4,85,Neurology and neurodevelopmental disorders,central,11924,802,0.60334,0.518,v4.1,51,338,413
HGNC:19125,FGD4,846,Neurology,central,11924,802,0.60334,0.518,v4.1,51,338,413
HGNC:7693,NDUFA9,467,Metabolic,central,13344,271,0.003121,0.783,v4.1,12,115,144
HGNC:7693,NDUFA9,112,Mitochondrial,central,13344,271,0.003121,0.783,v4.1,12,115,144
HGNC:7693,NDUFA9,539,Mitochondrial,central,13344,271,0.003121,0.783,v4.1,12,115,144
HGNC:12642,VAMP1,232,Neurology,periferico,3541,136,1.5246e-4,1.282,v4.1,14,67,55
HGNC:12642,VAMP1,258,Neurology,periferico,3541,136,1.5246e-4,1.282,v4.1,14,67,55
HGNC:11922,CD27,111,Viral research,central,1559,245,1.6116e-4,0.946,v4.1,19,104,122
HGNC:11922,CD27,398,Immunology,central,1559,245,1.6116e-4,0.946,v4.1,19,104,122
HGNC:9719,PEX5,230,Ophthalmology,central,6760,1079,2.1956e-9,0.768,v4.1,77,525,477
HGNC:2200,COL2A1,484,Sin clasificar,central,6797,3545,1,0.183,v4.1,1129,1288,1128
HGNC:2200,COL2A1,309,Musculoskeletal,central,6797,3545,1,0.183,v4.1,1129,1288,1128
HGNC:2200,COL2A1,3,Ophthalmology,central,6797,3545,1,0.183,v4.1,1129,1288,1128
HGNC:2200,COL2A1,478,Fetal (including NIPD),central,6797,3545,1,0.183,v4.1,1129,1288,1128
HGNC:30836,POC1B,150,Ciliopathies,periferico,10389,419,2.3222e-7,0.967,v4.1,44,166,209
HGNC:26899,TMTC3,484,Sin clasificar,periferico,9629,281,1.0951e-6,0.721,v4.1,19,104,158
HGNC:26899,TMTC3,478,Fetal (including NIPD),periferico,9629,281,1.0951e-6,0.721,v4.1,19,104,158
HGNC:26899,TMTC3,285,Developmental disorders,periferico,9629,281,1.0951e-6,0.721,v4.1,19,104,158
HGNC:19331,MMAB,285,Developmental disorders,periferico,9092,599,8.9793e-4,0.874,v4.1,110,287,202
HGNC:19331,MMAB,267,Metabolic disorders,periferico,9092,599,8.9793e-4,0.874,v4.1,110,287,202
HGNC:19331,MMAB,484,Sin clasificar,periferico,9092,599,8.9793e-4,0.874,v4.1,110,287,202
HGNC:11460,SUOX,467,Metabolic,central,8382,513,3.7606e-12,1.128,v4.1,79,205,229
HGNC:11460,SUOX,847,Neurology,central,8382,513,3.7606e-12,1.128,v4.1,79,205,229
HGNC:11460,SUOX,484,Sin clasificar,central,8382,513,3.7606e-12,1.128,v4.1,79,205,229
HGNC:11460,SUOX,302,Metabolic disorders,central,8382,513,3.7606e-12,1.128,v4.1,79,205,229
HGNC:11460,SUOX,402,Neurology,central,8382,513,3.7606e-12,1.128,v4.1,79,205,229
HGNC:11460,SUOX,285,Developmental disorders,central,8382,513,3.7606e-12,1.128,v4.1,79,205,229
HGNC:29937,CCDC65,484,Sin clasificar,periferico,2379,274,7.7889e-11,1.004,v4.1,20,131,123
HGNC:2865,DHH,9,Endocrinology,central,4689,145,2.665e-4,0.999,v4.1,19,40,86
HGNC:175,ACVRL1,147,Neurology,central,6645,1248,0.51066,0.57,v4.1,565,327,356
HGNC:175,ACVRL1,193,Respiratory,central,6645,1248,0.51066,0.57,v4.1,565,327,356
HGNC:11105,SMARCC2,484,Sin clasificar,central,10336,445,1,0.167,v4.1,59,81,305
HGNC:11105,SMARCC2,285,Developmental disorders,central,10336,445,1,0.167,v4.1,59,81,305
HGNC:1101,BRCA2,247,Dysmorphic and congenital abnormality syndromes,central,14435,21647,6.5274e-44,0.803,v4.1,5773,5861,10013
HGNC:1101,BRCA2,478,Fetal (including NIPD),central,14435,21647,6.5274e-44,0.803,v4.1,5773,5861,10013
HGNC:1101,BRCA2,143,Inherited cancer,periferico,14435,21647,6.5274e-44,0.803,v4.1,5773,5861,10013
HGNC:1101,BRCA2,255,Tumour syndromes,central,14435,21647,6.5274e-44,0.803,v4.1,5773,5861,10013
HGNC:1101,BRCA2,559,Dermatology,central,14435,21647,6.5274e-44,0.803,v4.1,5773,5861,10013
HGNC:1101,BRCA2,384,Musculoskeletal,central,14435,21647,6.5274e-44,0.803,v4.1,5773,5861,10013
HGNC:1101,BRCA2,259,Cancer Programme,central,14435,21647,6.5274e-44,0.803,v4.1,5773,5861,10013
HGNC:1101,BRCA2,484,Sin clasificar,central,14435,21647,6.5274e-44,0.803,v4.1,5773,5861,10013
HGNC:1101,BRCA2,1471,Endocrinology,central,14435,21647,6.5274e-44,0.803,v4.1,5773,5861,10013
HGNC:1101,BRCA2,158,Tumour syndromes,central,14435,21647,6.5274e-44,0.803,v4.1,5773,5861,10013
HGNC:1101,BRCA2,524,Inherited cancer,periferico,14435,21647,6.5274e-44,0.803,v4.1,5773,5861,10013
HGNC:1101,BRCA2,162,Neurology,central,14435,21647,6.5274e-44,0.803,v4.1,5773,5861,10013
HGNC:1101,BRCA2,243,Cancer susceptibility,central,14435,21647,6.5274e-44,0.803,v4.1,5773,5861,10013
HGNC:9884,RB1,391,Tumour syndromes,periferico,8683,4637,1,0.239,v4.1,1003,1504,2130
HGNC:9884,RB1,734,Cancer susceptibility,periferico,8683,4637,1,0.239,v4.1,1003,1504,2130
HGNC:9884,RB1,290,Tumour syndromes,periferico,8683,4637,1,0.239,v4.1,1003,1504,2130
HGNC:9884,RB1,217,Cancer Programme,periferico,8683,4637,1,0.239,v4.1,1003,1504,2130
HGNC:18179,VPS33A,478,Fetal (including NIPD),periferico,8454,351,0.082375,0.583,v4.1,1,207,143
HGNC:18179,VPS33A,309,Musculoskeletal,periferico,8454,351,0.082375,0.583,v4.1,1,207,143
HGNC:18179,VPS33A,467,Metabolic,periferico,8454,351,0.082375,0.583,v4.1,1,207,143
HGNC:19977,RDH12,307,Ophthalmology,central,2355,673,0.0011151,0.862,v4.1,154,279,240
HGNC:10978,SLC24A4,484,Sin clasificar,periferico,14794,172,5.3093e-10,0.862,v4.1,5,69,98
HGNC:10978,SLC24A4,269,Musculoskeletal,central,14794,172,5.3093e-10,0.862,v4.1,5,69,98
HGNC:3602,FBLN5,565,Dermatology,periferico,6582,683,0.25042,0.58,v4.1,8,317,358
HGNC:3602,FBLN5,85,Neurology and neurodevelopmental disorders,periferico,6582,683,0.25042,0.58,v4.1,8,317,358
HGNC:10914,SLC12A6,285,Developmental disorders,periferico,10508,1787,0.01086,0.621,v4.1,237,917,633
HGNC:10914,SLC12A6,478,Fetal (including NIPD),periferico,10508,1787,0.01086,0.621,v4.1,237,917,633
HGNC:10914,SLC12A6,484,Sin clasificar,periferico,10508,1787,0.01086,0.621,v4.1,237,917,633
HGNC:11623,TCF12,9,Endocrinology,periferico,26354,552,0.020297,0.609,v4.1,144,141,267
HGNC:11623,TCF12,650,Endocrinology,periferico,26354,552,0.020297,0.609,v4.1,144,141,267
HGNC:1713,CDAN1,159,Haematological disorders,central,5476,911,1.6127e-27,0.908,v4.1,66,364,481
HGNC:1713,CDAN1,144,Dysmorphic and congenital abnormality syndromes,central,5476,911,1.6127e-27,0.908,v4.1,66,364,481
HGNC:1713,CDAN1,518,Haematology,central,5476,911,1.6127e-27,0.908,v4.1,66,364,481
HGNC:9580,PSTPIP1,1075,Immunology,central,5144,822,5.9235e-26,1.42,v4.1,4,397,421
HGNC:9580,PSTPIP1,60,Rheumatological disorders,central,5144,822,5.9235e-26,1.42,v4.1,4,397,421
HGNC:3481,ETFA,484,Sin clasificar,central,13174,604,0.0029774,1.166,v4.1,90,349,165
HGNC:3481,ETFA,467,Metabolic,central,13174,604,0.0029774,1.166,v4.1,90,349,165
HGNC:3481,ETFA,302,Metabolic disorders,central,13174,604,0.0029774,1.166,v4.1,90,349,165
HGNC:3481,ETFA,285,Developmental disorders,central,13174,604,0.0029774,1.166,v4.1,90,349,165
HGNC:3481,ETFA,267,Metabolic disorders,central,13174,604,0.0029774,1.166,v4.1,90,349,165
HGNC:13081,SCAPER,484,Sin clasificar,periferico,17577,316,2.1156e-11,0.666,v4.1,28,87,201
HGNC:13081,SCAPER,285,Developmental disorders,periferico,17577,316,2.1156e-11,0.666,v4.1,28,87,201
HGNC:13081,SCAPER,307,Ophthalmology,periferico,17577,316,2.1156e-11,0.666,v4.1,28,87,201
HGNC:12010,TPM1,749,Cardiology,central,20278,1068,5.9633e-4,0.757,v4.1,53,442,573
HGNC:12010,TPM1,478,Fetal (including NIPD),central,20278,1068,5.9633e-4,0.757,v4.1,53,442,573
HGNC:5465,IGF1R,484,Sin clasificar,central,13941,1336,1,0.393,v4.1,109,430,797
HGNC:5465,IGF1R,285,Developmental disorders,central,13941,1336,1,0.393,v4.1,109,430,797
HGNC:5465,IGF1R,131,Endocrine disorders,central,13941,1336,1,0.393,v4.1,109,430,797
HGNC:5465,IGF1R,478,Fetal (including NIPD),central,13941,1336,1,0.393,v4.1,109,430,797
HGNC:5465,IGF1R,1471,Endocrinology,central,13941,1336,1,0.393,v4.1,109,430,797
HGNC:2590,CYP11A1,9,Endocrinology,central,6765,434,3.3079e-4,0.698,v4.1,52,248,134
HGNC:969,BBS4,130,Endocrinology,central,8340,888,6.813e-12,0.953,v4.1,164,371,353
HGNC:969,BBS4,725,Renal,central,8340,888,6.813e-12,0.953,v4.1,164,371,353
HGNC:969,BBS4,150,Ciliopathies,central,8340,888,6.813e-12,0.953,v4.1,164,371,353
HGNC:969,BBS4,722,Ophthalmology,central,8340,888,6.813e-12,0.953,v4.1,164,371,353
HGNC:17109,ADAMTS17,309,Musculoskeletal,periferico,10077,1487,2.2942e-31,0.966,v4.1,71,745,671
HGNC:17109,ADAMTS17,509,Ophthalmology,periferico,10077,1487,2.2942e-31,0.966,v4.1,71,745,671
HGNC:17109,ADAMTS17,478,Fetal (including NIPD),periferico,10077,1487,2.2942e-31,0.966,v4.1,71,745,671
HGNC:30922,LINS1,285,Developmental disorders,periferico,9659,207,3.8578e-5,0.867,v4.1,36,82,89
HGNC:30922,LINS1,484,Sin clasificar,periferico,9659,207,3.8578e-5,0.867,v4.1,36,82,89
HGNC:30922,LINS1,478,Fetal (including NIPD),periferico,9659,207,3.8578e-5,0.867,v4.1,36,82,89
HGNC:9179,POLG,1217,Gastrohepatology,central,11407,3365,2.1691e-26,0.847,v4.1,384,1221,1760
HGNC:9179,POLG,112,Mitochondrial,central,11407,3365,2.1691e-26,0.847,v4.1,384,1221,1760
HGNC:9179,POLG,61,Gastroenterological disorders,central,11407,3365,2.1691e-26,0.847,v4.1,384,1221,1760
HGNC:9179,POLG,285,Developmental disorders,central,11407,3365,2.1691e-26,0.847,v4.1,384,1221,1760
HGNC:9179,POLG,85,Neurology and neurodevelopmental disorders,central,11407,3365,2.1691e-26,0.847,v4.1,384,1221,1760
HGNC:9179,POLG,466,Neurology,central,11407,3365,2.1691e-26,0.847,v4.1,384,1221,1760
HGNC:9179,POLG,846,Neurology,central,11407,3365,2.1691e-26,0.847,v4.1,384,1221,1760
HGNC:9179,POLG,302,Metabolic disorders,central,11407,3365,2.1691e-26,0.847,v4.1,384,1221,1760
HGNC:9179,POLG,477,Neurology,central,11407,3365,2.1691e-26,0.847,v4.1,384,1221,1760
HGNC:9179,POLG,484,Sin clasificar,central,11407,3365,2.1691e-26,0.847,v4.1,384,1221,1760
HGNC:9179,POLG,476,Neurology,central,11407,3365,2.1691e-26,0.847,v4.1,384,1221,1760
HGNC:9179,POLG,20,Neurology and neurodevelopmental disorders,central,11407,3365,2.1691e-26,0.847,v4.1,384,1221,1760
HGNC:9179,POLG,467,Metabolic,central,11407,3365,2.1691e-26,0.847,v4.1,384,1221,1760
HGNC:9179,POLG,533,Mitochondrial,central,11407,3365,2.1691e-26,0.847,v4.1,384,1221,1760
HGNC:9179,POLG,267,Metabolic disorders,periferico,11407,3365,2.1691e-26,0.847,v4.1,384,1221,1760
HGNC:9179,POLG,402,Neurology,central,11407,3365,2.1691e-26,0.847,v4.1,384,1221,1760
HGNC:10024,RLBP1,307,Ophthalmology,central,2811,424,1.0689e-6,0.954,v4.1,53,196,175
HGNC:25568,FANCI,508,Haematology,periferico,19460,2435,8.6548e-36,0.959,v4.1,288,1084,1063
HGNC:25568,FANCI,115,Cancer Programme,periferico,19460,2435,8.6548e-36,0.959,v4.1,288,1084,1063
HGNC:25568,FANCI,159,Haematological disorders,central,19460,2435,8.6548e-36,0.959,v4.1,288,1084,1063
HGNC:25568,FANCI,162,Neurology,central,19460,2435,8.6548e-36,0.959,v4.1,288,1084,1063
HGNC:30594,UNC45A,65,Cardiology,periferico,7798,728,1.6182000000000001e-19,0.885,v4.1,13,346,369
HGNC:30594,UNC45A,544,Gastrohepatology,periferico,7798,728,1.6182000000000001e-19,0.885,v4.1,13,346,369
HGNC:30594,UNC45A,196,Musculoskeletal,periferico,7798,728,1.6182000000000001e-19,0.885,v4.1,13,346,369
HGNC:30594,UNC45A,484,Sin clasificar,periferico,7798,728,1.6182000000000001e-19,0.885,v4.1,13,346,369
HGNC:30594,UNC45A,309,Musculoskeletal,periferico,7798,728,1.6182000000000001e-19,0.885,v4.1,13,346,369
HGNC:25789,EFL1,111,Viral research,periferico,13925,567,1.4689e-12,0.718,v4.1,6,278,283
HGNC:9115,PMM2,144,Dysmorphic and congenital abnormality syndromes,periferico,13211,850,5.5214e-8,1.937,v4.1,237,321,292
HGNC:9115,PMM2,65,Cardiology,periferico,13211,850,5.5214e-8,1.937,v4.1,237,321,292
HGNC:9115,PMM2,85,Neurology and neurodevelopmental disorders,periferico,13211,850,5.5214e-8,1.937,v4.1,237,321,292
HGNC:9115,PMM2,724,Neurology,periferico,13211,850,5.5214e-8,1.937,v4.1,237,321,292
HGNC:9115,PMM2,308,Endocrinology,periferico,13211,850,5.5214e-8,1.937,v4.1,237,321,292
HGNC:9115,PMM2,150,Ciliopathies,periferico,13211,850,5.5214e-8,1.937,v4.1,237,321,292
HGNC:9115,PMM2,25,Metabolic,central,13211,850,5.5214e-8,1.937,v4.1,237,321,292
HGNC:9115,PMM2,722,Ophthalmology,periferico,13211,850,5.5214e-8,1.937,v4.1,237,321,292
HGNC:9115,PMM2,302,Metabolic disorders,central,13211,850,5.5214e-8,1.937,v4.1,237,321,292
HGNC:9115,PMM2,155,Endocrine disorders,periferico,13211,850,5.5214e-8,1.937,v4.1,237,321,292
HGNC:9115,PMM2,725,Renal,periferico,13211,850,5.5214e-8,1.937,v4.1,237,321,292
HGNC:8609,PARN,1174,Respiratory,central,18461,950,0.002465,0.918,v4.1,88,401,461
HGNC:8609,PARN,407,Tumour syndromes,periferico,18461,950,0.002465,0.918,v4.1,88,401,461
HGNC:8609,PARN,200,Respiratory disorders,central,18461,950,0.002465,0.918,v4.1,88,401,461
HGNC:8609,PARN,245,Cancer susceptibility,periferico,18461,950,0.002465,0.918,v4.1,88,401,461
HGNC:8609,PARN,243,Cancer susceptibility,periferico,18461,950,0.002465,0.918,v4.1,88,401,461
HGNC:8609,PARN,398,Immunology,periferico,18461,950,0.002465,0.918,v4.1,88,401,461
HGNC:24678,FTO,81,Musculoskeletal,periferico,25690,269,1.1447e-10,0.924,v4.1,3,103,163
HGNC:12586,UQCRC2,539,Mitochondrial,central,9227,191,6.0679e-15,1.118,v4.1,8,88,95
HGNC:12586,UQCRC2,467,Metabolic,central,9227,191,6.0679e-15,1.118,v4.1,8,88,95
HGNC:12586,UQCRC2,112,Mitochondrial,central,9227,191,6.0679e-15,1.118,v4.1,8,88,95
HGNC:29826,MYLK3,652,Cardiology,periferico,11282,1039,2.3429e-14,0.95,v4.1,1,366,672
HGNC:17110,ADAMTS18,484,Sin clasificar,periferico,6598,1270,1.0763e-48,1.055,v4.1,60,565,645
HGNC:17110,ADAMTS18,250,Ophthalmological disorders,periferico,6598,1270,1.0763e-48,1.055,v4.1,60,565,645
HGNC:5358,IRF8,111,Viral research,central,9431,436,0.99684,0.462,v4.1,3,206,227
HGNC:5358,IRF8,398,Immunology,central,9431,436,0.99684,0.462,v4.1,3,206,227
HGNC:10351,RPL3L,652,Cardiology,periferico,4381,139,6.7481e-16,1.321,v4.1,8,10,121
HGNC:7696,NDUFB10,467,Metabolic,central,1208,120,6.9548e-11,1.57,v4.1,2,40,78
HGNC:4122,GALNS,529,Metabolic,central,12848,1390,2.5056e-23,1.251,v4.1,311,574,505
HGNC:4122,GALNS,75,Metabolic disorders,central,12848,1390,2.5056e-23,1.251,v4.1,311,574,505
HGNC:4166,GAS8,484,Sin clasificar,periferico,9624,443,2.0211e-25,1.412,v4.1,22,245,176
HGNC:16067,MYOCD,479,Developmental disorders,central,10873,203,1,0.395,v4.1,12,51,140
HGNC:25608,VPS53,477,Neurology,periferico,44055,689,1.0426e-13,0.773,v4.1,17,536,136
HGNC:25608,VPS53,466,Neurology,periferico,44055,689,1.0426e-13,0.773,v4.1,17,536,136
HGNC:24102,ARSG,126,Audiology,periferico,7677,454,2.5679e-9,0.996,v4.1,45,201,208
HGNC:24861,G6PC3,176,Gastroenterological disorders,periferico,9163,741,5.3335e-8,1.008,v4.1,52,297,392
HGNC:24861,G6PC3,25,Metabolic,periferico,9163,741,5.3335e-8,1.008,v4.1,52,297,392
HGNC:24861,G6PC3,519,Haematology,periferico,9163,741,5.3335e-8,1.008,v4.1,52,297,392
HGNC:24861,G6PC3,398,Immunology,periferico,9163,741,5.3335e-8,1.008,v4.1,52,297,392
HGNC:2092,CLTC,285,Developmental disorders,central,13557,1214,1,0.104,v4.1,137,536,541
HGNC:2092,CLTC,402,Neurology,central,13557,1214,1,0.104,v4.1,137,536,541
HGNC:2092,CLTC,478,Fetal (including NIPD),central,13557,1214,1,0.104,v4.1,137,536,541
HGNC:2092,CLTC,484,Sin clasificar,central,13557,1214,1,0.104,v4.1,137,536,541
HGNC:14347,BCAS3,568,Neurology,periferico,18667,148,0.0088253,0.58,v4.1,17,11,120
HGNC:24265,PTRH2,466,Neurology,periferico,8206,51,0.0011805,1.322,v4.1,10,17,24
HGNC:24265,PTRH2,477,Neurology,periferico,8206,51,0.0011805,1.322,v4.1,10,17,24
HGNC:24265,PTRH2,126,Audiology,periferico,8206,51,0.0011805,1.322,v4.1,10,17,24
HGNC:24265,PTRH2,85,Neurology and neurodevelopmental disorders,periferico,8206,51,0.0011805,1.322,v4.1,10,17,24
HGNC:24265,PTRH2,846,Neurology,periferico,8206,51,0.0011805,1.322,v4.1,10,17,24
HGNC:315,AFG3L2,467,Metabolic,central,9389,582,1.0227e-8,0.724,v4.1,67,197,318
HGNC:315,AFG3L2,847,Neurology,central,9389,582,1.0227e-8,0.724,v4.1,67,197,318
HGNC:315,AFG3L2,477,Neurology,central,9389,582,1.0227e-8,0.724,v4.1,67,197,318
HGNC:315,AFG3L2,186,Ophthalmology,central,9389,582,1.0227e-8,0.724,v4.1,67,197,318
HGNC:315,AFG3L2,302,Metabolic disorders,central,9389,582,1.0227e-8,0.724,v4.1,67,197,318
HGNC:315,AFG3L2,466,Neurology,central,9389,582,1.0227e-8,0.724,v4.1,67,197,318
HGNC:315,AFG3L2,20,Neurology and neurodevelopmental disorders,central,9389,582,1.0227e-8,0.724,v4.1,67,197,318
HGNC:315,AFG3L2,484,Sin clasificar,central,9389,582,1.0227e-8,0.724,v4.1,67,197,318
HGNC:315,AFG3L2,846,Neurology,central,9389,582,1.0227e-8,0.724,v4.1,67,197,318
HGNC:315,AFG3L2,112,Mitochondrial,central,9389,582,1.0227e-8,0.724,v4.1,67,197,318
HGNC:315,AFG3L2,539,Mitochondrial,central,9389,582,1.0227e-8,0.724,v4.1,67,197,318
HGNC:4388,GNAL,847,Neurology,central,8920,280,4.266e-4,1.72,v4.1,24,161,95
HGNC:4174,GATA6,26,Endocrine disorders,central,11627,778,0.95497,0.527,v4.1,71,255,452
HGNC:4174,GATA6,212,Cardiovascular disorders,central,11627,778,0.95497,0.527,v4.1,71,255,452
HGNC:4174,GATA6,152,Endocrine disorders,central,11627,778,0.95497,0.527,v4.1,71,255,452
HGNC:4174,GATA6,652,Cardiology,periferico,11627,778,0.95497,0.527,v4.1,71,255,452
HGNC:4174,GATA6,293,Endocrinology,central,11627,778,0.95497,0.527,v4.1,71,255,452
HGNC:4174,GATA6,484,Sin clasificar,central,11627,778,0.95497,0.527,v4.1,71,255,452
HGNC:4174,GATA6,478,Fetal (including NIPD),central,11627,778,0.95497,0.527,v4.1,71,255,452
HGNC:31042,GREB1L,126,Audiology,periferico,13687,514,1,0.125,v4.1,91,181,242
HGNC:31042,GREB1L,478,Fetal (including NIPD),periferico,13687,514,1,0.125,v4.1,91,181,242
HGNC:31042,GREB1L,484,Sin clasificar,periferico,13687,514,1,0.125,v4.1,91,181,242
HGNC:31042,GREB1L,234,Renal and urinary tract disorders,periferico,13687,514,1,0.125,v4.1,91,181,242
HGNC:31042,GREB1L,479,Developmental disorders,periferico,13687,514,1,0.125,v4.1,91,181,242
HGNC:7897,NPC1,111,Viral research,periferico,14385,2772,6.0265e-11,0.676,v4.1,643,1300,829
HGNC:7897,NPC1,398,Immunology,periferico,14385,2772,6.0265e-11,0.676,v4.1,643,1300,829
HGNC:7897,NPC1,176,Gastroenterological disorders,periferico,14385,2772,6.0265e-11,0.676,v4.1,643,1300,829
HGNC:7897,NPC1,579,Neurology,central,14385,2772,6.0265e-11,0.676,v4.1,643,1300,829
HGNC:7897,NPC1,144,Dysmorphic and congenital abnormality syndromes,periferico,14385,2772,6.0265e-11,0.676,v4.1,643,1300,829
HGNC:23089,SLC13A5,478,Fetal (including NIPD),periferico,9012,810,0.70034,0.549,v4.1,62,427,321
HGNC:23089,SLC13A5,285,Developmental disorders,periferico,9012,810,0.70034,0.549,v4.1,62,427,321
HGNC:23089,SLC13A5,269,Musculoskeletal,periferico,9012,810,0.70034,0.549,v4.1,62,427,321
HGNC:23089,SLC13A5,402,Neurology,periferico,9012,810,0.70034,0.549,v4.1,62,427,321
HGNC:23089,SLC13A5,484,Sin clasificar,periferico,9012,810,0.70034,0.549,v4.1,62,427,321
HGNC:25522,WRAP53,559,Dermatology,periferico,6635,571,0.0034137,0.645,v4.1,6,252,313
HGNC:25522,WRAP53,159,Haematological disorders,periferico,6635,571,0.0034137,0.645,v4.1,6,252,313
HGNC:25522,WRAP53,245,Cancer susceptibility,periferico,6635,571,0.0034137,0.645,v4.1,6,252,313
HGNC:11998,TP53,217,Cancer Programme,central,8043,3834,0.99798,0.449,v4.1,1169,1166,1499
HGNC:11998,TP53,734,Cancer susceptibility,central,8043,3834,0.99798,0.449,v4.1,1169,1166,1499
HGNC:11998,TP53,1637,Inherited cancer,central,8043,3834,0.99798,0.449,v4.1,1169,1166,1499
HGNC:11998,TP53,407,Tumour syndromes,central,8043,3834,0.99798,0.449,v4.1,1169,1166,1499
HGNC:11998,TP53,1636,Inherited cancer,central,8043,3834,0.99798,0.449,v4.1,1169,1166,1499
HGNC:11998,TP53,290,Tumour syndromes,central,8043,3834,0.99798,0.449,v4.1,1169,1166,1499
HGNC:11998,TP53,111,Viral research,central,8043,3834,0.99798,0.449,v4.1,1169,1166,1499
HGNC:11998,TP53,391,Tumour syndromes,central,8043,3834,0.99798,0.449,v4.1,1169,1166,1499
HGNC:11998,TP53,245,Cancer susceptibility,central,8043,3834,0.99798,0.449,v4.1,1169,1166,1499
HGNC:11998,TP53,243,Cancer susceptibility,central,8043,3834,0.99798,0.449,v4.1,1169,1166,1499
HGNC:11998,TP53,59,Cancer susceptibility,central,8043,3834,0.99798,0.449,v4.1,1169,1166,1499
HGNC:11998,TP53,259,Cancer Programme,central,8043,3834,0.99798,0.449,v4.1,1169,1166,1499
HGNC:26090,CCDC40,484,Sin clasificar,periferico,13716,1179,2.6347e-28,0.962,v4.1,114,525,540
HGNC:26090,CCDC40,549,Respiratory,central,13716,1179,2.6347e-28,0.962,v4.1,114,525,540
HGNC:26090,CCDC40,550,Respiratory,central,13716,1179,2.6347e-28,0.962,v4.1,114,525,540
HGNC:26090,CCDC40,178,Ciliopathies,periferico,13716,1179,2.6347e-28,0.962,v4.1,114,525,540
HGNC:678,ARHGDIA,106,Renal,central,2956,85,0.76779,0.606,v4.1,4,40,41
HGNC:18021,TMC6,398,Immunology,periferico,15929,875,1.4928e-20,1.019,v4.1,36,461,378
HGNC:18021,TMC6,559,Dermatology,periferico,15929,875,1.4928e-20,1.019,v4.1,36,461,378
HGNC:16446,CARD14,564,Dermatology,periferico,10969,1395,3.0278e-38,1.222,v4.1,16,592,787
HGNC:16446,CARD14,215,Dermatological disorders,periferico,10969,1395,3.0278e-38,1.222,v4.1,16,592,787
HGNC:16446,CARD14,555,Dermatology,periferico,10969,1395,3.0278e-38,1.222,v4.1,16,592,787
HGNC:18683,EIF4A3,285,Developmental disorders,central,7449,43,1,0.084,v4.1,3,13,27
HGNC:18683,EIF4A3,81,Musculoskeletal,central,7449,43,1,0.084,v4.1,3,13,27
HGNC:18683,EIF4A3,484,Sin clasificar,central,7449,43,1,0.084,v4.1,3,13,27
HGNC:18683,EIF4A3,478,Fetal (including NIPD),central,7449,43,1,0.084,v4.1,3,13,27
HGNC:18683,EIF4A3,251,Hearing and ear disorders,periferico,7449,43,1,0.084,v4.1,3,13,27
HGNC:2452,CSNK1D,541,Neurology,central,12522,44,0.96783,0.512,v4.1,2,13,29
HGNC:6036,FOXK2,225,Neurology,periferico,12238,152,0.0017188,0.721,v4.1,0,34,118
HGNC:25843,ZNF750,484,Sin clasificar,periferico,3166,167,0.89161,0.554,v4.1,1,40,126
HGNC:25072,WDR45B,285,Developmental disorders,periferico,4768,48,0.087684,0.634,v4.1,3,13,32
HGNC:25072,WDR45B,165,Neurology and neurodevelopmental disorders,periferico,4768,48,0.087684,0.634,v4.1,3,13,32
HGNC:25072,WDR45B,484,Sin clasificar,periferico,4768,48,0.087684,0.634,v4.1,3,13,32
HGNC:25072,WDR45B,567,Neurology,periferico,4768,48,0.087684,0.634,v4.1,3,13,32
HGNC:25072,WDR45B,402,Neurology,periferico,4768,48,0.087684,0.634,v4.1,3,13,32
HGNC:21317,DYM,484,Sin clasificar,periferico,19957,381,7.9636e-21,1.081,v4.1,54,164,163
HGNC:21317,DYM,467,Metabolic,periferico,19957,381,7.9636e-21,1.081,v4.1,54,164,163
HGNC:21317,DYM,478,Fetal (including NIPD),periferico,19957,381,7.9636e-21,1.081,v4.1,54,164,163
HGNC:21317,DYM,302,Metabolic disorders,periferico,19957,381,7.9636e-21,1.081,v4.1,54,164,163
HGNC:21317,DYM,285,Developmental disorders,periferico,19957,381,7.9636e-21,1.081,v4.1,54,164,163
HGNC:21317,DYM,114,Metabolic disorders,periferico,19957,381,7.9636e-21,1.081,v4.1,54,164,163
HGNC:6770,SMAD4,484,Sin clasificar,central,19756,2599,1,0.227,v4.1,331,971,1297
HGNC:6770,SMAD4,309,Musculoskeletal,central,19756,2599,1,0.227,v4.1,331,971,1297
HGNC:6770,SMAD4,1,Cardiovascular disorders,periferico,19756,2599,1,0.227,v4.1,331,971,1297
HGNC:6770,SMAD4,244,Cancer Programme,central,19756,2599,1,0.227,v4.1,331,971,1297
HGNC:6770,SMAD4,391,Tumour syndromes,central,19756,2599,1,0.227,v4.1,331,971,1297
HGNC:6770,SMAD4,285,Developmental disorders,central,19756,2599,1,0.227,v4.1,331,971,1297
HGNC:6770,SMAD4,254,Tumour syndromes,central,19756,2599,1,0.227,v4.1,331,971,1297
HGNC:6770,SMAD4,81,Musculoskeletal,central,19756,2599,1,0.227,v4.1,331,971,1297
HGNC:6770,SMAD4,504,Inherited cancer,central,19756,2599,1,0.227,v4.1,331,971,1297
HGNC:6770,SMAD4,478,Fetal (including NIPD),central,19756,2599,1,0.227,v4.1,331,971,1297
HGNC:6770,SMAD4,509,Ophthalmology,central,19756,2599,1,0.227,v4.1,331,971,1297
HGNC:11908,TNFRSF11A,179,Neurology,central,10551,783,5.4719e-8,0.879,v4.1,34,268,481
HGNC:30551,TXNL4A,221,Skeletal disorders,periferico,6368,37,2.3119e-7,1.848,v4.1,11,15,11
HGNC:30551,TXNL4A,484,Sin clasificar,periferico,6368,37,2.3119e-7,1.848,v4.1,11,15,11
HGNC:30551,TXNL4A,81,Musculoskeletal,periferico,6368,37,2.3119e-7,1.848,v4.1,11,15,11
HGNC:1388,CACNA1A,484,Sin clasificar,central,43262,4451,1,0.331,v4.1,587,1642,2222
HGNC:1388,CACNA1A,466,Neurology,central,43262,4451,1,0.331,v4.1,587,1642,2222
HGNC:1388,CACNA1A,20,Neurology and neurodevelopmental disorders,central,43262,4451,1,0.331,v4.1,587,1642,2222
HGNC:1388,CACNA1A,402,Neurology,central,43262,4451,1,0.331,v4.1,587,1642,2222
HGNC:1388,CACNA1A,511,Ophthalmology,periferico,43262,4451,1,0.331,v4.1,587,1642,2222
HGNC:1388,CACNA1A,477,Neurology,central,43262,4451,1,0.331,v4.1,587,1642,2222
HGNC:1388,CACNA1A,246,Ophthalmological disorders,periferico,43262,4451,1,0.331,v4.1,587,1642,2222
HGNC:1388,CACNA1A,50,Cardiovascular disorders,periferico,43262,4451,1,0.331,v4.1,587,1642,2222
HGNC:1388,CACNA1A,285,Developmental disorders,central,43262,4451,1,0.331,v4.1,587,1642,2222
HGNC:1388,CACNA1A,541,Neurology,central,43262,4451,1,0.331,v4.1,587,1642,2222
HGNC:1388,CACNA1A,847,Neurology,central,43262,4451,1,0.331,v4.1,587,1642,2222
HGNC:13575,BRD4,484,Sin clasificar,central,14685,946,1,0.191,v4.1,33,483,430
HGNC:13575,BRD4,478,Fetal (including NIPD),central,14685,946,1,0.191,v4.1,33,483,430
HGNC:13575,BRD4,285,Developmental disorders,central,14685,946,1,0.191,v4.1,33,483,430
HGNC:13575,BRD4,162,Neurology,central,14685,946,1,0.191,v4.1,33,483,430
HGNC:13999,PRDM15,106,Renal,periferico,13081,250,1.3284e-6,0.608,v4.1,1,20,229
HGNC:13999,PRDM15,1537,Renal,periferico,13081,250,1.3284e-6,0.608,v4.1,1,20,229
HGNC:18648,DPP9,398,Immunology,periferico,12723,181,8.931e-7,0.647,v4.1,4,29,148
HGNC:2211,COL6A1,478,Fetal (including NIPD),central,6362,2069,4.5705e-14,0.706,v4.1,195,951,923
HGNC:2211,COL6A1,258,Neurology,central,6362,2069,4.5705e-14,0.706,v4.1,195,951,923
HGNC:2211,COL6A1,53,Musculoskeletal,central,6362,2069,4.5705e-14,0.706,v4.1,195,951,923
HGNC:5432,IFNAR1,111,Viral research,central,16861,337,1.6512e-4,1.73,v4.1,23,151,163
HGNC:11179,SOD1,846,Neurology,central,3179,320,0.011977,1.514,v4.1,135,81,104
HGNC:11179,SOD1,263,Neurology and neurodevelopmental disorders,periferico,3179,320,0.011977,1.514,v4.1,135,81,104
HGNC:11179,SOD1,474,Neurology,central,3179,320,0.011977,1.514,v4.1,135,81,104
HGNC:11179,SOD1,285,Developmental disorders,central,3179,320,0.011977,1.514,v4.1,135,81,104
HGNC:2212,COL6A2,478,Fetal (including NIPD),central,10153,2335,5.0534e-23,0.895,v4.1,269,875,1191
HGNC:2212,COL6A2,258,Neurology,central,10153,2335,5.0534e-23,0.895,v4.1,269,875,1191
HGNC:11142,SIK1,402,Neurology,periferico,5216,1098,0.93716,0.341,v2.1.1,8,538,552
HGNC:11142,SIK1,484,Sin clasificar,periferico,5216,1098,0.93716,0.341,v2.1.1,8,538,552
HGNC:11142,SIK1,285,Developmental disorders,periferico,5216,1098,0.93716,0.341,v2.1.1,8,538,552
HGNC:14372,SCYL1,484,Sin clasificar,periferico,4367,276,2.4204e-28,1.158,v4.1,37,97,142
HGNC:14372,SCYL1,85,Neurology and neurodevelopmental disorders,periferico,4367,276,2.4204e-28,1.158,v4.1,37,97,142
HGNC:14372,SCYL1,544,Gastrohepatology,periferico,4367,276,2.4204e-28,1.158,v4.1,37,97,142
HGNC:14372,SCYL1,846,Neurology,periferico,4367,276,2.4204e-28,1.158,v4.1,37,97,142
HGNC:14372,SCYL1,477,Neurology,periferico,4367,276,2.4204e-28,1.158,v4.1,37,97,142
HGNC:14372,SCYL1,285,Developmental disorders,periferico,4367,276,2.4204e-28,1.158,v4.1,37,97,142
HGNC:14372,SCYL1,466,Neurology,periferico,4367,276,2.4204e-28,1.158,v4.1,37,97,142
HGNC:14372,SCYL1,478,Fetal (including NIPD),periferico,4367,276,2.4204e-28,1.158,v4.1,37,97,142
HGNC:620,APP,265,Neurology and neurodevelopmental disorders,central,15839,649,0.99999,0.41,v4.1,65,281,303
HGNC:620,APP,474,Neurology,central,15839,649,0.99999,0.41,v4.1,65,281,303
HGNC:620,APP,579,Neurology,central,15839,649,0.99999,0.41,v4.1,65,281,303
HGNC:620,APP,50,Cardiovascular disorders,periferico,15839,649,0.99999,0.41,v4.1,65,281,303
HGNC:391,AKT1,98,Dermatology,central,12349,968,0.99545,0.474,v4.1,4,545,419
HGNC:391,AKT1,478,Fetal (including NIPD),central,12349,968,0.99545,0.474,v4.1,4,545,419
HGNC:391,AKT1,564,Dermatology,central,12349,968,0.99545,0.474,v4.1,4,545,419
HGNC:391,AKT1,484,Sin clasificar,central,12349,968,0.99545,0.474,v4.1,4,545,419
HGNC:391,AKT1,285,Developmental disorders,central,12349,968,0.99545,0.474,v4.1,4,545,419
HGNC:13201,ADAMTS10,509,Ophthalmology,periferico,8636,1073,0.99647,0.467,v4.1,37,603,433
HGNC:13201,ADAMTS10,249,Ophthalmological disorders,periferico,8636,1073,0.99647,0.467,v4.1,37,603,433
HGNC:13201,ADAMTS10,309,Musculoskeletal,periferico,8636,1073,0.99647,0.467,v4.1,37,603,433
HGNC:13201,ADAMTS10,230,Ophthalmology,periferico,8636,1073,0.99647,0.467,v4.1,37,603,433
HGNC:13201,ADAMTS10,478,Fetal (including NIPD),periferico,8636,1073,0.99647,0.467,v4.1,37,603,433
HGNC:13201,ADAMTS10,285,Developmental disorders,periferico,8636,1073,0.99647,0.467,v4.1,37,603,433
HGNC:13201,ADAMTS10,258,Neurology,periferico,8636,1073,0.99647,0.467,v4.1,37,603,433
HGNC:11049,SLC6A3,302,Metabolic disorders,periferico,5860,562,0.99999,0.393,v4.1,18,364,180
HGNC:11049,SLC6A3,484,Sin clasificar,central,5860,562,0.99999,0.393,v4.1,18,364,180
HGNC:11049,SLC6A3,285,Developmental disorders,central,5860,562,0.99999,0.393,v4.1,18,364,180
HGNC:11049,SLC6A3,467,Metabolic,periferico,5860,562,0.99999,0.393,v4.1,18,364,180
HGNC:11049,SLC6A3,847,Neurology,central,5860,562,0.99999,0.393,v4.1,18,364,180
HGNC:22938,NLRP12,126,Audiology,periferico,6561,1446,2.9057999999999996e-41,1.336,v4.1,12,434,1000
HGNC:9965,RERE,81,Musculoskeletal,periferico,14367,1111,0.99882,0.459,v4.1,81,364,666
HGNC:9965,RERE,509,Ophthalmology,periferico,14367,1111,0.99882,0.459,v4.1,81,364,666
HGNC:14000,PRDM16,652,Cardiology,periferico,11717,1555,1,0.304,v4.1,17,708,830
HGNC:14000,PRDM16,47,Cardiovascular disorders,periferico,11717,1555,1,0.304,v4.1,17,708,830
HGNC:3386,EPHA2,509,Ophthalmology,central,4873,425,2.8105e-7,0.652,v4.1,18,162,245
HGNC:3386,EPHA2,230,Ophthalmology,central,4873,425,2.8105e-7,0.652,v4.1,18,162,245
HGNC:8856,PEX14,385,Gastroenterological disorders,central,6057,520,0.90733,0.542,v4.1,8,248,264
HGNC:8856,PEX14,258,Neurology,central,6057,520,0.90733,0.542,v4.1,8,248,264
HGNC:10301,RPL11,484,Sin clasificar,central,4907,228,0.99902,0.342,v4.1,49,101,78
HGNC:10301,RPL11,478,Fetal (including NIPD),central,4907,228,0.99902,0.342,v4.1,49,101,78
HGNC:10301,RPL11,518,Haematology,central,4907,228,0.99902,0.342,v4.1,49,101,78
HGNC:30071,KIAA0319L,111,Viral research,periferico,25591,121,1.1995e-4,0.61,v4.1,0,25,96
HGNC:11397,PLK4,162,Neurology,central,5164,701,0.17992,0.619,v4.1,34,290,377
HGNC:11397,PLK4,484,Sin clasificar,central,5164,701,0.17992,0.619,v4.1,34,290,377
HGNC:11397,PLK4,478,Fetal (including NIPD),central,5164,701,0.17992,0.619,v4.1,34,290,377
HGNC:5273,HSPG2,478,Fetal (including NIPD),central,20114,3459,1.3604e-38,0.603,v4.1,120,1436,1903
HGNC:5273,HSPG2,309,Musculoskeletal,central,20114,3459,1.3604e-38,0.603,v4.1,120,1436,1903
HGNC:5273,HSPG2,285,Developmental disorders,central,20114,3459,1.3604e-38,0.603,v4.1,120,1436,1903
HGNC:5273,HSPG2,258,Neurology,central,20114,3459,1.3604e-38,0.603,v4.1,120,1436,1903
HGNC:5273,HSPG2,484,Sin clasificar,central,20114,3459,1.3604e-38,0.603,v4.1,120,1436,1903
HGNC:9381,PRKACB,484,Sin clasificar,central,8229,55,0.97102,0.513,v4.1,6,7,42
HGNC:9381,PRKACB,726,Musculoskeletal,periferico,8229,55,0.97102,0.513,v4.1,6,7,42
HGNC:9381,PRKACB,478,Fetal (including NIPD),central,8229,55,0.97102,0.513,v4.1,6,7,42
HGNC:9381,PRKACB,285,Developmental disorders,central,8229,55,0.97102,0.513,v4.1,6,7,42
HGNC:8965,PIGK,484,Sin clasificar,periferico,9655,81,0.011288,1.915,v4.1,11,15,55
HGNC:8965,PIGK,478,Fetal (including NIPD),periferico,9655,81,0.011288,1.915,v4.1,11,15,55
HGNC:8965,PIGK,285,Developmental disorders,periferico,9655,81,0.011288,1.915,v4.1,11,15,55
HGNC:18454,PROK1,1217,Gastrohepatology,periferico,1484,19,4.1642e-5,1.649,v4.1,0,1,18
HGNC:23694,GPR161,1636,Inherited cancer,periferico,17062,170,1.6995e-5,0.855,v4.1,2,47,121
HGNC:23694,GPR161,259,Cancer Programme,periferico,17062,170,1.6995e-5,0.855,v4.1,2,47,121
HGNC:23694,GPR161,243,Cancer susceptibility,periferico,17062,170,1.6995e-5,0.855,v4.1,2,47,121
HGNC:11596,TBX19,145,Endocrinology,periferico,3810,219,1.567e-8,0.974,v4.1,26,75,118
HGNC:18188,TMCO1,478,Fetal (including NIPD),periferico,6904,85,4.8145e-7,1.404,v4.1,18,39,28
HGNC:18188,TMCO1,309,Musculoskeletal,periferico,6904,85,4.8145e-7,1.404,v4.1,18,39,28
HGNC:18188,TMCO1,484,Sin clasificar,periferico,6904,85,4.8145e-7,1.404,v4.1,18,39,28
HGNC:18188,TMCO1,285,Developmental disorders,periferico,6904,85,4.8145e-7,1.404,v4.1,18,39,28
HGNC:18188,TMCO1,81,Musculoskeletal,periferico,6904,85,4.8145e-7,1.404,v4.1,18,39,28
HGNC:18188,TMCO1,168,Musculoskeletal,periferico,6904,85,4.8145e-7,1.404,v4.1,18,39,28
HGNC:19688,NECTIN4,269,Musculoskeletal,periferico,3669,82,0.86378,0.538,v4.1,12,46,24
HGNC:19688,NECTIN4,484,Sin clasificar,periferico,3669,82,0.86378,0.538,v4.1,12,46,24
HGNC:19688,NECTIN4,136,Dermatological disorders,periferico,3669,82,0.86378,0.538,v4.1,12,46,24
HGNC:19688,NECTIN4,478,Fetal (including NIPD),periferico,3669,82,0.86378,0.538,v4.1,12,46,24
HGNC:19688,NECTIN4,553,Dermatology,periferico,3669,82,0.86378,0.538,v4.1,12,46,24
HGNC:26941,UFC1,162,Neurology,periferico,2967,37,2.8549e-6,1.046,v4.1,6,6,25
HGNC:26941,UFC1,285,Developmental disorders,periferico,2967,37,2.8549e-6,1.046,v4.1,6,6,25
HGNC:26941,UFC1,484,Sin clasificar,periferico,2967,37,2.8549e-6,1.046,v4.1,6,6,25
HGNC:3616,FCGR2A,111,Viral research,central,5494,75,2.3441e-4,0.922,v4.1,0,21,54
HGNC:10682,SDHC,36,Tumour syndromes,periferico,2822,994,0.048191,0.892,v4.1,112,386,496
HGNC:10682,SDHC,97,Tumour syndromes,periferico,2822,994,0.048191,0.892,v4.1,112,386,496
HGNC:10682,SDHC,467,Metabolic,central,2822,994,0.048191,0.892,v4.1,112,386,496
HGNC:10682,SDHC,302,Metabolic disorders,central,2822,994,0.048191,0.892,v4.1,112,386,496
HGNC:10682,SDHC,539,Mitochondrial,central,2822,994,0.048191,0.892,v4.1,112,386,496
HGNC:10682,SDHC,734,Cancer susceptibility,periferico,2822,994,0.048191,0.892,v4.1,112,386,496
HGNC:18858,PIGM,467,Metabolic,periferico,7038,159,0.0073014,0.975,v4.1,2,24,133
HGNC:12827,XPR1,476,Neurology,central,11803,321,0.99989,0.43,v4.1,7,163,151
HGNC:29456,TOR1AIP1,232,Neurology,periferico,7303,540,0.0049037,0.869,v4.1,30,229,281
HGNC:29456,TOR1AIP1,479,Developmental disorders,periferico,7303,540,0.0049037,0.869,v4.1,30,229,281
HGNC:29456,TOR1AIP1,185,Neurology,periferico,7303,540,0.0049037,0.869,v4.1,30,229,281
HGNC:29456,TOR1AIP1,749,Cardiology,periferico,7303,540,0.0049037,0.869,v4.1,30,229,281
HGNC:29456,TOR1AIP1,258,Neurology,periferico,7303,540,0.0049037,0.869,v4.1,30,229,281
HGNC:13420,PRUNE1,478,Fetal (including NIPD),periferico,3634,142,5.9061e-5,0.902,v4.1,27,70,45
HGNC:13420,PRUNE1,484,Sin clasificar,periferico,3634,142,5.9061e-5,0.902,v4.1,27,70,45
HGNC:13420,PRUNE1,285,Developmental disorders,periferico,3634,142,5.9061e-5,0.902,v4.1,27,70,45
HGNC:13420,PRUNE1,162,Neurology,periferico,3634,142,5.9061e-5,0.902,v4.1,27,70,45
HGNC:10260,RORC,65,Cardiology,periferico,7945,332,1,0.351,v4.1,12,185,135
HGNC:12422,TUFT1,553,Dermatology,periferico,3899,61,1.4903e-11,0.991,v4.1,2,7,52
HGNC:10771,SF3B4,247,Dysmorphic and congenital abnormality syndromes,periferico,2169,155,0.99997,0.259,v4.1,49,53,53
HGNC:3153,ECM1,565,Dermatology,periferico,4644,186,3.8236e-17,1.051,v4.1,37,51,98
HGNC:29277,ZNF687,309,Musculoskeletal,periferico,6963,592,1,0.293,v4.1,1,210,381
HGNC:30740,TARS2,847,Neurology,periferico,4418,332,1.9711e-12,0.76,v4.1,18,169,145
HGNC:30740,TARS2,293,Endocrinology,periferico,4418,332,1.9711e-12,0.76,v4.1,18,169,145
HGNC:19706,ADAMTSL4,1,Cardiovascular disorders,periferico,6553,1443,1.1088e-25,0.92,v4.1,170,693,580
HGNC:19706,ADAMTSL4,168,Musculoskeletal,periferico,6553,1443,1.1088e-25,0.92,v4.1,170,693,580
HGNC:2536,CTSK,478,Fetal (including NIPD),central,8471,452,0.0068816,0.748,v4.1,136,194,122
HGNC:2536,CTSK,529,Metabolic,periferico,8471,452,0.0068816,0.748,v4.1,136,194,122
HGNC:2536,CTSK,943,Musculoskeletal,central,8471,452,0.0068816,0.748,v4.1,136,194,122
HGNC:2536,CTSK,309,Musculoskeletal,central,8471,452,0.0068816,0.748,v4.1,136,194,122
HGNC:2536,CTSK,467,Metabolic,periferico,8471,452,0.0068816,0.748,v4.1,136,194,122
HGNC:2536,CTSK,302,Metabolic disorders,periferico,8471,452,0.0068816,0.748,v4.1,136,194,122
HGNC:9986,RFX5,398,Immunology,periferico,4935,461,8.6214e-8,0.884,v4.1,51,149,261
HGNC:9986,RFX5,111,Viral research,periferico,4935,461,8.6214e-8,0.884,v4.1,51,149,261
HGNC:18801,POGZ,285,Developmental disorders,periferico,12209,857,1,0.198,v4.1,212,236,409
HGNC:18801,POGZ,484,Sin clasificar,periferico,12209,857,1,0.198,v4.1,212,236,409
HGNC:18801,POGZ,81,Musculoskeletal,periferico,12209,857,1,0.198,v4.1,212,236,409
HGNC:18801,POGZ,162,Neurology,periferico,12209,857,1,0.198,v4.1,212,236,409
HGNC:18801,POGZ,478,Fetal (including NIPD),periferico,12209,857,1,0.198,v4.1,212,236,409
HGNC:6250,KCNH1,247,Dysmorphic and congenital abnormality syndromes,periferico,12885,896,0.81678,0.526,v4.1,27,442,427
HGNC:6250,KCNH1,478,Fetal (including NIPD),periferico,12885,896,0.81678,0.526,v4.1,27,442,427
HGNC:6250,KCNH1,384,Musculoskeletal,periferico,12885,896,0.81678,0.526,v4.1,27,442,427
HGNC:11532,TAF1A,749,Cardiology,periferico,3323,52,6.732e-7,0.801,v4.1,0,6,46
HGNC:33276,FLG2,555,Dermatology,central,9124,415,5.1942e-4,1.934,v4.1,5,77,333
HGNC:33276,FLG2,556,Dermatology,central,9124,415,5.1942e-4,1.934,v4.1,5,77,333
HGNC:12012,TPM3,478,Fetal (including NIPD),central,15627,403,0.97188,0.511,v4.1,37,134,232
HGNC:12012,TPM3,484,Sin clasificar,central,15627,403,0.97188,0.511,v4.1,37,134,232
HGNC:12012,TPM3,258,Neurology,central,15627,403,0.97188,0.511,v4.1,37,134,232
HGNC:12012,TPM3,225,Neurology,central,15627,403,0.97188,0.511,v4.1,37,134,232
HGNC:17145,SNAPIN,162,Neurology,periferico,2104,20,1.2435e-5,1.549,v4.1,5,0,15
HGNC:17145,SNAPIN,96,Neurology,periferico,2104,20,1.2435e-5,1.549,v4.1,5,0,15
HGNC:16915,HAX1,59,Cancer susceptibility,periferico,3539,710,3.5322e-6,1.132,v4.1,63,281,366
HGNC:16915,HAX1,407,Tumour syndromes,periferico,3539,710,3.5322e-6,1.132,v4.1,63,281,366
HGNC:6292,KCNN3,384,Musculoskeletal,periferico,13658,160,0.99999,0.379,v4.1,7,53,100
HGNC:10023,RIT1,131,Endocrine disorders,periferico,4045,409,0.96123,0.523,v4.1,37,157,215
HGNC:10023,RIT1,1471,Endocrinology,periferico,4045,409,0.96123,0.523,v4.1,37,157,215
HGNC:10023,RIT1,245,Cancer susceptibility,periferico,4045,409,0.96123,0.523,v4.1,37,157,215
HGNC:10023,RIT1,749,Cardiology,periferico,4045,409,0.96123,0.523,v4.1,37,157,215
HGNC:10023,RIT1,243,Cancer susceptibility,periferico,4045,409,0.96123,0.523,v4.1,37,157,215
HGNC:10023,RIT1,559,Dermatology,periferico,4045,409,0.96123,0.523,v4.1,37,157,215
HGNC:10023,RIT1,48,Dysmorphic and congenital abnormality syndromes,periferico,4045,409,0.96123,0.523,v4.1,37,157,215
HGNC:9020,PKLR,518,Haematology,central,3201,459,2.6449e-9,0.901,v4.1,116,54,289
HGNC:9020,PKLR,144,Dysmorphic and congenital abnormality syndromes,central,3201,459,2.6449e-9,0.901,v4.1,116,54,289
HGNC:9020,PKLR,478,Fetal (including NIPD),central,3201,459,2.6449e-9,0.901,v4.1,116,54,289
HGNC:9020,PKLR,159,Haematological disorders,central,3201,459,2.6449e-9,0.901,v4.1,116,54,289
HGNC:3748,FLG,556,Dermatology,central,12793,2226,2.0455e-4,1.932,v4.1,257,590,1379
HGNC:129,ACTA1,484,Sin clasificar,central,3845,629,3.1036e-6,0.931,v4.1,237,167,225
HGNC:129,ACTA1,225,Neurology,central,3845,629,3.1036e-6,0.931,v4.1,237,167,225
HGNC:129,ACTA1,478,Fetal (including NIPD),central,3845,629,3.1036e-6,0.931,v4.1,237,167,225
HGNC:129,ACTA1,258,Neurology,central,3845,629,3.1036e-6,0.931,v4.1,237,167,225
HGNC:4124,GALNT2,42,Neurology and neurodevelopmental disorders,periferico,9138,199,0.89335,0.515,v4.1,8,105,86
HGNC:4124,GALNT2,25,Metabolic,periferico,9138,199,0.89335,0.515,v4.1,8,105,86
HGNC:1968,LYST,540,Neurology,periferico,28644,4004,3.0923e-6,0.505,v4.1,276,1879,1849
HGNC:1968,LYST,165,Neurology and neurodevelopmental disorders,periferico,28644,4004,3.0923e-6,0.505,v4.1,276,1879,1849
HGNC:1968,LYST,474,Neurology,periferico,28644,4004,3.0923e-6,0.505,v4.1,276,1879,1849
HGNC:1968,LYST,85,Neurology and neurodevelopmental disorders,periferico,28644,4004,3.0923e-6,0.505,v4.1,276,1879,1849
HGNC:1968,LYST,568,Neurology,periferico,28644,4004,3.0923e-6,0.505,v4.1,276,1879,1849
HGNC:1968,LYST,402,Neurology,periferico,28644,4004,3.0923e-6,0.505,v4.1,276,1879,1849
HGNC:1968,LYST,222,Dysmorphic and congenital abnormality syndromes,central,28644,4004,3.0923e-6,0.505,v4.1,276,1879,1849
HGNC:1968,LYST,846,Neurology,periferico,28644,4004,3.0923e-6,0.505,v4.1,276,1879,1849
HGNC:1968,LYST,567,Neurology,periferico,28644,4004,3.0923e-6,0.505,v4.1,276,1879,1849
HGNC:1968,LYST,39,Neurology and neurodevelopmental disorders,periferico,28644,4004,3.0923e-6,0.505,v4.1,276,1879,1849
HGNC:13709,DEGS1,85,Neurology and neurodevelopmental disorders,periferico,4534,105,3.8147e-5,1.051,v4.1,20,30,55
HGNC:13709,DEGS1,484,Sin clasificar,periferico,4534,105,3.8147e-5,1.051,v4.1,20,30,55
HGNC:13709,DEGS1,285,Developmental disorders,periferico,4534,105,3.8147e-5,1.051,v4.1,20,30,55
HGNC:29046,FBXO28,285,Developmental disorders,periferico,6124,77,0.99683,0.437,v4.1,9,11,57
HGNC:29046,FBXO28,484,Sin clasificar,periferico,6124,77,0.99683,0.437,v4.1,9,11,57
HGNC:29046,FBXO28,478,Fetal (including NIPD),periferico,6124,77,0.99683,0.437,v4.1,9,11,57
HGNC:652,ARF1,285,Developmental disorders,central,6743,36,0.99953,0.247,v4.1,12,6,18
HGNC:652,ARF1,484,Sin clasificar,central,6743,36,0.99953,0.247,v4.1,12,6,18
HGNC:652,ARF1,402,Neurology,central,6743,36,0.99953,0.247,v4.1,12,6,18
HGNC:652,ARF1,478,Fetal (including NIPD),central,6743,36,0.99953,0.247,v4.1,12,6,18
HGNC:6179,ITPKB,111,Viral research,periferico,10581,143,1,0.34,v4.1,0,27,116
HGNC:4693,GUK1,112,Mitochondrial,periferico,4782,50,1.3672e-4,1.119,v4.1,4,3,43
HGNC:4693,GUK1,185,Neurology,periferico,4782,50,1.3672e-4,1.119,v4.1,4,3,43
HGNC:9509,PSEN2,47,Cardiovascular disorders,periferico,17507,356,3.9828e-7,0.85,v4.1,11,154,191
HGNC:9509,PSEN2,474,Neurology,central,17507,356,3.9828e-7,0.85,v4.1,11,154,191
HGNC:30262,PYCR2,42,Neurology and neurodevelopmental disorders,periferico,6287,173,2.6343e-5,1.029,v4.1,33,61,79
HGNC:6518,LBR,144,Dysmorphic and congenital abnormality syndromes,periferico,10271,473,0.97287,0.499,v4.1,30,161,282
HGNC:6518,LBR,726,Musculoskeletal,periferico,10271,473,0.97287,0.499,v4.1,30,161,282
HGNC:6518,LBR,384,Musculoskeletal,periferico,10271,473,0.97287,0.499,v4.1,30,161,282
HGNC:3401,EPHX1,546,Endocrinology,periferico,8918,121,1.676e-12,1.1,v4.1,1,52,68
HGNC:9958,REN,548,Renal,periferico,1774,260,1.8225e-12,1.069,v4.1,23,77,160
HGNC:9958,REN,292,Renal,central,1774,260,1.8225e-12,1.069,v4.1,23,77,160
HGNC:9958,REN,478,Fetal (including NIPD),central,1774,260,1.8225e-12,1.069,v4.1,23,77,160
HGNC:9958,REN,234,Renal and urinary tract disorders,periferico,1774,260,1.8225e-12,1.069,v4.1,23,77,160
HGNC:30168,PDIA6,293,Endocrinology,periferico,6831,68,0.38281,0.619,v4.1,1,2,65
HGNC:30168,PDIA6,725,Renal,periferico,6831,68,0.38281,0.619,v4.1,1,2,65
HGNC:30168,PDIA6,283,Renal,periferico,6831,68,0.38281,0.619,v4.1,1,2,65
HGNC:30168,PDIA6,726,Musculoskeletal,periferico,6831,68,0.38281,0.619,v4.1,1,2,65
HGNC:668,RHOB,568,Neurology,periferico,2367,11,0.22627,0.862,v4.1,0,1,10
HGNC:24063,GALM,230,Ophthalmology,periferico,12425,119,2.9942e-13,1.421,v4.1,6,49,64
HGNC:13887,ABCG8,519,Haematology,periferico,10767,1000,5.1931e-31,1.329,v4.1,63,357,580
HGNC:13887,ABCG8,175,Haematological and immunological disorders,periferico,10767,1000,5.1931e-31,1.329,v4.1,63,357,580
HGNC:13887,ABCG8,545,Haematology,periferico,10767,1000,5.1931e-31,1.329,v4.1,63,357,580
HGNC:1445,CALM2,76,Cardiology,central,7539,230,0.99327,0.262,v4.1,21,136,73
HGNC:10417,RPS27A,407,Tumour syndromes,central,4285,23,0.98731,0.377,v4.1,0,11,12
HGNC:10417,RPS27A,59,Cancer susceptibility,central,4285,23,0.98731,0.377,v4.1,0,11,12
HGNC:28027,WDPCP,484,Sin clasificar,periferico,17455,761,2.1762e-16,0.939,v4.1,50,271,440
HGNC:28027,WDPCP,285,Developmental disorders,periferico,17455,761,2.1762e-16,0.939,v4.1,50,271,440
HGNC:14280,CIAO1,185,Neurology,periferico,5115,52,2.4213e-9,1.06,v4.1,3,4,45
HGNC:14280,CIAO1,232,Neurology,periferico,5115,52,2.4213e-9,1.06,v4.1,3,4,45
HGNC:14280,CIAO1,207,Neurology,periferico,5115,52,2.4213e-9,1.06,v4.1,3,4,45
HGNC:14280,CIAO1,225,Neurology,periferico,5115,52,2.4213e-9,1.06,v4.1,3,4,45
HGNC:14280,CIAO1,258,Neurology,periferico,5115,52,2.4213e-9,1.06,v4.1,3,4,45
HGNC:24259,TPRKB,478,Fetal (including NIPD),periferico,8021,65,0.3101,0.94,v4.1,2,19,44
HGNC:24259,TPRKB,106,Renal,periferico,8021,65,0.3101,0.94,v4.1,2,19,44
HGNC:17085,EXOC6B,309,Musculoskeletal,periferico,31255,322,1.8167e-6,0.688,v4.1,14,156,152
HGNC:17085,EXOC6B,478,Fetal (including NIPD),periferico,31255,322,1.8167e-6,0.688,v4.1,14,156,152
HGNC:7905,NPHP1,722,Ophthalmology,central,21476,1083,4.482e-10,0.92,v4.1,160,469,454
HGNC:7905,NPHP1,283,Renal,central,21476,1083,4.482e-10,0.92,v4.1,160,469,454
HGNC:7905,NPHP1,725,Renal,central,21476,1083,4.482e-10,0.92,v4.1,160,469,454
HGNC:7905,NPHP1,150,Ciliopathies,central,21476,1083,4.482e-10,0.92,v4.1,160,469,454
HGNC:7905,NPHP1,478,Fetal (including NIPD),central,21476,1083,4.482e-10,0.92,v4.1,160,469,454
HGNC:7905,NPHP1,548,Renal,central,21476,1083,4.482e-10,0.92,v4.1,160,469,454
HGNC:7905,NPHP1,724,Neurology,central,21476,1083,4.482e-10,0.92,v4.1,160,469,454
HGNC:10946,SLC20A1,478,Fetal (including NIPD),periferico,8295,82,0.011114,0.634,v4.1,0,9,73
HGNC:29569,LIPT1,531,Mitochondrial,central,4271,135,4.1526e-7,1.188,v4.1,7,49,79
HGNC:29569,LIPT1,112,Mitochondrial,periferico,4271,135,4.1526e-7,1.188,v4.1,7,49,79
HGNC:29569,LIPT1,539,Mitochondrial,periferico,4271,135,4.1526e-7,1.188,v4.1,7,49,79
HGNC:6473,AFF3,309,Musculoskeletal,periferico,17734,312,1,0.318,v4.1,12,72,228
HGNC:10585,SCN1A,484,Sin clasificar,central,20579,5206,1,0.098,v4.1,2178,968,2060
HGNC:10585,SCN1A,847,Neurology,central,20579,5206,1,0.098,v4.1,2178,968,2060
HGNC:10585,SCN1A,285,Developmental disorders,central,20579,5206,1,0.098,v4.1,2178,968,2060
HGNC:10585,SCN1A,402,Neurology,central,20579,5206,1,0.098,v4.1,2178,968,2060
HGNC:10585,SCN1A,466,Neurology,central,20579,5206,1,0.098,v4.1,2178,968,2060
HGNC:10585,SCN1A,477,Neurology,central,20579,5206,1,0.098,v4.1,2178,968,2060
HGNC:13811,SLC4A10,478,Fetal (including NIPD),periferico,7597,157,1,0.403,v4.1,18,24,115
HGNC:13811,SLC4A10,285,Developmental disorders,periferico,7597,157,1,0.403,v4.1,18,24,115
HGNC:13811,SLC4A10,484,Sin clasificar,periferico,7597,157,1,0.403,v4.1,18,24,115
HGNC:13811,SLC4A10,162,Neurology,periferico,7597,157,1,0.403,v4.1,18,24,115
HGNC:13811,SLC4A10,402,Neurology,periferico,7597,157,1,0.403,v4.1,18,24,115
HGNC:21610,LNPK,477,Neurology,periferico,14490,49,0.0025083,0.964,v4.1,9,21,19
HGNC:21610,LNPK,484,Sin clasificar,periferico,14490,49,0.0025083,0.964,v4.1,9,21,19
HGNC:21610,LNPK,285,Developmental disorders,periferico,14490,49,0.0025083,0.964,v4.1,9,21,19
HGNC:21610,LNPK,402,Neurology,periferico,14490,49,0.0025083,0.964,v4.1,9,21,19
HGNC:21610,LNPK,478,Fetal (including NIPD),periferico,14490,49,0.0025083,0.964,v4.1,9,21,19
HGNC:21610,LNPK,466,Neurology,periferico,14490,49,0.0025083,0.964,v4.1,9,21,19
HGNC:14628,CDCA7,398,Immunology,periferico,5921,278,0.002565,0.676,v4.1,3,154,121
HGNC:14628,CDCA7,111,Viral research,periferico,5921,278,0.002565,0.676,v4.1,3,154,121
HGNC:5261,HSPD1,847,Neurology,central,9007,349,1,0.185,v4.1,8,143,198
HGNC:5261,HSPD1,478,Fetal (including NIPD),central,9007,349,1,0.185,v4.1,8,143,198
HGNC:5261,HSPD1,402,Neurology,central,9007,349,1,0.185,v4.1,8,143,198
HGNC:5261,HSPD1,302,Metabolic disorders,central,9007,349,1,0.185,v4.1,8,143,198
HGNC:5261,HSPD1,484,Sin clasificar,central,9007,349,1,0.185,v4.1,8,143,198
HGNC:5261,HSPD1,112,Mitochondrial,central,9007,349,1,0.185,v4.1,8,143,198
HGNC:5261,HSPD1,467,Metabolic,central,9007,349,1,0.185,v4.1,8,143,198
HGNC:5261,HSPD1,285,Developmental disorders,central,9007,349,1,0.185,v4.1,8,143,198
HGNC:5261,HSPD1,476,Neurology,central,9007,349,1,0.185,v4.1,8,143,198
HGNC:5261,HSPD1,539,Mitochondrial,central,9007,349,1,0.185,v4.1,8,143,198
HGNC:26582,UNC80,162,Neurology,periferico,20163,2597,0.0041479,0.48,v4.1,148,1329,1120
HGNC:14637,ABCA12,556,Dermatology,central,9614,1801,4.8142e-17,0.582,v4.1,210,1054,537
HGNC:20376,SUMF1,179,Neurology,periferico,11601,820,1.2003e-16,1.254,v4.1,134,415,271
HGNC:20376,SUMF1,302,Metabolic disorders,periferico,11601,820,1.2003e-16,1.254,v4.1,134,415,271
HGNC:20376,SUMF1,467,Metabolic,periferico,11601,820,1.2003e-16,1.254,v4.1,134,415,271
HGNC:20376,SUMF1,478,Fetal (including NIPD),periferico,11601,820,1.2003e-16,1.254,v4.1,134,415,271
HGNC:20376,SUMF1,484,Sin clasificar,periferico,11601,820,1.2003e-16,1.254,v4.1,134,415,271
HGNC:20376,SUMF1,529,Metabolic,periferico,11601,820,1.2003e-16,1.254,v4.1,134,415,271
HGNC:20376,SUMF1,307,Ophthalmology,periferico,11601,820,1.2003e-16,1.254,v4.1,134,415,271
HGNC:20376,SUMF1,285,Developmental disorders,periferico,11601,820,1.2003e-16,1.254,v4.1,134,415,271
HGNC:28648,DIS3L2,309,Musculoskeletal,periferico,13567,2327,0.99711,0.468,v4.1,113,893,1321
HGNC:28648,DIS3L2,259,Cancer Programme,periferico,13567,2327,0.99711,0.468,v4.1,113,893,1321
HGNC:28648,DIS3L2,243,Cancer susceptibility,periferico,13567,2327,0.99711,0.468,v4.1,113,893,1321
HGNC:28648,DIS3L2,38,Growth disorders,periferico,13567,2327,0.99711,0.468,v4.1,113,893,1321
HGNC:28648,DIS3L2,1636,Inherited cancer,periferico,13567,2327,0.99711,0.468,v4.1,113,893,1321
HGNC:3585,FANCD2,384,Musculoskeletal,central,12521,2126,2.7719000000000002e-19,0.777,v4.1,283,966,877
HGNC:3585,FANCD2,478,Fetal (including NIPD),central,12521,2126,2.7719000000000002e-19,0.777,v4.1,283,966,877
HGNC:3585,FANCD2,247,Dysmorphic and congenital abnormality syndromes,central,12521,2126,2.7719000000000002e-19,0.777,v4.1,283,966,877
HGNC:3585,FANCD2,508,Haematology,periferico,12521,2126,2.7719000000000002e-19,0.777,v4.1,283,966,877
HGNC:3585,FANCD2,162,Neurology,central,12521,2126,2.7719000000000002e-19,0.777,v4.1,283,966,877
HGNC:3585,FANCD2,484,Sin clasificar,central,12521,2126,2.7719000000000002e-19,0.777,v4.1,283,966,877
HGNC:3585,FANCD2,285,Developmental disorders,central,12521,2126,2.7719000000000002e-19,0.777,v4.1,283,966,877
HGNC:3585,FANCD2,115,Cancer Programme,periferico,12521,2126,2.7719000000000002e-19,0.777,v4.1,283,966,877
HGNC:25187,TAMM41,66,Neurology,periferico,7530,60,3.333e-9,1.08,v4.1,5,6,49
HGNC:25187,TAMM41,467,Metabolic,periferico,7530,60,3.333e-9,1.08,v4.1,5,6,49
HGNC:25187,TAMM41,112,Mitochondrial,periferico,7530,60,3.333e-9,1.08,v4.1,5,6,49
HGNC:10445,CNOT9,402,Neurology,periferico,6017,28,0.96282,0.523,v4.1,4,1,23
HGNC:10445,CNOT9,484,Sin clasificar,periferico,6017,28,0.96282,0.523,v4.1,4,1,23
HGNC:22923,GMPPA,7,Sin clasificar,periferico,8363,183,3.3672e-10,1.088,v4.1,17,85,81
HGNC:25902,POMGNT2,302,Metabolic disorders,periferico,6960,498,1.3012e-8,1.279,v4.1,29,186,283
HGNC:25902,POMGNT2,307,Ophthalmology,periferico,6960,498,1.3012e-8,1.279,v4.1,29,186,283
HGNC:25902,POMGNT2,285,Developmental disorders,periferico,6960,498,1.3012e-8,1.279,v4.1,29,186,283
HGNC:25902,POMGNT2,509,Ophthalmology,periferico,6960,498,1.3012e-8,1.279,v4.1,29,186,283
HGNC:25902,POMGNT2,484,Sin clasificar,periferico,6960,498,1.3012e-8,1.279,v4.1,29,186,283
HGNC:25902,POMGNT2,478,Fetal (including NIPD),periferico,6960,498,1.3012e-8,1.279,v4.1,29,186,283
HGNC:25902,POMGNT2,185,Neurology,periferico,6960,498,1.3012e-8,1.279,v4.1,29,186,283
HGNC:25902,POMGNT2,467,Metabolic,periferico,6960,498,1.3012e-8,1.279,v4.1,29,186,283
HGNC:26054,SLC25A38,159,Haematological disorders,periferico,3315,266,8.6507e-8,1.053,v4.1,60,89,117
HGNC:26054,SLC25A38,285,Developmental disorders,periferico,3315,266,8.6507e-8,1.053,v4.1,60,89,117
HGNC:26054,SLC25A38,518,Haematology,periferico,3315,266,8.6507e-8,1.053,v4.1,60,89,117
HGNC:26054,SLC25A38,515,Haematology,periferico,3315,266,8.6507e-8,1.053,v4.1,60,89,117
HGNC:26054,SLC25A38,484,Sin clasificar,periferico,3315,266,8.6507e-8,1.053,v4.1,60,89,117
HGNC:26054,SLC25A38,478,Fetal (including NIPD),periferico,3315,266,8.6507e-8,1.053,v4.1,60,89,117
HGNC:29112,IQSEC1,285,Developmental disorders,periferico,10337,279,0.9962,0.471,v4.1,3,65,211
HGNC:17616,IL17RD,92,Endocrine disorders,central,9561,301,2.5357e-11,0.952,v4.1,5,115,181
HGNC:17616,IL17RD,650,Endocrinology,central,9561,301,2.5357e-11,0.952,v4.1,5,115,181
HGNC:25543,SHQ1,402,Neurology,periferico,9487,131,4.2227e-16,1.239,v4.1,3,17,111
HGNC:25543,SHQ1,285,Developmental disorders,periferico,9487,131,4.2227e-16,1.239,v4.1,3,17,111
HGNC:25543,SHQ1,847,Neurology,periferico,9487,131,4.2227e-16,1.239,v4.1,3,17,111
HGNC:20661,SLC25A26,112,Mitochondrial,periferico,22423,198,0.016298,1.109,v4.1,7,114,77
HGNC:20661,SLC25A26,467,Metabolic,periferico,22423,198,0.016298,1.109,v4.1,7,114,77
HGNC:20661,SLC25A26,302,Metabolic disorders,periferico,22423,198,0.016298,1.109,v4.1,7,114,77
HGNC:20661,SLC25A26,285,Developmental disorders,periferico,22423,198,0.016298,1.109,v4.1,7,114,77
HGNC:20661,SLC25A26,484,Sin clasificar,periferico,22423,198,0.016298,1.109,v4.1,7,114,77
HGNC:20661,SLC25A26,478,Fetal (including NIPD),periferico,22423,198,0.016298,1.109,v4.1,7,114,77
HGNC:20661,SLC25A26,539,Mitochondrial,periferico,22423,198,0.016298,1.109,v4.1,7,114,77
HGNC:20661,SLC25A26,531,Mitochondrial,periferico,22423,198,0.016298,1.109,v4.1,7,114,77
HGNC:336,AGTR1,478,Fetal (including NIPD),central,4871,180,7.219e-5,1.113,v4.1,13,49,118
HGNC:28741,ILDR1,126,Audiology,central,4144,330,1.1014e-16,1.103,v4.1,35,102,193
HGNC:11086,SLIT2,234,Renal and urinary tract disorders,periferico,17036,451,1,0.226,v4.1,2,191,258
HGNC:3261,EIF2B5,155,Endocrine disorders,periferico,8380,846,0.1647,0.544,v4.1,117,458,271
HGNC:28403,TRMT10A,478,Fetal (including NIPD),periferico,4810,161,2.4525e-11,1.181,v4.1,25,49,87
HGNC:28403,TRMT10A,484,Sin clasificar,periferico,4810,161,2.4525e-11,1.181,v4.1,25,49,87
HGNC:11138,SNCA,540,Neurology,central,7711,170,0.79673,0.691,v4.1,9,76,85
HGNC:11138,SNCA,39,Neurology and neurodevelopmental disorders,central,7711,170,0.79673,0.691,v4.1,9,76,85
HGNC:11138,SNCA,474,Neurology,central,7711,170,0.79673,0.691,v4.1,9,76,85
HGNC:28261,TBCK,484,Sin clasificar,periferico,13588,911,3.1309e-14,1.062,v4.1,103,434,374
HGNC:28261,TBCK,478,Fetal (including NIPD),periferico,13588,911,3.1309e-14,1.062,v4.1,103,434,374
HGNC:24212,CISD2,126,Audiology,periferico,7458,85,0.97014,0.437,v4.1,4,46,35
HGNC:24212,CISD2,26,Endocrine disorders,periferico,7458,85,0.97014,0.437,v4.1,4,46,35
HGNC:24212,CISD2,186,Ophthalmology,central,7458,85,0.97014,0.437,v4.1,4,46,35
HGNC:24212,CISD2,152,Endocrine disorders,periferico,7458,85,0.97014,0.437,v4.1,4,46,35
HGNC:24212,CISD2,472,Endocrinology,periferico,7458,85,0.97014,0.437,v4.1,4,46,35
HGNC:493,ANK2,285,Developmental disorders,central,55159,4278,1,0.271,v4.1,96,1599,2583
HGNC:493,ANK2,134,Cardiology,periferico,55159,4278,1,0.271,v4.1,96,1599,2583
HGNC:493,ANK2,402,Neurology,central,55159,4278,1,0.271,v4.1,96,1599,2583
HGNC:18119,SPATA5,112,Mitochondrial,periferico,15879,899,2.1225e-15,0.877,v4.1,102,386,411
HGNC:18119,SPATA5,126,Audiology,periferico,15879,899,2.1225e-15,0.877,v4.1,102,386,411
HGNC:18119,SPATA5,467,Metabolic,periferico,15879,899,2.1225e-15,0.877,v4.1,102,386,411
HGNC:25126,NAF1,59,Cancer susceptibility,periferico,9975,317,0.096448999999999993,0.926,v4.1,22,95,200
HGNC:25126,NAF1,407,Tumour syndromes,periferico,9975,317,0.096448999999999993,0.926,v4.1,22,95,200
HGNC:25126,NAF1,1638,Respiratory,periferico,9975,317,0.096448999999999993,0.926,v4.1,22,95,200
HGNC:23198,CYP4V2,307,Ophthalmology,central,15597,611,5.1146e-17,1.126,v4.1,88,183,340
HGNC:7713,NDUFS6,539,Mitochondrial,central,5787,243,1.3092e-5,1.54,v4.1,39,130,74
HGNC:7713,NDUFS6,467,Metabolic,central,5787,243,1.3092e-5,1.54,v4.1,39,130,74
HGNC:8507,OSMR,559,Dermatology,periferico,11254,175,9.5168e-20,0.927,v4.1,8,38,129
HGNC:8507,OSMR,60,Rheumatological disorders,periferico,11254,175,9.5168e-20,0.927,v4.1,8,38,129
HGNC:8979,PIK3R1,174,Endocrine disorders,periferico,19780,697,1,0.363,v4.1,79,288,330
HGNC:8979,PIK3R1,1471,Endocrinology,central,19780,697,1,0.363,v4.1,79,288,330
HGNC:8979,PIK3R1,309,Musculoskeletal,central,19780,697,1,0.363,v4.1,79,288,330
HGNC:8979,PIK3R1,550,Respiratory,periferico,19780,697,1,0.363,v4.1,79,288,330
HGNC:8979,PIK3R1,546,Endocrinology,periferico,19780,697,1,0.363,v4.1,79,288,330
HGNC:8979,PIK3R1,484,Sin clasificar,central,19780,697,1,0.363,v4.1,79,288,330
HGNC:8979,PIK3R1,398,Immunology,central,19780,697,1,0.363,v4.1,79,288,330
HGNC:8979,PIK3R1,478,Fetal (including NIPD),central,19780,697,1,0.363,v4.1,79,288,330
HGNC:8979,PIK3R1,111,Viral research,central,19780,697,1,0.363,v4.1,79,288,330
HGNC:9871,RASA1,478,Fetal (including NIPD),central,15411,1771,1,0.3,v4.1,306,698,767
HGNC:9871,RASA1,563,Dermatology,central,15411,1771,1,0.3,v4.1,306,698,767
HGNC:9871,RASA1,98,Dermatology,central,15411,1771,1,0.3,v4.1,306,698,767
HGNC:29035,PPIP5K2,126,Audiology,periferico,23060,142,1.2777000000000001e-19,0.973,v4.1,0,41,101
HGNC:19089,SLC30A5,749,Cardiology,periferico,6909,82,0.017163,0.673,v4.1,2,7,73
HGNC:19089,SLC30A5,478,Fetal (including NIPD),periferico,6909,82,0.017163,0.673,v4.1,2,7,73
HGNC:19089,SLC30A5,144,Dysmorphic and congenital abnormality syndromes,periferico,6909,82,0.017163,0.673,v4.1,2,7,73
HGNC:16933,FEM1C,285,Developmental disorders,periferico,7326,54,0.64505,0.585,v4.1,1,2,51
HGNC:17111,ADAMTS19,478,Fetal (including NIPD),periferico,11122,210,5.2776e-18,0.83,v4.1,11,20,179
HGNC:17111,ADAMTS19,212,Cardiovascular disorders,periferico,11122,210,5.2776e-18,0.83,v4.1,11,20,179
HGNC:17111,ADAMTS19,484,Sin clasificar,periferico,11122,210,5.2776e-18,0.83,v4.1,11,20,179
HGNC:17111,ADAMTS19,479,Developmental disorders,periferico,11122,210,5.2776e-18,0.83,v4.1,11,20,179
HGNC:24877,YIPF5,293,Endocrinology,periferico,5335,42,0.99332,0.464,v4.1,5,3,34
HGNC:4082,GABRB2,478,Fetal (including NIPD),periferico,17452,624,0.99947,0.426,v4.1,59,325,240
HGNC:4326,GLRA1,484,Sin clasificar,periferico,2443,572,1.979e-7,0.975,v4.1,81,219,272
HGNC:4326,GLRA1,467,Metabolic,periferico,2443,572,1.979e-7,0.975,v4.1,81,219,272
HGNC:4326,GLRA1,847,Neurology,periferico,2443,572,1.979e-7,0.975,v4.1,81,219,272
HGNC:4326,GLRA1,302,Metabolic disorders,periferico,2443,572,1.979e-7,0.975,v4.1,81,219,272
HGNC:14377,NHP2,59,Cancer susceptibility,central,3394,216,0.0020308,1.123,v4.1,3,92,121
HGNC:14377,NHP2,484,Sin clasificar,central,3394,216,0.0020308,1.123,v4.1,3,92,121
HGNC:14377,NHP2,478,Fetal (including NIPD),central,3394,216,0.0020308,1.123,v4.1,3,92,121
HGNC:14377,NHP2,407,Tumour syndromes,central,3394,216,0.0020308,1.123,v4.1,3,92,121
HGNC:14377,NHP2,159,Haematological disorders,central,3394,216,0.0020308,1.123,v4.1,3,92,121
HGNC:14377,NHP2,285,Developmental disorders,central,3394,216,0.0020308,1.123,v4.1,3,92,121
HGNC:14377,NHP2,519,Haematology,central,3394,216,0.0020308,1.123,v4.1,3,92,121
HGNC:14377,NHP2,259,Cancer Programme,periferico,3394,216,0.0020308,1.123,v4.1,3,92,121
HGNC:6354,KLHL3,314,Renal and urinary tract disorders,periferico,12331,397,0.99999,0.377,v4.1,30,134,233
HGNC:18141,DCDC2,484,Sin clasificar,periferico,5479,384,1.1753e-9,1.062,v4.1,34,157,193
HGNC:18141,DCDC2,725,Renal,periferico,5479,384,1.1753e-9,1.062,v4.1,34,157,193
HGNC:18141,DCDC2,478,Fetal (including NIPD),periferico,5479,384,1.1753e-9,1.062,v4.1,34,157,193
HGNC:18141,DCDC2,385,Gastroenterological disorders,periferico,5479,384,1.1753e-9,1.062,v4.1,34,157,193
HGNC:18141,DCDC2,548,Renal,periferico,5479,384,1.1753e-9,1.062,v4.1,34,157,193
HGNC:18141,DCDC2,544,Gastrohepatology,periferico,5479,384,1.1753e-9,1.062,v4.1,34,157,193
HGNC:7526,MUT,248,Metabolic disorders,periferico,6751,1196,4.9198e-22,1.18,v4.1,413,426,357
HGNC:7526,MUT,484,Sin clasificar,central,6751,1196,4.9198e-22,1.18,v4.1,413,426,357
HGNC:7526,MUT,267,Metabolic disorders,periferico,6751,1196,4.9198e-22,1.18,v4.1,413,426,357
HGNC:18143,DAAM2,106,Renal,periferico,14876,249,0.97715,0.488,v4.1,5,59,185
HGNC:21355,MLIP,225,Neurology,periferico,12395,88,1.3268e-17,1.1,v4.1,17,17,54
HGNC:21355,MLIP,66,Neurology,periferico,12395,88,1.3268e-17,1.1,v4.1,17,17,54
HGNC:21355,MLIP,1141,Neurology,periferico,12395,88,1.3268e-17,1.1,v4.1,17,17,54
HGNC:13655,SCUBE3,478,Fetal (including NIPD),periferico,9377,159,1,0.402,v4.1,12,6,141
HGNC:13655,SCUBE3,484,Sin clasificar,periferico,9377,159,1,0.402,v4.1,12,6,141
HGNC:13655,SCUBE3,384,Musculoskeletal,periferico,9377,159,1,0.402,v4.1,12,6,141
HGNC:13655,SCUBE3,309,Musculoskeletal,periferico,9377,159,1,0.402,v4.1,12,6,141
HGNC:13655,SCUBE3,81,Musculoskeletal,periferico,9377,159,1,0.402,v4.1,12,6,141
HGNC:15673,PHIP,130,Endocrinology,periferico,20848,1331,1,0.246,v4.1,185,558,588
HGNC:21406,RARS2,466,Neurology,central,23004,1051,1.92e-12,0.886,v4.1,243,537,271
HGNC:21406,RARS2,402,Neurology,central,23004,1051,1.92e-12,0.886,v4.1,243,537,271
HGNC:21406,RARS2,285,Developmental disorders,central,23004,1051,1.92e-12,0.886,v4.1,243,537,271
HGNC:21406,RARS2,477,Neurology,central,23004,1051,1.92e-12,0.886,v4.1,243,537,271
HGNC:21406,RARS2,478,Fetal (including NIPD),central,23004,1051,1.92e-12,0.886,v4.1,243,537,271
HGNC:21406,RARS2,484,Sin clasificar,central,23004,1051,1.92e-12,0.886,v4.1,243,537,271
HGNC:21485,TBC1D32,478,Fetal (including NIPD),periferico,7178,336,1.5692000000000001e-24,0.984,v4.1,19,104,213
HGNC:21485,TBC1D32,179,Neurology,periferico,7178,336,1.5692000000000001e-24,0.984,v4.1,19,104,213
HGNC:21485,TBC1D32,509,Ophthalmology,periferico,7178,336,1.5692000000000001e-24,0.984,v4.1,19,104,213
HGNC:21485,TBC1D32,484,Sin clasificar,periferico,7178,336,1.5692000000000001e-24,0.984,v4.1,19,104,213
HGNC:21485,TBC1D32,483,Endocrinology,periferico,7178,336,1.5692000000000001e-24,0.984,v4.1,19,104,213
HGNC:21485,TBC1D32,96,Neurology,periferico,7178,336,1.5692000000000001e-24,0.984,v4.1,19,104,213
HGNC:3236,EGFR,565,Dermatology,central,21972,4003,0.98251,0.475,v4.1,104,1751,2148
HGNC:3236,EGFR,564,Dermatology,central,21972,4003,0.98251,0.475,v4.1,104,1751,2148
HGNC:3236,EGFR,111,Viral research,central,21972,4003,0.98251,0.475,v4.1,104,1751,2148
HGNC:3236,EGFR,514,Gastrohepatology,central,21972,4003,0.98251,0.475,v4.1,104,1751,2148
HGNC:6971,MDH2,285,Developmental disorders,central,4892,726,1.1219e-6,0.984,v4.1,21,304,401
HGNC:6971,MDH2,484,Sin clasificar,central,4892,726,1.1219e-6,0.984,v4.1,21,304,401
HGNC:6971,MDH2,478,Fetal (including NIPD),central,4892,726,1.1219e-6,0.984,v4.1,21,304,401
HGNC:6971,MDH2,402,Neurology,central,4892,726,1.1219e-6,0.984,v4.1,21,304,401
HGNC:6971,MDH2,467,Metabolic,central,4892,726,1.1219e-6,0.984,v4.1,21,304,401
HGNC:1620,CCT6A,285,Developmental disorders,central,5037,52,0.99997,0.234,v4.1,0,2,50
HGNC:1620,CCT6A,484,Sin clasificar,central,5037,52,0.99997,0.234,v4.1,0,2,50
HGNC:25604,C7orf43,162,Neurology,central,3294,12,0.019617,0.65,v4.1,1,8,3
HGNC:17435,SLC12A9,484,Sin clasificar,periferico,11970,145,3.8495e-16,1.007,v4.1,0,10,135
HGNC:17435,SLC12A9,285,Developmental disorders,periferico,11970,145,3.8495e-16,1.007,v4.1,0,10,135
HGNC:17435,SLC12A9,478,Fetal (including NIPD),periferico,11970,145,3.8495e-16,1.007,v4.1,0,10,135
HGNC:11842,TLK2,168,Musculoskeletal,central,16676,313,1,0.103,v4.1,94,39,180
HGNC:1497,CASK,253,Gastroenterological disorders,periferico,20179,1055,1,0.073,v2.1.1,285,390,380
HGNC:1497,CASK,511,Ophthalmology,periferico,20179,1055,1,0.073,v2.1.1,285,390,380
HGNC:1497,CASK,286,Neurology and neurodevelopmental disorders,periferico,20179,1055,1,0.073,v2.1.1,285,390,380
HGNC:1497,CASK,162,Neurology,periferico,20179,1055,1,0.073,v2.1.1,285,390,380
HGNC:1497,CASK,20,Neurology and neurodevelopmental disorders,periferico,20179,1055,1,0.073,v2.1.1,285,390,380
HGNC:12637,KDM6A,484,Sin clasificar,central,29747,1398,1,0.161,v2.1.1,254,521,623
HGNC:12637,KDM6A,131,Endocrine disorders,central,29747,1398,1,0.161,v2.1.1,254,521,623
HGNC:12637,KDM6A,81,Musculoskeletal,central,29747,1398,1,0.161,v2.1.1,254,521,623
HGNC:12637,KDM6A,478,Fetal (including NIPD),central,29747,1398,1,0.161,v2.1.1,254,521,623
HGNC:12637,KDM6A,285,Developmental disorders,central,29747,1398,1,0.161,v2.1.1,254,521,623
HGNC:13315,HDAC8,484,Sin clasificar,central,24556,458,0.97707,0.297,v2.1.1,161,168,129
HGNC:13315,HDAC8,247,Dysmorphic and congenital abnormality syndromes,periferico,24556,458,0.97707,0.297,v2.1.1,161,168,129
HGNC:13315,HDAC8,131,Endocrine disorders,periferico,24556,458,0.97707,0.297,v2.1.1,161,168,129
HGNC:13315,HDAC8,81,Musculoskeletal,central,24556,458,0.97707,0.297,v2.1.1,161,168,129
HGNC:10923,SLC16A2,165,Neurology and neurodevelopmental disorders,central,5469,513,0.98828,0.223,v2.1.1,175,134,204
HGNC:10923,SLC16A2,42,Neurology and neurodevelopmental disorders,periferico,5469,513,0.98828,0.223,v2.1.1,175,134,204
HGNC:20372,NDUFB11,518,Haematology,periferico,3437,89,0.80382,0.556,v2.1.1,11,33,45
HGNC:20372,NDUFB11,534,Mitochondrial,periferico,3437,89,0.80382,0.556,v2.1.1,11,33,45
HGNC:11535,TAF1,285,Developmental disorders,central,12058,780,1,0.043,v2.1.1,40,308,432
HGNC:11535,TAF1,484,Sin clasificar,central,12058,780,1,0.043,v2.1.1,40,308,432
HGNC:11535,TAF1,540,Neurology,central,12058,780,1,0.043,v2.1.1,40,308,432
HGNC:11535,TAF1,847,Neurology,central,12058,780,1,0.043,v2.1.1,40,308,432
HGNC:11535,TAF1,478,Fetal (including NIPD),central,12058,780,1,0.043,v2.1.1,40,308,432
HGNC:11535,TAF1,192,Neurology and neurodevelopmental disorders,central,12058,780,1,0.043,v2.1.1,40,308,432
HGNC:7871,NONO,749,Cardiology,periferico,12339,281,0.9935,0.244,v2.1.1,95,80,106
HGNC:3133,EBP,556,Dermatology,periferico,4109,312,0.93645,0.342,v2.1.1,160,66,86
HGNC:3133,EBP,114,Metabolic disorders,periferico,4109,312,0.93645,0.342,v2.1.1,160,66,86
HGNC:3133,EBP,467,Metabolic,periferico,4109,312,0.93645,0.342,v2.1.1,160,66,86
HGNC:3133,EBP,179,Neurology,central,4109,312,0.93645,0.342,v2.1.1,160,66,86
HGNC:3133,EBP,285,Developmental disorders,periferico,4109,312,0.93645,0.342,v2.1.1,160,66,86
HGNC:3133,EBP,81,Musculoskeletal,periferico,4109,312,0.93645,0.342,v2.1.1,160,66,86
HGNC:3133,EBP,384,Musculoskeletal,periferico,4109,312,0.93645,0.342,v2.1.1,160,66,86
HGNC:3133,EBP,484,Sin clasificar,periferico,4109,312,0.93645,0.342,v2.1.1,160,66,86
HGNC:3133,EBP,302,Metabolic disorders,periferico,4109,312,0.93645,0.342,v2.1.1,160,66,86
HGNC:3133,EBP,478,Fetal (including NIPD),periferico,4109,312,0.93645,0.342,v2.1.1,160,66,86
HGNC:8127,OGT,285,Developmental disorders,central,9834,221,1,0.08,v2.1.1,18,59,144
HGNC:6010,IL2RG,33,Gastroenterological disorders,central,2735,527,0.99152,0.209,v2.1.1,166,205,156
HGNC:6010,IL2RG,398,Immunology,central,2735,527,0.99152,0.209,v2.1.1,166,205,156
HGNC:6010,IL2RG,176,Gastroenterological disorders,central,2735,527,0.99152,0.209,v2.1.1,166,205,156
HGNC:13128,ZNF711,484,Sin clasificar,periferico,6513,281,0.97887,0.305,v2.1.1,92,42,147
HGNC:13128,ZNF711,285,Developmental disorders,periferico,6513,281,0.97887,0.305,v2.1.1,92,42,147
HGNC:9462,PRPS1,285,Developmental disorders,central,3408,433,0.91542,0.377,v2.1.1,124,182,127
HGNC:9462,PRPS1,846,Neurology,central,3408,433,0.91542,0.377,v2.1.1,124,182,127
HGNC:5948,IGSF1,484,Sin clasificar,periferico,7669,285,0.99993,0.214,v2.1.1,31,104,150
HGNC:4451,GPC3,308,Endocrinology,periferico,4054,1098,0.9982,0.162,v2.1.1,159,417,522
HGNC:4451,GPC3,38,Growth disorders,periferico,4054,1098,0.9982,0.162,v2.1.1,159,417,522
HGNC:4451,GPC3,243,Cancer susceptibility,periferico,4054,1098,0.9982,0.162,v2.1.1,159,417,522
HGNC:4451,GPC3,484,Sin clasificar,central,4054,1098,0.9982,0.162,v2.1.1,159,417,522
HGNC:4451,GPC3,234,Renal and urinary tract disorders,central,4054,1098,0.9982,0.162,v2.1.1,159,417,522
HGNC:4451,GPC3,259,Cancer Programme,periferico,4054,1098,0.9982,0.162,v2.1.1,159,417,522
HGNC:6954,MCPH1,162,Neurology,central,29655,1219,1.8376e-32,1.342,v4.1,110,681,428
HGNC:13398,NSDHL,467,Metabolic,central,5766,355,0.96393,0.289,v2.1.1,120,111,124
HGNC:13398,NSDHL,302,Metabolic disorders,central,5766,355,0.96393,0.289,v2.1.1,120,111,124
HGNC:13398,NSDHL,114,Metabolic disorders,periferico,5766,355,0.96393,0.289,v2.1.1,120,111,124
HGNC:10298,RPL10,285,Developmental disorders,central,4793,80,0.90915,0.387,v2.1.1,9,23,48
HGNC:10298,RPL10,131,Endocrine disorders,periferico,4793,80,0.90915,0.387,v2.1.1,9,23,48
HGNC:10298,RPL10,9,Endocrinology,periferico,4793,80,0.90915,0.387,v2.1.1,9,23,48
HGNC:24290,CSGALNACT1,467,Metabolic,periferico,10346,374,3.715e-18,1.257,v4.1,18,161,195
HGNC:24290,CSGALNACT1,478,Fetal (including NIPD),periferico,10346,374,3.715e-18,1.257,v4.1,18,161,195
HGNC:854,ATP6V1B2,126,Audiology,periferico,21255,183,0.99842,0.457,v4.1,18,45,120
HGNC:4419,GNRH1,650,Endocrinology,central,1764,48,0.33093,1.22,v4.1,4,16,28
HGNC:11359,STAR,145,Endocrinology,central,5893,471,3.2677e-11,1.297,v4.1,113,206,152
HGNC:9457,PLPBP,478,Fetal (including NIPD),periferico,7345,287,5.3167e-6,1.049,v4.1,23,144,120
HGNC:1356,ERLIN2,285,Developmental disorders,central,9202,220,0.010039,0.703,v4.1,35,82,103
HGNC:1356,ERLIN2,567,Neurology,central,9202,220,0.010039,0.703,v4.1,35,82,103
HGNC:1356,ERLIN2,568,Neurology,central,9202,220,0.010039,0.703,v4.1,35,82,103
HGNC:14467,SLC26A7,31,Endocrinology,periferico,7018,107,2.1383e-11,1.027,v4.1,4,8,95
HGNC:31708,LRP12,846,Neurology,periferico,11791,118,1,0.291,v4.1,1,8,109
HGNC:31708,LRP12,85,Neurology and neurodevelopmental disorders,periferico,11791,118,1,0.291,v4.1,1,8,109
HGNC:7704,NDUFB9,302,Metabolic disorders,central,17183,122,5.7016e-7,1.162,v4.1,1,59,62
HGNC:7704,NDUFB9,467,Metabolic,central,17183,122,5.7016e-7,1.162,v4.1,1,59,62
HGNC:7704,NDUFB9,539,Mitochondrial,central,17183,122,5.7016e-7,1.162,v4.1,1,59,62
HGNC:7704,NDUFB9,112,Mitochondrial,central,17183,122,5.7016e-7,1.162,v4.1,1,59,62
HGNC:17129,SLC39A4,302,Metabolic disorders,periferico,5032,1098,7.5913e-18,1.262,v4.1,147,700,251
HGNC:17129,SLC39A4,467,Metabolic,periferico,5032,1098,7.5913e-18,1.262,v4.1,147,700,251
HGNC:17129,SLC39A4,398,Immunology,periferico,5032,1098,7.5913e-18,1.262,v4.1,147,700,251
HGNC:17129,SLC39A4,554,Dermatology,periferico,5032,1098,7.5913e-18,1.262,v4.1,147,700,251
HGNC:17129,SLC39A4,565,Dermatology,periferico,5032,1098,7.5913e-18,1.262,v4.1,147,700,251
HGNC:17129,SLC39A4,514,Gastrohepatology,periferico,5032,1098,7.5913e-18,1.262,v4.1,147,700,251
HGNC:30450,NAPRT,59,Cancer susceptibility,periferico,3318,113,3.0016e-27,1.486,v4.1,0,9,104
HGNC:12698,VLDLR,286,Neurology and neurodevelopmental disorders,central,16577,852,6.079e-18,0.828,v4.1,64,531,257
HGNC:7785,NFIB,38,Growth disorders,periferico,14223,239,1,0.3,v4.1,88,28,123
HGNC:1788,CDKN2B,521,Inherited cancer,periferico,4023,52,5.5708e-4,1.836,v4.1,5,17,30
HGNC:1788,CDKN2B,480,Endocrinology,periferico,4023,52,5.5708e-4,1.836,v4.1,5,17,30
HGNC:1787,CDKN2A,391,Tumour syndromes,central,4941,1624,0.61783,0.791,v4.1,212,508,904
HGNC:1787,CDKN2A,524,Inherited cancer,central,4941,1624,0.61783,0.791,v4.1,212,508,904
HGNC:1787,CDKN2A,245,Cancer susceptibility,central,4941,1624,0.61783,0.791,v4.1,212,508,904
HGNC:1787,CDKN2A,559,Dermatology,central,4941,1624,0.61783,0.791,v4.1,212,508,904
HGNC:1787,CDKN2A,243,Cancer susceptibility,central,4941,1624,0.61783,0.791,v4.1,212,508,904
HGNC:8157,SIGMAR1,263,Neurology and neurodevelopmental disorders,periferico,4578,221,3.0863e-6,1.286,v4.1,27,97,97
HGNC:25740,CEP78,307,Ophthalmology,central,14667,640,7.6315e-18,1.531,v4.1,74,230,336
HGNC:8032,NTRK2,478,Fetal (including NIPD),central,33631,841,1,0.123,v4.1,14,405,422
HGNC:8032,NTRK2,402,Neurology,central,33631,841,1,0.123,v4.1,14,405,422
HGNC:8032,NTRK2,484,Sin clasificar,central,33631,841,1,0.123,v4.1,14,405,422
HGNC:8032,NTRK2,285,Developmental disorders,central,33631,841,1,0.123,v4.1,14,405,422
HGNC:890,AUH,466,Neurology,periferico,10420,278,2.5649e-7,0.994,v4.1,34,97,147
HGNC:890,AUH,579,Neurology,periferico,10420,278,2.5649e-7,0.994,v4.1,34,97,147
HGNC:890,AUH,540,Neurology,periferico,10420,278,2.5649e-7,0.994,v4.1,34,97,147
HGNC:890,AUH,474,Neurology,periferico,10420,278,2.5649e-7,0.994,v4.1,34,97,147
HGNC:21684,ZNF462,168,Musculoskeletal,periferico,13070,784,1,0.082,v4.1,104,195,485
HGNC:4620,GSN,502,Renal,central,22819,958,2.3482e-9,0.788,v4.1,6,388,564
HGNC:7985,NR6A1,479,Developmental disorders,periferico,9238,74,1,0.193,v4.1,7,6,61
HGNC:18688,CRB2,725,Renal,periferico,6351,861,1.0688999999999999e-28,1.202,v4.1,51,383,427
HGNC:18688,CRB2,724,Neurology,periferico,6351,861,1.0688999999999999e-28,1.202,v4.1,51,383,427
HGNC:18688,CRB2,285,Developmental disorders,periferico,6351,861,1.0688999999999999e-28,1.202,v4.1,51,383,427
HGNC:18688,CRB2,179,Neurology,periferico,6351,861,1.0688999999999999e-28,1.202,v4.1,51,383,427
HGNC:18688,CRB2,150,Ciliopathies,periferico,6351,861,1.0688999999999999e-28,1.202,v4.1,51,383,427
HGNC:395,ALAD,560,Dermatology,central,7121,205,0.097632,0.63,v4.1,6,97,102
HGNC:11474,SURF1,85,Neurology and neurodevelopmental disorders,central,2451,807,4.5412e-18,1.559,v4.1,179,383,245
HGNC:11474,SURF1,112,Mitochondrial,central,2451,807,4.5412e-18,1.559,v4.1,179,383,245
HGNC:11474,SURF1,42,Neurology and neurodevelopmental disorders,central,2451,807,4.5412e-18,1.559,v4.1,179,383,245
HGNC:11474,SURF1,539,Mitochondrial,central,2451,807,4.5412e-18,1.559,v4.1,179,383,245
HGNC:11474,SURF1,749,Cardiology,central,2451,807,4.5412e-18,1.559,v4.1,179,383,245
HGNC:11474,SURF1,846,Neurology,central,2451,807,4.5412e-18,1.559,v4.1,179,383,245
HGNC:11474,SURF1,537,Mitochondrial,central,2451,807,4.5412e-18,1.559,v4.1,179,383,245
HGNC:11474,SURF1,467,Metabolic,central,2451,807,4.5412e-18,1.559,v4.1,179,383,245
HGNC:11474,SURF1,476,Neurology,central,2451,807,4.5412e-18,1.559,v4.1,179,383,245
HGNC:11474,SURF1,302,Metabolic disorders,central,2451,807,4.5412e-18,1.559,v4.1,179,383,245
HGNC:25135,LRSAM1,846,Neurology,central,14330,990,4.411e-26,0.944,v4.1,91,398,501
HGNC:25135,LRSAM1,85,Neurology and neurodevelopmental disorders,central,14330,990,4.411e-26,0.944,v4.1,91,398,501
HGNC:7881,NOTCH1,484,Sin clasificar,central,13826,4646,1,0.217,v4.1,219,2211,2216
HGNC:7881,NOTCH1,309,Musculoskeletal,central,13826,4646,1,0.217,v4.1,219,2211,2216
HGNC:7881,NOTCH1,384,Musculoskeletal,central,13826,4646,1,0.217,v4.1,219,2211,2216
HGNC:7881,NOTCH1,212,Cardiovascular disorders,central,13826,4646,1,0.217,v4.1,219,2211,2216
HGNC:7881,NOTCH1,81,Musculoskeletal,central,13826,4646,1,0.217,v4.1,219,2211,2216
HGNC:7881,NOTCH1,478,Fetal (including NIPD),central,13826,4646,1,0.217,v4.1,219,2211,2216
HGNC:1389,CACNA1B,402,Neurology,central,10187,1904,1,0.425,v4.1,57,1134,713
HGNC:17759,PDSS1,186,Ophthalmology,periferico,2661,415,5.7001e-7,1.163,v4.1,15,204,196
HGNC:17759,PDSS1,478,Fetal (including NIPD),periferico,2661,415,5.7001e-7,1.163,v4.1,15,204,196
HGNC:17759,PDSS1,539,Mitochondrial,periferico,2661,415,5.7001e-7,1.163,v4.1,15,204,196
HGNC:11642,ZEB1,478,Fetal (including NIPD),central,15402,209,1,0.339,v4.1,35,43,131
HGNC:14550,CDHR1,307,Ophthalmology,central,9873,996,1.0861e-16,1.004,v4.1,100,354,542
HGNC:30074,POLR3A,484,Sin clasificar,central,17752,1317,6.179699999999999e-22,0.836,v4.1,134,625,558
HGNC:30074,POLR3A,579,Neurology,central,17752,1317,6.179699999999999e-22,0.836,v4.1,134,625,558
HGNC:30074,POLR3A,398,Immunology,central,17752,1317,6.179699999999999e-22,0.836,v4.1,134,625,558
HGNC:30074,POLR3A,476,Neurology,central,17752,1317,6.179699999999999e-22,0.836,v4.1,134,625,558
HGNC:30074,POLR3A,477,Neurology,central,17752,1317,6.179699999999999e-22,0.836,v4.1,134,625,558
HGNC:30074,POLR3A,20,Neurology and neurodevelopmental disorders,central,17752,1317,6.179699999999999e-22,0.836,v4.1,134,625,558
HGNC:30074,POLR3A,478,Fetal (including NIPD),central,17752,1317,6.179699999999999e-22,0.836,v4.1,134,625,558
HGNC:30074,POLR3A,466,Neurology,central,17752,1317,6.179699999999999e-22,0.836,v4.1,134,625,558
HGNC:30074,POLR3A,285,Developmental disorders,central,17752,1317,6.179699999999999e-22,0.836,v4.1,134,625,558
HGNC:30074,POLR3A,42,Neurology and neurodevelopmental disorders,central,17752,1317,6.179699999999999e-22,0.836,v4.1,134,625,558
HGNC:23405,LRMDA,246,Ophthalmological disorders,central,6560,120,2.4724e-4,0.958,v4.1,11,68,41
HGNC:23405,LRMDA,511,Ophthalmology,central,6560,120,2.4724e-4,0.958,v4.1,11,68,41
HGNC:4335,GLUD1,467,Metabolic,central,17117,309,0.016085,0.748,v4.1,15,114,180
HGNC:4335,GLUD1,302,Metabolic disorders,central,17117,309,0.016085,0.748,v4.1,15,114,180
HGNC:4335,GLUD1,402,Neurology,central,17117,309,0.016085,0.748,v4.1,15,114,180
HGNC:4335,GLUD1,267,Metabolic disorders,central,17117,309,0.016085,0.748,v4.1,15,114,180
HGNC:4335,GLUD1,484,Sin clasificar,central,17117,309,0.016085,0.748,v4.1,15,114,180
HGNC:4335,GLUD1,308,Endocrinology,central,17117,309,0.016085,0.748,v4.1,15,114,180
HGNC:15819,ANKRD1,47,Cardiovascular disorders,central,2544,576,7.6168e-9,1.038,v4.1,0,214,362
HGNC:1162,FRA10AC1,162,Neurology,periferico,12544,59,0.05178,1.807,v4.1,12,4,43
HGNC:1162,FRA10AC1,285,Developmental disorders,periferico,12544,59,0.05178,1.807,v4.1,12,4,43
HGNC:1162,FRA10AC1,484,Sin clasificar,periferico,12544,59,0.05178,1.807,v4.1,12,4,43
HGNC:1162,FRA10AC1,478,Fetal (including NIPD),periferico,12544,59,0.05178,1.807,v4.1,12,4,43
HGNC:11641,TCF7L2,484,Sin clasificar,central,6975,228,0.99554,0.474,v4.1,26,92,110
HGNC:11641,TCF7L2,285,Developmental disorders,central,6975,228,0.99554,0.474,v4.1,26,92,110
HGNC:2593,CYP17A1,314,Renal and urinary tract disorders,periferico,3980,602,1.9908e-7,1.249,v4.1,159,331,112
HGNC:19321,NKX6-2,192,Neurology and neurodevelopmental disorders,central,2772,187,8.897e-7,1.68,v4.1,23,62,102
HGNC:19321,NKX6-2,847,Neurology,periferico,2772,187,8.897e-7,1.68,v4.1,23,62,102
HGNC:19321,NKX6-2,466,Neurology,periferico,2772,187,8.897e-7,1.68,v4.1,23,62,102
HGNC:19321,NKX6-2,165,Neurology and neurodevelopmental disorders,periferico,2772,187,8.897e-7,1.68,v4.1,23,62,102
HGNC:19321,NKX6-2,567,Neurology,periferico,2772,187,8.897e-7,1.68,v4.1,23,62,102
HGNC:19321,NKX6-2,20,Neurology and neurodevelopmental disorders,periferico,2772,187,8.897e-7,1.68,v4.1,23,62,102
HGNC:103,CNNM2,467,Metabolic,periferico,18996,2868,1,0.312,v4.1,56,2422,390
HGNC:103,CNNM2,302,Metabolic disorders,periferico,18996,2868,1,0.312,v4.1,56,2422,390
HGNC:103,CNNM2,285,Developmental disorders,periferico,18996,2868,1,0.312,v4.1,56,2422,390
HGNC:103,CNNM2,484,Sin clasificar,periferico,18996,2868,1,0.312,v4.1,56,2422,390
HGNC:17893,PGAP2,302,Metabolic disorders,periferico,4438,149,1.0679e-4,0.871,v4.1,18,53,78
HGNC:17893,PGAP2,467,Metabolic,periferico,4438,149,1.0679e-4,0.871,v4.1,18,53,78
HGNC:17893,PGAP2,484,Sin clasificar,periferico,4438,149,1.0679e-4,0.871,v4.1,18,53,78
HGNC:24460,EIF3M,111,Viral research,periferico,8548,27,0.12509,0.631,v4.1,0,0,27
HGNC:26938,HIKESHI,476,Neurology,central,6992,63,0.15783,0.92,v4.1,5,38,20
HGNC:26938,HIKESHI,568,Neurology,periferico,6992,63,0.15783,0.92,v4.1,5,38,20
HGNC:26938,HIKESHI,165,Neurology and neurodevelopmental disorders,periferico,6992,63,0.15783,0.92,v4.1,5,38,20
HGNC:26938,HIKESHI,186,Ophthalmology,periferico,6992,63,0.15783,0.92,v4.1,5,38,20
HGNC:26282,CCDC82,285,Developmental disorders,periferico,21896,96,3.8279e-8,1.06,v4.1,3,9,84
HGNC:26282,CCDC82,568,Neurology,periferico,21896,96,3.8279e-8,1.06,v4.1,3,9,84
HGNC:1546,SERPINH1,309,Musculoskeletal,central,12112,293,3.2767e-5,0.971,v4.1,13,103,177
HGNC:1482,CAPN5,307,Ophthalmology,periferico,6607,701,5.467e-14,0.928,v4.1,4,281,416
HGNC:8590,PAK1,484,Sin clasificar,central,9954,150,0.05959,0.705,v4.1,26,22,102
HGNC:8590,PAK1,402,Neurology,central,9954,150,0.05959,0.705,v4.1,26,22,102
HGNC:8590,PAK1,285,Developmental disorders,central,9954,150,0.05959,0.705,v4.1,26,22,102
HGNC:795,ATM,484,Sin clasificar,central,39857,19444,1.4847e-69,0.847,v4.1,3867,5659,9918
HGNC:795,ATM,846,Neurology,central,39857,19444,1.4847e-69,0.847,v4.1,3867,5659,9918
HGNC:795,ATM,398,Immunology,central,39857,19444,1.4847e-69,0.847,v4.1,3867,5659,9918
HGNC:795,ATM,111,Viral research,central,39857,19444,1.4847e-69,0.847,v4.1,3867,5659,9918
HGNC:795,ATM,407,Tumour syndromes,central,39857,19444,1.4847e-69,0.847,v4.1,3867,5659,9918
HGNC:795,ATM,243,Cancer susceptibility,central,39857,19444,1.4847e-69,0.847,v4.1,3867,5659,9918
HGNC:795,ATM,466,Neurology,central,39857,19444,1.4847e-69,0.847,v4.1,3867,5659,9918
HGNC:795,ATM,477,Neurology,central,39857,19444,1.4847e-69,0.847,v4.1,3867,5659,9918
HGNC:795,ATM,85,Neurology and neurodevelopmental disorders,central,39857,19444,1.4847e-69,0.847,v4.1,3867,5659,9918
HGNC:795,ATM,59,Cancer susceptibility,central,39857,19444,1.4847e-69,0.847,v4.1,3867,5659,9918
HGNC:795,ATM,259,Cancer Programme,central,39857,19444,1.4847e-69,0.847,v4.1,3867,5659,9918
HGNC:795,ATM,245,Cancer susceptibility,central,39857,19444,1.4847e-69,0.847,v4.1,3867,5659,9918
HGNC:11344,ST14,478,Fetal (including NIPD),periferico,4625,280,0.0012046,0.589,v4.1,15,138,127
HGNC:11344,ST14,553,Dermatology,periferico,4625,280,0.0012046,0.589,v4.1,15,138,127
HGNC:11344,ST14,282,Dermatological disorders,periferico,4625,280,0.0012046,0.589,v4.1,15,138,127
HGNC:16931,HYOU1,111,Viral research,periferico,7350,836,1,0.41,v4.1,4,307,525
HGNC:16931,HYOU1,398,Immunology,periferico,7350,836,1,0.41,v4.1,4,307,525
HGNC:24552,TKFC,467,Metabolic,periferico,9764,125,1.549e-11,0.968,v4.1,2,17,106
HGNC:24552,TKFC,230,Ophthalmology,periferico,9764,125,1.549e-11,0.968,v4.1,2,17,106
HGNC:24552,TKFC,749,Cardiology,periferico,9764,125,1.549e-11,0.968,v4.1,2,17,106
HGNC:10254,ROM1,307,Ophthalmology,central,2103,391,2.0036e-5,1.003,v4.1,1,114,276
HGNC:923,B3GAT3,168,Musculoskeletal,periferico,4247,303,7.9178e-4,0.825,v4.1,32,128,143
HGNC:923,B3GAT3,302,Metabolic disorders,periferico,4247,303,7.9178e-4,0.825,v4.1,32,128,143
HGNC:923,B3GAT3,467,Metabolic,periferico,4247,303,7.9178e-4,0.825,v4.1,32,128,143
HGNC:3659,FEZ1,111,Viral research,periferico,14024,48,0.27644,0.658,v4.1,0,4,44
HGNC:17474,ESAM,476,Neurology,periferico,5456,81,3.7021e-7,1.009,v4.1,8,12,61
HGNC:17474,ESAM,402,Neurology,periferico,5456,81,3.7021e-7,1.009,v4.1,8,12,61
HGNC:17474,ESAM,484,Sin clasificar,periferico,5456,81,3.7021e-7,1.009,v4.1,8,12,61
HGNC:17474,ESAM,285,Developmental disorders,periferico,5456,81,3.7021e-7,1.009,v4.1,8,12,61
HGNC:3496,MPZL2,126,Audiology,periferico,5116,73,2.1252e-12,1.703,v4.1,19,16,38
HGNC:23151,FERMT3,309,Musculoskeletal,periferico,11636,618,0.17051,0.556,v4.1,25,328,265
HGNC:23151,FERMT3,943,Musculoskeletal,periferico,11636,618,0.17051,0.556,v4.1,25,328,265
HGNC:1176,MRPL49,126,Audiology,periferico,3278,37,7.3436e-4,1.085,v4.1,7,1,29
HGNC:1176,MRPL49,162,Neurology,periferico,3278,37,7.3436e-4,1.085,v4.1,7,1,29
HGNC:1176,MRPL49,112,Mitochondrial,periferico,3278,37,7.3436e-4,1.085,v4.1,7,1,29
HGNC:25295,FAM57B,307,Ophthalmology,periferico,4940,32,0.55108,0.643,v4.1,2,5,25
HGNC:6153,ITGB1,147,Neurology,central,29468,73,0.99977,0.396,v4.1,0,9,64
HGNC:14674,PCDH15,126,Audiology,central,19079,3838,8.4349e-24,0.819,v4.1,530,1792,1516
HGNC:27344,TMEM218,478,Fetal (including NIPD),periferico,8266,26,0.12399,1.214,v4.1,4,4,18
HGNC:27344,TMEM218,484,Sin clasificar,periferico,8266,26,0.12399,1.214,v4.1,4,4,18
HGNC:27344,TMEM218,150,Ciliopathies,periferico,8266,26,0.12399,1.214,v4.1,4,4,18
HGNC:27344,TMEM218,722,Ophthalmology,periferico,8266,26,0.12399,1.214,v4.1,4,4,18
HGNC:2901,DLG2,285,Developmental disorders,central,28984,112,0.99976,0.444,v4.1,9,18,85
HGNC:2896,DLAT,112,Mitochondrial,central,8655,391,3.1812e-6,0.759,v4.1,18,192,181
HGNC:2896,DLAT,467,Metabolic,central,8655,391,3.1812e-6,0.759,v4.1,18,192,181
HGNC:2896,DLAT,285,Developmental disorders,central,8655,391,3.1812e-6,0.759,v4.1,18,192,181
HGNC:2896,DLAT,302,Metabolic disorders,central,8655,391,3.1812e-6,0.759,v4.1,18,192,181
HGNC:2896,DLAT,484,Sin clasificar,central,8655,391,3.1812e-6,0.759,v4.1,18,192,181
HGNC:2896,DLAT,192,Neurology and neurodevelopmental disorders,periferico,8655,391,3.1812e-6,0.759,v4.1,18,192,181
HGNC:5986,IL18,111,Viral research,central,5325,15,0.31776,1.867,v4.1,0,8,7
HGNC:9689,PTS,540,Neurology,periferico,4919,361,9.4801e-10,1.695,v4.1,106,165,90
HGNC:25396,FREM2,285,Developmental disorders,periferico,16282,2497,2.3417e-11,0.588,v4.1,132,1202,1163
HGNC:25396,FREM2,156,Renal and urinary tract disorders,periferico,16282,2497,2.3417e-11,0.588,v4.1,132,1202,1163
HGNC:10706,SEC24D,179,Neurology,periferico,12431,608,1.4974e-9,0.766,v4.1,44,313,251
HGNC:10706,SEC24D,168,Musculoskeletal,periferico,12431,608,1.4974e-9,0.766,v4.1,44,313,251
HGNC:10706,SEC24D,196,Musculoskeletal,central,12431,608,1.4974e-9,0.766,v4.1,44,313,251
HGNC:17210,DHX37,9,Endocrinology,periferico,6918,627,0.19775,0.518,v4.1,16,255,356
HGNC:6180,ITPR1,484,Sin clasificar,central,32132,2321,1,0.325,v4.1,128,1073,1120
HGNC:6180,ITPR1,847,Neurology,central,32132,2321,1,0.325,v4.1,128,1073,1120
HGNC:6180,ITPR1,466,Neurology,central,32132,2321,1,0.325,v4.1,128,1073,1120
HGNC:6180,ITPR1,477,Neurology,central,32132,2321,1,0.325,v4.1,128,1073,1120
HGNC:6180,ITPR1,20,Neurology and neurodevelopmental disorders,central,32132,2321,1,0.325,v4.1,128,1073,1120
HGNC:6180,ITPR1,285,Developmental disorders,central,32132,2321,1,0.325,v4.1,128,1073,1120
HGNC:1390,CACNA1C,285,Developmental disorders,central,25634,3755,1,0.186,v4.1,126,1908,1721
HGNC:1390,CACNA1C,484,Sin clasificar,central,25634,3755,1,0.186,v4.1,126,1908,1721
HGNC:1390,CACNA1C,478,Fetal (including NIPD),central,25634,3755,1,0.186,v4.1,126,1908,1721
HGNC:1390,CACNA1C,402,Neurology,central,25634,3755,1,0.186,v4.1,126,1908,1721
HGNC:1390,CACNA1C,308,Endocrinology,periferico,25634,3755,1,0.186,v4.1,126,1908,1721
HGNC:11799,THRB,31,Endocrinology,central,12719,364,0.9992,0.43,v4.1,80,99,185
HGNC:17646,NGLY1,402,Neurology,periferico,14993,921,1.8541e-16,1.008,v4.1,129,440,352
HGNC:17646,NGLY1,467,Metabolic,periferico,14993,921,1.8541e-16,1.008,v4.1,129,440,352
HGNC:17646,NGLY1,302,Metabolic disorders,periferico,14993,921,1.8541e-16,1.008,v4.1,129,440,352
HGNC:17646,NGLY1,285,Developmental disorders,periferico,14993,921,1.8541e-16,1.008,v4.1,129,440,352
HGNC:17646,NGLY1,25,Metabolic,periferico,14993,921,1.8541e-16,1.008,v4.1,129,440,352
HGNC:17646,NGLY1,847,Neurology,periferico,14993,921,1.8541e-16,1.008,v4.1,129,440,352
HGNC:28281,TMEM263,478,Fetal (including NIPD),periferico,7751,11,0.63298,0.929,v4.1,0,0,11
HGNC:13478,UBE3B,285,Developmental disorders,periferico,14130,566,6.4844e-11,0.675,v4.1,73,265,228
HGNC:13478,UBE3B,484,Sin clasificar,periferico,14130,566,6.4844e-11,0.675,v4.1,73,265,228
HGNC:13478,UBE3B,384,Musculoskeletal,periferico,14130,566,6.4844e-11,0.675,v4.1,73,265,228
HGNC:13478,UBE3B,478,Fetal (including NIPD),periferico,14130,566,6.4844e-11,0.675,v4.1,73,265,228
HGNC:13478,UBE3B,81,Musculoskeletal,periferico,14130,566,6.4844e-11,0.675,v4.1,73,265,228
HGNC:494,ANK3,285,Developmental disorders,central,29638,1829,1,0.16,v4.1,30,557,1242
HGNC:2904,DLG5,725,Renal,periferico,11308,320,1,0.333,v4.1,3,50,267
HGNC:29150,DIP2C,484,Sin clasificar,periferico,9962,1051,1,0.235,v4.1,21,599,431
HGNC:29150,DIP2C,478,Fetal (including NIPD),periferico,9962,1051,1,0.235,v4.1,21,599,431
HGNC:19829,FAM177A1,484,Sin clasificar,periferico,12866,54,2.0371e-7,1.32,v4.1,7,7,40
HGNC:19829,FAM177A1,285,Developmental disorders,periferico,12866,54,2.0371e-7,1.32,v4.1,7,7,40
HGNC:19829,FAM177A1,478,Fetal (including NIPD),periferico,12866,54,2.0371e-7,1.32,v4.1,7,7,40
HGNC:3513,EXT2,467,Metabolic,periferico,23678,1035,1.2232e-10,0.775,v4.1,242,321,472
HGNC:3513,EXT2,391,Tumour syndromes,periferico,23678,1035,1.2232e-10,0.775,v4.1,242,321,472
HGNC:3513,EXT2,245,Cancer susceptibility,periferico,23678,1035,1.2232e-10,0.775,v4.1,242,321,472
HGNC:3513,EXT2,302,Metabolic disorders,periferico,23678,1035,1.2232e-10,0.775,v4.1,242,321,472
HGNC:7706,NDUFC2,478,Fetal (including NIPD),periferico,2598,10,0.50949,0.964,v4.1,3,5,2
HGNC:7706,NDUFC2,534,Mitochondrial,periferico,2598,10,0.50949,0.964,v4.1,3,5,2
HGNC:20278,NUBPL,534,Mitochondrial,periferico,11867,291,3.5866e-4,0.896,v4.1,20,108,163
HGNC:20347,VIPAS39,285,Developmental disorders,periferico,7486,371,3.0665e-15,0.87,v4.1,31,173,167
HGNC:20347,VIPAS39,258,Neurology,periferico,7486,371,3.0665e-15,0.87,v4.1,31,173,167
HGNC:20347,VIPAS39,175,Haematological and immunological disorders,periferico,7486,371,3.0665e-15,0.87,v4.1,31,173,167
HGNC:20347,VIPAS39,545,Haematology,periferico,7486,371,3.0665e-15,0.87,v4.1,31,173,167
HGNC:20347,VIPAS39,555,Dermatology,periferico,7486,371,3.0665e-15,0.87,v4.1,31,173,167
HGNC:20347,VIPAS39,106,Renal,periferico,7486,371,3.0665e-15,0.87,v4.1,31,173,167
HGNC:20347,VIPAS39,544,Gastrohepatology,central,7486,371,3.0665e-15,0.87,v4.1,31,173,167
HGNC:25491,FRMD4A,478,Fetal (including NIPD),periferico,14714,238,0.99815,0.456,v4.1,3,56,179
HGNC:9752,QDPR,540,Neurology,periferico,9808,409,4.011e-6,0.984,v4.1,61,224,124
HGNC:9752,QDPR,219,Neurology and neurodevelopmental disorders,central,9808,409,4.011e-6,0.984,v4.1,61,224,124
HGNC:23837,ANO4,285,Developmental disorders,periferico,7197,102,6.4935e-5,0.576,v4.1,7,2,93
HGNC:23837,ANO4,402,Neurology,periferico,7197,102,6.4935e-5,0.576,v4.1,7,2,93
HGNC:18871,MMAA,267,Metabolic disorders,periferico,8522,650,9.3665e-14,1.156,v4.1,142,239,269
HGNC:18871,MMAA,285,Developmental disorders,periferico,8522,650,9.3665e-14,1.156,v4.1,142,239,269
HGNC:18871,MMAA,467,Metabolic,periferico,8522,650,9.3665e-14,1.156,v4.1,142,239,269
HGNC:18871,MMAA,484,Sin clasificar,periferico,8522,650,9.3665e-14,1.156,v4.1,142,239,269
HGNC:18871,MMAA,302,Metabolic disorders,periferico,8522,650,9.3665e-14,1.156,v4.1,142,239,269
HGNC:3179,EDNRA,251,Hearing and ear disorders,periferico,5403,136,0.99908,0.424,v4.1,2,61,73
HGNC:7979,NR3C2,314,Renal and urinary tract disorders,central,14022,467,1,0.268,v4.1,69,127,271
HGNC:195,ADAM17,33,Gastroenterological disorders,periferico,16248,623,0.10138,0.565,v4.1,26,343,254
HGNC:195,ADAM17,176,Gastroenterological disorders,periferico,16248,623,0.10138,0.565,v4.1,26,343,254
HGNC:195,ADAM17,514,Gastrohepatology,periferico,16248,623,0.10138,0.565,v4.1,26,343,254
HGNC:6255,KCNJ1,292,Renal,central,11596,352,3.2536e-9,1.472,v4.1,77,111,164
HGNC:6255,KCNJ1,149,Renal,central,11596,352,3.2536e-9,1.472,v4.1,77,111,164
HGNC:10990,SLC25A4,749,Cardiology,central,6658,304,0.41728,0.687,v4.1,23,120,161
HGNC:10990,SLC25A4,533,Mitochondrial,central,6658,304,0.41728,0.687,v4.1,23,120,161
HGNC:15625,NBAS,544,Gastrohepatology,periferico,21838,2854,2.4930999999999998e-43,0.761,v4.1,246,1423,1185
HGNC:15625,NBAS,111,Viral research,periferico,21838,2854,2.4930999999999998e-43,0.761,v4.1,246,1423,1185
HGNC:15625,NBAS,196,Musculoskeletal,periferico,21838,2854,2.4930999999999998e-43,0.761,v4.1,246,1423,1185
HGNC:15625,NBAS,1471,Endocrinology,periferico,21838,2854,2.4930999999999998e-43,0.761,v4.1,246,1423,1185
HGNC:15625,NBAS,186,Ophthalmology,periferico,21838,2854,2.4930999999999998e-43,0.761,v4.1,246,1423,1185
HGNC:25799,GUF1,402,Neurology,central,12628,485,3.2963e-13,1.537,v4.1,1,167,317
HGNC:10519,SACS,467,Metabolic,periferico,26912,4910,1.0713e-30,0.644,v4.1,997,2269,1644
HGNC:10519,SACS,568,Neurology,periferico,26912,4910,1.0713e-30,0.644,v4.1,997,2269,1644
HGNC:10519,SACS,478,Fetal (including NIPD),periferico,26912,4910,1.0713e-30,0.644,v4.1,997,2269,1644
HGNC:10519,SACS,285,Developmental disorders,periferico,26912,4910,1.0713e-30,0.644,v4.1,997,2269,1644
HGNC:10519,SACS,165,Neurology and neurodevelopmental disorders,periferico,26912,4910,1.0713e-30,0.644,v4.1,997,2269,1644
HGNC:10519,SACS,511,Ophthalmology,periferico,26912,4910,1.0713e-30,0.644,v4.1,997,2269,1644
HGNC:10519,SACS,477,Neurology,periferico,26912,4910,1.0713e-30,0.644,v4.1,997,2269,1644
HGNC:10519,SACS,112,Mitochondrial,periferico,26912,4910,1.0713e-30,0.644,v4.1,997,2269,1644
HGNC:10519,SACS,539,Mitochondrial,periferico,26912,4910,1.0713e-30,0.644,v4.1,997,2269,1644
HGNC:10519,SACS,846,Neurology,periferico,26912,4910,1.0713e-30,0.644,v4.1,997,2269,1644
HGNC:10519,SACS,85,Neurology and neurodevelopmental disorders,periferico,26912,4910,1.0713e-30,0.644,v4.1,997,2269,1644
HGNC:10519,SACS,484,Sin clasificar,periferico,26912,4910,1.0713e-30,0.644,v4.1,997,2269,1644
HGNC:10519,SACS,20,Neurology and neurodevelopmental disorders,periferico,26912,4910,1.0713e-30,0.644,v4.1,997,2269,1644
HGNC:10519,SACS,466,Neurology,periferico,26912,4910,1.0713e-30,0.644,v4.1,997,2269,1644
HGNC:10519,SACS,302,Metabolic disorders,periferico,26912,4910,1.0713e-30,0.644,v4.1,997,2269,1644
HGNC:10519,SACS,847,Neurology,periferico,26912,4910,1.0713e-30,0.644,v4.1,997,2269,1644
HGNC:10519,SACS,567,Neurology,periferico,26912,4910,1.0713e-30,0.644,v4.1,997,2269,1644
HGNC:1090,DST,225,Neurology,periferico,48592,4101,1,0.297,v4.1,199,1506,2396
HGNC:1090,DST,258,Neurology,periferico,48592,4101,1,0.297,v4.1,199,1506,2396
HGNC:1090,DST,846,Neurology,periferico,48592,4101,1,0.297,v4.1,199,1506,2396
HGNC:939,BAG3,749,Cardiology,central,5297,1397,0.92034,0.538,v4.1,166,382,849
HGNC:18971,AP1S3,111,Viral research,periferico,10389,37,0.068273,0.817,v4.1,0,23,14
HGNC:18971,AP1S3,398,Immunology,periferico,10389,37,0.068273,0.817,v4.1,0,23,14
HGNC:773,ASTN1,96,Neurology,periferico,11447,174,1,0.392,v4.1,2,14,158
HGNC:773,ASTN1,285,Developmental disorders,periferico,11447,174,1,0.392,v4.1,2,14,158
HGNC:9647,PTPN14,65,Cardiology,central,21654,247,0.21248,0.523,v4.1,4,92,151
HGNC:25380,TMEM163,484,Sin clasificar,periferico,7020,55,3.6872e-4,1.024,v4.1,4,3,48
HGNC:26768,GPATCH11,285,Developmental disorders,periferico,4790,42,4.4386e-4,1.008,v4.1,4,0,38
HGNC:26768,GPATCH11,307,Ophthalmology,periferico,4790,42,4.4386e-4,1.008,v4.1,4,0,38
HGNC:30171,HSPB8,85,Neurology and neurodevelopmental disorders,central,5055,277,0.051311,0.944,v4.1,17,94,166
HGNC:30171,HSPB8,79,Neurology,central,5055,277,0.051311,0.944,v4.1,17,94,166
HGNC:30171,HSPB8,846,Neurology,central,5055,277,0.051311,0.944,v4.1,17,94,166
HGNC:26798,ARL14EP,285,Developmental disorders,periferico,6779,32,0.025421,0.823,v4.1,1,4,27
HGNC:29331,EPG5,398,Immunology,periferico,22342,2635,1.6929e-14,0.58,v4.1,215,1400,1020
HGNC:29331,EPG5,47,Cardiovascular disorders,periferico,22342,2635,1.6929e-14,0.58,v4.1,215,1400,1020
HGNC:29331,EPG5,111,Viral research,periferico,22342,2635,1.6929e-14,0.58,v4.1,215,1400,1020
HGNC:29331,EPG5,484,Sin clasificar,periferico,22342,2635,1.6929e-14,0.58,v4.1,215,1400,1020
HGNC:29331,EPG5,222,Dysmorphic and congenital abnormality syndromes,periferico,22342,2635,1.6929e-14,0.58,v4.1,215,1400,1020
HGNC:29331,EPG5,81,Musculoskeletal,periferico,22342,2635,1.6929e-14,0.58,v4.1,215,1400,1020
HGNC:29331,EPG5,467,Metabolic,periferico,22342,2635,1.6929e-14,0.58,v4.1,215,1400,1020
HGNC:29331,EPG5,478,Fetal (including NIPD),periferico,22342,2635,1.6929e-14,0.58,v4.1,215,1400,1020
HGNC:29331,EPG5,302,Metabolic disorders,periferico,22342,2635,1.6929e-14,0.58,v4.1,215,1400,1020
HGNC:29331,EPG5,225,Neurology,periferico,22342,2635,1.6929e-14,0.58,v4.1,215,1400,1020
HGNC:29331,EPG5,402,Neurology,periferico,22342,2635,1.6929e-14,0.58,v4.1,215,1400,1020
HGNC:29331,EPG5,749,Cardiology,periferico,22342,2635,1.6929e-14,0.58,v4.1,215,1400,1020
HGNC:823,ATP5A1,467,Metabolic,central,11496,303,0.28545,0.576,v4.1,6,154,143
HGNC:823,ATP5A1,539,Mitochondrial,central,11496,303,0.28545,0.576,v4.1,6,154,143
HGNC:823,ATP5A1,538,Mitochondrial,central,11496,303,0.28545,0.576,v4.1,6,154,143
HGNC:823,ATP5A1,112,Mitochondrial,central,11496,303,0.28545,0.576,v4.1,6,154,143
HGNC:823,ATP5A1,484,Sin clasificar,central,11496,303,0.28545,0.576,v4.1,6,154,143
HGNC:823,ATP5A1,402,Neurology,central,11496,303,0.28545,0.576,v4.1,6,154,143
HGNC:823,ATP5A1,302,Metabolic disorders,central,11496,303,0.28545,0.576,v4.1,6,154,143
HGNC:11640,TCF7L1,483,Endocrinology,periferico,6069,98,0.99574,0.472,v4.1,0,14,84
HGNC:26658,POC5,472,Endocrinology,periferico,3988,382,2.6214e-9,0.995,v4.1,1,132,249
HGNC:26658,POC5,66,Neurology,periferico,3988,382,2.6214e-9,0.995,v4.1,1,132,249
HGNC:26658,POC5,546,Endocrinology,periferico,3988,382,2.6214e-9,0.995,v4.1,1,132,249
HGNC:26658,POC5,1141,Neurology,periferico,3988,382,2.6214e-9,0.995,v4.1,1,132,249
HGNC:26658,POC5,722,Ophthalmology,periferico,3988,382,2.6214e-9,0.995,v4.1,1,132,249
HGNC:12831,XRCC4,309,Musculoskeletal,periferico,12986,183,1.2492e-7,1.032,v4.1,22,70,91
HGNC:17642,DCLRE1C,33,Gastroenterological disorders,periferico,16301,1189,8.1784e-8,0.866,v4.1,191,558,440
HGNC:8877,PFKM,258,Neurology,periferico,13704,1104,9.8978e-10,0.774,v4.1,134,673,297
HGNC:8877,PFKM,302,Metabolic disorders,central,13704,1104,9.8978e-10,0.774,v4.1,134,673,297
HGNC:8877,PFKM,467,Metabolic,central,13704,1104,9.8978e-10,0.774,v4.1,134,673,297
HGNC:8877,PFKM,185,Neurology,periferico,13704,1104,9.8978e-10,0.774,v4.1,134,673,297
HGNC:4574,GRIA4,285,Developmental disorders,central,15010,268,0.9993,0.412,v4.1,11,43,214
HGNC:4574,GRIA4,402,Neurology,central,15010,268,0.9993,0.412,v4.1,11,43,214
HGNC:3054,DSPP,126,Audiology,periferico,4331,775,1.3084e-9,1.271,v4.1,60,288,427
HGNC:2932,DMP1,484,Sin clasificar,periferico,3066,307,0.0022589,1.209,v4.1,18,97,192
HGNC:26404,NADK2,478,Fetal (including NIPD),periferico,6236,304,2.0479e-5,0.927,v4.1,3,156,145
HGNC:26404,NADK2,539,Mitochondrial,periferico,6236,304,2.0479e-5,0.927,v4.1,3,156,145
HGNC:26404,NADK2,467,Metabolic,periferico,6236,304,2.0479e-5,0.927,v4.1,3,156,145
HGNC:26404,NADK2,112,Mitochondrial,periferico,6236,304,2.0479e-5,0.927,v4.1,3,156,145
HGNC:4274,GJA1,65,Cardiology,periferico,3559,371,0.96386,0.522,v4.1,61,83,227
HGNC:4274,GJA1,250,Ophthalmological disorders,central,3559,371,0.96386,0.522,v4.1,61,83,227
HGNC:4274,GJA1,309,Musculoskeletal,central,3559,371,0.96386,0.522,v4.1,61,83,227
HGNC:4274,GJA1,478,Fetal (including NIPD),central,3559,371,0.96386,0.522,v4.1,61,83,227
HGNC:4274,GJA1,567,Neurology,periferico,3559,371,0.96386,0.522,v4.1,61,83,227
HGNC:4274,GJA1,484,Sin clasificar,central,3559,371,0.96386,0.522,v4.1,61,83,227
HGNC:4274,GJA1,249,Ophthalmological disorders,periferico,3559,371,0.96386,0.522,v4.1,61,83,227
HGNC:18576,CCNO,178,Ciliopathies,central,1778,271,3.3991e-10,1.698,v4.1,40,111,120
HGNC:10535,SAR1B,467,Metabolic,periferico,12612,181,3.1009e-4,1.105,v4.1,24,99,58
HGNC:10535,SAR1B,302,Metabolic disorders,periferico,12612,181,3.1009e-4,1.105,v4.1,24,99,58
HGNC:23094,SLC16A12,250,Ophthalmological disorders,periferico,6338,146,0.16019,0.623,v4.1,3,34,109
HGNC:5037,HNRNPDL,185,Neurology,periferico,6081,495,0.68675,0.575,v4.1,3,203,289
HGNC:4593,GRM1,285,Developmental disorders,central,7411,442,0.99997,0.417,v4.1,15,190,237
HGNC:4593,GRM1,484,Sin clasificar,central,7411,442,0.99997,0.417,v4.1,15,190,237
HGNC:4249,GGPS1,126,Audiology,periferico,5909,38,0.053041,1.016,v4.1,4,0,34
HGNC:4249,GGPS1,155,Endocrine disorders,periferico,5909,38,0.053041,1.016,v4.1,4,0,34
HGNC:4249,GGPS1,1471,Endocrinology,periferico,5909,38,0.053041,1.016,v4.1,4,0,34
HGNC:9082,PLOD2,309,Musculoskeletal,central,15562,530,6.8068e-7,1.209,v4.1,39,237,254
HGNC:26460,JAKMIP1,285,Developmental disorders,periferico,15553,82,1,0.391,v4.1,1,22,59
HGNC:26460,JAKMIP1,402,Neurology,periferico,15553,82,1,0.391,v4.1,1,22,59
HGNC:10664,CWC27,307,Ophthalmology,periferico,49554,411,4.1569e-6,1.181,v4.1,45,189,177
HGNC:19988,ANAPC1,553,Dermatology,periferico,15542,277,1,0.273,v4.1,3,55,219
HGNC:19988,ANAPC1,136,Dermatological disorders,periferico,15542,277,1,0.273,v4.1,3,55,219
HGNC:1515,CAST,555,Dermatology,periferico,21263,266,6.0475e-5,1.208,v4.1,14,144,108
HGNC:1515,CAST,215,Dermatological disorders,periferico,21263,266,6.0475e-5,1.208,v4.1,14,144,108
HGNC:1515,CAST,554,Dermatology,periferico,21263,266,6.0475e-5,1.208,v4.1,14,144,108
HGNC:1515,CAST,556,Dermatology,periferico,21263,266,6.0475e-5,1.208,v4.1,14,144,108
HGNC:11101,SMARCA5,285,Developmental disorders,central,8749,137,1,0.222,v4.1,9,10,118
HGNC:21537,SYCP2L,155,Endocrine disorders,periferico,4383,114,9.9003e-22,0.94,v4.1,5,17,92
HGNC:5048,HNRNPU,478,Fetal (including NIPD),central,22526,1229,1,0.111,v4.1,201,604,424
HGNC:5048,HNRNPU,285,Developmental disorders,central,22526,1229,1,0.111,v4.1,201,604,424
HGNC:5048,HNRNPU,484,Sin clasificar,central,22526,1229,1,0.111,v4.1,201,604,424
HGNC:9848,RANBP2,402,Neurology,central,28083,1300,1,0.231,v4.1,6,381,913
HGNC:10590,SCN3A,96,Neurology,periferico,12382,2107,1,0.348,v4.1,39,800,1268
HGNC:16892,CD96,478,Fetal (including NIPD),periferico,7589,194,3.8083e-4,1.16,v4.1,5,58,131
HGNC:16892,CD96,285,Developmental disorders,periferico,7589,194,3.8083e-4,1.16,v4.1,5,58,131
HGNC:20218,TMEM251,258,Neurology,periferico,2739,30,0.049507,0.948,v4.1,4,2,24
HGNC:20218,TMEM251,168,Musculoskeletal,periferico,2739,30,0.049507,0.948,v4.1,4,2,24
HGNC:20218,TMEM251,467,Metabolic,periferico,2739,30,0.049507,0.948,v4.1,4,2,24
HGNC:20218,TMEM251,484,Sin clasificar,periferico,2739,30,0.049507,0.948,v4.1,4,2,24
HGNC:20218,TMEM251,309,Musculoskeletal,periferico,2739,30,0.049507,0.948,v4.1,4,2,24
HGNC:20218,TMEM251,478,Fetal (including NIPD),periferico,2739,30,0.049507,0.948,v4.1,4,2,24
HGNC:1706,CD8A,398,Immunology,central,4131,212,2.5309e-9,1.496,v4.1,2,119,91
HGNC:1706,CD8A,111,Viral research,central,4131,212,2.5309e-9,1.496,v4.1,2,119,91
HGNC:10297,RPIA,302,Metabolic disorders,central,2078,138,3.0875e-7,1.019,v4.1,10,47,81
HGNC:12306,TRIP12,484,Sin clasificar,central,18819,680,1,0.145,v4.1,115,135,430
HGNC:12306,TRIP12,285,Developmental disorders,central,18819,680,1,0.145,v4.1,115,135,430
HGNC:12306,TRIP12,478,Fetal (including NIPD),central,18819,680,1,0.145,v4.1,115,135,430
HGNC:18712,LGI4,484,Sin clasificar,periferico,4748,155,5.8785e-12,1.255,v4.1,19,50,86
HGNC:18712,LGI4,478,Fetal (including NIPD),periferico,4748,155,5.8785e-12,1.255,v4.1,19,50,86
HGNC:1915,CHD1,285,Developmental disorders,central,11845,458,1,0.207,v4.1,13,67,378
HGNC:1915,CHD1,484,Sin clasificar,central,11845,458,1,0.207,v4.1,13,67,378
HGNC:2852,DGKE,139,Renal,central,11902,346,1.2614e-13,0.995,v4.1,61,136,149
HGNC:5193,HS2ST1,234,Renal and urinary tract disorders,periferico,9396,58,0.22814,0.683,v4.1,6,10,42
HGNC:5193,HS2ST1,285,Developmental disorders,periferico,9396,58,0.22814,0.683,v4.1,6,10,42
HGNC:5193,HS2ST1,78,Neurology,periferico,9396,58,0.22814,0.683,v4.1,6,10,42
HGNC:5193,HS2ST1,467,Metabolic,periferico,9396,58,0.22814,0.683,v4.1,6,10,42
HGNC:5193,HS2ST1,484,Sin clasificar,periferico,9396,58,0.22814,0.683,v4.1,6,10,42
HGNC:5193,HS2ST1,478,Fetal (including NIPD),periferico,9396,58,0.22814,0.683,v4.1,6,10,42
HGNC:1399,CACNA2D1,402,Neurology,central,20369,1131,0.99947,0.437,v4.1,4,684,443
HGNC:10726,SEMA3D,63,Gastroenterological disorders,periferico,8786,268,4.5468e-10,1.074,v4.1,1,98,169
HGNC:30539,DNAAF1,178,Ciliopathies,periferico,8340,755,3.4027e-21,1.135,v4.1,62,306,387
HGNC:15492,ANKH,943,Musculoskeletal,periferico,15633,534,0.99706,0.463,v4.1,14,262,258
HGNC:25118,OTULIN,546,Endocrinology,periferico,12561,282,0.14159,0.667,v4.1,13,142,127
HGNC:25118,OTULIN,33,Gastroenterological disorders,periferico,12561,282,0.14159,0.667,v4.1,13,142,127
HGNC:25118,OTULIN,60,Rheumatological disorders,periferico,12561,282,0.14159,0.667,v4.1,13,142,127
HGNC:25118,OTULIN,176,Gastroenterological disorders,periferico,12561,282,0.14159,0.667,v4.1,13,142,127
HGNC:17985,ROBO4,484,Sin clasificar,periferico,6690,293,4.498899999999999e-21,0.913,v4.1,16,54,223
HGNC:25964,RETREG1,288,Neurology and neurodevelopmental disorders,central,15542,525,3.8399e-5,0.843,v4.1,25,213,287
HGNC:25964,RETREG1,484,Sin clasificar,periferico,15542,525,3.8399e-5,0.843,v4.1,25,213,287
HGNC:25964,RETREG1,7,Sin clasificar,central,15542,525,3.8399e-5,0.843,v4.1,25,213,287
HGNC:23752,CERS3,478,Fetal (including NIPD),periferico,5130,155,8.6441e-8,1.14,v4.1,20,82,53
HGNC:12513,UCHL1,567,Neurology,periferico,2352,228,0.99978,0.344,v4.1,26,116,86
HGNC:12513,UCHL1,846,Neurology,central,2352,228,0.99978,0.344,v4.1,26,116,86
HGNC:12513,UCHL1,477,Neurology,central,2352,228,0.99978,0.344,v4.1,26,116,86
HGNC:12513,UCHL1,186,Ophthalmology,periferico,2352,228,0.99978,0.344,v4.1,26,116,86
HGNC:30765,TNIK,285,Developmental disorders,periferico,15969,190,1,0.338,v4.1,1,59,130
HGNC:15719,OBSCN,66,Neurology,periferico,39586,5948,4.866e-246,1.007,v4.1,64,2593,3291
HGNC:15719,OBSCN,1141,Neurology,periferico,39586,5948,4.866e-246,1.007,v4.1,64,2593,3291
HGNC:14357,MMP21,549,Respiratory,periferico,3575,173,4.2098e-14,1.22,v4.1,24,31,118
HGNC:14357,MMP21,478,Fetal (including NIPD),periferico,3575,173,4.2098e-14,1.22,v4.1,24,31,118
HGNC:14357,MMP21,484,Sin clasificar,periferico,3575,173,4.2098e-14,1.22,v4.1,24,31,118
HGNC:14357,MMP21,212,Cardiovascular disorders,periferico,3575,173,4.2098e-14,1.22,v4.1,24,31,118
HGNC:843,ATP5G3,467,Metabolic,central,7227,26,0.33191,0.851,v4.1,3,6,17
HGNC:14686,JAM2,474,Neurology,periferico,8347,71,0.093811,0.93,v4.1,8,25,38
HGNC:14686,JAM2,477,Neurology,periferico,8347,71,0.093811,0.93,v4.1,8,25,38
HGNC:14686,JAM2,315,Neurology and neurodevelopmental disorders,periferico,8347,71,0.093811,0.93,v4.1,8,25,38
HGNC:14686,JAM2,466,Neurology,periferico,8347,71,0.093811,0.93,v4.1,8,25,38
HGNC:14686,JAM2,476,Neurology,periferico,8347,71,0.093811,0.93,v4.1,8,25,38
HGNC:847,ATP5J,538,Mitochondrial,periferico,12349,14,0.029337,1.118,v4.1,0,1,13
HGNC:28422,TSEN2,286,Neurology and neurodevelopmental disorders,central,14384,357,7.6736e-17,1.212,v4.1,27,156,174
HGNC:28422,TSEN2,484,Sin clasificar,periferico,14384,357,7.6736e-17,1.212,v4.1,27,156,174
HGNC:28422,TSEN2,478,Fetal (including NIPD),periferico,14384,357,7.6736e-17,1.212,v4.1,27,156,174
HGNC:12786,WNT7A,247,Dysmorphic and congenital abnormality syndromes,periferico,4663,130,0.0030533,0.807,v4.1,9,56,65
HGNC:12786,WNT7A,309,Musculoskeletal,central,4663,130,0.0030533,0.807,v4.1,9,56,65
HGNC:12786,WNT7A,384,Musculoskeletal,central,4663,130,0.0030533,0.807,v4.1,9,56,65
HGNC:12816,XPC,77,Dermatology,central,6229,1150,1.2517e-20,1.023,v4.1,221,674,255
HGNC:27310,FLCN,1,Cardiovascular disorders,periferico,11527,3005,0.9891,0.487,v4.1,513,1027,1465
HGNC:27310,FLCN,105,Respiratory,periferico,11527,3005,0.9891,0.487,v4.1,513,1027,1465
HGNC:27310,FLCN,283,Renal,periferico,11527,3005,0.9891,0.487,v4.1,513,1027,1465
HGNC:27310,FLCN,154,Cancer Programme,central,11527,3005,0.9891,0.487,v4.1,513,1027,1465
HGNC:27310,FLCN,521,Inherited cancer,central,11527,3005,0.9891,0.487,v4.1,513,1027,1465
HGNC:15718,APCDD1,553,Dermatology,central,5983,166,0.59395,0.586,v4.1,1,59,106
HGNC:26270,PIEZO2,53,Musculoskeletal,periferico,25761,1481,2.1757e-15,0.563,v4.1,142,576,763
HGNC:26270,PIEZO2,225,Neurology,periferico,25761,1481,2.1757e-15,0.563,v4.1,142,576,763
HGNC:20582,CYP2U1,315,Neurology and neurodevelopmental disorders,periferico,7083,356,4.9537e-8,0.98,v4.1,51,114,191
HGNC:20582,CYP2U1,478,Fetal (including NIPD),periferico,7083,356,4.9537e-8,0.98,v4.1,51,114,191
HGNC:30031,PI4K2A,285,Developmental disorders,periferico,5000,48,0.052505,0.682,v4.1,3,0,45
HGNC:30031,PI4K2A,402,Neurology,periferico,5000,48,0.052505,0.682,v4.1,3,0,45
HGNC:26087,HEATR3,384,Musculoskeletal,periferico,8546,95,4.2572e-14,1.157,v4.1,6,11,78
HGNC:26087,HEATR3,518,Haematology,periferico,8546,95,4.2572e-14,1.157,v4.1,6,11,78
HGNC:26087,HEATR3,309,Musculoskeletal,periferico,8546,95,4.2572e-14,1.157,v4.1,6,11,78
HGNC:26087,HEATR3,285,Developmental disorders,periferico,8546,95,4.2572e-14,1.157,v4.1,6,11,78
HGNC:8526,OXA1L,539,Mitochondrial,central,7829,98,9.4745e-11,1.022,v4.1,2,18,78
HGNC:8526,OXA1L,537,Mitochondrial,central,7829,98,9.4745e-11,1.022,v4.1,2,18,78
HGNC:8526,OXA1L,112,Mitochondrial,central,7829,98,9.4745e-11,1.022,v4.1,2,18,78
HGNC:11065,SLC7A7,467,Metabolic,periferico,5399,896,1.3733e-10,1.007,v4.1,158,417,321
HGNC:11065,SLC7A7,111,Viral research,periferico,5399,896,1.3733e-10,1.007,v4.1,158,417,321
HGNC:11065,SLC7A7,200,Respiratory disorders,periferico,5399,896,1.3733e-10,1.007,v4.1,158,417,321
HGNC:11065,SLC7A7,267,Metabolic disorders,periferico,5399,896,1.3733e-10,1.007,v4.1,158,417,321
HGNC:11065,SLC7A7,398,Immunology,periferico,5399,896,1.3733e-10,1.007,v4.1,158,417,321
HGNC:11065,SLC7A7,302,Metabolic disorders,periferico,5399,896,1.3733e-10,1.007,v4.1,158,417,321
HGNC:11065,SLC7A7,1638,Respiratory,periferico,5399,896,1.3733e-10,1.007,v4.1,158,417,321
HGNC:4571,GRIA1,484,Sin clasificar,central,7808,243,0.99957,0.448,v4.1,8,59,176
HGNC:4571,GRIA1,285,Developmental disorders,central,7808,243,0.99957,0.448,v4.1,8,59,176
HGNC:12403,TTN,478,Fetal (including NIPD),central,119074,39672,1.3925000000000001e-89,0.479,v4.1,5926,17351,16395
HGNC:12403,TTN,484,Sin clasificar,central,119074,39672,1.3925000000000001e-89,0.479,v4.1,5926,17351,16395
HGNC:12403,TTN,749,Cardiology,central,119074,39672,1.3925000000000001e-89,0.479,v4.1,5926,17351,16395
HGNC:12403,TTN,258,Neurology,central,119074,39672,1.3925000000000001e-89,0.479,v4.1,5926,17351,16395
HGNC:12403,TTN,185,Neurology,central,119074,39672,1.3925000000000001e-89,0.479,v4.1,5926,17351,16395
HGNC:12403,TTN,652,Cardiology,central,119074,39672,1.3925000000000001e-89,0.479,v4.1,5926,17351,16395
HGNC:12403,TTN,235,Neurology,central,119074,39672,1.3925000000000001e-89,0.479,v4.1,5926,17351,16395
HGNC:12403,TTN,225,Neurology,central,119074,39672,1.3925000000000001e-89,0.479,v4.1,5926,17351,16395
HGNC:16378,OTOA,126,Audiology,central,7640,783,8.5242e-16,0.822,v4.1,91,437,255
HGNC:14432,TMEM237,285,Developmental disorders,periferico,8080,526,1.0116e-14,1.318,v4.1,44,203,279
HGNC:14432,TMEM237,484,Sin clasificar,periferico,8080,526,1.0116e-14,1.318,v4.1,44,203,279
HGNC:14074,FMN2,285,Developmental disorders,periferico,18448,613,0.51243,0.51,v4.1,19,340,254
HGNC:14074,FMN2,484,Sin clasificar,periferico,18448,613,0.51243,0.51,v4.1,19,340,254
HGNC:10994,SLC26A2,309,Musculoskeletal,central,11269,947,3.7099e-11,1.091,v4.1,242,318,387
HGNC:30860,LSM11,478,Fetal (including NIPD),periferico,6573,90,0.0021227,0.93,v4.1,1,15,74
HGNC:21176,RMND1,402,Neurology,periferico,11595,368,0.017418,0.851,v4.1,52,163,153
HGNC:21176,RMND1,1537,Renal,periferico,11595,368,0.017418,0.851,v4.1,52,163,153
HGNC:21176,RMND1,478,Fetal (including NIPD),periferico,11595,368,0.017418,0.851,v4.1,52,163,153
HGNC:21176,RMND1,292,Renal,periferico,11595,368,0.017418,0.851,v4.1,52,163,153
HGNC:21176,RMND1,484,Sin clasificar,periferico,11595,368,0.017418,0.851,v4.1,52,163,153
HGNC:16499,RAB39B,180,Neurology and neurodevelopmental disorders,periferico,3453,225,0.82529,0.52,v2.1.1,123,30,72
HGNC:18708,GRIP1,251,Hearing and ear disorders,periferico,7135,832,0.99999,0.415,v4.1,31,510,291
HGNC:18708,GRIP1,156,Renal and urinary tract disorders,periferico,7135,832,0.99999,0.415,v4.1,31,510,291
HGNC:18708,GRIP1,384,Musculoskeletal,periferico,7135,832,0.99999,0.415,v4.1,31,510,291
HGNC:6323,KIF5A,846,Neurology,central,12258,1509,1,0.315,v4.1,98,716,695
HGNC:6323,KIF5A,484,Sin clasificar,central,12258,1509,1,0.315,v4.1,98,716,695
HGNC:6323,KIF5A,285,Developmental disorders,central,12258,1509,1,0.315,v4.1,98,716,695
HGNC:6323,KIF5A,165,Neurology and neurodevelopmental disorders,central,12258,1509,1,0.315,v4.1,98,716,695
HGNC:6323,KIF5A,263,Neurology and neurodevelopmental disorders,central,12258,1509,1,0.315,v4.1,98,716,695
HGNC:6323,KIF5A,567,Neurology,central,12258,1509,1,0.315,v4.1,98,716,695
HGNC:6323,KIF5A,568,Neurology,central,12258,1509,1,0.315,v4.1,98,716,695
HGNC:6323,KIF5A,474,Neurology,central,12258,1509,1,0.315,v4.1,98,716,695
HGNC:6323,KIF5A,85,Neurology and neurodevelopmental disorders,central,12258,1509,1,0.315,v4.1,98,716,695
HGNC:4382,GNA14,564,Dermatology,periferico,3624,59,2.6525e-14,1.512,v4.1,1,3,55
HGNC:4390,GNAQ,402,Neurology,central,11307,58,0.5787,0.818,v4.1,8,33,17
HGNC:4390,GNAQ,484,Sin clasificar,central,11307,58,0.5787,0.818,v4.1,8,33,17
HGNC:257,ADK,544,Gastrohepatology,periferico,13692,177,2.1733e-4,0.893,v4.1,13,86,78
HGNC:257,ADK,385,Gastroenterological disorders,periferico,13692,177,2.1733e-4,0.893,v4.1,13,86,78
HGNC:6284,KCNMA1,90,Neurology and neurodevelopmental disorders,central,39978,1528,1,0.331,v4.1,49,686,793
HGNC:219,ADAMTS3,514,Gastrohepatology,periferico,10548,225,1.2131e-9,0.67,v4.1,3,46,176
HGNC:219,ADAMTS3,65,Cardiology,periferico,10548,225,1.2131e-9,0.67,v4.1,3,46,176
HGNC:449,ALX3,81,Musculoskeletal,periferico,1981,99,7.4098e-5,1.051,v4.1,10,23,66
HGNC:449,ALX3,285,Developmental disorders,periferico,1981,99,7.4098e-5,1.051,v4.1,10,23,66
HGNC:449,ALX3,309,Musculoskeletal,periferico,1981,99,7.4098e-5,1.051,v4.1,10,23,66
HGNC:28625,NDUFAF6,534,Mitochondrial,central,19378,294,4.3013e-15,1.566,v4.1,36,129,129
HGNC:27232,C8orf37,543,Ophthalmology,central,5306,270,1.7648e-5,1.642,v4.1,27,85,158
HGNC:27232,C8orf37,307,Ophthalmology,central,5306,270,1.7648e-5,1.642,v4.1,27,85,158
HGNC:1623,CCT8,285,Developmental disorders,central,5078,76,1,0.287,v4.1,0,4,72
HGNC:1623,CCT8,478,Fetal (including NIPD),central,5078,76,1,0.287,v4.1,0,4,72
HGNC:11854,TSPAN7,285,Developmental disorders,periferico,3670,136,0.74577,0.535,v2.1.1,78,13,45
HGNC:11854,TSPAN7,484,Sin clasificar,periferico,3670,136,0.74577,0.535,v2.1.1,78,13,45
HGNC:19304,SCAF4,478,Fetal (including NIPD),periferico,9552,341,1,0.285,v4.1,45,55,241
HGNC:19304,SCAF4,476,Neurology,periferico,9552,341,1,0.285,v4.1,45,55,241
HGNC:19304,SCAF4,484,Sin clasificar,periferico,9552,341,1,0.285,v4.1,45,55,241
HGNC:19304,SCAF4,402,Neurology,periferico,9552,341,1,0.285,v4.1,45,55,241
HGNC:19304,SCAF4,285,Developmental disorders,periferico,9552,341,1,0.285,v4.1,45,55,241
HGNC:10295,RPGR,178,Ciliopathies,central,8571,1895,0.99804,0.21,v2.1.1,804,477,614
HGNC:10295,RPGR,307,Ophthalmology,central,8571,1895,0.99804,0.21,v2.1.1,804,477,614
HGNC:21420,CDK20,81,Musculoskeletal,periferico,7402,123,1.4576e-14,1.342,v4.1,0,33,90
HGNC:21420,CDK20,179,Neurology,periferico,7402,123,1.4576e-14,1.342,v4.1,0,33,90
HGNC:21420,CDK20,285,Developmental disorders,periferico,7402,123,1.4576e-14,1.342,v4.1,0,33,90
HGNC:4221,GDF6,307,Ophthalmology,periferico,3719,498,0.99958,0.342,v4.1,5,203,290
HGNC:9587,PTDSS1,484,Sin clasificar,periferico,7593,261,5.0589e-8,0.776,v4.1,8,142,111
HGNC:9587,PTDSS1,478,Fetal (including NIPD),periferico,7593,261,5.0589e-8,0.776,v4.1,8,142,111
HGNC:9587,PTDSS1,309,Musculoskeletal,periferico,7593,261,5.0589e-8,0.776,v4.1,8,142,111
HGNC:9587,PTDSS1,285,Developmental disorders,periferico,7593,261,5.0589e-8,0.776,v4.1,8,142,111
HGNC:11471,SUPV3L1,112,Mitochondrial,periferico,4614,104,0.064492,0.587,v4.1,0,6,98
HGNC:4922,HK1,186,Ophthalmology,periferico,10525,838,1,0.387,v4.1,38,353,447
HGNC:4922,HK1,308,Endocrinology,periferico,10525,838,1,0.387,v4.1,38,353,447
HGNC:18145,PHF6,130,Endocrinology,periferico,17061,352,0.99784,0.166,v2.1.1,142,98,112
HGNC:18145,PHF6,285,Developmental disorders,central,17061,352,0.99784,0.166,v2.1.1,142,98,112
HGNC:17582,KAT6B,258,Neurology,periferico,32801,1773,1,0.098,v4.1,180,676,917
HGNC:8768,AIFM1,467,Metabolic,central,13129,587,0.99795,0.234,v2.1.1,47,266,274
HGNC:8768,AIFM1,126,Audiology,central,13129,587,0.99795,0.234,v2.1.1,47,266,274
HGNC:8931,PHKG2,302,Metabolic disorders,periferico,8557,425,5.9391e-7,0.876,v4.1,55,233,137
HGNC:2279,COX6A2,537,Mitochondrial,periferico,546,28,2.7357e-4,1.913,v4.1,1,2,25
HGNC:12874,ZIC3,212,Cardiovascular disorders,central,7689,287,0.92495,0.361,v2.1.1,130,49,108
HGNC:12874,ZIC3,247,Dysmorphic and congenital abnormality syndromes,periferico,7689,287,0.92495,0.361,v2.1.1,130,49,108
HGNC:12874,ZIC3,101,Dysmorphic and congenital abnormality syndromes,periferico,7689,287,0.92495,0.361,v2.1.1,130,49,108
HGNC:12874,ZIC3,179,Neurology,periferico,7689,287,0.92495,0.361,v2.1.1,130,49,108
HGNC:1149,BUB1B,484,Sin clasificar,central,4810,2457,2.5766e-14,0.707,v4.1,84,844,1529
HGNC:1149,BUB1B,285,Developmental disorders,central,4810,2457,2.5766e-14,0.707,v4.1,84,844,1529
HGNC:1149,BUB1B,217,Cancer Programme,periferico,4810,2457,2.5766e-14,0.707,v4.1,84,844,1529
HGNC:1149,BUB1B,162,Neurology,central,4810,2457,2.5766e-14,0.707,v4.1,84,844,1529
HGNC:1149,BUB1B,478,Fetal (including NIPD),central,4810,2457,2.5766e-14,0.707,v4.1,84,844,1529
HGNC:1149,BUB1B,1637,Inherited cancer,periferico,4810,2457,2.5766e-14,0.707,v4.1,84,844,1529
HGNC:1149,BUB1B,155,Endocrine disorders,periferico,4810,2457,2.5766e-14,0.707,v4.1,84,844,1529
HGNC:1149,BUB1B,290,Tumour syndromes,periferico,4810,2457,2.5766e-14,0.707,v4.1,84,844,1529
HGNC:3284,EIF4A2,484,Sin clasificar,central,6134,104,1,0.298,v4.1,18,14,72
HGNC:3284,EIF4A2,478,Fetal (including NIPD),central,6134,104,1,0.298,v4.1,18,14,72
HGNC:3284,EIF4A2,402,Neurology,central,6134,104,1,0.298,v4.1,18,14,72
HGNC:3284,EIF4A2,285,Developmental disorders,central,6134,104,1,0.298,v4.1,18,14,72
HGNC:14255,BRPF1,509,Ophthalmology,periferico,8632,535,1,0.205,v4.1,123,101,311
HGNC:16789,NMNAT2,478,Fetal (including NIPD),periferico,9868,27,0.98409,0.494,v4.1,2,0,25
HGNC:11042,SLC6A1,402,Neurology,central,18261,1054,1,0.153,v4.1,209,456,389
HGNC:11042,SLC6A1,285,Developmental disorders,central,18261,1054,1,0.153,v4.1,209,456,389
HGNC:30372,KLHL40,258,Neurology,central,5609,593,8.4364e-13,1.128,v4.1,47,226,320
HGNC:30372,KLHL40,225,Neurology,central,5609,593,8.4364e-13,1.128,v4.1,47,226,320
HGNC:2330,CPT2,267,Metabolic disorders,central,10444,1149,1.9677e-9,1.038,v4.1,228,438,483
HGNC:2330,CPT2,1141,Neurology,central,10444,1149,1.9677e-9,1.038,v4.1,228,438,483
HGNC:2330,CPT2,111,Viral research,periferico,10444,1149,1.9677e-9,1.038,v4.1,228,438,483
HGNC:2330,CPT2,66,Neurology,central,10444,1149,1.9677e-9,1.038,v4.1,228,438,483
HGNC:29941,GATAD1,47,Cardiovascular disorders,periferico,6371,315,0.055194,1.789,v4.1,2,139,174
HGNC:29500,FUK,25,Metabolic,periferico,7868,666,4.9947999999999995e-43,1.254,v4.1,7,231,428
HGNC:29500,FUK,484,Sin clasificar,periferico,7868,666,4.9947999999999995e-43,1.254,v4.1,7,231,428
HGNC:29500,FUK,285,Developmental disorders,periferico,7868,666,4.9947999999999995e-43,1.254,v4.1,7,231,428
HGNC:1391,CACNA1D,308,Endocrinology,periferico,19329,2637,1,0.253,v4.1,22,1260,1355
HGNC:1391,CACNA1D,402,Neurology,central,19329,2637,1,0.253,v4.1,22,1260,1355
HGNC:719,ARSE,559,Dermatology,periferico,6091,481,0.58982,0.492,v2.1.1,43,297,141
HGNC:719,ARSE,478,Fetal (including NIPD),periferico,6091,481,0.58982,0.492,v2.1.1,43,297,141
HGNC:719,ARSE,114,Metabolic disorders,periferico,6091,481,0.58982,0.492,v2.1.1,43,297,141
HGNC:719,ARSE,556,Dermatology,periferico,6091,481,0.58982,0.492,v2.1.1,43,297,141
HGNC:719,ARSE,384,Musculoskeletal,periferico,6091,481,0.58982,0.492,v2.1.1,43,297,141
HGNC:719,ARSE,302,Metabolic disorders,periferico,6091,481,0.58982,0.492,v2.1.1,43,297,141
HGNC:6342,KIT,484,Sin clasificar,central,11434,3450,1,0.24,v4.1,123,1442,1885
HGNC:6342,KIT,565,Dermatology,central,11434,3450,1,0.24,v4.1,123,1442,1885
HGNC:6342,KIT,559,Dermatology,central,11434,3450,1,0.24,v4.1,123,1442,1885
HGNC:19368,HYDIN,178,Ciliopathies,central,28715,629,4.5235e-8,0.555,v4.1,79,201,349
HGNC:19368,HYDIN,550,Respiratory,central,28715,629,4.5235e-8,0.555,v4.1,79,201,349
HGNC:7599,MYO1E,106,Renal,central,14838,655,1.7342e-4,0.557,v4.1,30,295,330
HGNC:3091,DYRK1A,402,Neurology,central,28229,1210,1,0.172,v4.1,305,480,425
HGNC:3091,DYRK1A,285,Developmental disorders,central,28229,1210,1,0.172,v4.1,305,480,425
HGNC:3091,DYRK1A,307,Ophthalmology,periferico,28229,1210,1,0.172,v4.1,305,480,425
HGNC:3091,DYRK1A,484,Sin clasificar,central,28229,1210,1,0.172,v4.1,305,480,425
HGNC:3091,DYRK1A,230,Ophthalmology,periferico,28229,1210,1,0.172,v4.1,305,480,425
HGNC:6267,KCNJ6,546,Endocrinology,periferico,21150,136,0.98916,0.482,v4.1,4,56,76
HGNC:3446,ERG,65,Cardiology,periferico,9681,54,1,0.234,v4.1,3,3,48
HGNC:16872,SLC35B2,476,Neurology,periferico,2456,97,0.012373,0.709,v4.1,3,7,87
HGNC:16872,SLC35B2,285,Developmental disorders,periferico,2456,97,0.012373,0.709,v4.1,3,7,87
HGNC:1097,BRAF,1471,Endocrinology,central,27421,1536,1,0.237,v4.1,130,672,734
HGNC:1097,BRAF,478,Fetal (including NIPD),central,27421,1536,1,0.237,v4.1,130,672,734
HGNC:1097,BRAF,243,Cancer susceptibility,central,27421,1536,1,0.237,v4.1,130,672,734
HGNC:1097,BRAF,245,Cancer susceptibility,central,27421,1536,1,0.237,v4.1,130,672,734
HGNC:1097,BRAF,65,Cardiology,central,27421,1536,1,0.237,v4.1,130,672,734
HGNC:1097,BRAF,285,Developmental disorders,central,27421,1536,1,0.237,v4.1,130,672,734
HGNC:1097,BRAF,749,Cardiology,central,27421,1536,1,0.237,v4.1,130,672,734
HGNC:1097,BRAF,402,Neurology,central,27421,1536,1,0.237,v4.1,130,672,734
HGNC:1097,BRAF,168,Musculoskeletal,central,27421,1536,1,0.237,v4.1,130,672,734
HGNC:1097,BRAF,559,Dermatology,central,27421,1536,1,0.237,v4.1,130,672,734
HGNC:1097,BRAF,484,Sin clasificar,central,27421,1536,1,0.237,v4.1,130,672,734
HGNC:1097,BRAF,131,Endocrine disorders,central,27421,1536,1,0.237,v4.1,130,672,734
HGNC:1097,BRAF,483,Endocrinology,periferico,27421,1536,1,0.237,v4.1,130,672,734
HGNC:1097,BRAF,144,Dysmorphic and congenital abnormality syndromes,central,27421,1536,1,0.237,v4.1,130,672,734
HGNC:319,ACAN,1471,Endocrinology,periferico,10923,1723,1,0.377,v4.1,213,543,967
HGNC:319,ACAN,484,Sin clasificar,central,10923,1723,1,0.377,v4.1,213,543,967
HGNC:319,ACAN,309,Musculoskeletal,central,10923,1723,1,0.377,v4.1,213,543,967
HGNC:319,ACAN,478,Fetal (including NIPD),central,10923,1723,1,0.377,v4.1,213,543,967
HGNC:18340,WDR19,150,Ciliopathies,central,9571,1317,2.365e-23,0.833,v4.1,144,510,663
HGNC:18340,WDR19,478,Fetal (including NIPD),central,9571,1317,2.365e-23,0.833,v4.1,144,510,663
HGNC:18340,WDR19,722,Ophthalmology,central,9571,1317,2.365e-23,0.833,v4.1,144,510,663
HGNC:18340,WDR19,725,Renal,central,9571,1317,2.365e-23,0.833,v4.1,144,510,663
HGNC:20651,SLC37A3,307,Ophthalmology,periferico,16000,73,1.4909e-14,1.019,v4.1,0,10,63
HGNC:18267,FMNL2,398,Immunology,periferico,7302,125,0.067326,0.542,v4.1,1,11,113
HGNC:20637,DPYSL5,96,Neurology,periferico,8396,138,1,0.268,v4.1,1,28,109
HGNC:24245,DRC1,478,Fetal (including NIPD),periferico,3580,596,1.5561e-18,0.867,v4.1,41,312,243
HGNC:24245,DRC1,178,Ciliopathies,central,3580,596,1.5561e-18,0.867,v4.1,41,312,243
HGNC:24245,DRC1,484,Sin clasificar,periferico,3580,596,1.5561e-18,0.867,v4.1,41,312,243
HGNC:19366,PANK4,230,Ophthalmology,periferico,6133,108,4.0408e-4,0.66,v4.1,1,10,97
HGNC:8851,PEX10,85,Neurology and neurodevelopmental disorders,periferico,5271,861,9.5794e-11,1.234,v4.1,142,357,362
HGNC:10896,SKI,53,Musculoskeletal,periferico,6689,1453,6.9663e-6,0.809,v4.1,32,673,748
HGNC:10896,SKI,179,Neurology,periferico,6689,1453,6.9663e-6,0.809,v4.1,32,673,748
HGNC:10896,SKI,309,Musculoskeletal,periferico,6689,1453,6.9663e-6,0.809,v4.1,32,673,748
HGNC:10896,SKI,1,Cardiovascular disorders,periferico,6689,1453,6.9663e-6,0.809,v4.1,32,673,748
HGNC:10896,SKI,700,Cardiology,periferico,6689,1453,6.9663e-6,0.809,v4.1,32,673,748
HGNC:10896,SKI,285,Developmental disorders,periferico,6689,1453,6.9663e-6,0.809,v4.1,32,673,748
HGNC:11013,SLC30A2,398,Immunology,periferico,3605,56,0.023869,0.699,v4.1,5,5,46
HGNC:5147,HPD,302,Metabolic disorders,central,4771,446,8.9816e-8,0.845,v4.1,42,273,131
HGNC:5147,HPD,467,Metabolic,central,4771,446,8.9816e-8,0.845,v4.1,42,273,131
HGNC:105,CNNM4,509,Ophthalmology,periferico,5399,568,2.4379e-6,0.794,v4.1,48,215,305
HGNC:105,CNNM4,269,Musculoskeletal,central,5399,568,2.4379e-6,0.794,v4.1,48,215,305
HGNC:26551,DZIP1L,478,Fetal (including NIPD),periferico,10732,307,2.5456e-30,1.257,v4.1,17,129,161
HGNC:7227,MRAS,48,Dysmorphic and congenital abnormality syndromes,periferico,7905,260,0.99089,0.444,v4.1,5,132,123
HGNC:2555,CUL4B,92,Endocrine disorders,periferico,33815,539,1,0.085,v2.1.1,145,196,198
HGNC:2555,CUL4B,484,Sin clasificar,central,33815,539,1,0.085,v2.1.1,145,196,198
HGNC:2555,CUL4B,9,Endocrinology,periferico,33815,539,1,0.085,v2.1.1,145,196,198
HGNC:2555,CUL4B,285,Developmental disorders,central,33815,539,1,0.085,v2.1.1,145,196,198
HGNC:14430,SLC13A3,112,Mitochondrial,periferico,11628,232,5.6958e-8,0.898,v4.1,4,95,133
HGNC:14430,SLC13A3,467,Metabolic,periferico,11628,232,5.6958e-8,0.898,v4.1,4,95,133
HGNC:14430,SLC13A3,476,Neurology,periferico,11628,232,5.6958e-8,0.898,v4.1,4,95,133
HGNC:14430,SLC13A3,402,Neurology,periferico,11628,232,5.6958e-8,0.898,v4.1,4,95,133
HGNC:14262,AUTS2,81,Musculoskeletal,periferico,24887,1336,1,0.232,v4.1,135,552,649
HGNC:29215,SHROOM4,402,Neurology,periferico,15198,326,0.99965,0.226,v2.1.1,3,75,248
HGNC:25455,TSR2,519,Haematology,central,5544,64,0.80082,0.561,v2.1.1,2,23,39
HGNC:2963,DYNC1I1,478,Fetal (including NIPD),central,8138,137,4.7741e-5,0.647,v4.1,0,65,72
HGNC:397,ALAS2,560,Dermatology,central,2056,387,0.99586,0.184,v2.1.1,50,156,181
HGNC:397,ALAS2,159,Haematological disorders,central,2056,387,0.99586,0.184,v2.1.1,50,156,181
HGNC:397,ALAS2,518,Haematology,central,2056,387,0.99586,0.184,v2.1.1,50,156,181
HGNC:397,ALAS2,515,Haematology,central,2056,387,0.99586,0.184,v2.1.1,50,156,181
HGNC:14951,PPP1R15B,472,Endocrinology,periferico,9335,231,2.0711e-5,0.735,v4.1,0,61,170
HGNC:14951,PPP1R15B,285,Developmental disorders,periferico,9335,231,2.0711e-5,0.735,v4.1,0,61,170
HGNC:14951,PPP1R15B,152,Endocrine disorders,periferico,9335,231,2.0711e-5,0.735,v4.1,0,61,170
HGNC:14951,PPP1R15B,162,Neurology,periferico,9335,231,2.0711e-5,0.735,v4.1,0,61,170
HGNC:18053,PKD1L1,484,Sin clasificar,periferico,11588,1187,1.6951e-50,0.793,v4.1,63,534,590
HGNC:18053,PKD1L1,549,Respiratory,periferico,11588,1187,1.6951e-50,0.793,v4.1,63,534,590
HGNC:14581,PINK1,474,Neurology,central,7562,458,3.1236e-21,1.314,v4.1,50,166,242
HGNC:14581,PINK1,847,Neurology,central,7562,458,3.1236e-21,1.314,v4.1,50,166,242
HGNC:14581,PINK1,302,Metabolic disorders,central,7562,458,3.1236e-21,1.314,v4.1,50,166,242
HGNC:14581,PINK1,192,Neurology and neurodevelopmental disorders,central,7562,458,3.1236e-21,1.314,v4.1,50,166,242
HGNC:14581,PINK1,467,Metabolic,central,7562,458,3.1236e-21,1.314,v4.1,50,166,242
HGNC:14581,PINK1,540,Neurology,central,7562,458,3.1236e-21,1.314,v4.1,50,166,242
HGNC:7708,NDUFS2,302,Metabolic disorders,central,8979,264,1.2594e-5,0.69,v4.1,13,103,148
HGNC:7708,NDUFS2,534,Mitochondrial,central,8979,264,1.2594e-5,0.69,v4.1,13,103,148
HGNC:7708,NDUFS2,186,Ophthalmology,central,8979,264,1.2594e-5,0.69,v4.1,13,103,148
HGNC:7708,NDUFS2,42,Neurology and neurodevelopmental disorders,central,8979,264,1.2594e-5,0.69,v4.1,13,103,148
HGNC:7708,NDUFS2,467,Metabolic,central,8979,264,1.2594e-5,0.69,v4.1,13,103,148
HGNC:7708,NDUFS2,476,Neurology,central,8979,264,1.2594e-5,0.69,v4.1,13,103,148
HGNC:7708,NDUFS2,112,Mitochondrial,central,8979,264,1.2594e-5,0.69,v4.1,13,103,148
HGNC:7708,NDUFS2,539,Mitochondrial,central,8979,264,1.2594e-5,0.69,v4.1,13,103,148
HGNC:7708,NDUFS2,402,Neurology,central,8979,264,1.2594e-5,0.69,v4.1,13,103,148
HGNC:601,APOA2,502,Renal,periferico,1844,33,0.349,1.012,v4.1,3,16,14
HGNC:601,APOA2,60,Rheumatological disorders,periferico,1844,33,0.349,1.012,v4.1,3,16,14
HGNC:12779,WNT9B,479,Developmental disorders,periferico,6911,105,0.22808,0.683,v4.1,2,40,63
HGNC:29314,CACHD1,479,Developmental disorders,periferico,13235,167,1.3473e-6,0.633,v4.1,7,4,156
HGNC:29314,CACHD1,478,Fetal (including NIPD),periferico,13235,167,1.3473e-6,0.633,v4.1,7,4,156
HGNC:23161,ALG8,653,Gastrohepatology,central,11560,480,1.8738e-10,0.909,v4.1,66,176,238
HGNC:23161,ALG8,144,Dysmorphic and congenital abnormality syndromes,periferico,11560,480,1.8738e-10,0.909,v4.1,66,176,238
HGNC:1301,C21orf59,478,Fetal (including NIPD),periferico,6752,173,5.4028e-11,1.267,v4.1,12,100,61
HGNC:1301,C21orf59,484,Sin clasificar,periferico,6752,173,5.4028e-11,1.267,v4.1,12,100,61
HGNC:6242,KCNE2,76,Cardiology,periferico,3630,166,0.018093,1.636,v4.1,1,54,111
HGNC:841,ATP5G1,539,Mitochondrial,central,2971,18,0.6673,0.723,v4.1,0,0,18
HGNC:841,ATP5G1,538,Mitochondrial,periferico,2971,18,0.6673,0.723,v4.1,0,0,18
HGNC:3040,RCAN1,106,Renal,periferico,7347,18,0.015326,0.904,v4.1,0,1,17
HGNC:17028,SNF8,186,Ophthalmology,periferico,7285,38,7.6679e-4,0.853,v4.1,6,1,31
HGNC:17028,SNF8,478,Fetal (including NIPD),periferico,7285,38,7.6679e-4,0.853,v4.1,6,1,31
HGNC:17028,SNF8,285,Developmental disorders,periferico,7285,38,7.6679e-4,0.853,v4.1,6,1,31
HGNC:17028,SNF8,484,Sin clasificar,periferico,7285,38,7.6679e-4,0.853,v4.1,6,1,31
HGNC:143,ACTC1,749,Cardiology,central,3743,887,0.97314,0.511,v4.1,29,378,480
HGNC:143,ACTC1,484,Sin clasificar,central,3743,887,0.97314,0.511,v4.1,29,378,480
HGNC:143,ACTC1,49,Cardiology,central,3743,887,0.97314,0.511,v4.1,29,378,480
HGNC:143,ACTC1,478,Fetal (including NIPD),central,3743,887,0.97314,0.511,v4.1,29,378,480
HGNC:143,ACTC1,479,Developmental disorders,central,3743,887,0.97314,0.511,v4.1,29,378,480
HGNC:143,ACTC1,549,Respiratory,periferico,3743,887,0.97314,0.511,v4.1,29,378,480
HGNC:143,ACTC1,47,Cardiovascular disorders,central,3743,887,0.97314,0.511,v4.1,29,378,480
HGNC:4976,HLCS,402,Neurology,central,14999,1106,1.2982e-11,0.883,v4.1,194,535,377
HGNC:4976,HLCS,248,Metabolic disorders,periferico,14999,1106,1.2982e-11,0.883,v4.1,194,535,377
HGNC:24040,ADIPOR1,307,Ophthalmology,periferico,7536,196,0.7792,0.571,v4.1,1,96,99
HGNC:30213,ATP13A2,39,Neurology and neurodevelopmental disorders,central,5599,1234,5.5573e-15,0.713,v4.1,96,547,591
HGNC:30213,ATP13A2,526,Metabolic,central,5599,1234,5.5573e-15,0.713,v4.1,96,547,591
HGNC:30213,ATP13A2,474,Neurology,central,5599,1234,5.5573e-15,0.713,v4.1,96,547,591
HGNC:30213,ATP13A2,192,Neurology and neurodevelopmental disorders,central,5599,1234,5.5573e-15,0.713,v4.1,96,547,591
HGNC:30213,ATP13A2,540,Neurology,central,5599,1234,5.5573e-15,0.713,v4.1,96,547,591
HGNC:30213,ATP13A2,847,Neurology,central,5599,1234,5.5573e-15,0.713,v4.1,96,547,591
HGNC:9541,PSMB4,1638,Respiratory,periferico,2215,280,0.12792,0.659,v4.1,2,119,159
HGNC:1246,C1R,53,Musculoskeletal,periferico,6393,166,0.8552,0.635,v4.1,20,94,52
HGNC:406,ALDH4A1,467,Metabolic,central,4372,385,2.0602e-11,0.902,v4.1,25,168,192
HGNC:406,ALDH4A1,302,Metabolic disorders,central,4372,385,2.0602e-11,0.902,v4.1,25,168,192
HGNC:29420,RSPRY1,478,Fetal (including NIPD),periferico,10008,203,0.99768,0.445,v4.1,6,130,67
HGNC:29420,RSPRY1,285,Developmental disorders,periferico,10008,203,0.99768,0.445,v4.1,6,130,67
HGNC:29420,RSPRY1,484,Sin clasificar,periferico,10008,203,0.99768,0.445,v4.1,6,130,67
HGNC:29420,RSPRY1,309,Musculoskeletal,periferico,10008,203,0.99768,0.445,v4.1,6,130,67
HGNC:29420,RSPRY1,168,Musculoskeletal,periferico,10008,203,0.99768,0.445,v4.1,6,130,67
HGNC:2707,ACE,234,Renal and urinary tract disorders,periferico,8603,835,6.2381e-32,0.88,v4.1,65,282,488
HGNC:2707,ACE,156,Renal and urinary tract disorders,central,8603,835,6.2381e-32,0.88,v4.1,65,282,488
HGNC:2707,ACE,479,Developmental disorders,central,8603,835,6.2381e-32,0.88,v4.1,65,282,488
HGNC:26444,UROC1,285,Developmental disorders,periferico,3580,214,3.7795000000000003e-25,1.059,v4.1,5,64,145
HGNC:26444,UROC1,467,Metabolic,periferico,3580,214,3.7795000000000003e-25,1.059,v4.1,5,64,145
HGNC:26444,UROC1,302,Metabolic disorders,periferico,3580,214,3.7795000000000003e-25,1.059,v4.1,5,64,145
HGNC:2494,CTBP1,285,Developmental disorders,central,14707,360,0.9459,0.533,v4.1,2,205,153
HGNC:2494,CTBP1,484,Sin clasificar,central,14707,360,0.9459,0.533,v4.1,2,205,153
HGNC:27089,CARMIL2,111,Viral research,periferico,7684,1232,2.0165e-16,0.701,v4.1,82,663,487
HGNC:27089,CARMIL2,398,Immunology,periferico,7684,1232,2.0165e-16,0.701,v4.1,82,663,487
HGNC:9529,PSKH1,725,Renal,periferico,4003,60,0.14793,0.71,v4.1,4,2,54
HGNC:9529,PSKH1,544,Gastrohepatology,periferico,4003,60,0.14793,0.71,v4.1,4,2,54
HGNC:9529,PSKH1,478,Fetal (including NIPD),periferico,4003,60,0.14793,0.71,v4.1,4,2,54
HGNC:7944,NPR2,384,Musculoskeletal,periferico,8508,740,0.44949,0.517,v4.1,102,197,441
HGNC:7944,NPR2,309,Musculoskeletal,periferico,8508,740,0.44949,0.517,v4.1,102,197,441
HGNC:7944,NPR2,484,Sin clasificar,periferico,8508,740,0.44949,0.517,v4.1,102,197,441
HGNC:7944,NPR2,1471,Endocrinology,periferico,8508,740,0.44949,0.517,v4.1,102,197,441
HGNC:23657,GNE,175,Haematological and immunological disorders,periferico,6648,1226,1.6876e-6,0.821,v4.1,223,450,553
HGNC:23657,GNE,545,Haematology,periferico,6648,1226,1.6876e-6,0.821,v4.1,223,450,553
HGNC:23657,GNE,529,Metabolic,periferico,6648,1226,1.6876e-6,0.821,v4.1,223,450,553
HGNC:23657,GNE,467,Metabolic,central,6648,1226,1.6876e-6,0.821,v4.1,223,450,553
HGNC:23657,GNE,302,Metabolic disorders,central,6648,1226,1.6876e-6,0.821,v4.1,223,450,553
HGNC:4591,ARHGAP35,509,Ophthalmology,periferico,17917,162,1,0.204,v4.1,20,9,133
HGNC:4591,ARHGAP35,650,Endocrinology,periferico,17917,162,1,0.204,v4.1,20,9,133
HGNC:1449,CALM3,76,Cardiology,periferico,5286,206,0.93101,0.556,v4.1,8,144,54
HGNC:23228,CPAMD8,478,Fetal (including NIPD),periferico,12134,715,4.7182e-30,0.825,v4.1,34,283,398
HGNC:23228,CPAMD8,509,Ophthalmology,periferico,12134,715,4.7182e-30,0.825,v4.1,34,283,398
HGNC:23228,CPAMD8,484,Sin clasificar,periferico,12134,715,4.7182e-30,0.825,v4.1,34,283,398
HGNC:22082,VMA21,185,Neurology,periferico,5327,107,0.57236,1.112,v2.1.1,8,49,50
HGNC:22082,VMA21,225,Neurology,periferico,5327,107,0.57236,1.112,v2.1.1,8,49,50
HGNC:11877,TMPRSS3,126,Audiology,central,6932,660,2.1224e-16,1.106,v4.1,117,329,214
HGNC:1550,CBS,467,Metabolic,central,11098,1415,3.0799e-5,0.728,v2.1.1,281,704,430
HGNC:1550,CBS,484,Sin clasificar,central,11098,1415,3.0799e-5,0.728,v2.1.1,281,704,430
HGNC:1550,CBS,53,Musculoskeletal,periferico,11098,1415,3.0799e-5,0.728,v2.1.1,281,704,430
HGNC:1550,CBS,302,Metabolic disorders,central,11098,1415,3.0799e-5,0.728,v2.1.1,281,704,430
HGNC:1550,CBS,1,Cardiovascular disorders,periferico,11098,1415,3.0799e-5,0.728,v2.1.1,281,704,430
HGNC:1550,CBS,700,Cardiology,periferico,11098,1415,3.0799e-5,0.728,v2.1.1,281,704,430
HGNC:1550,CBS,285,Developmental disorders,central,11098,1415,3.0799e-5,0.728,v2.1.1,281,704,430
HGNC:2388,CRYAA,230,Ophthalmology,central,1826,115,0.17396,0.986,v2.1.1,11,45,59
HGNC:8819,PDXK,186,Ophthalmology,periferico,12171,78,0.77098,0.597,v4.1,4,42,32
HGNC:8819,PDXK,846,Neurology,periferico,12171,78,0.77098,0.597,v4.1,4,42,32
HGNC:4057,G6PD,478,Fetal (including NIPD),central,6419,808,0.97158,0.318,v2.1.1,230,324,254
HGNC:4057,G6PD,144,Dysmorphic and congenital abnormality syndromes,periferico,6419,808,0.97158,0.318,v2.1.1,230,324,254
HGNC:2482,CSTB,20,Neurology and neurodevelopmental disorders,periferico,3018,175,0.0029059,1.681,v4.1,22,73,80
HGNC:2482,CSTB,302,Metabolic disorders,periferico,3018,175,0.0029059,1.681,v4.1,22,73,80
HGNC:2482,CSTB,484,Sin clasificar,periferico,3018,175,0.0029059,1.681,v4.1,22,73,80
HGNC:2482,CSTB,847,Neurology,periferico,3018,175,0.0029059,1.681,v4.1,22,73,80
HGNC:2482,CSTB,477,Neurology,periferico,3018,175,0.0029059,1.681,v4.1,22,73,80
HGNC:2482,CSTB,285,Developmental disorders,periferico,3018,175,0.0029059,1.681,v4.1,22,73,80
HGNC:2482,CSTB,192,Neurology and neurodevelopmental disorders,periferico,3018,175,0.0029059,1.681,v4.1,22,73,80
HGNC:326,AGPAT3,285,Developmental disorders,periferico,16354,36,1,0.21,v4.1,1,6,29
HGNC:11868,TRAPPC10,162,Neurology,periferico,17850,189,1,0.273,v4.1,6,26,157
HGNC:360,AIRE,307,Ophthalmology,periferico,4678,1353,2.864e-16,1.169,v4.1,232,640,481
HGNC:360,AIRE,269,Musculoskeletal,periferico,4678,1353,2.864e-16,1.169,v4.1,232,640,481
HGNC:360,AIRE,145,Endocrinology,periferico,4678,1353,2.864e-16,1.169,v4.1,232,640,481
HGNC:1260,C21orf2,122,Skeletal disorders,periferico,7119,438,1.7639e-6,1.453,v4.1,48,206,184
HGNC:1260,C21orf2,150,Ciliopathies,periferico,7119,438,1.7639e-6,1.453,v4.1,48,206,184
HGNC:1260,C21orf2,726,Musculoskeletal,periferico,7119,438,1.7639e-6,1.453,v4.1,48,206,184
HGNC:1260,C21orf2,722,Ophthalmology,periferico,7119,438,1.7639e-6,1.453,v4.1,48,206,184
HGNC:1260,C21orf2,484,Sin clasificar,periferico,7119,438,1.7639e-6,1.453,v4.1,48,206,184
HGNC:6155,ITGB2,33,Gastroenterological disorders,central,9379,911,1.1008e-11,0.81,v4.1,85,441,385
HGNC:6155,ITGB2,111,Viral research,central,9379,911,1.1008e-11,0.81,v4.1,85,441,385
HGNC:6155,ITGB2,398,Immunology,central,9379,911,1.1008e-11,0.81,v4.1,85,441,385
HGNC:1298,SPATC1L,126,Audiology,periferico,2914,91,4.5039e-11,1.793,v4.1,0,9,82
HGNC:6708,LSS,555,Dermatology,periferico,8599,382,3.7781e-27,1.05,v4.1,36,191,155
HGNC:6708,LSS,189,Dermatological disorders,periferico,8599,382,3.7781e-27,1.05,v4.1,36,191,155
HGNC:6946,MCM3AP,846,Neurology,periferico,13655,1639,8.813600000000001e-24,0.769,v4.1,108,775,756
HGNC:6946,MCM3AP,85,Neurology and neurodevelopmental disorders,periferico,13655,1639,8.813600000000001e-24,0.769,v4.1,108,775,756
HGNC:16068,PCNT,478,Fetal (including NIPD),central,17919,4079,1.9599e-84,0.943,v4.1,358,2139,1582
HGNC:16068,PCNT,285,Developmental disorders,central,17919,4079,1.9599e-84,0.943,v4.1,358,2139,1582
HGNC:16068,PCNT,546,Endocrinology,periferico,17919,4079,1.9599e-84,0.943,v4.1,358,2139,1582
HGNC:16068,PCNT,484,Sin clasificar,central,17919,4079,1.9599e-84,0.943,v4.1,358,2139,1582
HGNC:16068,PCNT,309,Musculoskeletal,central,17919,4079,1.9599e-84,0.943,v4.1,358,2139,1582
HGNC:1366,ADAMTS13,516,Haematology,periferico,6004,1149,9.9963e-30,0.917,v4.1,129,461,559
HGNC:1366,ADAMTS13,139,Renal,central,6004,1149,9.9963e-30,0.917,v4.1,129,461,559
HGNC:1366,ADAMTS13,519,Haematology,periferico,6004,1149,9.9963e-30,0.917,v4.1,129,461,559
HGNC:1366,ADAMTS13,159,Haematological disorders,periferico,6004,1149,9.9963e-30,0.917,v4.1,129,461,559
HGNC:1366,ADAMTS13,563,Dermatology,periferico,6004,1149,9.9963e-30,0.917,v4.1,129,461,559
HGNC:14896,SPTBN4,126,Audiology,periferico,13169,637,1.3288e-5,0.529,v4.1,34,160,443
HGNC:14896,SPTBN4,846,Neurology,periferico,13169,637,1.3288e-5,0.529,v4.1,34,160,443
HGNC:14896,SPTBN4,225,Neurology,periferico,13169,637,1.3288e-5,0.529,v4.1,34,160,443
HGNC:14896,SPTBN4,85,Neurology and neurodevelopmental disorders,periferico,13169,637,1.3288e-5,0.529,v4.1,34,160,443
HGNC:18994,BRSK1,285,Developmental disorders,periferico,3984,69,1,0.299,v4.1,1,1,67
HGNC:2377,MED27,402,Neurology,periferico,6453,49,1.6864e-6,1.082,v4.1,3,7,39
HGNC:2377,MED27,847,Neurology,periferico,6453,49,1.6864e-6,1.082,v4.1,3,7,39
HGNC:2377,MED27,230,Ophthalmology,periferico,6453,49,1.6864e-6,1.082,v4.1,3,7,39
HGNC:29165,SIK3,309,Musculoskeletal,periferico,20155,172,1,0.268,v4.1,2,36,134
HGNC:29165,SIK3,478,Fetal (including NIPD),periferico,20155,172,1,0.268,v4.1,2,36,134
HGNC:13387,NEK8,283,Renal,central,4442,493,1.7709e-11,0.835,v4.1,41,143,309
HGNC:24671,FLAD1,66,Neurology,periferico,4052,360,3.0655e-7,0.809,v4.1,31,155,174
HGNC:24671,FLAD1,539,Mitochondrial,periferico,4052,360,3.0655e-7,0.809,v4.1,31,155,174
HGNC:24671,FLAD1,1141,Neurology,periferico,4052,360,3.0655e-7,0.809,v4.1,31,155,174
HGNC:14583,VPS11,476,Neurology,periferico,6677,570,8.2648e-5,0.597,v4.1,3,434,133
HGNC:14583,VPS11,42,Neurology and neurodevelopmental disorders,central,6677,570,8.2648e-5,0.597,v4.1,3,434,133
HGNC:14583,VPS11,192,Neurology and neurodevelopmental disorders,periferico,6677,570,8.2648e-5,0.597,v4.1,3,434,133
HGNC:225,ADAR,315,Neurology and neurodevelopmental disorders,central,12864,1710,0.99972,0.449,v4.1,112,656,942
HGNC:225,ADAR,180,Neurology and neurodevelopmental disorders,central,12864,1710,0.99972,0.449,v4.1,112,656,942
HGNC:225,ADAR,192,Neurology and neurodevelopmental disorders,periferico,12864,1710,0.99972,0.449,v4.1,112,656,942
HGNC:225,ADAR,559,Dermatology,periferico,12864,1710,0.99972,0.449,v4.1,112,656,942
HGNC:225,ADAR,402,Neurology,central,12864,1710,0.99972,0.449,v4.1,112,656,942
HGNC:225,ADAR,302,Metabolic disorders,periferico,12864,1710,0.99972,0.449,v4.1,112,656,942
HGNC:225,ADAR,567,Neurology,periferico,12864,1710,0.99972,0.449,v4.1,112,656,942
HGNC:25519,ANO10,302,Metabolic disorders,periferico,10781,546,3.7519e-26,1.24,v4.1,75,275,196
HGNC:25519,ANO10,539,Mitochondrial,periferico,10781,546,3.7519e-26,1.24,v4.1,75,275,196
HGNC:25519,ANO10,112,Mitochondrial,periferico,10781,546,3.7519e-26,1.24,v4.1,75,275,196
HGNC:25519,ANO10,467,Metabolic,periferico,10781,546,3.7519e-26,1.24,v4.1,75,275,196
HGNC:25519,ANO10,20,Neurology and neurodevelopmental disorders,central,10781,546,3.7519e-26,1.24,v4.1,75,275,196
HGNC:6636,LMNA,309,Musculoskeletal,central,10441,2355,0.99995,0.412,v4.1,556,628,1171
HGNC:6636,LMNA,185,Neurology,central,10441,2355,0.99995,0.412,v4.1,556,628,1171
HGNC:6636,LMNA,174,Endocrine disorders,central,10441,2355,0.99995,0.412,v4.1,556,628,1171
HGNC:6636,LMNA,484,Sin clasificar,central,10441,2355,0.99995,0.412,v4.1,556,628,1171
HGNC:6636,LMNA,749,Cardiology,central,10441,2355,0.99995,0.412,v4.1,556,628,1171
HGNC:6636,LMNA,155,Endocrine disorders,periferico,10441,2355,0.99995,0.412,v4.1,556,628,1171
HGNC:6636,LMNA,225,Neurology,central,10441,2355,0.99995,0.412,v4.1,556,628,1171
HGNC:6636,LMNA,285,Developmental disorders,central,10441,2355,0.99995,0.412,v4.1,556,628,1171
HGNC:6636,LMNA,546,Endocrinology,central,10441,2355,0.99995,0.412,v4.1,556,628,1171
HGNC:6636,LMNA,207,Neurology,central,10441,2355,0.99995,0.412,v4.1,556,628,1171
HGNC:6636,LMNA,26,Endocrine disorders,periferico,10441,2355,0.99995,0.412,v4.1,556,628,1171
HGNC:6636,LMNA,478,Fetal (including NIPD),central,10441,2355,0.99995,0.412,v4.1,556,628,1171
HGNC:6636,LMNA,559,Dermatology,central,10441,2355,0.99995,0.412,v4.1,556,628,1171
HGNC:6636,LMNA,652,Cardiology,central,10441,2355,0.99995,0.412,v4.1,556,628,1171
HGNC:31928,NBEAL2,175,Haematological and immunological disorders,central,12809,899,2.0089e-24,0.641,v4.1,72,176,651
HGNC:31928,NBEAL2,545,Haematology,central,12809,899,2.0089e-24,0.641,v4.1,72,176,651
HGNC:9608,PTH1R,309,Musculoskeletal,central,5824,462,1.9329e-4,0.667,v4.1,34,143,285
HGNC:9608,PTH1R,943,Musculoskeletal,periferico,5824,462,1.9329e-4,0.667,v4.1,34,143,285
HGNC:7584,MYL3,749,Cardiology,central,10717,500,0.047382,0.811,v4.1,5,163,332
HGNC:2637,CYP3A4,482,Endocrinology,periferico,9262,32,1.8249e-6,0.818,v4.1,2,9,21
HGNC:20967,NACC1,285,Developmental disorders,periferico,6160,506,0.99995,0.329,v4.1,6,277,223
HGNC:20967,NACC1,230,Ophthalmology,periferico,6160,506,0.99995,0.329,v4.1,6,277,223
HGNC:20967,NACC1,484,Sin clasificar,periferico,6160,506,0.99995,0.329,v4.1,6,277,223
HGNC:20967,NACC1,478,Fetal (including NIPD),periferico,6160,506,0.99995,0.329,v4.1,6,277,223
HGNC:20967,NACC1,402,Neurology,periferico,6160,506,0.99995,0.329,v4.1,6,277,223
HGNC:9949,RECQL4,253,Gastroenterological disorders,periferico,4568,5499,5.7709e-69,1.519,v4.1,389,1922,3188
HGNC:9949,RECQL4,484,Sin clasificar,central,4568,5499,5.7709e-69,1.519,v4.1,389,1922,3188
HGNC:9949,RECQL4,247,Dysmorphic and congenital abnormality syndromes,central,4568,5499,5.7709e-69,1.519,v4.1,389,1922,3188
HGNC:9949,RECQL4,478,Fetal (including NIPD),central,4568,5499,5.7709e-69,1.519,v4.1,389,1922,3188
HGNC:9949,RECQL4,384,Musculoskeletal,central,4568,5499,5.7709e-69,1.519,v4.1,389,1922,3188
HGNC:9949,RECQL4,309,Musculoskeletal,central,4568,5499,5.7709e-69,1.519,v4.1,389,1922,3188
HGNC:9949,RECQL4,734,Cancer susceptibility,central,4568,5499,5.7709e-69,1.519,v4.1,389,1922,3188
HGNC:11280,SQSTM1,477,Neurology,central,8836,910,3.3287e-11,1.13,v4.1,59,352,499
HGNC:11280,SQSTM1,474,Neurology,central,8836,910,3.3287e-11,1.13,v4.1,59,352,499
HGNC:11280,SQSTM1,734,Cancer susceptibility,periferico,8836,910,3.3287e-11,1.13,v4.1,59,352,499
HGNC:11280,SQSTM1,217,Cancer Programme,periferico,8836,910,3.3287e-11,1.13,v4.1,59,352,499
HGNC:11280,SQSTM1,466,Neurology,central,8836,910,3.3287e-11,1.13,v4.1,59,352,499
HGNC:564,AP2M1,402,Neurology,central,6709,306,1,0.182,v4.1,2,194,110
HGNC:564,AP2M1,285,Developmental disorders,central,6709,306,1,0.182,v4.1,2,194,110
HGNC:8754,PCYT1A,478,Fetal (including NIPD),periferico,8213,309,0.019229,0.934,v4.1,16,147,146
HGNC:8754,PCYT1A,307,Ophthalmology,periferico,8213,309,0.019229,0.934,v4.1,16,147,146
HGNC:7908,NPHS1,156,Renal and urinary tract disorders,central,6730,2136,1.6385999999999998e-26,0.871,v4.1,470,1035,631
HGNC:7908,NPHS1,106,Renal,central,6730,2136,1.6385999999999998e-26,0.871,v4.1,470,1035,631
HGNC:2287,COX7A1,537,Mitochondrial,periferico,1519,15,3.4371e-9,1.922,v4.1,0,0,15
HGNC:25430,LRRC56,549,Respiratory,central,5079,483,4.217e-13,1.225,v4.1,26,257,200
HGNC:23719,PGAP3,467,Metabolic,periferico,3843,240,9.5295e-10,1.147,v4.1,41,107,92
HGNC:23719,PGAP3,81,Musculoskeletal,central,3843,240,9.5295e-10,1.147,v4.1,41,107,92
HGNC:23719,PGAP3,484,Sin clasificar,periferico,3843,240,9.5295e-10,1.147,v4.1,41,107,92
HGNC:23719,PGAP3,302,Metabolic disorders,periferico,3843,240,9.5295e-10,1.147,v4.1,41,107,92
HGNC:23719,PGAP3,478,Fetal (including NIPD),periferico,3843,240,9.5295e-10,1.147,v4.1,41,107,92
HGNC:3642,FDXR,126,Audiology,periferico,4452,211,1.6798e-8,0.9,v4.1,30,62,119
HGNC:3642,FDXR,477,Neurology,central,4452,211,1.6798e-8,0.9,v4.1,30,62,119
HGNC:119,ACOX1,42,Neurology and neurodevelopmental disorders,central,9696,923,1.7103e-5,0.67,v4.1,82,464,377
HGNC:119,ACOX1,467,Metabolic,central,9696,923,1.7103e-5,0.67,v4.1,82,464,377
HGNC:119,ACOX1,847,Neurology,central,9696,923,1.7103e-5,0.67,v4.1,82,464,377
HGNC:119,ACOX1,114,Metabolic disorders,central,9696,923,1.7103e-5,0.67,v4.1,82,464,377
HGNC:119,ACOX1,476,Neurology,central,9696,923,1.7103e-5,0.67,v4.1,82,464,377
HGNC:119,ACOX1,285,Developmental disorders,central,9696,923,1.7103e-5,0.67,v4.1,82,464,377
HGNC:119,ACOX1,126,Audiology,periferico,9696,923,1.7103e-5,0.67,v4.1,82,464,377
HGNC:119,ACOX1,484,Sin clasificar,central,9696,923,1.7103e-5,0.67,v4.1,82,464,377
HGNC:119,ACOX1,302,Metabolic disorders,central,9696,923,1.7103e-5,0.67,v4.1,82,464,377
HGNC:119,ACOX1,478,Fetal (including NIPD),central,9696,923,1.7103e-5,0.67,v4.1,82,464,377
HGNC:27609,EMC10,478,Fetal (including NIPD),periferico,13903,86,3.4071e-13,1.606,v4.1,15,21,50
HGNC:27609,EMC10,402,Neurology,periferico,13903,86,3.4071e-13,1.606,v4.1,15,21,50
HGNC:27609,EMC10,285,Developmental disorders,periferico,13903,86,3.4071e-13,1.606,v4.1,15,21,50
HGNC:27609,EMC10,484,Sin clasificar,periferico,13903,86,3.4071e-13,1.606,v4.1,15,21,50
HGNC:638,AQP5,556,Dermatology,periferico,2528,85,2.6203e-4,1.316,v4.1,5,30,50
HGNC:638,AQP5,215,Dermatological disorders,periferico,2528,85,2.6203e-4,1.316,v4.1,5,30,50
HGNC:638,AQP5,555,Dermatology,periferico,2528,85,2.6203e-4,1.316,v4.1,5,30,50
HGNC:21244,LEMD2,230,Ophthalmology,periferico,6903,128,1.4191e-8,0.978,v4.1,1,43,84
HGNC:32687,MED11,402,Neurology,periferico,1530,21,1.2811e-8,1.836,v4.1,2,0,19
HGNC:10327,RPL26,478,Fetal (including NIPD),central,4530,95,0.99381,0.258,v4.1,6,50,39
HGNC:10327,RPL26,519,Haematology,central,4530,95,0.99381,0.258,v4.1,6,50,39
HGNC:10327,RPL26,484,Sin clasificar,central,4530,95,0.99381,0.258,v4.1,6,50,39
HGNC:14121,POLR3K,568,Neurology,periferico,4330,24,0.0012972,1.304,v4.1,3,4,17
HGNC:14121,POLR3K,477,Neurology,periferico,4330,24,0.0012972,1.304,v4.1,3,4,17
HGNC:14121,POLR3K,42,Neurology and neurodevelopmental disorders,periferico,4330,24,0.0012972,1.304,v4.1,3,4,17
HGNC:14121,POLR3K,20,Neurology and neurodevelopmental disorders,periferico,4330,24,0.0012972,1.304,v4.1,3,4,17
HGNC:14121,POLR3K,165,Neurology and neurodevelopmental disorders,periferico,4330,24,0.0012972,1.304,v4.1,3,4,17
HGNC:14121,POLR3K,476,Neurology,periferico,4330,24,0.0012972,1.304,v4.1,3,4,17
HGNC:14153,CCDC78,225,Neurology,central,4148,675,1.0157999999999999e-33,1.615,v4.1,0,305,370
HGNC:29203,TBC1D24,847,Neurology,periferico,13424,1053,8.508e-16,1.214,v4.1,109,332,612
HGNC:29203,TBC1D24,478,Fetal (including NIPD),periferico,13424,1053,8.508e-16,1.214,v4.1,109,332,612
HGNC:30664,CLPB,467,Metabolic,central,15302,873,3.5321e-4,0.643,v4.1,51,353,469
HGNC:30664,CLPB,302,Metabolic disorders,central,15302,873,3.5321e-4,0.643,v4.1,51,353,469
HGNC:30664,CLPB,111,Viral research,periferico,15302,873,3.5321e-4,0.643,v4.1,51,353,469
HGNC:30664,CLPB,285,Developmental disorders,central,15302,873,3.5321e-4,0.643,v4.1,51,353,469
HGNC:30664,CLPB,484,Sin clasificar,central,15302,873,3.5321e-4,0.643,v4.1,51,353,469
HGNC:30664,CLPB,478,Fetal (including NIPD),central,15302,873,3.5321e-4,0.643,v4.1,51,353,469
HGNC:30664,CLPB,519,Haematology,periferico,15302,873,3.5321e-4,0.643,v4.1,51,353,469
HGNC:30664,CLPB,402,Neurology,central,15302,873,3.5321e-4,0.643,v4.1,51,353,469
HGNC:16448,ASRGL1,307,Ophthalmology,periferico,6375,301,6.6492e-5,1.121,v4.1,0,126,175
HGNC:6697,LRP5,209,Sin clasificar,periferico,17068,2485,0.9406,0.482,v4.1,222,944,1319
HGNC:6697,LRP5,307,Ophthalmology,periferico,17068,2485,0.9406,0.482,v4.1,222,944,1319
HGNC:6697,LRP5,484,Sin clasificar,central,17068,2485,0.9406,0.482,v4.1,222,944,1319
HGNC:6697,LRP5,653,Gastrohepatology,periferico,17068,2485,0.9406,0.482,v4.1,222,944,1319
HGNC:6697,LRP5,943,Musculoskeletal,central,17068,2485,0.9406,0.482,v4.1,222,944,1319
HGNC:6697,LRP5,478,Fetal (including NIPD),central,17068,2485,0.9406,0.482,v4.1,222,944,1319
HGNC:6697,LRP5,309,Musculoskeletal,central,17068,2485,0.9406,0.482,v4.1,222,944,1319
HGNC:25716,COA7,537,Mitochondrial,periferico,5099,80,0.038416,0.867,v4.1,9,37,34
HGNC:25716,COA7,477,Neurology,periferico,5099,80,0.038416,0.867,v4.1,9,37,34
HGNC:25716,COA7,478,Fetal (including NIPD),periferico,5099,80,0.038416,0.867,v4.1,9,37,34
HGNC:16512,BSND,484,Sin clasificar,periferico,9788,415,6.5519e-4,1.03,v4.1,39,220,156
HGNC:16512,BSND,285,Developmental disorders,periferico,9788,415,6.5519e-4,1.03,v4.1,39,220,156
HGNC:16512,BSND,478,Fetal (including NIPD),periferico,9788,415,6.5519e-4,1.03,v4.1,39,220,156
HGNC:17939,SLC45A1,478,Fetal (including NIPD),periferico,4774,219,5.6167e-4,0.695,v4.1,1,80,138
HGNC:15999,SELENON,258,Neurology,central,4416,807,2.6707e-12,1.005,v4.1,117,332,358
HGNC:15999,SELENON,225,Neurology,central,4416,807,2.6707e-12,1.005,v4.1,117,332,358
HGNC:6190,JAK1,111,Viral research,central,15628,840,1,0.168,v4.1,4,443,393
HGNC:6190,JAK1,398,Immunology,central,15628,840,1,0.168,v4.1,4,443,393
HGNC:17693,DHRS3,478,Fetal (including NIPD),periferico,14161,59,0.017117,0.79,v4.1,2,9,48
HGNC:438,ALPL,309,Musculoskeletal,central,10050,1592,1.7059e-11,0.987,v4.1,533,549,510
HGNC:438,ALPL,269,Musculoskeletal,periferico,10050,1592,1.7059e-11,0.987,v4.1,533,549,510
HGNC:438,ALPL,196,Musculoskeletal,periferico,10050,1592,1.7059e-11,0.987,v4.1,533,549,510
HGNC:12783,WNT4,478,Fetal (including NIPD),central,4918,167,0.054707,0.694,v4.1,5,62,100
HGNC:7784,NFIA,168,Musculoskeletal,periferico,59495,445,1,0.175,v4.1,80,185,180
HGNC:7784,NFIA,96,Neurology,periferico,59495,445,1,0.175,v4.1,80,185,180
HGNC:29401,MYSM1,478,Fetal (including NIPD),central,27886,541,0.086872,0.578,v4.1,35,267,239
HGNC:29401,MYSM1,111,Viral research,periferico,27886,541,0.086872,0.578,v4.1,35,267,239
HGNC:29557,NEXN,749,Cardiology,central,9693,856,1.3677e-13,0.878,v4.1,29,254,573
HGNC:14886,DNAJB4,225,Neurology,periferico,8123,41,0.68111,0.617,v4.1,4,1,36
HGNC:20193,HFM1,155,Endocrine disorders,central,5884,233,2.9585e-7,1.061,v4.1,21,31,181
HGNC:18866,KCNT2,285,Developmental disorders,periferico,10767,302,1.4381e-4,0.744,v4.1,17,47,238
HGNC:321,AGL,749,Cardiology,periferico,11137,3041,1.0329999999999999e-22,0.72,v4.1,627,1277,1137
HGNC:19306,SLC30A7,478,Fetal (including NIPD),periferico,13856,74,5.1458e-7,1.116,v4.1,5,11,58
HGNC:708,ARPC5,398,Immunology,periferico,10775,19,0.71808,0.725,v4.1,2,1,16
HGNC:17601,CADM3,846,Neurology,periferico,4029,84,0.99991,0.381,v4.1,1,12,71
HGNC:16400,NLRP3,565,Dermatology,central,5655,1189,9.769e-6,0.639,v4.1,66,414,709
HGNC:16400,NLRP3,502,Renal,periferico,5655,1189,9.769e-6,0.639,v4.1,66,414,709
HGNC:16400,NLRP3,60,Rheumatological disorders,central,5655,1189,9.769e-6,0.639,v4.1,66,414,709
HGNC:16400,NLRP3,1075,Immunology,central,5655,1189,9.769e-6,0.639,v4.1,66,414,709
HGNC:16400,NLRP3,398,Immunology,central,5655,1189,9.769e-6,0.639,v4.1,66,414,709
HGNC:16400,NLRP3,111,Viral research,central,5655,1189,9.769e-6,0.639,v4.1,66,414,709
HGNC:17091,NCSTN,111,Viral research,periferico,11489,555,1,0.343,v4.1,23,244,288
HGNC:17091,NCSTN,398,Immunology,periferico,11489,555,1,0.343,v4.1,23,244,288
HGNC:24682,FLVCR1,484,Sin clasificar,periferico,6694,590,6.6916e-7,1.013,v4.1,60,206,324
HGNC:24682,FLVCR1,466,Neurology,periferico,6694,590,6.6916e-7,1.013,v4.1,60,206,324
HGNC:24682,FLVCR1,20,Neurology and neurodevelopmental disorders,periferico,6694,590,6.6916e-7,1.013,v4.1,60,206,324
HGNC:24682,FLVCR1,162,Neurology,periferico,6694,590,6.6916e-7,1.013,v4.1,60,206,324
HGNC:24682,FLVCR1,307,Ophthalmology,periferico,6694,590,6.6916e-7,1.013,v4.1,60,206,324
HGNC:24682,FLVCR1,478,Fetal (including NIPD),periferico,6694,590,6.6916e-7,1.013,v4.1,60,206,324
HGNC:24682,FLVCR1,402,Neurology,periferico,6694,590,6.6916e-7,1.013,v4.1,60,206,324
HGNC:24682,FLVCR1,384,Musculoskeletal,periferico,6694,590,6.6916e-7,1.013,v4.1,60,206,324
HGNC:24682,FLVCR1,846,Neurology,periferico,6694,590,6.6916e-7,1.013,v4.1,60,206,324
HGNC:24682,FLVCR1,568,Neurology,periferico,6694,590,6.6916e-7,1.013,v4.1,60,206,324
HGNC:24682,FLVCR1,285,Developmental disorders,periferico,6694,590,6.6916e-7,1.013,v4.1,60,206,324
HGNC:24682,FLVCR1,85,Neurology and neurodevelopmental disorders,periferico,6694,590,6.6916e-7,1.013,v4.1,60,206,324
HGNC:30595,PPP1R21,484,Sin clasificar,periferico,6839,217,3.1806000000000004e-19,1.029,v4.1,21,37,159
HGNC:30595,PPP1R21,478,Fetal (including NIPD),periferico,6839,217,3.1806000000000004e-19,1.029,v4.1,21,37,159
HGNC:30595,PPP1R21,285,Developmental disorders,periferico,6839,217,3.1806000000000004e-19,1.029,v4.1,21,37,159
HGNC:25123,PKDCC,309,Musculoskeletal,periferico,3928,274,2.0364e-10,1.15,v4.1,20,97,157
HGNC:25123,PKDCC,478,Fetal (including NIPD),periferico,3928,274,2.0364e-10,1.15,v4.1,20,97,157
HGNC:25123,PKDCC,484,Sin clasificar,periferico,3928,274,2.0364e-10,1.15,v4.1,20,97,157
HGNC:4796,HAAO,484,Sin clasificar,periferico,4728,75,4.4081e-17,1.544,v4.1,12,13,50
HGNC:4796,HAAO,126,Audiology,periferico,4728,75,4.4081e-17,1.544,v4.1,12,13,50
HGNC:4796,HAAO,467,Metabolic,periferico,4728,75,4.4081e-17,1.544,v4.1,12,13,50
HGNC:4796,HAAO,478,Fetal (including NIPD),periferico,4728,75,4.4081e-17,1.544,v4.1,12,13,50
HGNC:4796,HAAO,302,Metabolic disorders,periferico,4728,75,4.4081e-17,1.544,v4.1,12,13,50
HGNC:28596,B3GALNT2,467,Metabolic,periferico,11059,546,9.1473e-16,1.041,v4.1,61,239,246
HGNC:28596,B3GALNT2,509,Ophthalmology,periferico,11059,546,9.1473e-16,1.041,v4.1,61,239,246
HGNC:28596,B3GALNT2,179,Neurology,central,11059,546,9.1473e-16,1.041,v4.1,61,239,246
HGNC:28596,B3GALNT2,484,Sin clasificar,periferico,11059,546,9.1473e-16,1.041,v4.1,61,239,246
HGNC:28596,B3GALNT2,466,Neurology,periferico,11059,546,9.1473e-16,1.041,v4.1,61,239,246
HGNC:28596,B3GALNT2,285,Developmental disorders,periferico,11059,546,9.1473e-16,1.041,v4.1,61,239,246
HGNC:28596,B3GALNT2,302,Metabolic disorders,periferico,11059,546,9.1473e-16,1.041,v4.1,61,239,246
HGNC:14315,FCMR,111,Viral research,periferico,3737,76,5.1591e-10,1.228,v4.1,0,19,57
HGNC:9954,REL,398,Immunology,central,19928,257,0.99918,0.416,v4.1,7,160,90
HGNC:9954,REL,111,Viral research,central,19928,257,0.99918,0.416,v4.1,7,160,90
HGNC:7762,NEUROD1,478,Fetal (including NIPD),central,8208,337,0.41517,0.688,v4.1,5,96,236
HGNC:145,ACTG2,234,Renal and urinary tract disorders,periferico,8978,105,0.28166,0.626,v4.1,42,14,49
HGNC:145,ACTG2,1537,Renal,periferico,8978,105,0.28166,0.626,v4.1,42,14,49
HGNC:145,ACTG2,156,Renal and urinary tract disorders,periferico,8978,105,0.28166,0.626,v4.1,42,14,49
HGNC:145,ACTG2,549,Respiratory,periferico,8978,105,0.28166,0.626,v4.1,42,14,49
HGNC:16812,COQ8A,466,Neurology,central,8426,806,7.6305e-15,0.999,v4.1,110,329,367
HGNC:16812,COQ8A,20,Neurology and neurodevelopmental disorders,central,8426,806,7.6305e-15,0.999,v4.1,110,329,367
HGNC:16812,COQ8A,477,Neurology,central,8426,806,7.6305e-15,0.999,v4.1,110,329,367
HGNC:3342,EN1,309,Musculoskeletal,periferico,2856,80,0.52279,0.724,v4.1,1,10,69
HGNC:3342,EN1,477,Neurology,periferico,2856,80,0.52279,0.724,v4.1,1,10,69
HGNC:18398,SMARCAD1,555,Dermatology,periferico,12918,134,1,0.257,v4.1,8,32,94
HGNC:18398,SMARCAD1,215,Dermatological disorders,periferico,12918,134,1,0.257,v4.1,8,32,94
HGNC:7391,MSX1,484,Sin clasificar,central,2121,230,6.6306e-4,1.289,v4.1,76,51,103
HGNC:7391,MSX1,136,Dermatological disorders,central,2121,230,6.6306e-4,1.289,v4.1,76,51,103
HGNC:7391,MSX1,553,Dermatology,central,2121,230,6.6306e-4,1.289,v4.1,76,51,103
HGNC:7391,MSX1,478,Fetal (including NIPD),central,2121,230,6.6306e-4,1.289,v4.1,76,51,103
HGNC:23136,SCNM1,478,Fetal (including NIPD),periferico,3710,41,1.8424e-6,0.992,v4.1,3,4,34
HGNC:23136,SCNM1,309,Musculoskeletal,periferico,3710,41,1.8424e-6,0.992,v4.1,3,4,34
HGNC:23136,SCNM1,285,Developmental disorders,periferico,3710,41,1.8424e-6,0.992,v4.1,3,4,34
HGNC:23136,SCNM1,384,Musculoskeletal,periferico,3710,41,1.8424e-6,0.992,v4.1,3,4,34
HGNC:23136,SCNM1,726,Musculoskeletal,periferico,3710,41,1.8424e-6,0.992,v4.1,3,4,34
HGNC:3435,ERCC3,285,Developmental disorders,central,8789,666,3.838e-11,0.797,v4.1,63,296,307
HGNC:3435,ERCC3,77,Dermatology,central,8789,666,3.838e-11,0.797,v4.1,63,296,307
HGNC:3435,ERCC3,478,Fetal (including NIPD),central,8789,666,3.838e-11,0.797,v4.1,63,296,307
HGNC:3435,ERCC3,484,Sin clasificar,central,8789,666,3.838e-11,0.797,v4.1,63,296,307
HGNC:24415,BOLA3,531,Mitochondrial,periferico,5209,116,0.0025646,1.712,v4.1,8,45,63
HGNC:24415,BOLA3,484,Sin clasificar,periferico,5209,116,0.0025646,1.712,v4.1,8,45,63
HGNC:24415,BOLA3,478,Fetal (including NIPD),periferico,5209,116,0.0025646,1.712,v4.1,8,45,63
HGNC:437,ALPI,398,Immunology,periferico,3351,121,3.4185e-16,1.163,v4.1,1,32,88
HGNC:437,ALPI,111,Viral research,periferico,3351,121,3.4185e-16,1.163,v4.1,1,32,88
HGNC:21732,ANTXR2,258,Neurology,periferico,16631,305,3.705e-9,0.981,v4.1,42,109,154
HGNC:21732,ANTXR2,565,Dermatology,periferico,16631,305,3.705e-9,0.981,v4.1,42,109,154
HGNC:2213,COL6A3,847,Neurology,periferico,21668,3938,2.2106e-13,0.564,v4.1,210,1335,2393
HGNC:30935,YY1AP1,147,Neurology,periferico,8893,207,4.1712e-15,1.319,v4.1,15,46,146
HGNC:30935,YY1AP1,478,Fetal (including NIPD),periferico,8893,207,4.1712e-15,1.319,v4.1,15,46,146
HGNC:28526,EOGT,467,Metabolic,periferico,5872,275,4.8218e-7,1.121,v4.1,14,156,105
HGNC:6649,LMOD3,484,Sin clasificar,periferico,5091,460,3.5031e-7,0.948,v4.1,48,169,243
HGNC:18453,NAXE,477,Neurology,periferico,11645,159,2.1985e-7,1.079,v4.1,23,66,70
HGNC:18453,NAXE,539,Mitochondrial,periferico,11645,159,2.1985e-7,1.079,v4.1,23,66,70
HGNC:18453,NAXE,478,Fetal (including NIPD),periferico,11645,159,2.1985e-7,1.079,v4.1,23,66,70
HGNC:18453,NAXE,112,Mitochondrial,periferico,11645,159,2.1985e-7,1.079,v4.1,23,66,70
HGNC:22954,POGLUT1,185,Neurology,periferico,9025,328,0.002194,0.824,v4.1,24,144,160
HGNC:22954,POGLUT1,207,Neurology,periferico,9025,328,0.002194,0.824,v4.1,24,144,160
HGNC:22954,POGLUT1,559,Dermatology,periferico,9025,328,0.002194,0.824,v4.1,24,144,160
HGNC:799,ATP1A1,846,Neurology,periferico,9787,946,1,0.188,v4.1,27,535,384
HGNC:799,ATP1A1,85,Neurology and neurodevelopmental disorders,periferico,9787,946,1,0.188,v4.1,27,535,384
HGNC:6647,LMOD1,1217,Gastrohepatology,periferico,6122,82,0.9998,0.379,v4.1,3,13,66
HGNC:1616,CCT3,484,Sin clasificar,central,5136,73,1,0.282,v4.1,2,4,67
HGNC:1616,CCT3,285,Developmental disorders,central,5136,73,1,0.282,v4.1,2,4,67
HGNC:1616,CCT3,186,Ophthalmology,periferico,5136,73,1,0.282,v4.1,2,4,67
HGNC:1616,CCT3,478,Fetal (including NIPD),central,5136,73,1,0.282,v4.1,2,4,67
HGNC:18592,NEK10,178,Ciliopathies,periferico,13339,110,3.1072e-14,0.997,v4.1,11,21,78
HGNC:18592,NEK10,550,Respiratory,periferico,13339,110,3.1072e-14,0.997,v4.1,11,21,78
HGNC:26821,CCDC141,650,Endocrinology,periferico,15715,509,7.504699999999999e-41,1.052,v4.1,0,181,328
HGNC:26821,CCDC141,92,Endocrine disorders,periferico,15715,509,7.504699999999999e-41,1.052,v4.1,0,181,328
HGNC:5956,IHH,478,Fetal (including NIPD),central,3826,345,0.93608,0.544,v4.1,50,87,208
HGNC:5956,IHH,309,Musculoskeletal,central,3826,345,0.93608,0.544,v4.1,50,87,208
HGNC:5956,IHH,484,Sin clasificar,central,3826,345,0.93608,0.544,v4.1,50,87,208
HGNC:5956,IHH,384,Musculoskeletal,central,3826,345,0.93608,0.544,v4.1,50,87,208
HGNC:11773,TGFBR2,478,Fetal (including NIPD),central,7350,1377,0.90792,0.531,v4.1,130,462,785
HGNC:11773,TGFBR2,484,Sin clasificar,central,7350,1377,0.90792,0.531,v4.1,130,462,785
HGNC:11773,TGFBR2,309,Musculoskeletal,central,7350,1377,0.90792,0.531,v4.1,130,462,785
HGNC:11773,TGFBR2,111,Viral research,central,7350,1377,0.90792,0.531,v4.1,130,462,785
HGNC:11773,TGFBR2,168,Musculoskeletal,central,7350,1377,0.90792,0.531,v4.1,130,462,785
HGNC:11773,TGFBR2,81,Musculoskeletal,central,7350,1377,0.90792,0.531,v4.1,130,462,785
HGNC:25527,ANKZF1,398,Immunology,periferico,6117,740,1.6314e-27,1.125,v4.1,0,230,510
HGNC:30812,SGO2,155,Endocrine disorders,periferico,6921,18,2.3126e-11,0.817,v4.1,1,7,10
HGNC:8943,SERPINI1,402,Neurology,periferico,5991,392,0.99206,0.459,v4.1,6,153,233
HGNC:11449,SUCLG1,112,Mitochondrial,central,8190,367,3.412e-6,0.958,v4.1,32,177,158
HGNC:11449,SUCLG1,402,Neurology,central,8190,367,3.412e-6,0.958,v4.1,32,177,158
HGNC:11449,SUCLG1,478,Fetal (including NIPD),central,8190,367,3.412e-6,0.958,v4.1,32,177,158
HGNC:11449,SUCLG1,302,Metabolic disorders,central,8190,367,3.412e-6,0.958,v4.1,32,177,158
HGNC:11449,SUCLG1,539,Mitochondrial,central,8190,367,3.412e-6,0.958,v4.1,32,177,158
HGNC:11449,SUCLG1,285,Developmental disorders,central,8190,367,3.412e-6,0.958,v4.1,32,177,158
HGNC:11449,SUCLG1,484,Sin clasificar,central,8190,367,3.412e-6,0.958,v4.1,32,177,158
HGNC:11449,SUCLG1,467,Metabolic,central,8190,367,3.412e-6,0.958,v4.1,32,177,158
HGNC:11272,SPTA1,159,Haematological disorders,central,10108,1589,2.9842999999999997e-21,0.591,v4.1,216,333,1040
HGNC:11006,SLC2A2,152,Endocrine disorders,central,10930,382,5.1541e-6,0.858,v4.1,58,147,177
HGNC:11006,SLC2A2,467,Metabolic,central,10930,382,5.1541e-6,0.858,v4.1,58,147,177
HGNC:11006,SLC2A2,302,Metabolic disorders,central,10930,382,5.1541e-6,0.858,v4.1,58,147,177
HGNC:11006,SLC2A2,248,Metabolic disorders,central,10930,382,5.1541e-6,0.858,v4.1,58,147,177
HGNC:2505,CTLA4,398,Immunology,central,2329,301,0.99829,0.211,v4.1,63,89,149
HGNC:2505,CTLA4,176,Gastroenterological disorders,central,2329,301,0.99829,0.211,v4.1,63,89,149
HGNC:2505,CTLA4,111,Viral research,central,2329,301,0.99829,0.211,v4.1,63,89,149
HGNC:2505,CTLA4,33,Gastroenterological disorders,central,2329,301,0.99829,0.211,v4.1,63,89,149
HGNC:5351,ICOS,111,Viral research,central,2636,194,0.0032393,1.273,v4.1,13,90,91
HGNC:24496,NEPRO,478,Fetal (including NIPD),periferico,7987,21,2.0746e-9,1.145,v4.1,1,12,8
HGNC:24496,NEPRO,309,Musculoskeletal,periferico,7987,21,2.0746e-9,1.145,v4.1,1,12,8
HGNC:26801,COX18,537,Mitochondrial,central,6980,69,1.6716e-14,1.682,v4.1,3,8,58
HGNC:9646,PTPN13,59,Cancer susceptibility,periferico,10043,383,1.357e-27,0.737,v4.1,0,31,352
HGNC:13202,ADAMTS9,725,Renal,periferico,20360,542,0.86871,0.469,v4.1,1,207,334
HGNC:13202,ADAMTS9,548,Renal,periferico,20360,542,0.86871,0.469,v4.1,1,207,334
HGNC:4877,HESX1,483,Endocrinology,central,1687,136,0.12422,0.84,v4.1,22,29,85
HGNC:10369,RPL9,518,Haematology,central,7528,105,0.99998,0.131,v4.1,0,57,48
HGNC:2959,DNASE1L3,398,Immunology,periferico,4230,287,5.593e-8,1.122,v4.1,16,134,137
HGNC:2959,DNASE1L3,111,Viral research,periferico,4230,287,5.593e-8,1.122,v4.1,16,134,137
HGNC:14630,CRELD1,285,Developmental disorders,periferico,9698,225,7.6352e-10,0.885,v4.1,15,81,129
HGNC:14630,CRELD1,402,Neurology,periferico,9698,225,7.6352e-10,0.885,v4.1,15,81,129
HGNC:4699,GYG1,528,Metabolic,central,8102,356,2.2675e-13,1.384,v4.1,40,166,150
HGNC:4699,GYG1,49,Cardiology,periferico,8102,356,2.2675e-13,1.384,v4.1,40,166,150
HGNC:15597,HPS3,128,Sin clasificar,central,8057,1444,6.5498e-7,0.684,v4.1,282,731,431
HGNC:11891,CLEC3B,307,Ophthalmology,periferico,1137,27,1.6771e-5,1.372,v4.1,1,0,26
HGNC:6741,LZTFL1,543,Ophthalmology,periferico,9391,230,0.0015497,0.874,v4.1,21,102,107
HGNC:6741,LZTFL1,178,Ciliopathies,periferico,9391,230,0.0015497,0.874,v4.1,21,102,107
HGNC:6741,LZTFL1,549,Respiratory,periferico,9391,230,0.0015497,0.874,v4.1,21,102,107
HGNC:18483,LIPH,189,Dermatological disorders,central,4281,130,0.0074261,0.811,v4.1,13,47,70
HGNC:10012,RHO,307,Ophthalmology,central,2770,662,5.0269e-5,0.91,v4.1,200,148,314
HGNC:9972,RFC4,126,Audiology,periferico,3703,79,5.8032e-10,1.096,v4.1,11,5,63
HGNC:9972,RFC4,225,Neurology,periferico,3703,79,5.8032e-10,1.096,v4.1,11,5,63
HGNC:950,BAP1,391,Tumour syndromes,periferico,7332,3580,1,0.324,v4.1,437,1373,1770
HGNC:950,BAP1,521,Inherited cancer,periferico,7332,3580,1,0.324,v4.1,437,1373,1770
HGNC:11834,TKT,285,Developmental disorders,central,13545,136,5.2193e-12,0.923,v4.1,5,42,89
HGNC:11834,TKT,478,Fetal (including NIPD),central,13545,136,5.2193e-12,0.923,v4.1,5,42,89
HGNC:11834,TKT,484,Sin clasificar,central,13545,136,5.2193e-12,0.923,v4.1,5,42,89
HGNC:30220,RFT1,302,Metabolic disorders,periferico,18600,604,3.3169e-9,0.894,v4.1,18,281,305
HGNC:30220,RFT1,285,Developmental disorders,periferico,18600,604,3.3169e-9,0.894,v4.1,18,281,305
HGNC:30220,RFT1,478,Fetal (including NIPD),periferico,18600,604,3.3169e-9,0.894,v4.1,18,281,305
HGNC:30220,RFT1,25,Metabolic,periferico,18600,604,3.3169e-9,0.894,v4.1,18,281,305
HGNC:30220,RFT1,402,Neurology,periferico,18600,604,3.3169e-9,0.894,v4.1,18,281,305
HGNC:30220,RFT1,309,Musculoskeletal,periferico,18600,604,3.3169e-9,0.894,v4.1,18,281,305
HGNC:30220,RFT1,467,Metabolic,periferico,18600,604,3.3169e-9,0.894,v4.1,18,281,305
HGNC:30220,RFT1,484,Sin clasificar,periferico,18600,604,3.3169e-9,0.894,v4.1,18,281,305
HGNC:29304,UVSSA,484,Sin clasificar,periferico,16992,392,2.9612000000000004e-25,1.214,v4.1,13,90,289
HGNC:29304,UVSSA,560,Dermatology,periferico,16992,392,2.9612000000000004e-25,1.214,v4.1,13,90,289
HGNC:26661,RNF168,398,Immunology,periferico,8882,390,6.2462e-14,1.406,v4.1,36,161,193
HGNC:2040,CLDN19,302,Metabolic disorders,periferico,3634,212,4.1664e-6,1.254,v4.1,27,66,119
HGNC:2040,CLDN19,484,Sin clasificar,periferico,3634,212,4.1664e-6,1.254,v4.1,27,66,119
HGNC:2040,CLDN19,509,Ophthalmology,periferico,3634,212,4.1664e-6,1.254,v4.1,27,66,119
HGNC:2040,CLDN19,269,Musculoskeletal,periferico,3634,212,4.1664e-6,1.254,v4.1,27,66,119
HGNC:2040,CLDN19,294,Ophthalmological disorders,periferico,3634,212,4.1664e-6,1.254,v4.1,27,66,119
HGNC:28395,SGMS2,309,Musculoskeletal,periferico,8439,176,0.19322,0.624,v4.1,4,69,103
HGNC:28395,SGMS2,196,Musculoskeletal,periferico,8439,176,0.19322,0.624,v4.1,4,69,103
HGNC:33499,ATRIP,158,Tumour syndromes,periferico,7733,1302,1.4374e-6,0.707,v4.1,3,442,857
HGNC:29239,INTU,726,Musculoskeletal,central,16073,461,4.9009e-15,1.012,v4.1,7,162,292
HGNC:29239,INTU,122,Skeletal disorders,central,16073,461,4.9009e-15,1.012,v4.1,7,162,292
HGNC:28486,MFSD8,307,Ophthalmology,periferico,8849,1021,7.5007e-11,1.005,v4.1,159,444,418
HGNC:28486,MFSD8,402,Neurology,periferico,8849,1021,7.5007e-11,1.005,v4.1,159,444,418
HGNC:28486,MFSD8,466,Neurology,periferico,8849,1021,7.5007e-11,1.005,v4.1,159,444,418
HGNC:28486,MFSD8,302,Metabolic disorders,periferico,8849,1021,7.5007e-11,1.005,v4.1,159,444,418
HGNC:28486,MFSD8,484,Sin clasificar,periferico,8849,1021,7.5007e-11,1.005,v4.1,159,444,418
HGNC:28486,MFSD8,467,Metabolic,periferico,8849,1021,7.5007e-11,1.005,v4.1,159,444,418
HGNC:28486,MFSD8,285,Developmental disorders,periferico,8849,1021,7.5007e-11,1.005,v4.1,159,444,418
HGNC:9005,PITX2,478,Fetal (including NIPD),central,6054,261,0.99745,0.41,v4.1,82,67,112
HGNC:9005,PITX2,509,Ophthalmology,central,6054,261,0.99745,0.41,v4.1,82,67,112
HGNC:9005,PITX2,34,Ophthalmological disorders,central,6054,261,0.99745,0.41,v4.1,82,67,112
HGNC:9477,PRSS12,484,Sin clasificar,periferico,9668,308,6.5824e-23,0.965,v4.1,4,49,255
HGNC:9477,PRSS12,285,Developmental disorders,periferico,9668,308,6.5824e-23,0.965,v4.1,4,49,255
HGNC:30782,NAA15,749,Cardiology,periferico,10107,668,0.99885,0.438,v4.1,182,173,313
HGNC:25099,PRMT9,285,Developmental disorders,periferico,7585,139,2.4579e-12,0.91,v4.1,18,5,116
HGNC:25099,PRMT9,402,Neurology,periferico,7585,139,2.4579e-12,0.91,v4.1,18,5,116
HGNC:7193,MOCS2,478,Fetal (including NIPD),periferico,8969,396,0.0032064,1.066,v4.1,50,185,161
HGNC:16472,SLC45A2,545,Haematology,central,5747,666,1.8671e-10,1.022,v4.1,113,277,276
HGNC:16472,SLC45A2,175,Haematological and immunological disorders,central,5747,666,1.8671e-10,1.022,v4.1,113,277,276
HGNC:28086,NDUFAF2,534,Mitochondrial,central,7346,155,0.016472,1.107,v4.1,24,83,48
HGNC:25287,LMBRD2,285,Developmental disorders,periferico,12165,147,6.0839e-4,0.773,v4.1,10,16,121
HGNC:25287,LMBRD2,402,Neurology,periferico,12165,147,6.0839e-4,0.773,v4.1,10,16,121
HGNC:28862,NIPBL,162,Neurology,central,14009,2406,1,0.057,v4.1,610,696,1100
HGNC:28862,NIPBL,247,Dysmorphic and congenital abnormality syndromes,periferico,14009,2406,1,0.057,v4.1,610,696,1100
HGNC:28862,NIPBL,131,Endocrine disorders,central,14009,2406,1,0.057,v4.1,610,696,1100
HGNC:28862,NIPBL,285,Developmental disorders,central,14009,2406,1,0.057,v4.1,610,696,1100
HGNC:28862,NIPBL,484,Sin clasificar,central,14009,2406,1,0.057,v4.1,610,696,1100
HGNC:28862,NIPBL,478,Fetal (including NIPD),central,14009,2406,1,0.057,v4.1,610,696,1100
HGNC:25198,SLC25A46,478,Fetal (including NIPD),periferico,9473,436,7.2891e-6,1.375,v4.1,38,180,218
HGNC:25198,SLC25A46,302,Metabolic disorders,periferico,9473,436,7.2891e-6,1.375,v4.1,38,180,218
HGNC:25198,SLC25A46,467,Metabolic,periferico,9473,436,7.2891e-6,1.375,v4.1,38,180,218
HGNC:25198,SLC25A46,568,Neurology,periferico,9473,436,7.2891e-6,1.375,v4.1,38,180,218
HGNC:25198,SLC25A46,165,Neurology and neurodevelopmental disorders,periferico,9473,436,7.2891e-6,1.375,v4.1,38,180,218
HGNC:25198,SLC25A46,539,Mitochondrial,periferico,9473,436,7.2891e-6,1.375,v4.1,38,180,218
HGNC:25198,SLC25A46,307,Ophthalmology,periferico,9473,436,7.2891e-6,1.375,v4.1,38,180,218
HGNC:25198,SLC25A46,112,Mitochondrial,periferico,9473,436,7.2891e-6,1.375,v4.1,38,180,218
HGNC:25198,SLC25A46,477,Neurology,periferico,9473,436,7.2891e-6,1.375,v4.1,38,180,218
HGNC:7711,NDUFS4,302,Metabolic disorders,central,1741,242,2.0012e-9,1.519,v4.1,48,122,72
HGNC:7711,NDUFS4,476,Neurology,central,1741,242,2.0012e-9,1.519,v4.1,48,122,72
HGNC:7711,NDUFS4,847,Neurology,central,1741,242,2.0012e-9,1.519,v4.1,48,122,72
HGNC:7711,NDUFS4,467,Metabolic,central,1741,242,2.0012e-9,1.519,v4.1,48,122,72
HGNC:25239,ARSK,309,Musculoskeletal,periferico,7728,90,5.7322e-10,0.954,v4.1,4,15,71
HGNC:1504,CASP3,111,Viral research,central,9303,21,0.066906,0.859,v4.1,0,5,16
HGNC:11849,TLR3,398,Immunology,central,7822,582,1.2954e-8,0.796,v4.1,0,183,399
HGNC:11849,TLR3,111,Viral research,central,7822,582,1.2954e-8,0.796,v4.1,0,183,399
HGNC:6371,KLKB1,175,Haematological and immunological disorders,central,5330,158,4.7511e-11,0.974,v4.1,13,53,92
HGNC:6371,KLKB1,545,Haematology,central,5330,158,4.7511e-11,0.974,v4.1,13,53,92
HGNC:11730,TERT,484,Sin clasificar,central,5938,3874,0.0019285,0.593,v4.1,226,1693,1955
HGNC:11730,TERT,159,Haematological disorders,central,5938,3874,0.0019285,0.593,v4.1,226,1693,1955
HGNC:11730,TERT,259,Cancer Programme,central,5938,3874,0.0019285,0.593,v4.1,226,1693,1955
HGNC:11730,TERT,514,Gastrohepatology,central,5938,3874,0.0019285,0.593,v4.1,226,1693,1955
HGNC:11730,TERT,59,Cancer susceptibility,central,5938,3874,0.0019285,0.593,v4.1,226,1693,1955
HGNC:11730,TERT,1174,Respiratory,central,5938,3874,0.0019285,0.593,v4.1,226,1693,1955
HGNC:11730,TERT,200,Respiratory disorders,central,5938,3874,0.0019285,0.593,v4.1,226,1693,1955
HGNC:11730,TERT,245,Cancer susceptibility,central,5938,3874,0.0019285,0.593,v4.1,226,1693,1955
HGNC:11730,TERT,285,Developmental disorders,central,5938,3874,0.0019285,0.593,v4.1,226,1693,1955
HGNC:11730,TERT,407,Tumour syndromes,central,5938,3874,0.0019285,0.593,v4.1,226,1693,1955
HGNC:11730,TERT,398,Immunology,central,5938,3874,0.0019285,0.593,v4.1,226,1693,1955
HGNC:11730,TERT,243,Cancer susceptibility,central,5938,3874,0.0019285,0.593,v4.1,226,1693,1955
HGNC:11730,TERT,559,Dermatology,central,5938,3874,0.0019285,0.593,v4.1,226,1693,1955
HGNC:11730,TERT,519,Haematology,central,5938,3874,0.0019285,0.593,v4.1,226,1693,1955
HGNC:11730,TERT,525,Haematology,central,5938,3874,0.0019285,0.593,v4.1,226,1693,1955
HGNC:11730,TERT,522,Inherited cancer,central,5938,3874,0.0019285,0.593,v4.1,226,1693,1955
HGNC:11730,TERT,111,Viral research,central,5938,3874,0.0019285,0.593,v4.1,226,1693,1955
HGNC:11730,TERT,309,Musculoskeletal,central,5938,3874,0.0019285,0.593,v4.1,226,1693,1955
HGNC:6011,IL3,111,Viral research,central,924,22,1.1199e-5,1.43,v4.1,0,10,12
HGNC:11021,SLC35A1,175,Haematological and immunological disorders,periferico,4955,118,0.073907,0.682,v4.1,4,68,46
HGNC:11021,SLC35A1,467,Metabolic,periferico,4955,118,0.073907,0.682,v4.1,4,68,46
HGNC:11021,SLC35A1,402,Neurology,periferico,4955,118,0.073907,0.682,v4.1,4,68,46
HGNC:11021,SLC35A1,285,Developmental disorders,periferico,4955,118,0.073907,0.682,v4.1,4,68,46
HGNC:11021,SLC35A1,302,Metabolic disorders,periferico,4955,118,0.073907,0.682,v4.1,4,68,46
HGNC:11021,SLC35A1,484,Sin clasificar,periferico,4955,118,0.073907,0.682,v4.1,4,68,46
HGNC:11021,SLC35A1,478,Fetal (including NIPD),periferico,4955,118,0.073907,0.682,v4.1,4,68,46
HGNC:4580,GRIK2,402,Neurology,central,27528,294,0.98699,0.477,v4.1,14,67,213
HGNC:11515,T,1637,Inherited cancer,periferico,3194,55,0.029337,0.667,v4.1,2,14,39
HGNC:11515,T,217,Cancer Programme,periferico,3194,55,0.029337,0.667,v4.1,2,14,39
HGNC:11515,T,734,Cancer susceptibility,periferico,3194,55,0.029337,0.667,v4.1,2,14,39
HGNC:23041,PDSS2,539,Mitochondrial,periferico,8438,279,0.0040573,0.818,v4.1,6,134,139
HGNC:18969,IL31RA,559,Dermatology,periferico,11428,127,2.9342e-13,0.951,v4.1,1,34,92
HGNC:4845,HCN1,484,Sin clasificar,periferico,13755,1135,1,0.329,v4.1,43,458,634
HGNC:4845,HCN1,285,Developmental disorders,periferico,13755,1135,1,0.329,v4.1,43,458,634
HGNC:4845,HCN1,402,Neurology,periferico,13755,1135,1,0.329,v4.1,43,458,634
HGNC:14857,COG5,302,Metabolic disorders,periferico,12984,968,4.6848e-17,1.026,v4.1,67,435,466
HGNC:14857,COG5,467,Metabolic,periferico,12984,968,4.6848e-17,1.026,v4.1,67,435,466
HGNC:14857,COG5,20,Neurology and neurodevelopmental disorders,periferico,12984,968,4.6848e-17,1.026,v4.1,67,435,466
HGNC:14857,COG5,477,Neurology,periferico,12984,968,4.6848e-17,1.026,v4.1,67,435,466
HGNC:10848,SHH,478,Fetal (including NIPD),central,5234,714,0.97518,0.493,v4.1,170,190,354
HGNC:10848,SHH,285,Developmental disorders,central,5234,714,0.97518,0.493,v4.1,170,190,354
HGNC:10848,SHH,484,Sin clasificar,central,5234,714,0.97518,0.493,v4.1,170,190,354
HGNC:10848,SHH,509,Ophthalmology,central,5234,714,0.97518,0.493,v4.1,170,190,354
HGNC:10848,SHH,81,Musculoskeletal,central,5234,714,0.97518,0.493,v4.1,170,190,354
HGNC:2198,COL1A2,478,Fetal (including NIPD),central,11732,2742,1,0.339,v4.1,746,985,1011
HGNC:2198,COL1A2,53,Musculoskeletal,central,11732,2742,1,0.339,v4.1,746,985,1011
HGNC:2198,COL1A2,309,Musculoskeletal,central,11732,2742,1,0.339,v4.1,746,985,1011
HGNC:2198,COL1A2,196,Musculoskeletal,central,11732,2742,1,0.339,v4.1,746,985,1011
HGNC:8889,PGAM2,66,Neurology,central,2577,201,1.3381e-8,1.421,v4.1,12,68,121
HGNC:8889,PGAM2,1141,Neurology,central,2577,201,1.3381e-8,1.421,v4.1,12,68,121
HGNC:2527,CTSB,554,Dermatology,periferico,16847,170,4.327700000000001e-25,1.756,v4.1,0,72,98
HGNC:18122,SOX17,478,Fetal (including NIPD),central,3775,270,0.86139,0.614,v4.1,8,76,186
HGNC:2897,DLC1,106,Renal,periferico,14468,823,0.98756,0.474,v4.1,1,243,579
HGNC:9717,PEX2,385,Gastroenterological disorders,central,12119,531,1.7994e-5,1.057,v4.1,93,167,271
HGNC:9717,PEX2,307,Ophthalmology,periferico,12119,531,1.7994e-5,1.057,v4.1,93,167,271
HGNC:9811,RAD21,484,Sin clasificar,central,15674,535,1,0.341,v4.1,82,228,225
HGNC:9811,RAD21,78,Neurology,periferico,15674,535,1,0.341,v4.1,82,228,225
HGNC:9811,RAD21,478,Fetal (including NIPD),central,15674,535,1,0.341,v4.1,82,228,225
HGNC:9811,RAD21,59,Cancer susceptibility,central,15674,535,1,0.341,v4.1,82,228,225
HGNC:9811,RAD21,285,Developmental disorders,central,15674,535,1,0.341,v4.1,82,228,225
HGNC:9811,RAD21,247,Dysmorphic and congenital abnormality syndromes,central,15674,535,1,0.341,v4.1,82,228,225
HGNC:15822,OXR1,484,Sin clasificar,periferico,10495,147,0.99064,0.482,v4.1,2,24,121
HGNC:15822,OXR1,285,Developmental disorders,periferico,10495,147,0.99064,0.482,v4.1,2,24,121
HGNC:15822,OXR1,126,Audiology,periferico,10495,147,0.99064,0.482,v4.1,2,24,121
HGNC:15822,OXR1,402,Neurology,periferico,10495,147,0.99064,0.482,v4.1,2,24,121
HGNC:24555,INTS1,484,Sin clasificar,periferico,9939,756,2.0442999999999998e-30,0.785,v4.1,27,200,529
HGNC:24555,INTS1,478,Fetal (including NIPD),periferico,9939,756,2.0442999999999998e-30,0.785,v4.1,27,200,529
HGNC:24555,INTS1,230,Ophthalmology,periferico,9939,756,2.0442999999999998e-30,0.785,v4.1,27,200,529
HGNC:24555,INTS1,1471,Endocrinology,periferico,9939,756,2.0442999999999998e-30,0.785,v4.1,27,200,529
HGNC:1774,CDK5,96,Neurology,central,4702,76,0.55833,0.584,v4.1,2,59,15
HGNC:1774,CDK5,478,Fetal (including NIPD),central,4702,76,0.55833,0.584,v4.1,2,59,15
HGNC:1774,CDK5,286,Neurology and neurodevelopmental disorders,periferico,4702,76,0.55833,0.584,v4.1,2,59,15
HGNC:1774,CDK5,402,Neurology,central,4702,76,0.55833,0.584,v4.1,2,59,15
HGNC:877,ALDH7A1,484,Sin clasificar,central,17986,1154,1.2571e-16,0.983,v4.1,187,545,422
HGNC:877,ALDH7A1,285,Developmental disorders,central,17986,1154,1.2571e-16,0.983,v4.1,187,545,422
HGNC:877,ALDH7A1,478,Fetal (including NIPD),central,17986,1154,1.2571e-16,0.983,v4.1,187,545,422
HGNC:4044,FZD6,144,Dysmorphic and congenital abnormality syndromes,periferico,8752,103,1.6785e-11,1.2,v4.1,7,12,84
HGNC:29683,SLC25A32,112,Mitochondrial,periferico,3654,245,5.6939e-7,1.109,v4.1,0,117,128
HGNC:29683,SLC25A32,539,Mitochondrial,periferico,3654,245,5.6939e-7,1.109,v4.1,0,117,128
HGNC:23399,FREM1,168,Musculoskeletal,periferico,11821,1491,2.6458999999999997e-52,1.157,v4.1,78,449,964
HGNC:23399,FREM1,156,Renal and urinary tract disorders,periferico,11821,1491,2.6458999999999997e-52,1.157,v4.1,78,449,964
HGNC:23399,FREM1,484,Sin clasificar,periferico,11821,1491,2.6458999999999997e-52,1.157,v4.1,78,449,964
HGNC:23399,FREM1,478,Fetal (including NIPD),periferico,11821,1491,2.6458999999999997e-52,1.157,v4.1,78,449,964
HGNC:9279,PDP1,112,Mitochondrial,periferico,9558,201,0.93914,0.532,v4.1,6,87,108
HGNC:9279,PDP1,539,Mitochondrial,periferico,9558,201,0.93914,0.532,v4.1,6,87,108
HGNC:9279,PDP1,531,Mitochondrial,periferico,9558,201,0.93914,0.532,v4.1,6,87,108
HGNC:28396,TMEM67,150,Ciliopathies,central,12418,1389,3.1439e-18,1.079,v4.1,241,584,564
HGNC:28396,TMEM67,722,Ophthalmology,central,12418,1389,3.1439e-18,1.079,v4.1,241,584,564
HGNC:28396,TMEM67,724,Neurology,central,12418,1389,3.1439e-18,1.079,v4.1,241,584,564
HGNC:28396,TMEM67,478,Fetal (including NIPD),central,12418,1389,3.1439e-18,1.079,v4.1,241,584,564
HGNC:28396,TMEM67,543,Ophthalmology,central,12418,1389,3.1439e-18,1.079,v4.1,241,584,564
HGNC:28396,TMEM67,725,Renal,central,12418,1389,3.1439e-18,1.079,v4.1,241,584,564
HGNC:28396,TMEM67,384,Musculoskeletal,central,12418,1389,3.1439e-18,1.079,v4.1,241,584,564
HGNC:28396,TMEM67,548,Renal,central,12418,1389,3.1439e-18,1.079,v4.1,241,584,564
HGNC:28396,TMEM67,283,Renal,central,12418,1389,3.1439e-18,1.079,v4.1,241,584,564
HGNC:28984,WASHC5,179,Neurology,periferico,7206,764,5.0212e-14,0.792,v4.1,46,352,366
HGNC:19918,KIAA1161,180,Neurology and neurodevelopmental disorders,periferico,8483,297,5.3093e-15,1.206,v4.1,37,68,192
HGNC:19918,KIAA1161,476,Neurology,periferico,8483,297,5.3093e-15,1.206,v4.1,37,68,192
HGNC:19918,KIAA1161,474,Neurology,periferico,8483,297,5.3093e-15,1.206,v4.1,37,68,192
HGNC:19918,KIAA1161,540,Neurology,periferico,8483,297,5.3093e-15,1.206,v4.1,37,68,192
HGNC:8049,NUDT2,478,Fetal (including NIPD),periferico,3812,26,3.2999e-4,1.28,v4.1,3,6,17
HGNC:8049,NUDT2,484,Sin clasificar,periferico,3812,26,3.2999e-4,1.28,v4.1,3,6,17
HGNC:8049,NUDT2,846,Neurology,periferico,3812,26,3.2999e-4,1.28,v4.1,3,6,17
HGNC:8049,NUDT2,285,Developmental disorders,periferico,3812,26,3.2999e-4,1.28,v4.1,3,6,17
HGNC:25203,TMEM65,478,Fetal (including NIPD),periferico,15726,28,6.2337e-5,1.875,v4.1,0,6,22
HGNC:25203,TMEM65,467,Metabolic,periferico,15726,28,6.2337e-5,1.875,v4.1,0,6,22
HGNC:25203,TMEM65,539,Mitochondrial,periferico,15726,28,6.2337e-5,1.875,v4.1,0,6,22
HGNC:25203,TMEM65,112,Mitochondrial,periferico,15726,28,6.2337e-5,1.875,v4.1,0,6,22
HGNC:12461,UBAP1,567,Neurology,periferico,6775,115,0.99999,0.285,v4.1,21,16,78
HGNC:12461,UBAP1,568,Neurology,periferico,6775,115,0.99999,0.285,v4.1,21,16,78
HGNC:12461,UBAP1,165,Neurology and neurodevelopmental disorders,periferico,6775,115,0.99999,0.285,v4.1,21,16,78
HGNC:11491,SYK,398,Immunology,central,8003,93,1,0.302,v4.1,3,42,48
HGNC:3951,FXN,477,Neurology,central,9113,136,0.16481,0.809,v4.1,26,43,67
HGNC:3951,FXN,466,Neurology,central,9113,136,0.16481,0.809,v4.1,26,43,67
HGNC:3951,FXN,302,Metabolic disorders,central,9113,136,0.16481,0.809,v4.1,26,43,67
HGNC:3951,FXN,20,Neurology and neurodevelopmental disorders,central,9113,136,0.16481,0.809,v4.1,26,43,67
HGNC:3951,FXN,567,Neurology,periferico,9113,136,0.16481,0.809,v4.1,26,43,67
HGNC:3951,FXN,467,Metabolic,central,9113,136,0.16481,0.809,v4.1,26,43,67
HGNC:16513,TMC1,126,Audiology,central,8712,896,1.2771e-18,0.914,v4.1,176,413,307
HGNC:26527,HGSNAT,749,Cardiology,periferico,13224,1330,3.2548e-10,1,v4.1,191,657,482
HGNC:26527,HGSNAT,478,Fetal (including NIPD),periferico,13224,1330,3.2548e-10,1,v4.1,191,657,482
HGNC:26527,HGSNAT,307,Ophthalmology,periferico,13224,1330,3.2548e-10,1,v4.1,191,657,482
HGNC:5044,HNRNPK,478,Fetal (including NIPD),central,9700,351,0.99995,0.242,v4.1,93,140,118
HGNC:5044,HNRNPK,285,Developmental disorders,central,9700,351,0.99995,0.242,v4.1,93,140,118
HGNC:5044,HNRNPK,484,Sin clasificar,central,9700,351,0.99995,0.242,v4.1,93,140,118
HGNC:14006,TRPV6,484,Sin clasificar,periferico,11939,398,8.4763e-5,0.638,v4.1,24,152,222
HGNC:14006,TRPV6,122,Skeletal disorders,periferico,11939,398,8.4763e-5,0.638,v4.1,24,152,222
HGNC:26724,ANKS6,283,Renal,central,10652,607,4.1775e-10,0.869,v4.1,36,231,340
HGNC:3606,FBP1,302,Metabolic disorders,central,4178,344,1.4284e-7,1.156,v4.1,58,190,96
HGNC:26708,CFAP47,283,Renal,periferico,12014,55,0.98906,0.289,v2.1.1,1,29,25
HGNC:2578,CYBB,398,Immunology,central,11234,875,0.99904,0.193,v2.1.1,284,378,213
HGNC:2578,CYBB,111,Viral research,central,11234,875,0.99904,0.193,v2.1.1,284,378,213
HGNC:14270,PCDH19,402,Neurology,central,9779,1629,0.99975,0.126,v2.1.1,523,386,720
HGNC:8957,PIGA,25,Metabolic,central,6630,484,0.96072,0.296,v2.1.1,132,139,213
HGNC:8957,PIGA,402,Neurology,central,6630,484,0.96072,0.296,v2.1.1,132,139,213
HGNC:8957,PIGA,516,Haematology,periferico,6630,484,0.96072,0.296,v2.1.1,132,139,213
HGNC:8957,PIGA,484,Sin clasificar,central,6630,484,0.96072,0.296,v2.1.1,132,139,213
HGNC:8957,PIGA,285,Developmental disorders,central,6630,484,0.96072,0.296,v2.1.1,132,139,213
HGNC:8957,PIGA,478,Fetal (including NIPD),central,6630,484,0.96072,0.296,v2.1.1,132,139,213
HGNC:869,ATP7A,79,Neurology,periferico,28128,2325,0.99983,0.216,v2.1.1,325,967,1033
HGNC:869,ATP7A,53,Musculoskeletal,periferico,28128,2325,0.99983,0.216,v2.1.1,325,967,1033
HGNC:12666,VCP,846,Neurology,central,10101,769,1,0.134,v4.1,52,392,325
HGNC:12666,VCP,85,Neurology and neurodevelopmental disorders,central,10101,769,1,0.134,v4.1,52,392,325
HGNC:12666,VCP,309,Musculoskeletal,central,10101,769,1,0.134,v4.1,52,392,325
HGNC:12666,VCP,193,Respiratory,periferico,10101,769,1,0.134,v4.1,52,392,325
HGNC:12666,VCP,478,Fetal (including NIPD),central,10101,769,1,0.134,v4.1,52,392,325
HGNC:12666,VCP,384,Musculoskeletal,central,10101,769,1,0.134,v4.1,52,392,325
HGNC:12666,VCP,235,Neurology,central,10101,769,1,0.134,v4.1,52,392,325
HGNC:12666,VCP,285,Developmental disorders,central,10101,769,1,0.134,v4.1,52,392,325
HGNC:12666,VCP,474,Neurology,central,10101,769,1,0.134,v4.1,52,392,325
HGNC:14963,GPR101,479,Developmental disorders,periferico,8032,92,0.70375,0.571,v2.1.1,1,27,64
HGNC:14963,GPR101,648,Endocrinology,periferico,8032,92,0.70375,0.571,v2.1.1,1,27,64
HGNC:20361,SPTSSA,484,Sin clasificar,periferico,2859,15,3.4995e-4,1.952,v4.1,2,0,13
HGNC:20361,SPTSSA,568,Neurology,periferico,2859,15,3.4995e-4,1.952,v4.1,2,0,13
HGNC:12791,WRN,174,Endocrine disorders,periferico,9412,3834,8.3015e-34,0.9,v4.1,426,1367,2041
HGNC:12791,WRN,243,Cancer susceptibility,central,9412,3834,8.3015e-34,0.9,v4.1,426,1367,2041
HGNC:12791,WRN,1637,Inherited cancer,central,9412,3834,8.3015e-34,0.9,v4.1,426,1367,2041
HGNC:12791,WRN,131,Endocrine disorders,central,9412,3834,8.3015e-34,0.9,v4.1,426,1367,2041
HGNC:1875,CFL2,484,Sin clasificar,central,7259,162,0.10827,0.91,v4.1,9,69,84
HGNC:1875,CFL2,478,Fetal (including NIPD),central,7259,162,0.10827,0.91,v4.1,9,69,84
HGNC:20898,PGM2L1,130,Endocrinology,periferico,8946,85,9.5241e-4,0.665,v4.1,10,25,50
HGNC:4284,GJB2,553,Dermatology,periferico,3761,658,3.5966e-15,1.965,v4.1,257,155,246
HGNC:4284,GJB2,126,Audiology,central,3761,658,3.5966e-15,1.965,v4.1,257,155,246
HGNC:26361,HEPACAM,402,Neurology,periferico,4195,325,0.00215,0.8,v4.1,23,102,200
HGNC:26361,HEPACAM,579,Neurology,periferico,4195,325,0.00215,0.8,v4.1,23,102,200
HGNC:26361,HEPACAM,285,Developmental disorders,periferico,4195,325,0.00215,0.8,v4.1,23,102,200
HGNC:10663,NEMF,846,Neurology,periferico,10763,204,1.6208e-7,0.687,v4.1,30,35,139
HGNC:10663,NEMF,285,Developmental disorders,periferico,10763,204,1.6208e-7,0.687,v4.1,30,35,139
HGNC:20087,TTC8,307,Ophthalmology,central,7828,604,5.2419e-8,0.8,v4.1,78,180,346
HGNC:20087,TTC8,543,Ophthalmology,central,7828,604,5.2419e-8,0.8,v4.1,78,180,346
HGNC:23787,TMEM63C,285,Developmental disorders,periferico,6531,102,0.99988,0.438,v4.1,4,5,93
HGNC:23787,TMEM63C,484,Sin clasificar,periferico,6531,102,0.99988,0.438,v4.1,4,5,93
HGNC:23787,TMEM63C,568,Neurology,periferico,6531,102,0.99988,0.438,v4.1,4,5,93
HGNC:8522,OTX2,294,Ophthalmological disorders,central,5058,317,0.9998,0.324,v4.1,63,76,178
HGNC:8522,OTX2,285,Developmental disorders,central,5058,317,0.9998,0.324,v4.1,63,76,178
HGNC:8522,OTX2,34,Ophthalmological disorders,central,5058,317,0.9998,0.324,v4.1,63,76,178
HGNC:8522,OTX2,31,Endocrinology,periferico,5058,317,0.9998,0.324,v4.1,63,76,178
HGNC:8522,OTX2,509,Ophthalmology,central,5058,317,0.9998,0.324,v4.1,63,76,178
HGNC:8522,OTX2,251,Hearing and ear disorders,central,5058,317,0.9998,0.324,v4.1,63,76,178
HGNC:8522,OTX2,478,Fetal (including NIPD),central,5058,317,0.9998,0.324,v4.1,63,76,178
HGNC:8522,OTX2,484,Sin clasificar,central,5058,317,0.9998,0.324,v4.1,63,76,178
HGNC:833,ATP5C1,539,Mitochondrial,central,7273,38,0.0049618,0.783,v4.1,0,2,36
HGNC:27845,SOHLH1,155,Endocrine disorders,central,3990,102,7.9286e-6,0.981,v4.1,6,27,69
HGNC:10935,SLC18A2,302,Metabolic disorders,periferico,4992,248,0.0031613,0.68,v4.1,14,133,101
HGNC:10935,SLC18A2,467,Metabolic,periferico,4992,248,0.0031613,0.68,v4.1,14,133,101
HGNC:26974,PDZD8,285,Developmental disorders,periferico,12754,167,1,0.251,v4.1,2,24,141
HGNC:30249,QSOX2,1471,Endocrinology,periferico,7707,129,2.0643e-12,0.991,v4.1,0,12,117
HGNC:30249,QSOX2,398,Immunology,periferico,7707,129,2.0643e-12,0.991,v4.1,0,12,117
HGNC:14234,NSD1,285,Developmental disorders,central,23250,2753,1,0.144,v4.1,753,793,1207
HGNC:14234,NSD1,484,Sin clasificar,central,23250,2753,1,0.144,v4.1,753,793,1207
HGNC:14234,NSD1,65,Cardiology,periferico,23250,2753,1,0.144,v4.1,753,793,1207
HGNC:14234,NSD1,308,Endocrinology,central,23250,2753,1,0.144,v4.1,753,793,1207
HGNC:14234,NSD1,478,Fetal (including NIPD),central,23250,2753,1,0.144,v4.1,753,793,1207
HGNC:14234,NSD1,38,Growth disorders,central,23250,2753,1,0.144,v4.1,753,793,1207
HGNC:9354,PRDX3,658,Ophthalmology,periferico,3858,59,3.4266e-5,1.01,v4.1,10,4,45
HGNC:8079,FRMD7,246,Ophthalmological disorders,periferico,3642,576,0.72983,0.419,v2.1.1,145,136,295
HGNC:8079,FRMD7,484,Sin clasificar,periferico,3642,576,0.72983,0.419,v2.1.1,145,136,295
HGNC:12362,TSC1,285,Developmental disorders,central,18672,5461,1,0.227,v4.1,779,1782,2900
HGNC:12362,TSC1,402,Neurology,central,18672,5461,1,0.227,v4.1,779,1782,2900
HGNC:12362,TSC1,105,Respiratory,periferico,18672,5461,1,0.227,v4.1,779,1782,2900
HGNC:12362,TSC1,484,Sin clasificar,central,18672,5461,1,0.227,v4.1,779,1782,2900
HGNC:12362,TSC1,156,Renal and urinary tract disorders,periferico,18672,5461,1,0.227,v4.1,779,1782,2900
HGNC:12362,TSC1,65,Cardiology,central,18672,5461,1,0.227,v4.1,779,1782,2900
HGNC:5157,HPRT1,402,Neurology,central,6799,380,0.93728,0.34,v2.1.1,206,103,71
HGNC:5157,HPRT1,285,Developmental disorders,central,6799,380,0.93728,0.34,v2.1.1,206,103,71
HGNC:5157,HPRT1,484,Sin clasificar,central,6799,380,0.93728,0.34,v2.1.1,206,103,71
HGNC:17950,BORCS5,285,Developmental disorders,periferico,9438,29,3.9484e-5,1.105,v4.1,1,1,27
HGNC:17950,BORCS5,478,Fetal (including NIPD),periferico,9438,29,3.9484e-5,1.105,v4.1,1,1,27
HGNC:17950,BORCS5,568,Neurology,periferico,9438,29,3.9484e-5,1.105,v4.1,1,1,27
HGNC:17950,BORCS5,402,Neurology,periferico,9438,29,3.9484e-5,1.105,v4.1,1,1,27
HGNC:17950,BORCS5,258,Neurology,periferico,9438,29,3.9484e-5,1.105,v4.1,1,1,27
HGNC:9967,RET,391,Tumour syndromes,central,9011,4428,1,0.24,v4.1,178,1719,2531
HGNC:9967,RET,484,Sin clasificar,central,9011,4428,1,0.24,v4.1,178,1719,2531
HGNC:9967,RET,1217,Gastrohepatology,central,9011,4428,1,0.24,v4.1,178,1719,2531
HGNC:9967,RET,648,Endocrinology,central,9011,4428,1,0.24,v4.1,178,1719,2531
HGNC:9967,RET,478,Fetal (including NIPD),central,9011,4428,1,0.24,v4.1,178,1719,2531
HGNC:9967,RET,245,Cancer susceptibility,central,9011,4428,1,0.24,v4.1,178,1719,2531
HGNC:9967,RET,399,Sin clasificar,central,9011,4428,1,0.24,v4.1,178,1719,2531
HGNC:9967,RET,36,Tumour syndromes,central,9011,4428,1,0.24,v4.1,178,1719,2531
HGNC:25516,ARHGEF40,285,Developmental disorders,periferico,10688,266,1.932e-18,0.722,v4.1,0,23,243
HGNC:24349,CCDC186,285,Developmental disorders,periferico,9008,118,0.020909,0.56,v4.1,1,6,111
HGNC:24349,CCDC186,1471,Endocrinology,central,9008,118,0.020909,0.56,v4.1,1,6,111
HGNC:19857,ISCA2,186,Ophthalmology,periferico,5712,99,7.4089e-9,1.684,v4.1,5,39,55
HGNC:26901,OTOGL,484,Sin clasificar,periferico,12279,1242,3.7714999999999996e-65,1.069,v4.1,107,535,600
HGNC:8572,PACSIN3,484,Sin clasificar,periferico,6496,90,1.4588e-7,0.847,v4.1,3,2,85
HGNC:8572,PACSIN3,225,Neurology,periferico,6496,90,1.4588e-7,0.847,v4.1,3,2,85
HGNC:9549,PSMC3,478,Fetal (including NIPD),central,3713,60,0.99999,0.352,v4.1,11,11,38
HGNC:9549,PSMC3,309,Musculoskeletal,central,3713,60,0.99999,0.352,v4.1,11,11,38
HGNC:9549,PSMC3,484,Sin clasificar,central,3713,60,0.99999,0.352,v4.1,11,11,38
HGNC:9549,PSMC3,285,Developmental disorders,central,3713,60,0.99999,0.352,v4.1,11,11,38
HGNC:9863,RAPSN,232,Neurology,central,4977,749,6.3937e-10,1.092,v4.1,115,359,275
HGNC:11051,SLC6A5,467,Metabolic,periferico,6920,885,6.4274e-9,0.757,v4.1,69,443,373
HGNC:11051,SLC6A5,484,Sin clasificar,periferico,6920,885,6.4274e-9,0.757,v4.1,69,443,373
HGNC:11051,SLC6A5,90,Neurology and neurodevelopmental disorders,periferico,6920,885,6.4274e-9,0.757,v4.1,69,443,373
HGNC:9639,HACD1,225,Neurology,periferico,9027,184,1.4191e-15,1.853,v4.1,14,88,82
HGNC:9639,HACD1,484,Sin clasificar,periferico,9027,184,1.4191e-15,1.853,v4.1,14,88,82
HGNC:17811,AMOTL1,478,Fetal (including NIPD),periferico,20552,167,0.0029055,0.581,v4.1,5,13,149
HGNC:17811,AMOTL1,484,Sin clasificar,periferico,20552,167,0.0029055,0.581,v4.1,5,13,149
HGNC:9476,HTRA1,50,Cardiovascular disorders,periferico,3468,370,3.0817e-4,0.873,v4.1,42,120,208
HGNC:30794,CEP57,1471,Endocrinology,periferico,16568,960,6.8356e-6,0.74,v4.1,19,305,636
HGNC:20249,SPRED1,255,Tumour syndromes,periferico,12536,1262,0.98383,0.496,v4.1,173,377,712
HGNC:15532,JAM3,230,Ophthalmology,periferico,5574,236,7.8734e-7,1.003,v4.1,16,121,99
HGNC:15532,JAM3,315,Neurology and neurodevelopmental disorders,periferico,5574,236,7.8734e-7,1.003,v4.1,16,121,99
HGNC:16305,ADAMTS15,258,Neurology,periferico,6016,176,0.034184,0.599,v4.1,5,16,155
HGNC:16305,ADAMTS15,484,Sin clasificar,periferico,6016,176,0.034184,0.599,v4.1,5,16,155
HGNC:16305,ADAMTS15,478,Fetal (including NIPD),periferico,6016,176,0.034184,0.599,v4.1,5,16,155
HGNC:18062,GPT2,162,Neurology,central,9206,135,0.0051256,0.677,v4.1,18,37,80
HGNC:14604,AMN,467,Metabolic,periferico,4337,709,1.8277e-15,1.446,v4.1,79,441,189
HGNC:14604,AMN,302,Metabolic disorders,periferico,4337,709,1.8277e-15,1.446,v4.1,79,441,189
HGNC:14604,AMN,156,Renal and urinary tract disorders,periferico,4337,709,1.8277e-15,1.446,v4.1,79,441,189
HGNC:14604,AMN,106,Renal,periferico,4337,709,1.8277e-15,1.446,v4.1,79,441,189
HGNC:14604,AMN,159,Haematological disorders,periferico,4337,709,1.8277e-15,1.446,v4.1,79,441,189
HGNC:14604,AMN,518,Haematology,periferico,4337,709,1.8277e-15,1.446,v4.1,79,441,189
HGNC:7703,NDUFB8,534,Mitochondrial,periferico,4044,102,3.3511e-4,0.937,v4.1,4,43,55
HGNC:7703,NDUFB8,112,Mitochondrial,central,4044,102,3.3511e-4,0.937,v4.1,4,43,55
HGNC:7703,NDUFB8,467,Metabolic,central,4044,102,3.3511e-4,0.937,v4.1,4,43,55
HGNC:20758,ZFYVE19,484,Sin clasificar,periferico,4887,88,2.1171e-14,1.029,v4.1,9,8,71
HGNC:20758,ZFYVE19,544,Gastrohepatology,periferico,4887,88,2.1171e-14,1.029,v4.1,9,8,71
HGNC:3603,FBN1,309,Musculoskeletal,central,19143,9346,1,0.105,v4.1,3632,2249,3465
HGNC:3603,FBN1,509,Ophthalmology,central,19143,9346,1,0.105,v4.1,3632,2249,3465
HGNC:3603,FBN1,478,Fetal (including NIPD),central,19143,9346,1,0.105,v4.1,3632,2249,3465
HGNC:3603,FBN1,700,Cardiology,central,19143,9346,1,0.105,v4.1,3632,2249,3465
HGNC:3603,FBN1,546,Endocrinology,periferico,19143,9346,1,0.105,v4.1,3632,2249,3465
HGNC:1144,BTRC,384,Musculoskeletal,central,10062,115,0.001872,0.643,v4.1,1,35,79
HGNC:18817,HPS6,511,Ophthalmology,central,2688,613,5.7889e-15,1.146,v4.1,99,191,323
HGNC:18817,HPS6,111,Viral research,periferico,2688,613,5.7889e-15,1.146,v4.1,99,191,323
HGNC:18817,HPS6,175,Haematological and immunological disorders,periferico,2688,613,5.7889e-15,1.146,v4.1,99,191,323
HGNC:18817,HPS6,398,Immunology,periferico,2688,613,5.7889e-15,1.146,v4.1,99,191,323
HGNC:4083,GABRB3,402,Neurology,central,16676,777,0.99912,0.439,v4.1,105,329,343
HGNC:23511,TBATA,63,Gastroenterological disorders,central,4218,64,5.7834e-16,1.457,v4.1,1,7,56
HGNC:10817,SGPL1,9,Endocrinology,periferico,17170,355,0.0024786,0.71,v4.1,29,189,137
HGNC:10817,SGPL1,145,Endocrinology,periferico,17170,355,0.0024786,0.71,v4.1,29,189,137
HGNC:10817,SGPL1,398,Immunology,periferico,17170,355,0.0024786,0.71,v4.1,29,189,137
HGNC:10817,SGPL1,106,Renal,periferico,17170,355,0.0024786,0.71,v4.1,29,189,137
HGNC:10817,SGPL1,126,Audiology,periferico,17170,355,0.0024786,0.71,v4.1,29,189,137
HGNC:10817,SGPL1,111,Viral research,periferico,17170,355,0.0024786,0.71,v4.1,29,189,137
HGNC:10817,SGPL1,156,Renal and urinary tract disorders,periferico,17170,355,0.0024786,0.71,v4.1,29,189,137
HGNC:8646,PCBD1,152,Endocrine disorders,periferico,2263,131,1.3794e-5,1.685,v4.1,17,83,31
HGNC:8646,PCBD1,472,Endocrinology,periferico,2263,131,1.3794e-5,1.685,v4.1,17,83,31
HGNC:8646,PCBD1,484,Sin clasificar,periferico,2263,131,1.3794e-5,1.685,v4.1,17,83,31
HGNC:689,ARIH1,700,Cardiology,periferico,24863,285,1,0.302,v4.1,0,158,127
HGNC:689,ARIH1,1,Cardiovascular disorders,periferico,24863,285,1,0.302,v4.1,0,158,127
HGNC:24039,CLMP,514,Gastrohepatology,periferico,6009,64,3.1884e-5,0.792,v4.1,10,10,44
HGNC:24039,CLMP,61,Gastroenterological disorders,periferico,6009,64,3.1884e-5,0.792,v4.1,10,10,44
HGNC:24039,CLMP,484,Sin clasificar,periferico,6009,64,3.1884e-5,0.792,v4.1,10,10,44
HGNC:2261,COX11,539,Mitochondrial,central,8291,44,0.017066,0.79,v4.1,4,6,34
HGNC:2073,TPP1,529,Metabolic,central,6502,1272,1.5534e-8,0.78,v4.1,222,541,509
HGNC:13681,DCHS1,65,Cardiology,periferico,10808,2637,0.33407,0.491,v4.1,44,921,1672
HGNC:13681,DCHS1,285,Developmental disorders,periferico,10808,2637,0.33407,0.491,v4.1,44,921,1672
HGNC:9831,RAG1,176,Gastroenterological disorders,central,8227,939,2.2369e-5,0.703,v4.1,173,341,425
HGNC:9831,RAG1,565,Dermatology,central,8227,939,2.2369e-5,0.703,v4.1,173,341,425
HGNC:9831,RAG1,111,Viral research,central,8227,939,2.2369e-5,0.703,v4.1,173,341,425
HGNC:9831,RAG1,33,Gastroenterological disorders,central,8227,939,2.2369e-5,0.703,v4.1,173,341,425
HGNC:9831,RAG1,398,Immunology,central,8227,939,2.2369e-5,0.703,v4.1,173,341,425
HGNC:9831,RAG1,550,Respiratory,periferico,8227,939,2.2369e-5,0.703,v4.1,173,341,425
HGNC:8952,SERPINB8,556,Dermatology,periferico,6011,104,5.9764e-7,1.106,v4.1,4,41,59
HGNC:8952,SERPINB8,555,Dermatology,periferico,6011,104,5.9764e-7,1.106,v4.1,4,41,59
HGNC:8952,SERPINB8,554,Dermatology,periferico,6011,104,5.9764e-7,1.106,v4.1,4,41,59
HGNC:5384,IDH3A,307,Ophthalmology,periferico,9352,305,0.0013571,1.09,v4.1,21,164,120
HGNC:5384,IDH3A,467,Metabolic,central,9352,305,0.0013571,1.09,v4.1,21,164,120
HGNC:26790,WDR72,1537,Renal,periferico,9757,492,1.2025000000000001e-34,1.089,v4.1,49,84,359
HGNC:24718,TMX3,509,Ophthalmology,periferico,9542,89,0.16822,0.686,v4.1,0,47,42
HGNC:6950,MCM7,162,Neurology,central,5344,163,1.0420999999999999e-35,1.305,v4.1,6,11,146
HGNC:11831,TK2,185,Neurology,periferico,10339,621,6.1251e-11,1.101,v4.1,96,292,233
HGNC:11831,TK2,207,Neurology,periferico,10339,621,6.1251e-11,1.101,v4.1,96,292,233
HGNC:11831,TK2,1141,Neurology,periferico,10339,621,6.1251e-11,1.101,v4.1,96,292,233
HGNC:32434,SLC38A8,509,Ophthalmology,periferico,2248,749,2.0535999999999997e-29,1.676,v4.1,71,515,163
HGNC:32434,SLC38A8,307,Ophthalmology,periferico,2248,749,2.0535999999999997e-29,1.676,v4.1,71,515,163
HGNC:6545,COG1,467,Metabolic,periferico,10618,554,6.1028e-11,0.718,v4.1,24,218,312
HGNC:6545,COG1,302,Metabolic disorders,periferico,10618,554,6.1028e-11,0.718,v4.1,24,218,312
HGNC:6545,COG1,309,Musculoskeletal,periferico,10618,554,6.1028e-11,0.718,v4.1,24,218,312
HGNC:914,B2M,111,Viral research,central,3869,77,0.96577,0.501,v4.1,5,35,37
HGNC:914,B2M,398,Immunology,central,3869,77,0.96577,0.501,v4.1,5,35,37
HGNC:9255,PPIB,478,Fetal (including NIPD),central,4978,196,1.5871e-4,1.104,v4.1,22,83,91
HGNC:30497,KIF7,724,Neurology,central,7189,1757,3.0938e-31,1.038,v4.1,106,667,984
HGNC:30497,KIF7,309,Musculoskeletal,central,7189,1757,3.0938e-31,1.038,v4.1,106,667,984
HGNC:30497,KIF7,478,Fetal (including NIPD),central,7189,1757,3.0938e-31,1.038,v4.1,106,667,984
HGNC:30497,KIF7,725,Renal,central,7189,1757,3.0938e-31,1.038,v4.1,106,667,984
HGNC:9076,PLIN1,26,Endocrine disorders,periferico,5049,190,3.4483e-12,1.201,v4.1,7,55,128
HGNC:9076,PLIN1,472,Endocrinology,periferico,5049,190,3.4483e-12,1.201,v4.1,7,55,128
HGNC:9076,PLIN1,152,Endocrine disorders,periferico,5049,190,3.4483e-12,1.201,v4.1,7,55,128
HGNC:10602,SCNN1G,314,Renal and urinary tract disorders,central,4675,353,0.81009,0.531,v4.1,16,120,217
HGNC:10602,SCNN1G,550,Respiratory,periferico,4675,353,0.81009,0.531,v4.1,16,120,217
HGNC:19246,TERF2IP,522,Inherited cancer,central,4837,854,1.8467e-13,1.45,v4.1,1,316,537
HGNC:9077,PLK1,285,Developmental disorders,central,5368,63,1,0.205,v4.1,0,1,62
HGNC:9077,PLK1,402,Neurology,central,5368,63,1,0.205,v4.1,0,1,62
HGNC:11521,TAC3,650,Endocrinology,central,3467,42,0.035006,0.927,v4.1,4,14,24
HGNC:11521,TAC3,484,Sin clasificar,periferico,3467,42,0.035006,0.927,v4.1,4,14,24
HGNC:11521,TAC3,92,Endocrine disorders,central,3467,42,0.035006,0.927,v4.1,4,14,24
HGNC:11368,STAT6,398,Immunology,central,8304,122,0.56138,0.515,v4.1,6,17,99
HGNC:11438,STX3,514,Gastrohepatology,periferico,14200,228,0.0045126,0.748,v4.1,12,126,90
HGNC:3381,EPB42,159,Haematological disorders,central,3325,294,1.1421e-9,0.771,v4.1,21,77,196
HGNC:3381,EPB42,518,Haematology,central,3325,294,1.1421e-9,0.771,v4.1,21,77,196
HGNC:6769,SMAD3,309,Musculoskeletal,central,10059,1272,0.99998,0.373,v4.1,211,429,632
HGNC:6769,SMAD3,700,Cardiology,central,10059,1272,0.99998,0.373,v4.1,211,429,632
HGNC:6769,SMAD3,285,Developmental disorders,central,10059,1272,0.99998,0.373,v4.1,211,429,632
HGNC:6769,SMAD3,484,Sin clasificar,central,10059,1272,0.99998,0.373,v4.1,211,429,632
HGNC:6769,SMAD3,81,Musculoskeletal,central,10059,1272,0.99998,0.373,v4.1,211,429,632
HGNC:6769,SMAD3,478,Fetal (including NIPD),central,10059,1272,0.99998,0.373,v4.1,211,429,632
HGNC:6769,SMAD3,1,Cardiovascular disorders,central,10059,1272,0.99998,0.373,v4.1,211,429,632
HGNC:6769,SMAD3,53,Musculoskeletal,central,10059,1272,0.99998,0.373,v4.1,211,429,632
HGNC:6769,SMAD3,258,Neurology,central,10059,1272,0.99998,0.373,v4.1,211,429,632
HGNC:6898,MARS,1174,Respiratory,periferico,8696,935,8.8851e-17,0.777,v4.1,8,357,570
HGNC:6898,MARS,579,Neurology,central,8696,935,8.8851e-17,0.777,v4.1,8,357,570
HGNC:4425,GOLGA2,207,Neurology,periferico,11050,195,1,0.407,v4.1,11,31,153
HGNC:19693,COQ4,466,Neurology,periferico,4991,345,2.7347e-14,1.645,v4.1,41,167,137
HGNC:19693,COQ4,285,Developmental disorders,periferico,4991,345,2.7347e-14,1.645,v4.1,41,167,137
HGNC:19693,COQ4,567,Neurology,periferico,4991,345,2.7347e-14,1.645,v4.1,41,167,137
HGNC:19693,COQ4,539,Mitochondrial,periferico,4991,345,2.7347e-14,1.645,v4.1,41,167,137
HGNC:19693,COQ4,484,Sin clasificar,periferico,4991,345,2.7347e-14,1.645,v4.1,41,167,137
HGNC:19693,COQ4,1141,Neurology,periferico,4991,345,2.7347e-14,1.645,v4.1,41,167,137
HGNC:19693,COQ4,112,Mitochondrial,periferico,4991,345,2.7347e-14,1.645,v4.1,41,167,137
HGNC:19693,COQ4,66,Neurology,periferico,4991,345,2.7347e-14,1.645,v4.1,41,167,137
HGNC:19693,COQ4,478,Fetal (including NIPD),periferico,4991,345,2.7347e-14,1.645,v4.1,41,167,137
HGNC:32700,CCDC103,478,Fetal (including NIPD),periferico,4346,196,0.0035424,1.256,v4.1,26,82,88
HGNC:32700,CCDC103,484,Sin clasificar,periferico,4346,196,0.0035424,1.256,v4.1,26,82,88
HGNC:2244,COQ7,846,Neurology,periferico,6711,245,2.0603e-6,1.247,v4.1,13,114,118
HGNC:13593,FBXO22,478,Fetal (including NIPD),periferico,13718,53,0.36241,0.683,v4.1,4,3,46
HGNC:13593,FBXO22,285,Developmental disorders,periferico,13718,53,0.36241,0.683,v4.1,4,3,46
HGNC:13593,FBXO22,1471,Endocrinology,periferico,13718,53,0.36241,0.683,v4.1,4,3,46
HGNC:29183,TBC1D2B,484,Sin clasificar,periferico,11379,190,6.1407e-10,0.739,v4.1,13,30,147
HGNC:29183,TBC1D2B,402,Neurology,periferico,11379,190,6.1407e-10,0.739,v4.1,13,30,147
HGNC:29183,TBC1D2B,285,Developmental disorders,periferico,11379,190,6.1407e-10,0.739,v4.1,13,30,147
HGNC:5331,NOD2,111,Viral research,central,8114,1215,2.3753999999999997e-22,1.033,v4.1,21,400,794
HGNC:5331,NOD2,565,Dermatology,central,8114,1215,2.3753999999999997e-22,1.033,v4.1,21,400,794
HGNC:5331,NOD2,398,Immunology,central,8114,1215,2.3753999999999997e-22,1.033,v4.1,21,400,794
HGNC:5331,NOD2,33,Gastroenterological disorders,central,8114,1215,2.3753999999999997e-22,1.033,v4.1,21,400,794
HGNC:5331,NOD2,1075,Immunology,central,8114,1215,2.3753999999999997e-22,1.033,v4.1,21,400,794
HGNC:26521,LOXHD1,126,Audiology,central,9214,3026,1.5697e-51,0.896,v4.1,446,1550,1030
HGNC:5466,IGF2,484,Sin clasificar,central,8494,187,0.96,0.496,v4.1,25,54,108
HGNC:5466,IGF2,1471,Endocrinology,central,8494,187,0.96,0.496,v4.1,25,54,108
HGNC:5466,IGF2,478,Fetal (including NIPD),central,8494,187,0.96,0.496,v4.1,25,54,108
HGNC:7603,MYO5B,111,Viral research,periferico,16643,1875,4.8085e-26,0.707,v4.1,107,865,903
HGNC:7603,MYO5B,33,Gastroenterological disorders,periferico,16643,1875,4.8085e-26,0.707,v4.1,107,865,903
HGNC:7603,MYO5B,514,Gastrohepatology,central,16643,1875,4.8085e-26,0.707,v4.1,107,865,903
HGNC:11386,STIM1,185,Neurology,periferico,13293,903,0.99496,0.475,v4.1,37,366,500
HGNC:11386,STIM1,519,Haematology,periferico,13293,903,0.99496,0.475,v4.1,37,366,500
HGNC:30500,PRRT2,541,Neurology,central,3755,871,0.65632,0.633,v4.1,297,202,372
HGNC:30500,PRRT2,477,Neurology,central,3755,871,0.65632,0.633,v4.1,297,202,372
HGNC:30500,PRRT2,402,Neurology,central,3755,871,0.65632,0.633,v4.1,297,202,372
HGNC:30500,PRRT2,90,Neurology and neurodevelopmental disorders,central,3755,871,0.65632,0.633,v4.1,297,202,372
HGNC:30500,PRRT2,20,Neurology and neurodevelopmental disorders,central,3755,871,0.65632,0.633,v4.1,297,202,372
HGNC:30500,PRRT2,466,Neurology,central,3755,871,0.65632,0.633,v4.1,297,202,372
HGNC:30500,PRRT2,847,Neurology,central,3755,871,0.65632,0.633,v4.1,297,202,372
HGNC:25821,ZNF668,1471,Endocrinology,periferico,4867,100,0.99608,0.458,v4.1,3,11,86
HGNC:25821,ZNF668,162,Neurology,periferico,4867,100,0.99608,0.458,v4.1,3,11,86
HGNC:23663,VKORC1,175,Haematological and immunological disorders,periferico,2801,43,7.0204e-4,1.172,v4.1,5,12,26
HGNC:23663,VKORC1,302,Metabolic disorders,periferico,2801,43,7.0204e-4,1.172,v4.1,5,12,26
HGNC:23663,VKORC1,545,Haematology,periferico,2801,43,7.0204e-4,1.172,v4.1,5,12,26
HGNC:23663,VKORC1,467,Metabolic,periferico,2801,43,7.0204e-4,1.172,v4.1,5,12,26
HGNC:25551,SMG8,478,Fetal (including NIPD),periferico,3754,158,8.6251e-8,0.726,v4.1,12,22,124
HGNC:25551,SMG8,162,Neurology,periferico,3754,158,8.6251e-8,0.726,v4.1,12,22,124
HGNC:25551,SMG8,230,Ophthalmology,periferico,3754,158,8.6251e-8,0.726,v4.1,12,22,124
HGNC:25551,SMG8,285,Developmental disorders,periferico,3754,158,8.6251e-8,0.726,v4.1,12,22,124
HGNC:25551,SMG8,484,Sin clasificar,periferico,3754,158,8.6251e-8,0.726,v4.1,12,22,124
HGNC:4556,GPX4,309,Musculoskeletal,periferico,2178,224,2.6553e-10,1.385,v4.1,16,112,96
HGNC:7529,MVD,564,Dermatology,periferico,4735,120,2.7752e-23,1.706,v4.1,7,15,98
HGNC:24576,CDT1,162,Neurology,central,2793,536,1.2251e-28,1.737,v4.1,27,247,262
HGNC:24576,CDT1,478,Fetal (including NIPD),central,2793,536,1.2251e-28,1.737,v4.1,27,247,262
HGNC:30887,TRAPPC2L,207,Neurology,periferico,5647,61,4.5571e-8,1.896,v4.1,6,16,39
HGNC:30887,TRAPPC2L,66,Neurology,periferico,5647,61,4.5571e-8,1.896,v4.1,6,16,39
HGNC:21316,ANKRD11,131,Endocrine disorders,periferico,20916,3501,1,0.132,v4.1,745,1150,1606
HGNC:10303,RPL13,478,Fetal (including NIPD),central,7198,56,0.99947,0.25,v4.1,10,5,41
HGNC:1403,CACNB3,511,Ophthalmology,periferico,7173,68,6.1222e-6,0.722,v4.1,0,1,67
HGNC:7133,KMT2D,478,Fetal (including NIPD),central,25436,7418,1,0.141,v4.1,1060,3191,3167
HGNC:7133,KMT2D,81,Musculoskeletal,central,25436,7418,1,0.141,v4.1,1060,3191,3167
HGNC:7133,KMT2D,285,Developmental disorders,central,25436,7418,1,0.141,v4.1,1060,3191,3167
HGNC:7133,KMT2D,484,Sin clasificar,central,25436,7418,1,0.141,v4.1,1060,3191,3167
HGNC:7133,KMT2D,78,Neurology,periferico,25436,7418,1,0.141,v4.1,1060,3191,3167
HGNC:20766,TUBA1A,478,Fetal (including NIPD),central,4607,439,0.99979,0.37,v4.1,202,112,125
HGNC:20766,TUBA1A,285,Developmental disorders,central,4607,439,0.99979,0.37,v4.1,202,112,125
HGNC:20766,TUBA1A,402,Neurology,central,4607,439,0.99979,0.37,v4.1,202,112,125
HGNC:20766,TUBA1A,484,Sin clasificar,central,4607,439,0.99979,0.37,v4.1,202,112,125
HGNC:20766,TUBA1A,180,Neurology and neurodevelopmental disorders,periferico,4607,439,0.99979,0.37,v4.1,202,112,125
HGNC:20766,TUBA1A,96,Neurology,central,4607,439,0.99979,0.37,v4.1,202,112,125
HGNC:20766,TUBA1A,286,Neurology and neurodevelopmental disorders,central,4607,439,0.99979,0.37,v4.1,202,112,125
HGNC:20766,TUBA1A,477,Neurology,central,4607,439,0.99979,0.37,v4.1,202,112,125
HGNC:634,AQP2,292,Renal,central,4541,467,2.6952e-7,1.375,v4.1,75,223,169
HGNC:4455,GPD1,302,Metabolic disorders,central,4990,171,0.0061336,0.891,v4.1,22,69,80
HGNC:4455,GPD1,467,Metabolic,central,4990,171,0.0061336,0.891,v4.1,22,69,80
HGNC:29415,ZNF526,230,Ophthalmology,periferico,8213,150,0.1073,0.645,v4.1,5,18,127
HGNC:29415,ZNF526,285,Developmental disorders,periferico,8213,150,0.1073,0.645,v4.1,5,18,127
HGNC:29415,ZNF526,162,Neurology,periferico,8213,150,0.1073,0.645,v4.1,5,18,127
HGNC:29415,ZNF526,478,Fetal (including NIPD),periferico,8213,150,0.1073,0.645,v4.1,5,18,127
HGNC:30832,TRAPPC9,81,Musculoskeletal,periferico,12596,1015,1.2947e-16,0.786,v4.1,82,503,430
HGNC:22947,NLRP7,1471,Endocrinology,periferico,4000,301,1.8044e-18,0.959,v4.1,27,50,224
HGNC:11247,SPINT2,221,Skeletal disorders,periferico,6243,201,1.066e-4,0.935,v4.1,17,122,62
HGNC:11247,SPINT2,384,Musculoskeletal,periferico,6243,201,1.066e-4,0.935,v4.1,17,122,62
HGNC:30511,YIF1B,847,Neurology,periferico,4866,72,1.4449e-6,1.006,v4.1,9,9,54
HGNC:30511,YIF1B,402,Neurology,periferico,4866,72,1.4449e-6,1.006,v4.1,9,9,54
HGNC:30511,YIF1B,285,Developmental disorders,periferico,4866,72,1.4449e-6,1.006,v4.1,9,9,54
HGNC:30511,YIF1B,478,Fetal (including NIPD),periferico,4866,72,1.4449e-6,1.006,v4.1,9,9,54
HGNC:30511,YIF1B,162,Neurology,periferico,4866,72,1.4449e-6,1.006,v4.1,9,9,54
HGNC:779,ATCAY,477,Neurology,periferico,5368,221,0.0023577,0.725,v4.1,4,64,153
HGNC:779,ATCAY,847,Neurology,periferico,5368,221,0.0023577,0.725,v4.1,4,64,153
HGNC:779,ATCAY,20,Neurology and neurodevelopmental disorders,periferico,5368,221,0.0023577,0.725,v4.1,4,64,153
HGNC:779,ATCAY,466,Neurology,periferico,5368,221,0.0023577,0.725,v4.1,4,64,153
HGNC:3214,EEF2,466,Neurology,central,4530,553,0.99999,0.39,v4.1,6,285,262
HGNC:3214,EEF2,478,Fetal (including NIPD),central,4530,553,0.99999,0.39,v4.1,6,285,262
HGNC:3214,EEF2,477,Neurology,central,4530,553,0.99999,0.39,v4.1,6,285,262
HGNC:10739,SEMA6B,402,Neurology,periferico,6456,343,2.516e-10,0.825,v4.1,29,89,225
HGNC:10739,SEMA6B,484,Sin clasificar,periferico,6456,343,2.516e-10,0.825,v4.1,29,89,225
HGNC:10739,SEMA6B,285,Developmental disorders,periferico,6456,343,2.516e-10,0.825,v4.1,29,89,225
HGNC:18008,NXN,309,Musculoskeletal,periferico,5929,257,0.37145,0.64,v4.1,8,160,89
HGNC:18008,NXN,384,Musculoskeletal,periferico,5929,257,0.37145,0.64,v4.1,8,160,89
HGNC:26600,WDR81,286,Neurology and neurodevelopmental disorders,periferico,8324,652,5.0643e-21,0.817,v4.1,40,187,425
HGNC:26600,WDR81,20,Neurology and neurodevelopmental disorders,periferico,8324,652,5.0643e-21,0.817,v4.1,40,187,425
HGNC:18084,TRPV3,484,Sin clasificar,periferico,9622,487,2.6488999999999997e-28,1.235,v4.1,10,223,254
HGNC:18084,TRPV3,215,Dermatological disorders,periferico,9622,487,2.6488999999999997e-28,1.235,v4.1,10,223,254
HGNC:18084,TRPV3,556,Dermatology,periferico,9622,487,2.6488999999999997e-28,1.235,v4.1,10,223,254
HGNC:18084,TRPV3,478,Fetal (including NIPD),periferico,9622,487,2.6488999999999997e-28,1.235,v4.1,10,223,254
HGNC:18084,TRPV3,555,Dermatology,periferico,9622,487,2.6488999999999997e-28,1.235,v4.1,10,223,254
HGNC:6412,KRT1,215,Dermatological disorders,central,2488,255,4.5625e-4,0.7,v4.1,48,68,139
HGNC:6412,KRT1,554,Dermatology,periferico,2488,255,4.5625e-4,0.7,v4.1,48,68,139
HGNC:6412,KRT1,564,Dermatology,periferico,2488,255,4.5625e-4,0.7,v4.1,48,68,139
HGNC:6412,KRT1,556,Dermatology,central,2488,255,4.5625e-4,0.7,v4.1,48,68,139
HGNC:6412,KRT1,555,Dermatology,central,2488,255,4.5625e-4,0.7,v4.1,48,68,139
HGNC:16692,CD320,467,Metabolic,periferico,2667,231,3.2364e-6,1.488,v4.1,0,107,124
HGNC:7716,NDUFV1,476,Neurology,central,5059,545,2.7524e-13,1.086,v4.1,69,267,209
HGNC:7716,NDUFV1,402,Neurology,central,5059,545,2.7524e-13,1.086,v4.1,69,267,209
HGNC:7716,NDUFV1,484,Sin clasificar,central,5059,545,2.7524e-13,1.086,v4.1,69,267,209
HGNC:7716,NDUFV1,539,Mitochondrial,central,5059,545,2.7524e-13,1.086,v4.1,69,267,209
HGNC:7716,NDUFV1,302,Metabolic disorders,central,5059,545,2.7524e-13,1.086,v4.1,69,267,209
HGNC:7716,NDUFV1,42,Neurology and neurodevelopmental disorders,central,5059,545,2.7524e-13,1.086,v4.1,69,267,209
HGNC:7716,NDUFV1,847,Neurology,central,5059,545,2.7524e-13,1.086,v4.1,69,267,209
HGNC:7716,NDUFV1,285,Developmental disorders,central,5059,545,2.7524e-13,1.086,v4.1,69,267,209
HGNC:7716,NDUFV1,467,Metabolic,central,5059,545,2.7524e-13,1.086,v4.1,69,267,209
HGNC:7716,NDUFV1,112,Mitochondrial,central,5059,545,2.7524e-13,1.086,v4.1,69,267,209
HGNC:7716,NDUFV1,186,Ophthalmology,central,5059,545,2.7524e-13,1.086,v4.1,69,267,209
HGNC:7716,NDUFV1,180,Neurology and neurodevelopmental disorders,central,5059,545,2.7524e-13,1.086,v4.1,69,267,209
HGNC:15736,HID1,483,Endocrinology,periferico,6257,143,1.8173e-4,0.642,v4.1,9,9,125
HGNC:15736,HID1,285,Developmental disorders,periferico,6257,143,1.8173e-4,0.642,v4.1,9,9,125
HGNC:15736,HID1,402,Neurology,periferico,6257,143,1.8173e-4,0.642,v4.1,9,9,125
HGNC:20474,TMC8,111,Viral research,periferico,6423,714,1.2654e-24,1.201,v4.1,39,348,327
HGNC:20474,TMC8,398,Immunology,periferico,6423,714,1.2654e-24,1.201,v4.1,39,348,327
HGNC:20474,TMC8,559,Dermatology,periferico,6423,714,1.2654e-24,1.201,v4.1,39,348,327
HGNC:13771,SOST,478,Fetal (including NIPD),central,2296,96,7.5286e-6,1.634,v4.1,7,30,59
HGNC:13771,SOST,309,Musculoskeletal,central,2296,96,7.5286e-6,1.634,v4.1,7,30,59
HGNC:33,ABCA3,200,Respiratory disorders,central,8925,1868,1.0831e-10,0.612,v4.1,137,1072,659
HGNC:33,ABCA3,1638,Respiratory,central,8925,1868,1.0831e-10,0.612,v4.1,137,1072,659
HGNC:33,ABCA3,1174,Respiratory,central,8925,1868,1.0831e-10,0.612,v4.1,137,1072,659
HGNC:26034,SDHAF2,649,Endocrinology,periferico,3292,747,1.4249e-8,1.608,v4.1,50,234,463
HGNC:26034,SDHAF2,539,Mitochondrial,periferico,3292,747,1.4249e-8,1.608,v4.1,50,234,463
HGNC:26034,SDHAF2,391,Tumour syndromes,periferico,3292,747,1.4249e-8,1.608,v4.1,50,234,463
HGNC:2717,DDB1,285,Developmental disorders,central,16180,170,1,0.195,v4.1,6,24,140
HGNC:2717,DDB1,484,Sin clasificar,central,16180,170,1,0.195,v4.1,6,24,140
HGNC:12703,BEST1,509,Ophthalmology,central,8943,952,3.209e-19,1.28,v4.1,336,249,367
HGNC:12703,BEST1,307,Ophthalmology,central,8943,952,3.209e-19,1.28,v4.1,336,249,367
HGNC:15832,BSCL2,402,Neurology,periferico,8309,667,7.4505e-10,0.869,v4.1,58,218,391
HGNC:15832,BSCL2,546,Endocrinology,central,8309,667,7.4505e-10,0.869,v4.1,58,218,391
HGNC:15832,BSCL2,846,Neurology,central,8309,667,7.4505e-10,0.869,v4.1,58,218,391
HGNC:15832,BSCL2,85,Neurology and neurodevelopmental disorders,central,8309,667,7.4505e-10,0.869,v4.1,58,218,391
HGNC:15832,BSCL2,293,Endocrinology,periferico,8309,667,7.4505e-10,0.869,v4.1,58,218,391
HGNC:24564,C2CD3,122,Skeletal disorders,periferico,28072,1186,1.8824e-14,0.637,v4.1,85,535,566
HGNC:24564,C2CD3,724,Neurology,central,28072,1186,1.8824e-14,0.637,v4.1,85,535,566
HGNC:2514,CTNNB1,568,Neurology,central,12350,927,1,0.139,v4.1,250,330,347
HGNC:2514,CTNNB1,307,Ophthalmology,central,12350,927,1,0.139,v4.1,250,330,347
HGNC:2514,CTNNB1,285,Developmental disorders,central,12350,927,1,0.139,v4.1,250,330,347
HGNC:2514,CTNNB1,478,Fetal (including NIPD),central,12350,927,1,0.139,v4.1,250,330,347
HGNC:2514,CTNNB1,162,Neurology,central,12350,927,1,0.139,v4.1,250,330,347
HGNC:2514,CTNNB1,484,Sin clasificar,central,12350,927,1,0.139,v4.1,250,330,347
HGNC:25566,SETD5,147,Neurology,periferico,24810,1482,1,0.376,v4.1,317,447,718
HGNC:25566,SETD5,1471,Endocrinology,central,24810,1482,1,0.376,v4.1,317,447,718
HGNC:25566,SETD5,309,Musculoskeletal,periferico,24810,1482,1,0.376,v4.1,317,447,718
HGNC:5724,RBPJ,484,Sin clasificar,central,15311,216,1,0.267,v4.1,7,120,89
HGNC:5724,RBPJ,81,Musculoskeletal,central,15311,216,1,0.267,v4.1,7,120,89
HGNC:5724,RBPJ,285,Developmental disorders,central,15311,216,1,0.267,v4.1,7,120,89
HGNC:5724,RBPJ,478,Fetal (including NIPD),central,15311,216,1,0.267,v4.1,7,120,89
HGNC:23038,LMBRD1,478,Fetal (including NIPD),periferico,13716,542,1.0849e-10,1.184,v4.1,59,319,164
HGNC:24247,GLYCTK,285,Developmental disorders,periferico,4969,236,8.6061e-10,1.3,v4.1,5,84,147
HGNC:24247,GLYCTK,402,Neurology,periferico,4969,236,8.6061e-10,1.3,v4.1,5,84,147
HGNC:24247,GLYCTK,302,Metabolic disorders,periferico,4969,236,8.6061e-10,1.3,v4.1,5,84,147
HGNC:21729,IRF2BP2,111,Viral research,periferico,7362,810,0.41247,0.709,v4.1,6,293,511
HGNC:18025,COA6,539,Mitochondrial,central,2459,74,0.01155,1.065,v4.1,5,44,25
HGNC:18025,COA6,749,Cardiology,central,2459,74,0.01155,1.065,v4.1,5,44,25
HGNC:18025,COA6,112,Mitochondrial,central,2459,74,0.01155,1.065,v4.1,5,44,25
HGNC:6325,KIF5C,96,Neurology,central,34342,300,1,0.249,v4.1,10,176,114
HGNC:7045,MGAT2,285,Developmental disorders,periferico,3526,173,0.012551,0.74,v4.1,14,29,130
HGNC:7045,MGAT2,484,Sin clasificar,periferico,3526,173,0.012551,0.74,v4.1,14,29,130
HGNC:7045,MGAT2,478,Fetal (including NIPD),periferico,3526,173,0.012551,0.74,v4.1,14,29,130
HGNC:25221,MMADHC,478,Fetal (including NIPD),periferico,8383,400,1.6899e-4,0.986,v4.1,70,220,110
HGNC:8808,PDHB,531,Mitochondrial,central,4986,431,0.78728,0.586,v4.1,44,276,111
HGNC:8808,PDHB,285,Developmental disorders,central,4986,431,0.78728,0.586,v4.1,44,276,111
HGNC:8808,PDHB,302,Metabolic disorders,central,4986,431,0.78728,0.586,v4.1,44,276,111
HGNC:8808,PDHB,467,Metabolic,central,4986,431,0.78728,0.586,v4.1,44,276,111
HGNC:8808,PDHB,478,Fetal (including NIPD),central,4986,431,0.78728,0.586,v4.1,44,276,111
HGNC:4718,HIST1H1E,38,Growth disorders,periferico,787,243,2.0093e-4,1.849,v4.1,38,96,109
HGNC:16002,MPLKIP,285,Developmental disorders,periferico,8831,172,3.1875e-7,1.815,v4.1,23,60,89
HGNC:16002,MPLKIP,42,Neurology and neurodevelopmental disorders,periferico,8831,172,3.1875e-7,1.815,v4.1,23,60,89
HGNC:16002,MPLKIP,484,Sin clasificar,periferico,8831,172,3.1875e-7,1.815,v4.1,23,60,89
HGNC:16002,MPLKIP,162,Neurology,periferico,8831,172,3.1875e-7,1.815,v4.1,23,60,89
HGNC:2558,CX3CR1,111,Viral research,central,4026,50,0.53222,1.381,v4.1,0,13,37
HGNC:10583,SCN11A,61,Gastroenterological disorders,periferico,12522,1698,3.9782e-18,0.834,v4.1,9,618,1071
HGNC:18622,COG7,385,Gastroenterological disorders,periferico,5313,625,2.562e-5,0.651,v4.1,28,315,282
HGNC:18622,COG7,302,Metabolic disorders,periferico,5313,625,2.562e-5,0.651,v4.1,28,315,282
HGNC:18622,COG7,544,Gastrohepatology,periferico,5313,625,2.562e-5,0.651,v4.1,28,315,282
HGNC:18622,COG7,467,Metabolic,periferico,5313,625,2.562e-5,0.651,v4.1,28,315,282
HGNC:10600,SCNN1B,550,Respiratory,periferico,4809,461,1.4648e-9,0.81,v4.1,47,129,285
HGNC:5172,HR,478,Fetal (including NIPD),periferico,8509,524,2.713e-19,0.848,v4.1,30,140,354
HGNC:5172,HR,553,Dermatology,periferico,8509,524,2.713e-19,0.848,v4.1,30,140,354
HGNC:5172,HR,189,Dermatological disorders,periferico,8509,524,2.713e-19,0.848,v4.1,30,140,354
HGNC:5172,HR,484,Sin clasificar,periferico,8509,524,2.713e-19,0.848,v4.1,30,140,354
HGNC:18711,LGI3,258,Neurology,periferico,4681,126,5.574e-14,1.067,v4.1,12,13,101
HGNC:18711,LGI3,478,Fetal (including NIPD),periferico,4681,126,5.574e-14,1.067,v4.1,12,13,101
HGNC:18711,LGI3,285,Developmental disorders,periferico,4681,126,5.574e-14,1.067,v4.1,12,13,101
HGNC:10802,SFTPC,200,Respiratory disorders,central,3195,204,0.0031214,1,v4.1,29,75,100
HGNC:10802,SFTPC,1638,Respiratory,central,3195,204,0.0031214,1,v4.1,29,75,100
HGNC:1067,BMP1,309,Musculoskeletal,central,7374,1071,1.3726e-8,0.648,v4.1,51,693,327
HGNC:29121,MTCL1,477,Neurology,periferico,14869,357,2.8928e-11,0.663,v4.1,1,56,300
HGNC:4887,HFE2,385,Gastroenterological disorders,periferico,3666,470,3.3196e-7,1.148,v4.1,79,225,166
HGNC:4887,HFE2,467,Metabolic,periferico,3666,470,3.3196e-7,1.148,v4.1,79,225,166
HGNC:4887,HFE2,47,Cardiovascular disorders,periferico,3666,470,3.3196e-7,1.148,v4.1,79,225,166
HGNC:4887,HFE2,302,Metabolic disorders,periferico,3666,470,3.3196e-7,1.148,v4.1,79,225,166
HGNC:25751,TRAPPC11,467,Metabolic,periferico,8169,1082,4.5163e-18,0.816,v4.1,70,524,488
HGNC:2201,COL3A1,53,Musculoskeletal,central,7119,3928,1,0.291,v4.1,961,1387,1580
HGNC:2201,COL3A1,147,Neurology,central,7119,3928,1,0.291,v4.1,961,1387,1580
HGNC:2201,COL3A1,478,Fetal (including NIPD),central,7119,3928,1,0.291,v4.1,961,1387,1580
HGNC:2201,COL3A1,105,Respiratory,central,7119,3928,1,0.291,v4.1,961,1387,1580
HGNC:10947,SLC20A2,180,Neurology and neurodevelopmental disorders,periferico,11297,441,0.018553,0.644,v4.1,87,131,223
HGNC:10947,SLC20A2,474,Neurology,periferico,11297,441,0.018553,0.644,v4.1,87,131,223
HGNC:10947,SLC20A2,847,Neurology,periferico,11297,441,0.018553,0.644,v4.1,87,131,223
HGNC:10947,SLC20A2,476,Neurology,periferico,11297,441,0.018553,0.644,v4.1,87,131,223
HGNC:11364,STAT3,565,Dermatology,central,12794,916,1,0.109,v4.1,102,440,374
HGNC:11364,STAT3,398,Immunology,central,12794,916,1,0.109,v4.1,102,440,374
HGNC:11364,STAT3,59,Cancer susceptibility,central,12794,916,1,0.109,v4.1,102,440,374
HGNC:11364,STAT3,33,Gastroenterological disorders,central,12794,916,1,0.109,v4.1,102,440,374
HGNC:11364,STAT3,176,Gastroenterological disorders,central,12794,916,1,0.109,v4.1,102,440,374
HGNC:11364,STAT3,478,Fetal (including NIPD),central,12794,916,1,0.109,v4.1,102,440,374
HGNC:11364,STAT3,26,Endocrine disorders,central,12794,916,1,0.109,v4.1,102,440,374
HGNC:11364,STAT3,168,Musculoskeletal,central,12794,916,1,0.109,v4.1,102,440,374
HGNC:11364,STAT3,111,Viral research,central,12794,916,1,0.109,v4.1,102,440,374
HGNC:4232,GDNF,61,Gastroenterological disorders,periferico,4650,125,0.59747,0.725,v4.1,0,49,76
HGNC:904,AXIN2,504,Inherited cancer,central,6373,4343,0.99999,0.397,v4.1,207,1490,2646
HGNC:6024,IL7R,111,Viral research,central,7717,595,2.5305e-8,0.981,v4.1,64,300,231
HGNC:6024,IL7R,398,Immunology,central,7717,595,2.5305e-8,0.981,v4.1,64,300,231
HGNC:27030,DNAJC21,478,Fetal (including NIPD),periferico,15165,467,1.0319e-16,1.083,v4.1,60,187,220
HGNC:27030,DNAJC21,159,Haematological disorders,periferico,15165,467,1.0319e-16,1.083,v4.1,60,187,220
HGNC:27030,DNAJC21,111,Viral research,periferico,15165,467,1.0319e-16,1.083,v4.1,60,187,220
HGNC:27030,DNAJC21,398,Immunology,periferico,15165,467,1.0319e-16,1.083,v4.1,60,187,220
HGNC:27030,DNAJC21,59,Cancer susceptibility,periferico,15165,467,1.0319e-16,1.083,v4.1,60,187,220
HGNC:27405,NPNT,478,Fetal (including NIPD),periferico,11794,104,4.9437e-9,0.944,v4.1,1,14,89
HGNC:25774,TCTN2,725,Renal,central,5109,795,6.054e-18,0.992,v4.1,77,344,374
HGNC:25774,TCTN2,150,Ciliopathies,central,5109,795,6.054e-18,0.992,v4.1,77,344,374
HGNC:13780,GFM1,484,Sin clasificar,central,14711,1002,3.6978e-10,0.829,v4.1,202,528,272
HGNC:13780,GFM1,476,Neurology,central,14711,1002,3.6978e-10,0.829,v4.1,202,528,272
HGNC:13780,GFM1,478,Fetal (including NIPD),central,14711,1002,3.6978e-10,0.829,v4.1,202,528,272
HGNC:13780,GFM1,467,Metabolic,central,14711,1002,3.6978e-10,0.829,v4.1,202,528,272
HGNC:13780,GFM1,539,Mitochondrial,central,14711,1002,3.6978e-10,0.829,v4.1,202,528,272
HGNC:13780,GFM1,112,Mitochondrial,central,14711,1002,3.6978e-10,0.829,v4.1,202,528,272
HGNC:13780,GFM1,402,Neurology,central,14711,1002,3.6978e-10,0.829,v4.1,202,528,272
HGNC:13780,GFM1,302,Metabolic disorders,central,14711,1002,3.6978e-10,0.829,v4.1,202,528,272
HGNC:13780,GFM1,285,Developmental disorders,central,14711,1002,3.6978e-10,0.829,v4.1,202,528,272
HGNC:6556,LETM1,225,Neurology,periferico,9001,339,1.3697e-11,0.881,v4.1,12,161,166
HGNC:6556,LETM1,402,Neurology,periferico,9001,339,1.3697e-11,0.881,v4.1,12,161,166
HGNC:6556,LETM1,126,Audiology,periferico,9001,339,1.3697e-11,0.881,v4.1,12,161,166
HGNC:6556,LETM1,186,Ophthalmology,periferico,9001,339,1.3697e-11,0.881,v4.1,12,161,166
HGNC:6556,LETM1,539,Mitochondrial,periferico,9001,339,1.3697e-11,0.881,v4.1,12,161,166
HGNC:6556,LETM1,112,Mitochondrial,periferico,9001,339,1.3697e-11,0.881,v4.1,12,161,166
HGNC:6556,LETM1,285,Developmental disorders,periferico,9001,339,1.3697e-11,0.881,v4.1,12,161,166
HGNC:6556,LETM1,749,Cardiology,periferico,9001,339,1.3697e-11,0.881,v4.1,12,161,166
HGNC:26690,CEP120,122,Skeletal disorders,central,16453,648,1.9566e-18,0.93,v4.1,41,326,281
HGNC:26690,CEP120,726,Musculoskeletal,central,16453,648,1.9566e-18,0.93,v4.1,41,326,281
HGNC:24858,MFF,539,Mitochondrial,periferico,11583,206,0.65021,0.623,v4.1,14,98,94
HGNC:24858,MFF,402,Neurology,periferico,11583,206,0.65021,0.623,v4.1,14,98,94
HGNC:24858,MFF,112,Mitochondrial,periferico,11583,206,0.65021,0.623,v4.1,14,98,94
HGNC:3649,FEM1B,484,Sin clasificar,periferico,9374,48,0.99923,0.42,v4.1,1,2,45
HGNC:3649,FEM1B,478,Fetal (including NIPD),periferico,9374,48,0.99923,0.42,v4.1,1,2,45
HGNC:12587,UQCRFS1,478,Fetal (including NIPD),central,5874,39,0.34234,0.796,v4.1,3,10,26
HGNC:12587,UQCRFS1,539,Mitochondrial,central,5874,39,0.34234,0.796,v4.1,3,10,26
HGNC:12587,UQCRFS1,536,Mitochondrial,periferico,5874,39,0.34234,0.796,v4.1,3,10,26
HGNC:12587,UQCRFS1,484,Sin clasificar,central,5874,39,0.34234,0.796,v4.1,3,10,26
HGNC:12587,UQCRFS1,467,Metabolic,central,5874,39,0.34234,0.796,v4.1,3,10,26
HGNC:12587,UQCRFS1,112,Mitochondrial,central,5874,39,0.34234,0.796,v4.1,3,10,26
HGNC:2204,COL4A3,156,Renal and urinary tract disorders,central,14186,3476,2.7708999999999997e-21,0.709,v4.1,901,1473,1102
HGNC:2204,COL4A3,283,Renal,periferico,14186,3476,2.7708999999999997e-21,0.709,v4.1,901,1473,1102
HGNC:6840,MAP2K1,285,Developmental disorders,central,6668,717,0.96737,0.515,v4.1,57,343,317
HGNC:6840,MAP2K1,478,Fetal (including NIPD),central,6668,717,0.96737,0.515,v4.1,57,343,317
HGNC:6840,MAP2K1,484,Sin clasificar,central,6668,717,0.96737,0.515,v4.1,57,343,317
HGNC:5041,HNRNPH1,484,Sin clasificar,central,10327,92,1,0.113,v4.1,9,14,69
HGNC:5041,HNRNPH1,285,Developmental disorders,central,10327,92,1,0.113,v4.1,9,14,69
HGNC:5041,HNRNPH1,478,Fetal (including NIPD),central,10327,92,1,0.113,v4.1,9,14,69
HGNC:6990,MECP2,402,Neurology,central,20686,2219,0.89382,0.407,v2.1.1,965,669,585
HGNC:6990,MECP2,285,Developmental disorders,central,20686,2219,0.89382,0.407,v2.1.1,965,669,585
HGNC:6990,MECP2,484,Sin clasificar,central,20686,2219,0.89382,0.407,v2.1.1,965,669,585
HGNC:6990,MECP2,162,Neurology,central,20686,2219,0.89382,0.407,v2.1.1,965,669,585
HGNC:10257,ROR2,81,Musculoskeletal,periferico,5935,914,0.3497,0.543,v4.1,66,289,559
HGNC:10257,ROR2,131,Endocrine disorders,periferico,5935,914,0.3497,0.543,v4.1,66,289,559
HGNC:10257,ROR2,234,Renal and urinary tract disorders,periferico,5935,914,0.3497,0.543,v4.1,66,289,559
HGNC:644,AR,478,Fetal (including NIPD),central,13114,1103,0.98837,0.291,v2.1.1,434,426,243
HGNC:644,AR,484,Sin clasificar,central,13114,1103,0.98837,0.291,v2.1.1,434,426,243
HGNC:18399,DHRSX,25,Metabolic,periferico,8101,32,2.6081e-4,1.197,v2.1.1,3,13,16
HGNC:18399,DHRSX,478,Fetal (including NIPD),periferico,8101,32,2.6081e-4,1.197,v2.1.1,3,13,16
HGNC:18399,DHRSX,285,Developmental disorders,periferico,8101,32,2.6081e-4,1.197,v2.1.1,3,13,16
HGNC:18399,DHRSX,126,Audiology,periferico,8101,32,2.6081e-4,1.197,v2.1.1,3,13,16
HGNC:18399,DHRSX,402,Neurology,periferico,8101,32,2.6081e-4,1.197,v2.1.1,3,13,16
HGNC:18399,DHRSX,467,Metabolic,periferico,8101,32,2.6081e-4,1.197,v2.1.1,3,13,16
HGNC:24464,CHST14,258,Neurology,periferico,2175,433,0.0044188,0.917,v4.1,37,172,224
HGNC:24464,CHST14,467,Metabolic,periferico,2175,433,0.0044188,0.917,v4.1,37,172,224
HGNC:24464,CHST14,175,Haematological and immunological disorders,periferico,2175,433,0.0044188,0.917,v4.1,37,172,224
HGNC:24464,CHST14,285,Developmental disorders,periferico,2175,433,0.0044188,0.917,v4.1,37,172,224
HGNC:24464,CHST14,302,Metabolic disorders,periferico,2175,433,0.0044188,0.917,v4.1,37,172,224
HGNC:2454,CSNK1G1,309,Musculoskeletal,periferico,10938,55,0.2501,0.651,v4.1,1,7,47
HGNC:2454,CSNK1G1,402,Neurology,periferico,10938,55,0.2501,0.651,v4.1,1,7,47
HGNC:25583,ARMC4,285,Developmental disorders,periferico,6542,769,2.9467e-18,0.977,v4.1,66,370,333
HGNC:20001,PCSK9,399,Sin clasificar,periferico,6356,1544,1.1172e-20,1.25,v4.1,17,595,932
HGNC:7180,MN1,484,Sin clasificar,periferico,8257,497,0.99238,0.482,v4.1,31,92,374
HGNC:7180,MN1,126,Audiology,periferico,8257,497,0.99238,0.482,v4.1,31,92,374
HGNC:7180,MN1,478,Fetal (including NIPD),periferico,8257,497,0.99238,0.482,v4.1,31,92,374
HGNC:7180,MN1,285,Developmental disorders,periferico,8257,497,0.99238,0.482,v4.1,31,92,374
HGNC:7180,MN1,96,Neurology,periferico,8257,497,0.99238,0.482,v4.1,31,92,374
HGNC:21679,RSPO1,556,Dermatology,periferico,4658,91,1.9361e-5,1.005,v4.1,6,34,51
HGNC:21679,RSPO1,555,Dermatology,periferico,4658,91,1.9361e-5,1.005,v4.1,6,34,51
HGNC:29427,SH3TC2,85,Neurology and neurodevelopmental disorders,central,38298,1873,1.6409e-18,0.8,v4.1,167,649,1057
HGNC:29427,SH3TC2,846,Neurology,central,38298,1873,1.6409e-18,0.8,v4.1,167,649,1057
HGNC:7960,NR0B1,9,Endocrinology,central,1999,514,0.97025,0.275,v2.1.1,209,178,127
HGNC:5996,IL1RAPL1,478,Fetal (including NIPD),periferico,5820,427,0.99886,0.197,v2.1.1,111,150,166
HGNC:12559,UMOD,156,Renal and urinary tract disorders,central,8235,623,9.1231e-23,1.241,v4.1,107,158,358
HGNC:12559,UMOD,548,Renal,central,8235,623,9.1231e-23,1.241,v4.1,107,158,358
HGNC:12559,UMOD,292,Renal,central,8235,623,9.1231e-23,1.241,v4.1,107,158,358
HGNC:95,SLC33A1,165,Neurology and neurodevelopmental disorders,central,10955,279,0.91612,0.555,v4.1,10,105,164
HGNC:14245,SNUPN,185,Neurology,periferico,5149,54,0.023554,0.798,v4.1,4,3,47
HGNC:2340,CRADD,285,Developmental disorders,periferico,8294,83,0.033664,0.999,v4.1,8,39,36
HGNC:2340,CRADD,478,Fetal (including NIPD),periferico,8294,83,0.033664,0.999,v4.1,8,39,36
HGNC:2340,CRADD,96,Neurology,periferico,8294,83,0.033664,0.999,v4.1,8,39,36
HGNC:19353,SIN3A,484,Sin clasificar,central,13479,802,1,0.14,v4.1,123,279,400
HGNC:19353,SIN3A,478,Fetal (including NIPD),central,13479,802,1,0.14,v4.1,123,279,400
HGNC:19353,SIN3A,285,Developmental disorders,central,13479,802,1,0.14,v4.1,123,279,400
HGNC:25419,ARL13B,150,Ciliopathies,central,6852,409,1.9828e-8,0.894,v4.1,41,174,194
HGNC:25419,ARL13B,724,Neurology,central,6852,409,1.9828e-8,0.894,v4.1,41,174,194
HGNC:25419,ARL13B,307,Ophthalmology,central,6852,409,1.9828e-8,0.894,v4.1,41,174,194
HGNC:25419,ARL13B,722,Ophthalmology,central,6852,409,1.9828e-8,0.894,v4.1,41,174,194
HGNC:25419,ARL13B,478,Fetal (including NIPD),central,6852,409,1.9828e-8,0.894,v4.1,41,174,194
HGNC:25419,ARL13B,725,Renal,central,6852,409,1.9828e-8,0.894,v4.1,41,174,194
HGNC:6025,CXCL8,111,Viral research,central,6369,6,0.0037199,1.822,v4.1,0,3,3
HGNC:10597,SCN9A,563,Dermatology,periferico,13950,3025,8.0099e-23,0.855,v4.1,185,909,1931
HGNC:10597,SCN9A,288,Neurology and neurodevelopmental disorders,central,13950,3025,8.0099e-23,0.855,v4.1,185,909,1931
HGNC:25367,CCDC8,131,Endocrine disorders,periferico,3236,252,0.0017454,1.796,v4.1,12,68,172
HGNC:25367,CCDC8,1471,Endocrinology,periferico,3236,252,0.0017454,1.796,v4.1,12,68,172
HGNC:25367,CCDC8,309,Musculoskeletal,periferico,3236,252,0.0017454,1.796,v4.1,12,68,172
HGNC:14881,ZEB2,1217,Gastrohepatology,central,26363,1643,1,0.114,v4.1,417,589,637
HGNC:14881,ZEB2,484,Sin clasificar,central,26363,1643,1,0.114,v4.1,417,589,637
HGNC:14881,ZEB2,478,Fetal (including NIPD),central,26363,1643,1,0.114,v4.1,417,589,637
HGNC:4283,GJB1,42,Neurology and neurodevelopmental disorders,periferico,5923,862,0.84627,0.486,v2.1.1,264,120,478
HGNC:4283,GJB1,846,Neurology,central,5923,862,0.84627,0.486,v2.1.1,264,120,478
HGNC:4283,GJB1,85,Neurology and neurodevelopmental disorders,central,5923,862,0.84627,0.486,v2.1.1,264,120,478
HGNC:4912,HINT1,846,Neurology,periferico,7118,142,1.9819e-5,1.778,v4.1,27,56,59
HGNC:4912,HINT1,85,Neurology and neurodevelopmental disorders,periferico,7118,142,1.9819e-5,1.778,v4.1,27,56,59
HGNC:16287,NFU1,193,Respiratory,periferico,2509,208,7.2341e-5,1.544,v4.1,18,101,89
HGNC:16287,NFU1,568,Neurology,periferico,2509,208,7.2341e-5,1.544,v4.1,18,101,89
HGNC:21014,ANTXR1,285,Developmental disorders,periferico,32253,200,1,0.346,v4.1,11,105,84
HGNC:26877,CKAP2L,384,Musculoskeletal,periferico,5464,264,1.3949e-4,0.72,v4.1,23,92,149
HGNC:26877,CKAP2L,285,Developmental disorders,periferico,5464,264,1.3949e-4,0.72,v4.1,23,92,149
HGNC:4524,PROKR1,1217,Gastrohepatology,periferico,5707,69,3.729e-7,1.263,v4.1,0,5,64
HGNC:1148,BUB1,478,Fetal (including NIPD),central,8517,1515,7.3293e-13,0.727,v4.1,6,523,986
HGNC:1148,BUB1,285,Developmental disorders,central,8517,1515,7.3293e-13,0.727,v4.1,6,523,986
HGNC:1148,BUB1,162,Neurology,central,8517,1515,7.3293e-13,0.727,v4.1,6,523,986
HGNC:28302,LRRC45,724,Neurology,periferico,3737,169,2.5126999999999997e-28,1.293,v4.1,1,35,133
HGNC:28302,LRRC45,722,Ophthalmology,periferico,3737,169,2.5126999999999997e-28,1.293,v4.1,1,35,133
HGNC:28302,LRRC45,285,Developmental disorders,periferico,3737,169,2.5126999999999997e-28,1.293,v4.1,1,35,133
HGNC:325,AGPAT2,565,Dermatology,periferico,2843,281,7.177e-6,1.199,v4.1,35,83,163
HGNC:18985,DCXR,467,Metabolic,periferico,1987,42,3.6267e-10,1.362,v4.1,1,7,34
HGNC:18985,DCXR,302,Metabolic disorders,periferico,1987,42,3.6267e-10,1.362,v4.1,1,7,34
HGNC:9803,RAC3,96,Neurology,periferico,2001,66,0.28031,0.726,v4.1,11,16,39
HGNC:26887,TAPT1,478,Fetal (including NIPD),periferico,11332,334,0.13378,0.698,v4.1,9,223,102
HGNC:26887,TAPT1,484,Sin clasificar,periferico,11332,334,0.13378,0.698,v4.1,9,223,102
HGNC:26887,TAPT1,196,Musculoskeletal,periferico,11332,334,0.13378,0.698,v4.1,9,223,102
HGNC:12527,UGP2,162,Neurology,periferico,7351,70,2.8756e-9,0.991,v4.1,1,18,51
HGNC:1122,BTD,539,Mitochondrial,periferico,23400,775,5.4385e-5,1.22,v4.1,255,244,276
HGNC:1122,BTD,285,Developmental disorders,periferico,23400,775,5.4385e-5,1.22,v4.1,255,244,276
HGNC:1122,BTD,484,Sin clasificar,periferico,23400,775,5.4385e-5,1.22,v4.1,255,244,276
HGNC:1122,BTD,248,Metabolic disorders,periferico,23400,775,5.4385e-5,1.22,v4.1,255,244,276
HGNC:1122,BTD,186,Ophthalmology,periferico,23400,775,5.4385e-5,1.22,v4.1,255,244,276
HGNC:1122,BTD,478,Fetal (including NIPD),periferico,23400,775,5.4385e-5,1.22,v4.1,255,244,276
HGNC:1122,BTD,112,Mitochondrial,periferico,23400,775,5.4385e-5,1.22,v4.1,255,244,276
HGNC:11528,TACR3,92,Endocrine disorders,central,5574,180,2.8788e-12,1.21,v4.1,19,60,101
HGNC:10249,ROBO1,234,Renal and urinary tract disorders,periferico,12359,717,3.4299e-31,0.856,v4.1,51,249,417
HGNC:10249,ROBO1,483,Endocrinology,periferico,12359,717,3.4299e-31,0.856,v4.1,51,249,417
HGNC:12775,WNT10B,384,Musculoskeletal,central,3745,140,8.2304e-8,1.097,v4.1,26,30,84
HGNC:6149,ITGAM,111,Viral research,central,5812,1104,7.6195e-11,0.678,v4.1,0,468,636
HGNC:20718,OTUD7A,402,Neurology,periferico,15620,225,1,0.216,v4.1,15,39,171
HGNC:20718,OTUD7A,285,Developmental disorders,periferico,15620,225,1,0.216,v4.1,15,39,171
HGNC:4696,GUSB,484,Sin clasificar,central,4873,753,3.6596e-11,0.871,v4.1,107,398,248
HGNC:4696,GUSB,478,Fetal (including NIPD),central,4873,753,3.6596e-11,0.871,v4.1,107,398,248
HGNC:4696,GUSB,75,Metabolic disorders,central,4873,753,3.6596e-11,0.871,v4.1,107,398,248
HGNC:4696,GUSB,309,Musculoskeletal,central,4873,753,3.6596e-11,0.871,v4.1,107,398,248
HGNC:29007,FRMPD4,484,Sin clasificar,periferico,10456,512,1,0.083,v2.1.1,21,127,364
HGNC:1918,CHD3,484,Sin clasificar,central,11025,836,1,0.257,v4.1,126,148,562
HGNC:1918,CHD3,478,Fetal (including NIPD),central,11025,836,1,0.257,v4.1,126,148,562
HGNC:1918,CHD3,285,Developmental disorders,central,11025,836,1,0.257,v4.1,126,148,562
HGNC:12852,YWHAG,402,Neurology,central,4071,229,0.99994,0.204,v4.1,31,110,88
HGNC:12852,YWHAG,478,Fetal (including NIPD),central,4071,229,0.99994,0.204,v4.1,31,110,88
HGNC:12852,YWHAG,285,Developmental disorders,central,4071,229,0.99994,0.204,v4.1,31,110,88
HGNC:12852,YWHAG,484,Sin clasificar,central,4071,229,0.99994,0.204,v4.1,31,110,88
HGNC:1961,CHRNB1,484,Sin clasificar,periferico,4389,589,1.0067e-13,1.047,v4.1,35,218,336
HGNC:25808,FAM161A,307,Ophthalmology,central,7825,942,1.995e-16,1.025,v4.1,188,369,385
HGNC:4298,GLB1,144,Dysmorphic and congenital abnormality syndromes,periferico,11844,1228,2.9564e-15,0.938,v4.1,325,592,311
HGNC:4298,GLB1,476,Neurology,periferico,11844,1228,2.9564e-15,0.938,v4.1,325,592,311
HGNC:4298,GLB1,749,Cardiology,periferico,11844,1228,2.9564e-15,0.938,v4.1,325,592,311
HGNC:4298,GLB1,540,Neurology,periferico,11844,1228,2.9564e-15,0.938,v4.1,325,592,311
HGNC:20356,GON7,478,Fetal (including NIPD),periferico,4085,8,0.57817,0.891,v4.1,2,4,2
HGNC:2379,CRTAP,309,Musculoskeletal,central,9592,722,7.1791e-11,1.251,v4.1,71,318,333
HGNC:2379,CRTAP,196,Musculoskeletal,central,9592,722,7.1791e-11,1.251,v4.1,71,318,333
HGNC:2153,CNGB3,307,Ophthalmology,central,5896,1358,8.5316e-20,1.044,v4.1,278,613,467
HGNC:3341,EMX2,96,Neurology,periferico,3261,66,0.97789,0.499,v4.1,12,17,37
HGNC:17321,SP7,478,Fetal (including NIPD),central,3386,199,0.031855,0.808,v4.1,3,78,118
HGNC:17321,SP7,309,Musculoskeletal,central,3386,199,0.031855,0.808,v4.1,3,78,118
HGNC:10727,SEMA3E,111,Viral research,periferico,8499,900,2.7748e-6,0.668,v4.1,2,422,476
HGNC:29958,SDR9C7,478,Fetal (including NIPD),periferico,1789,115,0.0071304,0.844,v4.1,5,31,79
HGNC:29958,SDR9C7,282,Dermatological disorders,central,1789,115,0.0071304,0.844,v4.1,5,31,79
HGNC:29958,SDR9C7,553,Dermatology,periferico,1789,115,0.0071304,0.844,v4.1,5,31,79
HGNC:4816,HARS,285,Developmental disorders,central,14167,673,1.8771e-6,0.957,v4.1,10,248,415
HGNC:4816,HARS,85,Neurology and neurodevelopmental disorders,periferico,14167,673,1.8771e-6,0.957,v4.1,10,248,415
HGNC:28338,DENND5B,285,Developmental disorders,periferico,13185,201,1,0.351,v4.1,1,26,174
HGNC:28338,DENND5B,402,Neurology,periferico,13185,201,1,0.351,v4.1,1,26,174
HGNC:28929,KRT74,553,Dermatology,central,3637,239,1.3537e-13,1.278,v4.1,3,104,132
HGNC:28929,KRT74,189,Dermatological disorders,periferico,3637,239,1.3537e-13,1.278,v4.1,3,104,132
HGNC:28929,KRT74,478,Fetal (including NIPD),periferico,3637,239,1.3537e-13,1.278,v4.1,3,104,132
HGNC:28929,KRT74,484,Sin clasificar,periferico,3637,239,1.3537e-13,1.278,v4.1,3,104,132
HGNC:697,ARL6IP1,478,Fetal (including NIPD),central,4515,103,0.51353,0.682,v4.1,7,57,39
HGNC:1759,CDH2,134,Cardiology,periferico,13682,1141,1,0.336,v4.1,25,475,641
HGNC:1759,CDH2,484,Sin clasificar,central,13682,1141,1,0.336,v4.1,25,475,641
HGNC:1759,CDH2,285,Developmental disorders,central,13682,1141,1,0.336,v4.1,25,475,641
HGNC:1759,CDH2,509,Ophthalmology,central,13682,1141,1,0.336,v4.1,25,475,641
HGNC:1759,CDH2,478,Fetal (including NIPD),central,13682,1141,1,0.336,v4.1,25,475,641
HGNC:11363,STAT2,302,Metabolic disorders,periferico,10463,567,0.80697,0.497,v4.1,35,284,248
HGNC:11363,STAT2,111,Viral research,central,10463,567,0.80697,0.497,v4.1,35,284,248
HGNC:11363,STAT2,467,Metabolic,periferico,10463,567,0.80697,0.497,v4.1,35,284,248
HGNC:10807,SGCD,47,Cardiovascular disorders,central,11112,820,0.054132,0.88,v4.1,51,380,389
HGNC:9181,POLH,77,Dermatology,periferico,13417,641,3.0587e-9,0.846,v4.1,62,307,272
HGNC:6324,KIF5B,285,Developmental disorders,central,8370,121,0.99974,0.433,v4.1,7,13,101
HGNC:6324,KIF5B,196,Musculoskeletal,periferico,8370,121,0.99974,0.433,v4.1,7,13,101
HGNC:6324,KIF5B,478,Fetal (including NIPD),central,8370,121,0.99974,0.433,v4.1,7,13,101
HGNC:6324,KIF5B,484,Sin clasificar,central,8370,121,0.99974,0.433,v4.1,7,13,101
HGNC:6648,LMOD2,484,Sin clasificar,periferico,4254,101,2.1062e-6,0.984,v4.1,7,10,84
HGNC:1041,BFSP2,484,Sin clasificar,periferico,2009,158,1.5672e-11,1.067,v4.1,3,58,97
HGNC:1041,BFSP2,230,Ophthalmology,central,2009,158,1.5672e-11,1.067,v4.1,3,58,97
HGNC:1041,BFSP2,478,Fetal (including NIPD),periferico,2009,158,1.5672e-11,1.067,v4.1,3,58,97
HGNC:1848,CEL,152,Endocrine disorders,periferico,2381,422,3.4493e-10,0.972,v4.1,8,170,244
HGNC:21751,KBTBD2,472,Endocrinology,periferico,13015,42,0.99985,0.409,v4.1,0,1,41
HGNC:21751,KBTBD2,478,Fetal (including NIPD),periferico,13015,42,0.99985,0.409,v4.1,0,1,41
HGNC:21751,KBTBD2,162,Neurology,periferico,13015,42,0.99985,0.409,v4.1,0,1,41
HGNC:15506,TSEN34,478,Fetal (including NIPD),periferico,4979,204,6.5744e-8,1.159,v4.1,2,84,118
HGNC:15506,TSEN34,286,Neurology and neurodevelopmental disorders,central,4979,204,6.5744e-8,1.159,v4.1,2,84,118
HGNC:15506,TSEN34,484,Sin clasificar,periferico,4979,204,6.5744e-8,1.159,v4.1,2,84,118
HGNC:15506,TSEN34,402,Neurology,periferico,4979,204,6.5744e-8,1.159,v4.1,2,84,118
HGNC:8053,NUDT6,196,Musculoskeletal,periferico,9764,44,1.5433e-4,1.106,v4.1,0,6,38
HGNC:9016,PKHD1,283,Renal,central,17448,6859,2.8316e-48,0.783,v4.1,1576,2680,2603
HGNC:9016,PKHD1,209,Sin clasificar,central,17448,6859,2.8316e-48,0.783,v4.1,1576,2680,2603
HGNC:9016,PKHD1,544,Gastrohepatology,periferico,17448,6859,2.8316e-48,0.783,v4.1,1576,2680,2603
HGNC:19133,HS6ST2,285,Developmental disorders,periferico,5122,102,0.0010077,0.933,v2.1.1,2,15,85
HGNC:427,ALK,1636,Inherited cancer,central,9161,6466,3.8217e-6,0.562,v4.1,19,2405,4042
HGNC:427,ALK,259,Cancer Programme,central,9161,6466,3.8217e-6,0.562,v4.1,19,2405,4042
HGNC:427,ALK,243,Cancer susceptibility,central,9161,6466,3.8217e-6,0.562,v4.1,19,2405,4042
HGNC:7448,MTM1,225,Neurology,central,15414,942,0.99961,0.176,v2.1.1,370,344,228
HGNC:7448,MTM1,179,Neurology,periferico,15414,942,0.99961,0.176,v2.1.1,370,344,228
HGNC:26926,JAGN1,484,Sin clasificar,periferico,1784,165,0.0062585,1.062,v4.1,4,66,95
HGNC:24338,C1GALT1C1,478,Fetal (including NIPD),periferico,4588,58,0.85158,0.478,v2.1.1,8,16,34
HGNC:25382,TMEM126A,186,Ophthalmology,central,3741,168,0.26159,0.839,v4.1,10,71,87
HGNC:30883,TMEM126B,484,Sin clasificar,periferico,9614,125,1.449e-8,1.825,v4.1,17,50,58
HGNC:30883,TMEM126B,534,Mitochondrial,central,9614,125,1.449e-8,1.825,v4.1,17,50,58
HGNC:15579,TRIM8,484,Sin clasificar,periferico,11886,462,1,0.291,v4.1,26,227,209
HGNC:15579,TRIM8,106,Renal,periferico,11886,462,1,0.291,v4.1,26,227,209
HGNC:15579,TRIM8,285,Developmental disorders,periferico,11886,462,1,0.291,v4.1,26,227,209
HGNC:15579,TRIM8,156,Renal and urinary tract disorders,periferico,11886,462,1,0.291,v4.1,26,227,209
HGNC:7952,NPTX1,477,Neurology,periferico,7020,68,0.96393,0.52,v4.1,6,9,53
HGNC:4065,GAA,528,Metabolic,periferico,6624,3617,2.0036e-25,1.008,v4.1,858,1319,1440
HGNC:4065,GAA,749,Cardiology,periferico,6624,3617,2.0036e-25,1.008,v4.1,858,1319,1440
HGNC:19721,CANT1,478,Fetal (including NIPD),periferico,7043,459,2.0744e-9,1.239,v4.1,50,221,188
HGNC:19721,CANT1,484,Sin clasificar,periferico,7043,459,2.0744e-9,1.239,v4.1,50,221,188
HGNC:19721,CANT1,144,Dysmorphic and congenital abnormality syndromes,periferico,7043,459,2.0744e-9,1.239,v4.1,50,221,188
HGNC:6278,KCNK3,258,Neurology,periferico,6293,285,0.093834,0.826,v4.1,9,104,172
HGNC:20626,CHD7,131,Endocrine disorders,central,19126,4516,1,0.109,v4.1,883,1532,2101
HGNC:20626,CHD7,251,Hearing and ear disorders,central,19126,4516,1,0.109,v4.1,883,1532,2101
HGNC:20626,CHD7,478,Fetal (including NIPD),central,19126,4516,1,0.109,v4.1,883,1532,2101
HGNC:20626,CHD7,285,Developmental disorders,central,19126,4516,1,0.109,v4.1,883,1532,2101
HGNC:20626,CHD7,1537,Renal,central,19126,4516,1,0.109,v4.1,883,1532,2101
HGNC:20626,CHD7,234,Renal and urinary tract disorders,central,19126,4516,1,0.109,v4.1,883,1532,2101
HGNC:20626,CHD7,9,Endocrinology,periferico,19126,4516,1,0.109,v4.1,883,1532,2101
HGNC:20626,CHD7,81,Musculoskeletal,central,19126,4516,1,0.109,v4.1,883,1532,2101
HGNC:20626,CHD7,92,Endocrine disorders,central,19126,4516,1,0.109,v4.1,883,1532,2101
HGNC:20626,CHD7,509,Ophthalmology,central,19126,4516,1,0.109,v4.1,883,1532,2101
HGNC:20626,CHD7,484,Sin clasificar,central,19126,4516,1,0.109,v4.1,883,1532,2101
HGNC:20626,CHD7,221,Skeletal disorders,central,19126,4516,1,0.109,v4.1,883,1532,2101
HGNC:27230,ESCO2,509,Ophthalmology,periferico,9968,767,2.084e-12,1.013,v4.1,155,374,238
HGNC:2023,CLCN5,482,Endocrinology,periferico,13371,651,0.99242,0.279,v2.1.1,229,136,286
HGNC:2023,CLCN5,149,Renal,central,13371,651,0.99242,0.279,v2.1.1,229,136,286
HGNC:2023,CLCN5,283,Renal,periferico,13371,651,0.99242,0.279,v2.1.1,229,136,286
HGNC:6239,KCND3,466,Neurology,central,24759,732,1,0.303,v4.1,29,358,345
HGNC:6239,KCND3,477,Neurology,central,24759,732,1,0.303,v4.1,29,358,345
HGNC:6239,KCND3,474,Neurology,periferico,24759,732,1,0.303,v4.1,29,358,345
HGNC:18610,KSR2,130,Endocrinology,periferico,18455,403,1,0.318,v4.1,3,191,209
HGNC:20194,POLR1C,309,Musculoskeletal,periferico,5566,291,2.3003e-12,1.261,v4.1,52,88,151
HGNC:20194,POLR1C,484,Sin clasificar,central,5566,291,2.3003e-12,1.261,v4.1,52,88,151
HGNC:20194,POLR1C,478,Fetal (including NIPD),central,5566,291,2.3003e-12,1.261,v4.1,52,88,151
HGNC:20194,POLR1C,285,Developmental disorders,central,5566,291,2.3003e-12,1.261,v4.1,52,88,151
HGNC:18318,ASXL1,285,Developmental disorders,central,13739,2769,1.5801e-16,0.918,v4.1,153,1089,1527
HGNC:18318,ASXL1,258,Neurology,periferico,13739,2769,1.5801e-16,0.918,v4.1,153,1089,1527
HGNC:18318,ASXL1,484,Sin clasificar,central,13739,2769,1.5801e-16,0.918,v4.1,153,1089,1527
HGNC:18318,ASXL1,478,Fetal (including NIPD),central,13739,2769,1.5801e-16,0.918,v4.1,153,1089,1527
HGNC:21269,NLRP5,1471,Endocrinology,periferico,3986,359,1.3451000000000001e-24,0.963,v4.1,13,116,230
HGNC:25075,LRRC8C,186,Ophthalmology,periferico,11817,71,0.95199,0.514,v4.1,2,3,66
HGNC:25075,LRRC8C,285,Developmental disorders,periferico,11817,71,0.95199,0.514,v4.1,2,3,66
HGNC:25075,LRRC8C,1471,Endocrinology,periferico,11817,71,0.95199,0.514,v4.1,2,3,66
HGNC:25075,LRRC8C,309,Musculoskeletal,periferico,11817,71,0.95199,0.514,v4.1,2,3,66
HGNC:25075,LRRC8C,478,Fetal (including NIPD),periferico,11817,71,0.95199,0.514,v4.1,2,3,66
HGNC:25075,LRRC8C,162,Neurology,periferico,11817,71,0.95199,0.514,v4.1,2,3,66
HGNC:3483,ETFDH,846,Neurology,central,23986,1093,7.6935e-6,1.126,v4.1,305,435,353
HGNC:3483,ETFDH,302,Metabolic disorders,central,23986,1093,7.6935e-6,1.126,v4.1,305,435,353
HGNC:3483,ETFDH,42,Neurology and neurodevelopmental disorders,central,23986,1093,7.6935e-6,1.126,v4.1,305,435,353
HGNC:3483,ETFDH,112,Mitochondrial,central,23986,1093,7.6935e-6,1.126,v4.1,305,435,353
HGNC:3483,ETFDH,467,Metabolic,central,23986,1093,7.6935e-6,1.126,v4.1,305,435,353
HGNC:3483,ETFDH,476,Neurology,central,23986,1093,7.6935e-6,1.126,v4.1,305,435,353
HGNC:3694,FGG,516,Haematology,periferico,4768,209,0.74529,0.555,v4.1,34,49,126
HGNC:3661,FGA,502,Renal,central,5152,347,2.9322e-6,1.502,v4.1,58,49,240
HGNC:3662,FGB,175,Haematological and immunological disorders,central,6601,266,0.018221,0.662,v4.1,20,77,169
HGNC:3662,FGB,545,Haematology,central,6601,266,0.018221,0.662,v4.1,20,77,169
HGNC:18744,DNAI2,550,Respiratory,central,3795,924,9.4569e-16,0.966,v4.1,116,507,301
HGNC:8977,PIK3CD,550,Respiratory,periferico,11410,1028,1,0.23,v4.1,34,573,421
HGNC:27337,ANO5,185,Neurology,central,20331,1509,2.1745e-26,1.034,v4.1,189,478,842
HGNC:27337,ANO5,309,Musculoskeletal,periferico,20331,1509,2.1745e-26,1.034,v4.1,189,478,842
HGNC:4854,HDAC3,478,Fetal (including NIPD),central,5487,35,0.9979,0.463,v4.1,2,7,26
HGNC:4854,HDAC3,484,Sin clasificar,central,5487,35,0.9979,0.463,v4.1,2,7,26
HGNC:4854,HDAC3,285,Developmental disorders,central,5487,35,0.9979,0.463,v4.1,2,7,26
HGNC:15465,GPHN,302,Metabolic disorders,periferico,12005,872,0.99999,0.24,v4.1,52,422,398
HGNC:15465,GPHN,467,Metabolic,periferico,12005,872,0.99999,0.24,v4.1,52,422,398
HGNC:18806,CAMTA1,20,Neurology and neurodevelopmental disorders,periferico,17072,977,1,0.227,v4.1,128,319,530
HGNC:18806,CAMTA1,285,Developmental disorders,periferico,17072,977,1,0.227,v4.1,128,319,530
HGNC:18806,CAMTA1,477,Neurology,periferico,17072,977,1,0.227,v4.1,128,319,530
HGNC:18806,CAMTA1,478,Fetal (including NIPD),periferico,17072,977,1,0.227,v4.1,128,319,530
HGNC:18806,CAMTA1,484,Sin clasificar,periferico,17072,977,1,0.227,v4.1,128,319,530
HGNC:18806,CAMTA1,466,Neurology,periferico,17072,977,1,0.227,v4.1,128,319,530
HGNC:8582,PAH,579,Neurology,periferico,7936,1662,9.094700000000001e-20,1.265,v4.1,900,415,347
HGNC:28762,SPATA5L1,484,Sin clasificar,periferico,4747,167,8.4468e-18,1.18,v4.1,21,22,124
HGNC:28762,SPATA5L1,162,Neurology,periferico,4747,167,8.4468e-18,1.18,v4.1,21,22,124
HGNC:28762,SPATA5L1,285,Developmental disorders,periferico,4747,167,8.4468e-18,1.18,v4.1,21,22,124
HGNC:28762,SPATA5L1,568,Neurology,periferico,4747,167,8.4468e-18,1.18,v4.1,21,22,124
HGNC:28762,SPATA5L1,126,Audiology,periferico,4747,167,8.4468e-18,1.18,v4.1,21,22,124
HGNC:28762,SPATA5L1,847,Neurology,periferico,4747,167,8.4468e-18,1.18,v4.1,21,22,124
HGNC:28762,SPATA5L1,402,Neurology,periferico,4747,167,8.4468e-18,1.18,v4.1,21,22,124
HGNC:28762,SPATA5L1,192,Neurology and neurodevelopmental disorders,periferico,4747,167,8.4468e-18,1.18,v4.1,21,22,124
HGNC:4175,GATM,548,Renal,periferico,12318,669,0.32892,0.597,v4.1,38,320,311
HGNC:4175,GATM,292,Renal,periferico,12318,669,0.32892,0.597,v4.1,38,320,311
HGNC:28852,SYCE1,155,Endocrine disorders,central,5225,106,2.727e-9,0.9,v4.1,7,54,45
HGNC:2216,COL8A2,658,Ophthalmology,central,4681,195,5.589e-5,1.139,v4.1,3,60,132
HGNC:2216,COL8A2,250,Ophthalmological disorders,central,4681,195,5.589e-5,1.139,v4.1,3,60,132
HGNC:24284,TRAPPC12,484,Sin clasificar,periferico,16286,355,6.4066e-17,1.192,v4.1,28,116,211
HGNC:24284,TRAPPC12,478,Fetal (including NIPD),periferico,16286,355,6.4066e-17,1.192,v4.1,28,116,211
HGNC:24284,TRAPPC12,402,Neurology,periferico,16286,355,6.4066e-17,1.192,v4.1,28,116,211
HGNC:24284,TRAPPC12,285,Developmental disorders,periferico,16286,355,6.4066e-17,1.192,v4.1,28,116,211
HGNC:9588,PTEN,734,Cancer susceptibility,central,16872,4075,0.048668,0.685,v4.1,1318,907,1850
HGNC:9588,PTEN,476,Neurology,central,16872,4075,0.048668,0.685,v4.1,1318,907,1850
HGNC:9588,PTEN,154,Cancer Programme,central,16872,4075,0.048668,0.685,v4.1,1318,907,1850
HGNC:9588,PTEN,247,Dysmorphic and congenital abnormality syndromes,central,16872,4075,0.048668,0.685,v4.1,1318,907,1850
HGNC:9588,PTEN,38,Growth disorders,central,16872,4075,0.048668,0.685,v4.1,1318,907,1850
HGNC:9588,PTEN,179,Neurology,central,16872,4075,0.048668,0.685,v4.1,1318,907,1850
HGNC:9588,PTEN,478,Fetal (including NIPD),central,16872,4075,0.048668,0.685,v4.1,1318,907,1850
HGNC:9588,PTEN,391,Tumour syndromes,central,16872,4075,0.048668,0.685,v4.1,1318,907,1850
HGNC:9588,PTEN,245,Cancer susceptibility,central,16872,4075,0.048668,0.685,v4.1,1318,907,1850
HGNC:9588,PTEN,484,Sin clasificar,central,16872,4075,0.048668,0.685,v4.1,1318,907,1850
HGNC:9588,PTEN,111,Viral research,central,16872,4075,0.048668,0.685,v4.1,1318,907,1850
HGNC:9588,PTEN,402,Neurology,central,16872,4075,0.048668,0.685,v4.1,1318,907,1850
HGNC:9588,PTEN,61,Gastroenterological disorders,periferico,16872,4075,0.048668,0.685,v4.1,1318,907,1850
HGNC:9588,PTEN,98,Dermatology,central,16872,4075,0.048668,0.685,v4.1,1318,907,1850
HGNC:9588,PTEN,846,Neurology,central,16872,4075,0.048668,0.685,v4.1,1318,907,1850
HGNC:9588,PTEN,285,Developmental disorders,central,16872,4075,0.048668,0.685,v4.1,1318,907,1850
HGNC:9588,PTEN,243,Cancer susceptibility,central,16872,4075,0.048668,0.685,v4.1,1318,907,1850
HGNC:9588,PTEN,254,Tumour syndromes,central,16872,4075,0.048668,0.685,v4.1,1318,907,1850
HGNC:9588,PTEN,559,Dermatology,central,16872,4075,0.048668,0.685,v4.1,1318,907,1850
HGNC:9588,PTEN,167,Tumour syndromes,central,16872,4075,0.048668,0.685,v4.1,1318,907,1850
HGNC:9588,PTEN,244,Cancer Programme,central,16872,4075,0.048668,0.685,v4.1,1318,907,1850
HGNC:9588,PTEN,259,Cancer Programme,central,16872,4075,0.048668,0.685,v4.1,1318,907,1850
HGNC:9588,PTEN,96,Neurology,central,16872,4075,0.048668,0.685,v4.1,1318,907,1850
HGNC:9588,PTEN,564,Dermatology,central,16872,4075,0.048668,0.685,v4.1,1318,907,1850
HGNC:9588,PTEN,521,Inherited cancer,central,16872,4075,0.048668,0.685,v4.1,1318,907,1850
HGNC:9588,PTEN,398,Immunology,central,16872,4075,0.048668,0.685,v4.1,1318,907,1850
HGNC:9588,PTEN,85,Neurology and neurodevelopmental disorders,central,16872,4075,0.048668,0.685,v4.1,1318,907,1850
HGNC:10440,RPS7,384,Musculoskeletal,periferico,5623,238,0.99613,0.317,v4.1,22,114,102
HGNC:18466,RNASEH1,533,Mitochondrial,central,7547,231,5.0476e-6,1.163,v4.1,6,136,89
HGNC:9449,PRNP,7,Sin clasificar,periferico,3368,196,3.2327e-4,1.036,v4.1,30,69,97
HGNC:9449,PRNP,288,Neurology and neurodevelopmental disorders,periferico,3368,196,3.2327e-4,1.036,v4.1,30,69,97
HGNC:9449,PRNP,20,Neurology and neurodevelopmental disorders,periferico,3368,196,3.2327e-4,1.036,v4.1,30,69,97
HGNC:9449,PRNP,579,Neurology,central,3368,196,3.2327e-4,1.036,v4.1,30,69,97
HGNC:9449,PRNP,180,Neurology and neurodevelopmental disorders,periferico,3368,196,3.2327e-4,1.036,v4.1,30,69,97
HGNC:28214,FRMD5,477,Neurology,periferico,6699,117,0.98923,0.488,v4.1,6,17,94
HGNC:28214,FRMD5,402,Neurology,periferico,6699,117,0.98923,0.488,v4.1,6,17,94
HGNC:28214,FRMD5,484,Sin clasificar,periferico,6699,117,0.98923,0.488,v4.1,6,17,94
HGNC:28214,FRMD5,285,Developmental disorders,periferico,6699,117,0.98923,0.488,v4.1,6,17,94
HGNC:18802,ATPAF2,538,Mitochondrial,central,9136,238,4.6208e-9,1.1,v4.1,3,89,146
HGNC:26820,CYP4F22,555,Dermatology,central,3333,308,5.7941e-7,0.766,v4.1,55,118,135
HGNC:26820,CYP4F22,556,Dermatology,central,3333,308,5.7941e-7,0.766,v4.1,55,118,135
HGNC:26820,CYP4F22,282,Dermatological disorders,central,3333,308,5.7941e-7,0.766,v4.1,55,118,135
HGNC:6817,MAL,847,Neurology,periferico,2736,19,0.65051,0.703,v4.1,0,0,19
HGNC:6817,MAL,478,Fetal (including NIPD),periferico,2736,19,0.65051,0.703,v4.1,0,0,19
HGNC:6817,MAL,42,Neurology and neurodevelopmental disorders,periferico,2736,19,0.65051,0.703,v4.1,0,0,19
HGNC:6817,MAL,285,Developmental disorders,periferico,2736,19,0.65051,0.703,v4.1,0,0,19
HGNC:6817,MAL,476,Neurology,periferico,2736,19,0.65051,0.703,v4.1,0,0,19
HGNC:16075,RAB33B,309,Musculoskeletal,periferico,5867,142,0.39187,0.774,v4.1,13,41,88
HGNC:6487,LAMB2,285,Developmental disorders,periferico,8238,1348,2.2857e-18,0.652,v4.1,109,412,827
HGNC:6487,LAMB2,106,Renal,periferico,8238,1348,2.2857e-18,0.652,v4.1,109,412,827
HGNC:6487,LAMB2,156,Renal and urinary tract disorders,periferico,8238,1348,2.2857e-18,0.652,v4.1,109,412,827
HGNC:9751,QARS,539,Mitochondrial,periferico,4703,1047,6.106800000000001e-19,0.854,v4.1,70,502,475
HGNC:9751,QARS,162,Neurology,central,4703,1047,6.106800000000001e-19,0.854,v4.1,70,502,475
HGNC:9751,QARS,285,Developmental disorders,central,4703,1047,6.106800000000001e-19,0.854,v4.1,70,502,475
HGNC:11117,SMN1,478,Fetal (including NIPD),central,3097,200,0.61792,1.121,v4.1,84,52,64
HGNC:3255,EIF2AK3,478,Fetal (including NIPD),central,20691,1027,5.7257e-4,0.606,v4.1,110,493,424
HGNC:3255,EIF2AK3,293,Endocrinology,central,20691,1027,5.7257e-4,0.606,v4.1,110,493,424
HGNC:3255,EIF2AK3,484,Sin clasificar,central,20691,1027,5.7257e-4,0.606,v4.1,110,493,424
HGNC:3255,EIF2AK3,285,Developmental disorders,central,20691,1027,5.7257e-4,0.606,v4.1,110,493,424
HGNC:19986,CYCS,467,Metabolic,central,7021,51,0.97708,0.335,v4.1,6,19,26
HGNC:19986,CYCS,539,Mitochondrial,central,7021,51,0.97708,0.335,v4.1,6,19,26
HGNC:19986,CYCS,112,Mitochondrial,central,7021,51,0.97708,0.335,v4.1,6,19,26
HGNC:26223,TEFM,402,Neurology,periferico,3274,54,0.0048713,0.808,v4.1,0,3,51
HGNC:2995,DPAGT1,478,Fetal (including NIPD),central,6682,360,2.753e-5,0.835,v4.1,44,139,177
HGNC:2995,DPAGT1,25,Metabolic,central,6682,360,2.753e-5,0.835,v4.1,44,139,177
HGNC:16197,TP53RK,484,Sin clasificar,periferico,3426,117,1.6819e-7,1.776,v4.1,9,37,71
HGNC:16197,TP53RK,478,Fetal (including NIPD),periferico,3426,117,1.6819e-7,1.776,v4.1,9,37,71
HGNC:1093,BPGM,157,Haematology,central,9773,53,5.7152e-4,0.987,v4.1,4,14,35
HGNC:28287,ALG14,232,Neurology,central,14634,169,7.0391e-5,1.055,v4.1,1,71,97
HGNC:26530,CFAP53,479,Developmental disorders,periferico,2179,162,7.189700000000001e-19,1.282,v4.1,13,48,101
HGNC:26530,CFAP53,549,Respiratory,central,2179,162,7.189700000000001e-19,1.282,v4.1,13,48,101
HGNC:26530,CFAP53,478,Fetal (including NIPD),periferico,2179,162,7.189700000000001e-19,1.282,v4.1,13,48,101
HGNC:16999,CLP1,846,Neurology,periferico,4763,130,7.2565e-4,0.856,v4.1,4,54,72
HGNC:16999,CLP1,20,Neurology and neurodevelopmental disorders,periferico,4763,130,7.2565e-4,0.856,v4.1,4,54,72
HGNC:16999,CLP1,477,Neurology,periferico,4763,130,7.2565e-4,0.856,v4.1,4,54,72
HGNC:16999,CLP1,466,Neurology,periferico,4763,130,7.2565e-4,0.856,v4.1,4,54,72
HGNC:21057,RSPH9,178,Ciliopathies,periferico,4811,232,1.5639e-9,1.316,v4.1,21,101,110
HGNC:4670,GTPBP2,478,Fetal (including NIPD),periferico,4833,192,1.8916e-4,0.692,v4.1,13,106,73
HGNC:4670,GTPBP2,402,Neurology,periferico,4833,192,1.8916e-4,0.692,v4.1,13,106,73
HGNC:4670,GTPBP2,484,Sin clasificar,periferico,4833,192,1.8916e-4,0.692,v4.1,13,106,73
HGNC:4670,GTPBP2,285,Developmental disorders,periferico,4833,192,1.8916e-4,0.692,v4.1,13,106,73
HGNC:11616,TCEAL1,484,Sin clasificar,periferico,1849,37,0.58578,1.067,v2.1.1,12,4,21
HGNC:11616,TCEAL1,285,Developmental disorders,periferico,1849,37,0.58578,1.067,v2.1.1,12,4,21
HGNC:341,AGXT,467,Metabolic,central,7300,1028,2.0059e-14,1.251,v4.1,342,450,236
HGNC:341,AGXT,302,Metabolic disorders,central,7300,1028,2.0059e-14,1.251,v4.1,342,450,236
HGNC:3705,FIBP,478,Fetal (including NIPD),periferico,3552,89,1.9227e-7,1.009,v4.1,5,19,65
HGNC:4839,HCFC1,302,Metabolic disorders,periferico,10752,1512,1,0.06,v2.1.1,14,1038,460
HGNC:4839,HCFC1,467,Metabolic,periferico,10752,1512,1,0.06,v2.1.1,14,1038,460
HGNC:28018,NIPAL4,282,Dermatological disorders,periferico,4020,249,4.5525e-5,1.037,v4.1,37,75,137
HGNC:28018,NIPAL4,478,Fetal (including NIPD),periferico,4020,249,4.5525e-5,1.037,v4.1,37,75,137
HGNC:8778,PDE3A,384,Musculoskeletal,periferico,15950,370,3.0362e-5,0.763,v4.1,10,135,225
HGNC:3219,EFEMP2,1,Cardiovascular disorders,central,6311,631,0.62375,0.56,v4.1,44,289,298
HGNC:3219,EFEMP2,700,Cardiology,central,6311,631,0.62375,0.56,v4.1,44,289,298
HGNC:3219,EFEMP2,565,Dermatology,periferico,6311,631,0.62375,0.56,v4.1,44,289,298
HGNC:3219,EFEMP2,53,Musculoskeletal,central,6311,631,0.62375,0.56,v4.1,44,289,298
HGNC:2652,CYP7B1,544,Gastrohepatology,central,9285,607,2.4458e-6,0.889,v4.1,82,247,278
HGNC:2652,CYP7B1,385,Gastroenterological disorders,central,9285,607,2.4458e-6,0.889,v4.1,82,247,278
HGNC:6439,KRT2,556,Dermatology,central,2569,234,1.2105e-9,1,v4.1,11,92,131
HGNC:6439,KRT2,555,Dermatology,central,2569,234,1.2105e-9,1,v4.1,11,92,131
HGNC:29832,NADSYN1,479,Developmental disorders,periferico,19213,154,4.6254e-23,1.01,v4.1,15,27,112
HGNC:29832,NADSYN1,234,Renal and urinary tract disorders,central,19213,154,4.6254e-23,1.01,v4.1,15,27,112
HGNC:2860,DHCR7,726,Musculoskeletal,periferico,7433,1154,1.1484e-12,1.087,v4.1,302,414,438
HGNC:2860,DHCR7,724,Neurology,periferico,7433,1154,1.1484e-12,1.087,v4.1,302,414,438
HGNC:2860,DHCR7,402,Neurology,periferico,7433,1154,1.1484e-12,1.087,v4.1,302,414,438
HGNC:2860,DHCR7,230,Ophthalmology,periferico,7433,1154,1.1484e-12,1.087,v4.1,302,414,438
HGNC:2860,DHCR7,725,Renal,periferico,7433,1154,1.1484e-12,1.087,v4.1,302,414,438
HGNC:2860,DHCR7,63,Gastroenterological disorders,periferico,7433,1154,1.1484e-12,1.087,v4.1,302,414,438
HGNC:2860,DHCR7,150,Ciliopathies,periferico,7433,1154,1.1484e-12,1.087,v4.1,302,414,438
HGNC:2860,DHCR7,131,Endocrine disorders,periferico,7433,1154,1.1484e-12,1.087,v4.1,302,414,438
HGNC:7648,NBEA,285,Developmental disorders,periferico,37700,957,1,0.137,v4.1,111,209,637
HGNC:7648,NBEA,175,Haematological and immunological disorders,periferico,37700,957,1,0.137,v4.1,111,209,637
HGNC:7648,NBEA,484,Sin clasificar,periferico,37700,957,1,0.137,v4.1,111,209,637
HGNC:24116,RNASEH2C,847,Neurology,periferico,5246,414,1.0517e-8,1.755,v4.1,7,203,204
HGNC:24116,RNASEH2C,402,Neurology,periferico,5246,414,1.0517e-8,1.755,v4.1,7,203,204
HGNC:24116,RNASEH2C,467,Metabolic,periferico,5246,414,1.0517e-8,1.755,v4.1,7,203,204
HGNC:24116,RNASEH2C,111,Viral research,periferico,5246,414,1.0517e-8,1.755,v4.1,7,203,204
HGNC:24116,RNASEH2C,579,Neurology,periferico,5246,414,1.0517e-8,1.755,v4.1,7,203,204
HGNC:24116,RNASEH2C,42,Neurology and neurodevelopmental disorders,periferico,5246,414,1.0517e-8,1.755,v4.1,7,203,204
HGNC:7562,MYD88,111,Viral research,central,4212,183,0.042608,0.721,v4.1,6,91,86
HGNC:7562,MYD88,398,Immunology,central,4212,183,0.042608,0.721,v4.1,6,91,86
HGNC:5275,KAT5,285,Developmental disorders,central,4650,107,0.027252,0.594,v4.1,4,13,90
HGNC:5275,KAT5,478,Fetal (including NIPD),central,4650,107,0.027252,0.594,v4.1,4,13,90
HGNC:5275,KAT5,484,Sin clasificar,central,4650,107,0.027252,0.594,v4.1,4,13,90
HGNC:18374,HPSE2,156,Renal and urinary tract disorders,central,4437,279,5.9825e-7,0.837,v4.1,22,104,153
HGNC:18374,HPSE2,484,Sin clasificar,periferico,4437,279,5.9825e-7,0.837,v4.1,22,104,153
HGNC:18374,HPSE2,478,Fetal (including NIPD),periferico,4437,279,5.9825e-7,0.837,v4.1,22,104,153
HGNC:289,GRK2,726,Musculoskeletal,periferico,6936,16,1,0.29,v4.1,3,6,7
HGNC:9955,RELA,111,Viral research,central,6032,519,0.99992,0.4,v4.1,44,235,240
HGNC:9955,RELA,398,Immunology,central,6032,519,0.99992,0.4,v4.1,44,235,240
HGNC:9955,RELA,1075,Immunology,central,6032,519,0.99992,0.4,v4.1,44,235,240
HGNC:19747,EVC2,309,Musculoskeletal,central,6020,2277,1.7773e-47,1.092,v4.1,342,1219,716
HGNC:26611,HECTD4,568,Neurology,periferico,23317,517,1,0.292,v4.1,13,48,456
HGNC:26611,HECTD4,285,Developmental disorders,periferico,23317,517,1,0.292,v4.1,13,48,456
HGNC:26611,HECTD4,96,Neurology,periferico,23317,517,1,0.292,v4.1,13,48,456
HGNC:26611,HECTD4,402,Neurology,periferico,23317,517,1,0.292,v4.1,13,48,456
HGNC:26611,HECTD4,478,Fetal (including NIPD),periferico,23317,517,1,0.292,v4.1,13,48,456
HGNC:26611,HECTD4,484,Sin clasificar,periferico,23317,517,1,0.292,v4.1,13,48,456
HGNC:30988,BNC2,234,Renal and urinary tract disorders,periferico,17988,324,1,0.365,v4.1,2,95,227
HGNC:30988,BNC2,484,Sin clasificar,periferico,17988,324,1,0.365,v4.1,2,95,227
HGNC:30988,BNC2,1537,Renal,periferico,17988,324,1,0.365,v4.1,2,95,227
HGNC:25223,COQ2,302,Metabolic disorders,central,9181,468,1.7758e-4,1.032,v4.1,40,199,229
HGNC:25223,COQ2,467,Metabolic,central,9181,468,1.7758e-4,1.032,v4.1,40,199,229
HGNC:25223,COQ2,402,Neurology,central,9181,468,1.7758e-4,1.032,v4.1,40,199,229
HGNC:236,ADCY5,192,Neurology and neurodevelopmental disorders,periferico,9923,957,1,0.326,v4.1,56,435,466
HGNC:236,ADCY5,90,Neurology and neurodevelopmental disorders,periferico,9923,957,1,0.326,v4.1,56,435,466
HGNC:236,ADCY5,229,Neurology and neurodevelopmental disorders,periferico,9923,957,1,0.326,v4.1,56,435,466
HGNC:28949,IQCB1,307,Ophthalmology,central,15812,610,2.277e-8,0.889,v4.1,94,224,292
HGNC:28949,IQCB1,478,Fetal (including NIPD),central,15812,610,2.277e-8,0.889,v4.1,94,224,292
HGNC:26256,NDNF,484,Sin clasificar,periferico,10598,74,0.8531,0.556,v4.1,6,10,58
HGNC:26256,NDNF,650,Endocrinology,periferico,10598,74,0.8531,0.556,v4.1,6,10,58
HGNC:2666,DAG1,179,Neurology,central,9564,756,1,0.298,v4.1,22,227,507
HGNC:2666,DAG1,185,Neurology,central,9564,756,1,0.298,v4.1,22,227,507
HGNC:2666,DAG1,286,Neurology and neurodevelopmental disorders,central,9564,756,1,0.298,v4.1,22,227,507
HGNC:2666,DAG1,207,Neurology,central,9564,756,1,0.298,v4.1,22,227,507
HGNC:2666,DAG1,478,Fetal (including NIPD),central,9564,756,1,0.298,v4.1,22,227,507
HGNC:2666,DAG1,96,Neurology,central,9564,756,1,0.298,v4.1,22,227,507
HGNC:2666,DAG1,258,Neurology,central,9564,756,1,0.298,v4.1,22,227,507
HGNC:29561,ARV1,402,Neurology,periferico,6281,75,2.0524e-7,1.131,v4.1,17,13,45
HGNC:29561,ARV1,478,Fetal (including NIPD),periferico,6281,75,2.0524e-7,1.131,v4.1,17,13,45
HGNC:29561,ARV1,285,Developmental disorders,periferico,6281,75,2.0524e-7,1.131,v4.1,17,13,45
HGNC:15908,NAA20,162,Neurology,periferico,4894,23,1.4486e-5,1.393,v4.1,3,2,18
HGNC:15908,NAA20,285,Developmental disorders,periferico,4894,23,1.4486e-5,1.393,v4.1,3,2,18
HGNC:30682,EHBP1L1,467,Metabolic,periferico,8316,275,5.719099999999999e-38,1.062,v4.1,1,17,257
HGNC:30682,EHBP1L1,144,Dysmorphic and congenital abnormality syndromes,periferico,8316,275,5.719099999999999e-38,1.062,v4.1,1,17,257
HGNC:30682,EHBP1L1,478,Fetal (including NIPD),periferico,8316,275,5.719099999999999e-38,1.062,v4.1,1,17,257
HGNC:11104,SMARCC1,478,Fetal (including NIPD),central,12516,205,1,0.369,v4.1,12,30,163
HGNC:22932,GMPPB,467,Metabolic,central,6846,439,2.0523e-12,1.189,v4.1,61,166,212
HGNC:22932,GMPPB,25,Metabolic,central,6846,439,2.0523e-12,1.189,v4.1,61,166,212
HGNC:22932,GMPPB,185,Neurology,central,6846,439,2.0523e-12,1.189,v4.1,61,166,212
HGNC:22932,GMPPB,258,Neurology,central,6846,439,2.0523e-12,1.189,v4.1,61,166,212
HGNC:22932,GMPPB,286,Neurology and neurodevelopmental disorders,central,6846,439,2.0523e-12,1.189,v4.1,61,166,212
HGNC:22932,GMPPB,477,Neurology,central,6846,439,2.0523e-12,1.189,v4.1,61,166,212
HGNC:22932,GMPPB,478,Fetal (including NIPD),central,6846,439,2.0523e-12,1.189,v4.1,61,166,212
HGNC:22932,GMPPB,484,Sin clasificar,central,6846,439,2.0523e-12,1.189,v4.1,61,166,212
HGNC:22932,GMPPB,207,Neurology,central,6846,439,2.0523e-12,1.189,v4.1,61,166,212
HGNC:22932,GMPPB,302,Metabolic disorders,central,6846,439,2.0523e-12,1.189,v4.1,61,166,212
HGNC:1917,CHD2,484,Sin clasificar,periferico,22168,2534,1,0.174,v4.1,392,1100,1042
HGNC:1917,CHD2,285,Developmental disorders,periferico,22168,2534,1,0.174,v4.1,392,1100,1042
HGNC:1917,CHD2,402,Neurology,periferico,22168,2534,1,0.174,v4.1,392,1100,1042
HGNC:17966,CEP83,548,Renal,central,8745,547,1.2207e-5,0.807,v4.1,46,256,245
HGNC:8636,PC,285,Developmental disorders,central,10189,1520,0.065118,0.539,v4.1,180,941,399
HGNC:8636,PC,248,Metabolic disorders,central,10189,1520,0.065118,0.539,v4.1,180,941,399
HGNC:8636,PC,267,Metabolic disorders,central,10189,1520,0.065118,0.539,v4.1,180,941,399
HGNC:8636,PC,467,Metabolic,central,10189,1520,0.065118,0.539,v4.1,180,941,399
HGNC:8636,PC,484,Sin clasificar,central,10189,1520,0.065118,0.539,v4.1,180,941,399
HGNC:8636,PC,478,Fetal (including NIPD),central,10189,1520,0.065118,0.539,v4.1,180,941,399
HGNC:8636,PC,302,Metabolic disorders,central,10189,1520,0.065118,0.539,v4.1,180,941,399
HGNC:17877,NMNAT1,309,Musculoskeletal,periferico,5581,220,5.4024e-6,1.312,v4.1,69,62,89
HGNC:10937,SLC19A1,478,Fetal (including NIPD),periferico,18655,245,1.1764e-15,1.585,v4.1,6,108,131
HGNC:10937,SLC19A1,398,Immunology,periferico,18655,245,1.1764e-15,1.585,v4.1,6,108,131
HGNC:10937,SLC19A1,518,Haematology,periferico,18655,245,1.1764e-15,1.585,v4.1,6,108,131
HGNC:12590,UQCRH,536,Mitochondrial,periferico,3315,14,6.9522e-5,1.285,v4.1,1,0,13
HGNC:11367,STAT5B,1471,Endocrinology,central,13238,594,1,0.277,v4.1,32,266,296
HGNC:11367,STAT5B,478,Fetal (including NIPD),central,13238,594,1,0.277,v4.1,32,266,296
HGNC:11367,STAT5B,398,Immunology,central,13238,594,1,0.277,v4.1,32,266,296
HGNC:11367,STAT5B,484,Sin clasificar,central,13238,594,1,0.277,v4.1,32,266,296
HGNC:11367,STAT5B,131,Endocrine disorders,central,13238,594,1,0.277,v4.1,32,266,296
HGNC:11367,STAT5B,111,Viral research,central,13238,594,1,0.277,v4.1,32,266,296
HGNC:2158,CNP,476,Neurology,central,8119,70,0.9998,0.379,v4.1,6,11,53
HGNC:6207,JUP,749,Cardiology,central,9053,1510,0.74487,0.533,v4.1,37,595,878
HGNC:6207,JUP,119,Dermatological disorders,periferico,9053,1510,0.74487,0.533,v4.1,37,595,878
HGNC:11276,SPTBN2,477,Neurology,central,15059,1380,0.9987,0.452,v4.1,59,496,825
HGNC:11276,SPTBN2,286,Neurology and neurodevelopmental disorders,periferico,15059,1380,0.9987,0.452,v4.1,59,496,825
HGNC:11276,SPTBN2,20,Neurology and neurodevelopmental disorders,central,15059,1380,0.9987,0.452,v4.1,59,496,825
HGNC:11276,SPTBN2,466,Neurology,central,15059,1380,0.9987,0.452,v4.1,59,496,825
HGNC:30889,USMG5,538,Mitochondrial,central,4280,14,0.08924,1.615,v4.1,3,2,9
HGNC:18286,RAX2,307,Ophthalmology,central,2431,287,0.05374,1.525,v4.1,10,102,175
HGNC:11610,TCAP,652,Cardiology,central,1407,387,3.7212e-5,1.374,v4.1,35,113,239
HGNC:11610,TCAP,185,Neurology,central,1407,387,3.7212e-5,1.374,v4.1,35,113,239
HGNC:24613,NRROS,315,Neurology and neurodevelopmental disorders,periferico,3846,136,0.10908,0.909,v4.1,12,23,101
HGNC:24613,NRROS,285,Developmental disorders,periferico,3846,136,0.10908,0.909,v4.1,12,23,101
HGNC:24613,NRROS,402,Neurology,periferico,3846,136,0.10908,0.909,v4.1,12,23,101
HGNC:24613,NRROS,484,Sin clasificar,periferico,3846,136,0.10908,0.909,v4.1,12,23,101
HGNC:28209,CEP19,130,Endocrinology,periferico,3696,115,1.2527e-4,1.208,v4.1,1,34,80
HGNC:2531,CTSF,526,Metabolic,central,4297,312,1.0803e-23,1.296,v4.1,38,127,147
HGNC:2531,CTSF,467,Metabolic,periferico,4297,312,1.0803e-23,1.296,v4.1,38,127,147
HGNC:2531,CTSF,529,Metabolic,central,4297,312,1.0803e-23,1.296,v4.1,38,127,147
HGNC:28887,LEMD3,943,Musculoskeletal,periferico,6436,939,0.40017,0.584,v4.1,77,311,551
HGNC:28005,CTU2,479,Developmental disorders,periferico,6225,380,5.4023000000000005e-34,1.535,v4.1,8,146,226
HGNC:28005,CTU2,234,Renal and urinary tract disorders,periferico,6225,380,5.4023000000000005e-34,1.535,v4.1,8,146,226
HGNC:28005,CTU2,285,Developmental disorders,periferico,6225,380,5.4023000000000005e-34,1.535,v4.1,8,146,226
HGNC:28005,CTU2,9,Endocrinology,periferico,6225,380,5.4023000000000005e-34,1.535,v4.1,8,146,226
HGNC:28005,CTU2,478,Fetal (including NIPD),periferico,6225,380,5.4023000000000005e-34,1.535,v4.1,8,146,226
HGNC:28005,CTU2,402,Neurology,periferico,6225,380,5.4023000000000005e-34,1.535,v4.1,8,146,226
HGNC:28005,CTU2,484,Sin clasificar,periferico,6225,380,5.4023000000000005e-34,1.535,v4.1,8,146,226
HGNC:17340,PRPF8,484,Sin clasificar,central,11971,1685,1,0.26,v4.1,80,883,722
HGNC:17340,PRPF8,285,Developmental disorders,central,11971,1685,1,0.26,v4.1,80,883,722
HGNC:17340,PRPF8,402,Neurology,central,11971,1685,1,0.26,v4.1,80,883,722
HGNC:237,ADCY6,258,Neurology,periferico,8959,199,1.356e-7,0.639,v4.1,3,57,139
HGNC:237,ADCY6,846,Neurology,periferico,8959,199,1.356e-7,0.639,v4.1,3,57,139
HGNC:27960,SLC6A19,285,Developmental disorders,periferico,5270,583,1.6171e-23,1.201,v4.1,42,254,287
HGNC:27960,SLC6A19,467,Metabolic,periferico,5270,583,1.6171e-23,1.201,v4.1,42,254,287
HGNC:27960,SLC6A19,302,Metabolic disorders,periferico,5270,583,1.6171e-23,1.201,v4.1,42,254,287
HGNC:17770,RALGAPA1,478,Fetal (including NIPD),periferico,15121,312,1,0.292,v4.1,14,50,248
HGNC:6601,LIG4,59,Cancer susceptibility,central,7620,810,1.5627e-4,1.043,v4.1,113,293,404
HGNC:12299,TRHR,31,Endocrinology,central,3695,65,0.034831,0.751,v4.1,7,16,42
HGNC:812,ATP2A2,554,Dermatology,periferico,15430,390,1,0.205,v4.1,94,114,182
HGNC:812,ATP2A2,564,Dermatology,periferico,15430,390,1,0.205,v4.1,94,114,182
HGNC:812,ATP2A2,66,Neurology,periferico,15430,390,1,0.205,v4.1,94,114,182
HGNC:13830,CNTNAP2,402,Neurology,central,16377,1991,1.9949e-18,0.721,v4.1,152,807,1032
HGNC:13830,CNTNAP2,285,Developmental disorders,central,16377,1991,1.9949e-18,0.721,v4.1,152,807,1032
HGNC:966,BBS1,130,Endocrinology,central,8129,1207,5.6877e-17,1.003,v4.1,233,540,434
HGNC:966,BBS1,307,Ophthalmology,central,8129,1207,5.6877e-17,1.003,v4.1,233,540,434
HGNC:966,BBS1,477,Neurology,periferico,8129,1207,5.6877e-17,1.003,v4.1,233,540,434
HGNC:10955,SLCO2A1,309,Musculoskeletal,periferico,9390,377,1.5976e-17,1.036,v4.1,64,169,144
HGNC:10955,SLCO2A1,398,Immunology,periferico,9390,377,1.5976e-17,1.036,v4.1,64,169,144
HGNC:11405,BRSK2,484,Sin clasificar,periferico,7396,332,1,0.361,v4.1,35,117,180
HGNC:11405,BRSK2,285,Developmental disorders,periferico,7396,332,1,0.361,v4.1,35,117,180
HGNC:28330,TMEM167A,478,Fetal (including NIPD),periferico,8197,8,0.045143,1.592,v4.1,1,0,7
HGNC:28330,TMEM167A,162,Neurology,periferico,8197,8,0.045143,1.592,v4.1,1,0,7
HGNC:28330,TMEM167A,402,Neurology,periferico,8197,8,0.045143,1.592,v4.1,1,0,7
HGNC:28330,TMEM167A,293,Endocrinology,periferico,8197,8,0.045143,1.592,v4.1,1,0,7
HGNC:6553,LEP,650,Endocrinology,central,3483,119,0.0070307,1.139,v4.1,8,45,66
HGNC:29242,SH3PXD2B,565,Dermatology,periferico,14272,670,5.9917e-5,0.655,v4.1,18,280,372
HGNC:29242,SH3PXD2B,309,Musculoskeletal,periferico,14272,670,5.9917e-5,0.655,v4.1,18,280,372
HGNC:29242,SH3PXD2B,478,Fetal (including NIPD),periferico,14272,670,5.9917e-5,0.655,v4.1,18,280,372
HGNC:29242,SH3PXD2B,509,Ophthalmology,periferico,14272,670,5.9917e-5,0.655,v4.1,18,280,372
HGNC:29242,SH3PXD2B,249,Ophthalmological disorders,periferico,14272,670,5.9917e-5,0.655,v4.1,18,280,372
HGNC:29242,SH3PXD2B,484,Sin clasificar,periferico,14272,670,5.9917e-5,0.655,v4.1,18,280,372
HGNC:24912,LARP7,478,Fetal (including NIPD),central,10457,381,3.3601e-11,1.129,v4.1,92,137,152
HGNC:24912,LARP7,484,Sin clasificar,central,10457,381,3.3601e-11,1.129,v4.1,92,137,152
HGNC:24912,LARP7,285,Developmental disorders,central,10457,381,3.3601e-11,1.129,v4.1,92,137,152
HGNC:5173,HRAS,245,Cancer susceptibility,central,4099,724,0.017283,0.893,v4.1,53,340,331
HGNC:5173,HRAS,285,Developmental disorders,central,4099,724,0.017283,0.893,v4.1,53,340,331
HGNC:5173,HRAS,144,Dysmorphic and congenital abnormality syndromes,central,4099,724,0.017283,0.893,v4.1,53,340,331
HGNC:5173,HRAS,484,Sin clasificar,central,4099,724,0.017283,0.893,v4.1,53,340,331
HGNC:5173,HRAS,564,Dermatology,central,4099,724,0.017283,0.893,v4.1,53,340,331
HGNC:5173,HRAS,48,Dysmorphic and congenital abnormality syndromes,central,4099,724,0.017283,0.893,v4.1,53,340,331
HGNC:5173,HRAS,65,Cardiology,central,4099,724,0.017283,0.893,v4.1,53,340,331
HGNC:5173,HRAS,478,Fetal (including NIPD),central,4099,724,0.017283,0.893,v4.1,53,340,331
HGNC:5173,HRAS,1471,Endocrinology,central,4099,724,0.017283,0.893,v4.1,53,340,331
HGNC:5173,HRAS,217,Cancer Programme,central,4099,724,0.017283,0.893,v4.1,53,340,331
HGNC:5173,HRAS,402,Neurology,central,4099,724,0.017283,0.893,v4.1,53,340,331
HGNC:5173,HRAS,559,Dermatology,central,4099,724,0.017283,0.893,v4.1,53,340,331
HGNC:11303,SRP72,519,Haematology,central,8253,1322,0.018406,0.58,v4.1,0,482,840
HGNC:11303,SRP72,398,Immunology,periferico,8253,1322,0.018406,0.58,v4.1,0,482,840
HGNC:11303,SRP72,111,Viral research,periferico,8253,1322,0.018406,0.58,v4.1,0,482,840
HGNC:26300,C4orf26,484,Sin clasificar,periferico,2186,21,0.071659,1.704,v4.1,7,13,1
HGNC:25386,PDE12,539,Mitochondrial,periferico,13591,72,1.511e-4,0.757,v4.1,0,1,71
HGNC:25386,PDE12,478,Fetal (including NIPD),periferico,13591,72,1.511e-4,0.757,v4.1,0,1,71
HGNC:25386,PDE12,467,Metabolic,periferico,13591,72,1.511e-4,0.757,v4.1,0,1,71
HGNC:25386,PDE12,112,Mitochondrial,periferico,13591,72,1.511e-4,0.757,v4.1,0,1,71
HGNC:14373,GLMN,563,Dermatology,periferico,7902,180,0.0062403,1.705,v4.1,56,46,78
HGNC:33702,C19orf70,478,Fetal (including NIPD),periferico,2301,32,7.9299e-8,1.627,v4.1,7,16,9
HGNC:1377,CA5A,539,Mitochondrial,periferico,7025,227,1.8303e-7,1.257,v4.1,9,97,121
HGNC:1377,CA5A,467,Metabolic,periferico,7025,227,1.8303e-7,1.257,v4.1,9,97,121
HGNC:1377,CA5A,302,Metabolic disorders,periferico,7025,227,1.8303e-7,1.257,v4.1,9,97,121
HGNC:1377,CA5A,478,Fetal (including NIPD),periferico,7025,227,1.8303e-7,1.257,v4.1,9,97,121
HGNC:1377,CA5A,267,Metabolic disorders,periferico,7025,227,1.8303e-7,1.257,v4.1,9,97,121
HGNC:1377,CA5A,112,Mitochondrial,periferico,7025,227,1.8303e-7,1.257,v4.1,9,97,121
HGNC:1377,CA5A,484,Sin clasificar,periferico,7025,227,1.8303e-7,1.257,v4.1,9,97,121
HGNC:882,ATR,563,Dermatology,periferico,28584,4141,1.1669e-7,0.518,v4.1,147,1689,2305
HGNC:882,ATR,478,Fetal (including NIPD),central,28584,4141,1.1669e-7,0.518,v4.1,147,1689,2305
HGNC:882,ATR,484,Sin clasificar,central,28584,4141,1.1669e-7,0.518,v4.1,147,1689,2305
HGNC:882,ATR,285,Developmental disorders,central,28584,4141,1.1669e-7,0.518,v4.1,147,1689,2305
HGNC:882,ATR,162,Neurology,central,28584,4141,1.1669e-7,0.518,v4.1,147,1689,2305
HGNC:882,ATR,147,Neurology,periferico,28584,4141,1.1669e-7,0.518,v4.1,147,1689,2305
HGNC:21307,DSG4,189,Dermatological disorders,central,4763,338,6.2985e-24,1.061,v4.1,20,86,232
HGNC:21307,DSG4,553,Dermatology,central,4763,338,6.2985e-24,1.061,v4.1,20,86,232
HGNC:2770,DES,506,Cardiology,periferico,4643,1324,2.4033e-6,0.81,v4.1,127,413,784
HGNC:2770,DES,134,Cardiology,periferico,4643,1324,2.4033e-6,0.81,v4.1,127,413,784
HGNC:9832,RAG2,550,Respiratory,periferico,3502,628,0.022372,0.733,v4.1,147,206,275
HGNC:9832,RAG2,565,Dermatology,central,3502,628,0.022372,0.733,v4.1,147,206,275
HGNC:9832,RAG2,33,Gastroenterological disorders,central,3502,628,0.022372,0.733,v4.1,147,206,275
HGNC:9832,RAG2,176,Gastroenterological disorders,central,3502,628,0.022372,0.733,v4.1,147,206,275
HGNC:9832,RAG2,111,Viral research,central,3502,628,0.022372,0.733,v4.1,147,206,275
HGNC:9832,RAG2,398,Immunology,central,3502,628,0.022372,0.733,v4.1,147,206,275
HGNC:14508,MRPS22,467,Metabolic,central,16583,233,5.5448e-7,0.927,v4.1,20,90,123
HGNC:14508,MRPS22,112,Mitochondrial,central,16583,233,5.5448e-7,0.927,v4.1,20,90,123
HGNC:14508,MRPS22,484,Sin clasificar,central,16583,233,5.5448e-7,0.927,v4.1,20,90,123
HGNC:14508,MRPS22,285,Developmental disorders,central,16583,233,5.5448e-7,0.927,v4.1,20,90,123
HGNC:30032,PACS1,509,Ophthalmology,central,10816,1017,1,0.3,v4.1,6,583,428
HGNC:30032,PACS1,478,Fetal (including NIPD),periferico,10816,1017,1,0.3,v4.1,6,583,428
HGNC:30032,PACS1,402,Neurology,periferico,10816,1017,1,0.3,v4.1,6,583,428
HGNC:30032,PACS1,484,Sin clasificar,periferico,10816,1017,1,0.3,v4.1,6,583,428
HGNC:30032,PACS1,285,Developmental disorders,periferico,10816,1017,1,0.3,v4.1,6,583,428
HGNC:79,ABO,111,Viral research,periferico,7353,20,2.3242e-6,1.416,v4.1,0,19,1
HGNC:8653,PCCA,267,Metabolic disorders,central,22146,1566,4.8464e-5,0.986,v4.1,306,748,512
HGNC:8653,PCCA,302,Metabolic disorders,central,22146,1566,4.8464e-5,0.986,v4.1,306,748,512
HGNC:17556,MED16,81,Musculoskeletal,periferico,6123,267,1.0789999999999999e-29,1.302,v4.1,15,32,220
HGNC:26730,C1orf127,549,Respiratory,periferico,3612,17,2.4648e-12,0.945,v4.1,4,3,10
HGNC:26730,C1orf127,478,Fetal (including NIPD),periferico,3612,17,2.4648e-12,0.945,v4.1,4,3,10
HGNC:23406,DOLK,25,Metabolic,central,2074,603,2.3739e-4,0.858,v4.1,14,184,405
HGNC:23406,DOLK,652,Cardiology,periferico,2074,603,2.3739e-4,0.858,v4.1,14,184,405
HGNC:23406,DOLK,749,Cardiology,periferico,2074,603,2.3739e-4,0.858,v4.1,14,184,405
HGNC:9455,PROP1,92,Endocrine disorders,central,1464,347,0.013593,0.87,v4.1,95,152,100
HGNC:9455,PROP1,650,Endocrinology,central,1464,347,0.013593,0.87,v4.1,95,152,100
HGNC:17397,BANF1,478,Fetal (including NIPD),central,2089,32,0.98926,0.286,v4.1,0,16,16
HGNC:6768,SMAD2,478,Fetal (including NIPD),central,42316,495,1,0.249,v4.1,40,252,203
HGNC:3275,EIF3F,402,Neurology,central,15136,87,0.99419,0.46,v4.1,4,29,54
HGNC:3275,EIF3F,285,Developmental disorders,central,15136,87,0.99419,0.46,v4.1,4,29,54
HGNC:3275,EIF3F,484,Sin clasificar,central,15136,87,0.99419,0.46,v4.1,4,29,54
HGNC:3275,EIF3F,478,Fetal (including NIPD),central,15136,87,0.99419,0.46,v4.1,4,29,54
HGNC:8743,PCSK1,483,Endocrinology,periferico,5702,450,3.1448e-6,0.709,v4.1,38,178,234
HGNC:8743,PCSK1,130,Endocrinology,central,5702,450,3.1448e-6,0.709,v4.1,38,178,234
HGNC:17412,CLCF1,478,Fetal (including NIPD),periferico,2845,67,0.33153,0.734,v4.1,4,19,44
HGNC:37216,LIPT2,539,Mitochondrial,periferico,2558,146,3.176e-8,1.954,v4.1,2,41,103
HGNC:37216,LIPT2,112,Mitochondrial,periferico,2558,146,3.176e-8,1.954,v4.1,2,41,103
HGNC:37216,LIPT2,531,Mitochondrial,central,2558,146,3.176e-8,1.954,v4.1,2,41,103
HGNC:1386,CABP4,307,Ophthalmology,central,6109,395,8.2977e-11,1.345,v4.1,30,132,233
HGNC:3436,ERCC4,508,Haematology,central,15993,1023,3.5282e-11,0.984,v4.1,70,346,607
HGNC:26050,TMEM70,538,Mitochondrial,periferico,5337,386,6.1756e-7,1.375,v4.1,39,160,187
HGNC:26050,TMEM70,749,Cardiology,central,5337,386,6.1756e-7,1.375,v4.1,39,160,187
HGNC:26050,TMEM70,539,Mitochondrial,central,5337,386,6.1756e-7,1.375,v4.1,39,160,187
HGNC:20844,GPR156,126,Audiology,periferico,6535,131,3.2008e-9,0.961,v4.1,5,14,112
HGNC:26624,KDF1,553,Dermatology,periferico,2667,129,0.85488,0.569,v4.1,5,29,95
HGNC:7975,NR2F1,186,Ophthalmology,central,4382,485,1,0.133,v4.1,144,151,190
HGNC:947,BAIAP2,285,Developmental disorders,central,15585,98,0.9991,0.446,v4.1,6,18,74
HGNC:947,BAIAP2,402,Neurology,central,15585,98,0.9991,0.446,v4.1,6,18,74
HGNC:1268,TSPEAR,553,Dermatology,periferico,5302,602,9.8848e-23,1.161,v4.1,72,247,283
HGNC:1268,TSPEAR,136,Dermatological disorders,periferico,5302,602,9.8848e-23,1.161,v4.1,72,247,283
HGNC:1268,TSPEAR,484,Sin clasificar,periferico,5302,602,9.8848e-23,1.161,v4.1,72,247,283
HGNC:26594,DOK7,225,Neurology,periferico,4551,1331,2.311e-14,1.658,v4.1,150,706,475
HGNC:17978,B3GALT6,81,Musculoskeletal,periferico,2805,414,1.0328e-14,1.987,v4.1,37,123,254
HGNC:17978,B3GALT6,467,Metabolic,periferico,2805,414,1.0328e-14,1.987,v4.1,37,123,254
HGNC:17978,B3GALT6,196,Musculoskeletal,periferico,2805,414,1.0328e-14,1.987,v4.1,37,123,254
HGNC:17978,B3GALT6,285,Developmental disorders,periferico,2805,414,1.0328e-14,1.987,v4.1,37,123,254
HGNC:17978,B3GALT6,302,Metabolic disorders,periferico,2805,414,1.0328e-14,1.987,v4.1,37,123,254
HGNC:30846,TMPRSS7,478,Fetal (including NIPD),periferico,3157,127,1.7471e-16,1.048,v4.1,0,6,121
HGNC:26894,TPRN,126,Audiology,central,5281,425,1.1294e-9,1.099,v4.1,33,133,259
HGNC:3811,FOXG1,484,Sin clasificar,central,4968,947,0.99832,0.36,v4.1,290,339,318
HGNC:3811,FOXG1,402,Neurology,central,4968,947,0.99832,0.36,v4.1,290,339,318
HGNC:3811,FOXG1,478,Fetal (including NIPD),central,4968,947,0.99832,0.36,v4.1,290,339,318
HGNC:3811,FOXG1,285,Developmental disorders,central,4968,947,0.99832,0.36,v4.1,290,339,318
HGNC:3811,FOXG1,192,Neurology and neurodevelopmental disorders,central,4968,947,0.99832,0.36,v4.1,290,339,318
HGNC:3811,FOXG1,540,Neurology,periferico,4968,947,0.99832,0.36,v4.1,290,339,318
HGNC:18654,RTTN,478,Fetal (including NIPD),central,19945,1509,5.4931e-22,0.786,v4.1,85,742,682
HGNC:18654,RTTN,96,Neurology,periferico,19945,1509,5.4931e-22,0.786,v4.1,85,742,682
HGNC:29980,FOXR1,285,Developmental disorders,periferico,1317,46,1.1143e-6,0.984,v4.1,0,4,42
HGNC:2294,COX8A,537,Mitochondrial,periferico,603,34,6.3287e-4,1.922,v4.1,1,19,14
HGNC:5209,HSD11B2,467,Metabolic,periferico,2701,206,3.3874e-7,1.204,v4.1,22,63,121
HGNC:17283,RIMS2,307,Ophthalmology,periferico,17160,232,1,0.395,v4.1,7,26,199
HGNC:17825,PLA2G16,546,Endocrinology,periferico,7525,45,4.8737e-6,1.838,v4.1,4,3,38
HGNC:6638,LMNB2,478,Fetal (including NIPD),central,5726,680,0.99996,0.399,v4.1,4,340,336
HGNC:6638,LMNB2,484,Sin clasificar,central,5726,680,0.99996,0.399,v4.1,4,340,336
HGNC:3801,FOXC2,565,Dermatology,periferico,2900,335,6.6521e-4,1.807,v4.1,78,50,207
HGNC:14361,IRX5,285,Developmental disorders,periferico,2928,143,0.99904,0.413,v4.1,4,43,96
HGNC:14361,IRX5,168,Musculoskeletal,periferico,2928,143,0.99904,0.413,v4.1,4,43,96
HGNC:14361,IRX5,478,Fetal (including NIPD),periferico,2928,143,0.99904,0.413,v4.1,4,43,96
HGNC:14361,IRX5,484,Sin clasificar,periferico,2928,143,0.99904,0.413,v4.1,4,43,96
HGNC:19222,WSB2,285,Developmental disorders,periferico,8307,44,0.99998,0.363,v4.1,1,6,37
HGNC:19222,WSB2,478,Fetal (including NIPD),periferico,8307,44,0.99998,0.363,v4.1,1,6,37
HGNC:19222,WSB2,477,Neurology,periferico,8307,44,0.99998,0.363,v4.1,1,6,37
HGNC:19222,WSB2,402,Neurology,periferico,8307,44,0.99998,0.363,v4.1,1,6,37
HGNC:4584,GRIN1,402,Neurology,central,11171,1265,0.018437,0.574,v4.1,130,664,471
HGNC:4584,GRIN1,285,Developmental disorders,central,11171,1265,0.018437,0.574,v4.1,130,664,471
HGNC:11191,SOX11,650,Endocrinology,periferico,9002,465,0.08649,1.148,v4.1,100,113,252
HGNC:11191,SOX11,479,Developmental disorders,periferico,9002,465,0.08649,1.148,v4.1,100,113,252
HGNC:11191,SOX11,96,Neurology,periferico,9002,465,0.08649,1.148,v4.1,100,113,252
HGNC:1354,C8G,111,Viral research,periferico,4013,59,4.728e-18,1.809,v4.1,0,15,44
HGNC:7436,MTHFR,484,Sin clasificar,central,12272,973,1.0506e-11,0.859,v4.1,202,489,282
HGNC:7436,MTHFR,285,Developmental disorders,central,12272,973,1.0506e-11,0.859,v4.1,202,489,282
HGNC:7436,MTHFR,302,Metabolic disorders,central,12272,973,1.0506e-11,0.859,v4.1,202,489,282
HGNC:7436,MTHFR,402,Neurology,central,12272,973,1.0506e-11,0.859,v4.1,202,489,282
HGNC:7436,MTHFR,467,Metabolic,central,12272,973,1.0506e-11,0.859,v4.1,202,489,282
HGNC:14677,DEAF1,484,Sin clasificar,periferico,10211,1018,1.6906e-18,1.18,v4.1,104,377,537
HGNC:14677,DEAF1,402,Neurology,periferico,10211,1018,1.6906e-18,1.18,v4.1,104,377,537
HGNC:14677,DEAF1,285,Developmental disorders,periferico,10211,1018,1.6906e-18,1.18,v4.1,104,377,537
HGNC:25928,WDR73,402,Neurology,periferico,9857,282,1.9878e-4,0.974,v4.1,39,89,154
HGNC:25928,WDR73,466,Neurology,central,9857,282,1.9878e-4,0.974,v4.1,39,89,154
HGNC:25928,WDR73,20,Neurology and neurodevelopmental disorders,central,9857,282,1.9878e-4,0.974,v4.1,39,89,154
HGNC:25928,WDR73,477,Neurology,periferico,9857,282,1.9878e-4,0.974,v4.1,39,89,154
HGNC:25928,WDR73,192,Neurology and neurodevelopmental disorders,periferico,9857,282,1.9878e-4,0.974,v4.1,39,89,154
HGNC:25928,WDR73,106,Renal,central,9857,282,1.9878e-4,0.974,v4.1,39,89,154
HGNC:25928,WDR73,847,Neurology,central,9857,282,1.9878e-4,0.974,v4.1,39,89,154
HGNC:9177,POLE,478,Fetal (including NIPD),central,12364,11175,2.7396e-38,0.75,v4.1,470,4188,6517
HGNC:9177,POLE,245,Cancer susceptibility,central,12364,11175,2.7396e-38,0.75,v4.1,470,4188,6517
HGNC:9177,POLE,484,Sin clasificar,central,12364,11175,2.7396e-38,0.75,v4.1,470,4188,6517
HGNC:9177,POLE,145,Endocrinology,periferico,12364,11175,2.7396e-38,0.75,v4.1,470,4188,6517
HGNC:25240,ANO6,175,Haematological and immunological disorders,periferico,11411,400,2.4628e-30,1.02,v4.1,39,188,173
HGNC:25240,ANO6,545,Haematology,periferico,11411,400,2.4628e-30,1.02,v4.1,39,188,173
HGNC:11559,TALDO1,302,Metabolic disorders,central,3253,304,2.3753e-8,1.015,v4.1,28,134,142
HGNC:11559,TALDO1,467,Metabolic,central,3253,304,2.3753e-8,1.015,v4.1,28,134,142
HGNC:11559,TALDO1,478,Fetal (including NIPD),central,3253,304,2.3753e-8,1.015,v4.1,28,134,142
HGNC:6823,MAN1B1,25,Metabolic,central,11963,634,7.4637e-22,1.134,v4.1,52,273,309
HGNC:6220,KCNA2,567,Neurology,periferico,19011,582,0.93925,0.537,v4.1,66,190,326
HGNC:6220,KCNA2,568,Neurology,periferico,19011,582,0.93925,0.537,v4.1,66,190,326
HGNC:6220,KCNA2,402,Neurology,central,19011,582,0.93925,0.537,v4.1,66,190,326
HGNC:6220,KCNA2,285,Developmental disorders,central,19011,582,0.93925,0.537,v4.1,66,190,326
HGNC:11992,TOP3A,533,Mitochondrial,periferico,8909,498,2.6987e-10,0.737,v4.1,38,235,225
HGNC:11992,TOP3A,539,Mitochondrial,periferico,8909,498,2.6987e-10,0.737,v4.1,38,235,225
HGNC:11992,TOP3A,112,Mitochondrial,periferico,8909,498,2.6987e-10,0.737,v4.1,38,235,225
HGNC:17317,TIMM22,539,Mitochondrial,central,3496,37,0.0032028,0.998,v4.1,1,6,30
HGNC:17317,TIMM22,112,Mitochondrial,central,3496,37,0.0032028,0.998,v4.1,1,6,30
HGNC:9247,PPFIA3,478,Fetal (including NIPD),periferico,6563,205,1,0.264,v4.1,21,19,165
HGNC:1349,SAMD9L,466,Neurology,periferico,9064,2579,1.1462e-16,0.876,v4.1,20,727,1832
HGNC:1349,SAMD9L,59,Cancer susceptibility,periferico,9064,2579,1.1462e-16,0.876,v4.1,20,727,1832
HGNC:1349,SAMD9L,846,Neurology,periferico,9064,2579,1.1462e-16,0.876,v4.1,20,727,1832
HGNC:1349,SAMD9L,407,Tumour syndromes,periferico,9064,2579,1.1462e-16,0.876,v4.1,20,727,1832
HGNC:1349,SAMD9L,159,Haematological disorders,periferico,9064,2579,1.1462e-16,0.876,v4.1,20,727,1832
HGNC:11776,TGIF1,483,Endocrinology,periferico,8293,238,0.98151,0.477,v4.1,68,87,83
HGNC:1633,CD19,111,Viral research,central,2681,419,0.0059088,0.627,v4.1,17,203,199
HGNC:1633,CD19,398,Immunology,central,2681,419,0.0059088,0.627,v4.1,17,203,199
HGNC:9688,CAVIN1,174,Endocrine disorders,central,3779,181,9.0236e-5,1.092,v4.1,16,60,105
HGNC:19954,SLC25A22,302,Metabolic disorders,periferico,6110,600,6.4871e-7,1.014,v4.1,22,286,292
HGNC:19954,SLC25A22,478,Fetal (including NIPD),periferico,6110,600,6.4871e-7,1.014,v4.1,22,286,292
HGNC:19954,SLC25A22,467,Metabolic,periferico,6110,600,6.4871e-7,1.014,v4.1,22,286,292
HGNC:29529,TBL1XR1,285,Developmental disorders,central,14187,692,1,0.174,v4.1,130,303,259
HGNC:29529,TBL1XR1,478,Fetal (including NIPD),central,14187,692,1,0.174,v4.1,130,303,259
HGNC:29529,TBL1XR1,484,Sin clasificar,central,14187,692,1,0.174,v4.1,130,303,259
HGNC:31750,SAMD12,402,Neurology,periferico,19191,35,0.010587,1.077,v4.1,1,5,29
HGNC:16491,PIDD1,96,Neurology,periferico,6800,314,4.3995e-26,1.237,v4.1,17,67,230
HGNC:16491,PIDD1,484,Sin clasificar,periferico,6800,314,4.3995e-26,1.237,v4.1,17,67,230
HGNC:16491,PIDD1,478,Fetal (including NIPD),periferico,6800,314,4.3995e-26,1.237,v4.1,17,67,230
HGNC:16491,PIDD1,402,Neurology,periferico,6800,314,4.3995e-26,1.237,v4.1,17,67,230
HGNC:16491,PIDD1,285,Developmental disorders,periferico,6800,314,4.3995e-26,1.237,v4.1,17,67,230
HGNC:19405,PGBD5,477,Neurology,periferico,12194,10,0.99841,0.444,v4.1,4,6,0
HGNC:19405,PGBD5,568,Neurology,periferico,12194,10,0.99841,0.444,v4.1,4,6,0
HGNC:19405,PGBD5,285,Developmental disorders,periferico,12194,10,0.99841,0.444,v4.1,4,6,0
HGNC:19405,PGBD5,402,Neurology,periferico,12194,10,0.99841,0.444,v4.1,4,6,0
HGNC:4177,GBA,540,Neurology,central,7639,739,1.0117e-4,0.707,v4.1,364,57,318
HGNC:4177,GBA,484,Sin clasificar,central,7639,739,1.0117e-4,0.707,v4.1,364,57,318
HGNC:4177,GBA,144,Dysmorphic and congenital abnormality syndromes,central,7639,739,1.0117e-4,0.707,v4.1,364,57,318
HGNC:4177,GBA,407,Tumour syndromes,periferico,7639,739,1.0117e-4,0.707,v4.1,364,57,318
HGNC:4177,GBA,385,Gastroenterological disorders,periferico,7639,739,1.0117e-4,0.707,v4.1,364,57,318
HGNC:4177,GBA,847,Neurology,central,7639,739,1.0117e-4,0.707,v4.1,364,57,318
HGNC:4177,GBA,285,Developmental disorders,central,7639,739,1.0117e-4,0.707,v4.1,364,57,318
HGNC:4177,GBA,515,Haematology,periferico,7639,739,1.0117e-4,0.707,v4.1,364,57,318
HGNC:4177,GBA,478,Fetal (including NIPD),central,7639,739,1.0117e-4,0.707,v4.1,364,57,318
HGNC:4177,GBA,175,Haematological and immunological disorders,periferico,7639,739,1.0117e-4,0.707,v4.1,364,57,318
HGNC:4177,GBA,529,Metabolic,central,7639,739,1.0117e-4,0.707,v4.1,364,57,318
HGNC:4177,GBA,474,Neurology,central,7639,739,1.0117e-4,0.707,v4.1,364,57,318
HGNC:4177,GBA,545,Haematology,periferico,7639,739,1.0117e-4,0.707,v4.1,364,57,318
HGNC:21497,ACAD9,749,Cardiology,central,17307,1174,1.1413e-12,0.884,v4.1,186,671,317
HGNC:21497,ACAD9,534,Mitochondrial,central,17307,1174,1.1413e-12,0.884,v4.1,186,671,317
HGNC:21497,ACAD9,302,Metabolic disorders,central,17307,1174,1.1413e-12,0.884,v4.1,186,671,317
HGNC:21497,ACAD9,539,Mitochondrial,central,17307,1174,1.1413e-12,0.884,v4.1,186,671,317
HGNC:21497,ACAD9,112,Mitochondrial,central,17307,1174,1.1413e-12,0.884,v4.1,186,671,317
HGNC:21497,ACAD9,467,Metabolic,central,17307,1174,1.1413e-12,0.884,v4.1,186,671,317
HGNC:5985,IL17RA,1075,Immunology,periferico,10181,1012,5.4993e-9,0.897,v4.1,29,429,554
HGNC:30802,PNPLA2,749,Cardiology,periferico,4138,681,2.7218e-9,1.221,v4.1,41,290,350
HGNC:30802,PNPLA2,185,Neurology,periferico,4138,681,2.7218e-9,1.221,v4.1,41,290,350
HGNC:22140,FAM20C,221,Skeletal disorders,periferico,11062,579,8.1566e-14,1.226,v4.1,27,346,206
HGNC:22140,FAM20C,285,Developmental disorders,periferico,11062,579,8.1566e-14,1.226,v4.1,27,346,206
HGNC:22140,FAM20C,258,Neurology,periferico,11062,579,8.1566e-14,1.226,v4.1,27,346,206
HGNC:22140,FAM20C,943,Musculoskeletal,periferico,11062,579,8.1566e-14,1.226,v4.1,27,346,206
HGNC:28983,TMEM94,478,Fetal (including NIPD),periferico,9349,295,5.0575e-9,0.601,v4.1,24,61,210
HGNC:28983,TMEM94,285,Developmental disorders,periferico,9349,295,5.0575e-9,0.601,v4.1,24,61,210
HGNC:28983,TMEM94,484,Sin clasificar,periferico,9349,295,5.0575e-9,0.601,v4.1,24,61,210
HGNC:3750,FLII,652,Cardiology,periferico,8103,263,2.2699e-20,0.749,v4.1,5,44,214
HGNC:3750,FLII,749,Cardiology,periferico,8103,263,2.2699e-20,0.749,v4.1,5,44,214
HGNC:6256,KCNJ10,477,Neurology,central,6615,455,0.46302,0.676,v4.1,33,123,299
HGNC:29204,SVBP,162,Neurology,periferico,7426,17,0.016886,1.865,v4.1,6,0,11
HGNC:29204,SVBP,285,Developmental disorders,periferico,7426,17,0.016886,1.865,v4.1,6,0,11
HGNC:6053,IMPDH2,847,Neurology,periferico,5138,79,4.0002e-6,0.766,v4.1,5,5,69
HGNC:29918,NDUFAF3,534,Mitochondrial,central,6533,130,2.8136e-7,1.22,v4.1,8,42,80
HGNC:26799,C2orf69,476,Neurology,periferico,5636,35,4.7159e-4,0.914,v4.1,8,19,8
HGNC:26799,C2orf69,467,Metabolic,periferico,5636,35,4.7159e-4,0.914,v4.1,8,19,8
HGNC:26799,C2orf69,539,Mitochondrial,periferico,5636,35,4.7159e-4,0.914,v4.1,8,19,8
HGNC:26799,C2orf69,478,Fetal (including NIPD),periferico,5636,35,4.7159e-4,0.914,v4.1,8,19,8
HGNC:26799,C2orf69,112,Mitochondrial,periferico,5636,35,4.7159e-4,0.914,v4.1,8,19,8
HGNC:26799,C2orf69,285,Developmental disorders,periferico,5636,35,4.7159e-4,0.914,v4.1,8,19,8
HGNC:26799,C2orf69,402,Neurology,periferico,5636,35,4.7159e-4,0.914,v4.1,8,19,8
HGNC:26799,C2orf69,398,Immunology,periferico,5636,35,4.7159e-4,0.914,v4.1,8,19,8
HGNC:7717,NDUFV2,302,Metabolic disorders,central,4218,155,0.82792,0.604,v4.1,17,56,82
HGNC:7717,NDUFV2,539,Mitochondrial,central,4218,155,0.82792,0.604,v4.1,17,56,82
HGNC:7717,NDUFV2,484,Sin clasificar,central,4218,155,0.82792,0.604,v4.1,17,56,82
HGNC:7717,NDUFV2,467,Metabolic,central,4218,155,0.82792,0.604,v4.1,17,56,82
HGNC:7717,NDUFV2,112,Mitochondrial,central,4218,155,0.82792,0.604,v4.1,17,56,82
HGNC:9069,PLEC,119,Dermatological disorders,central,17362,6664,5.951e-44,0.726,v4.1,157,2192,4315
HGNC:9069,PLEC,554,Dermatology,central,17362,6664,5.951e-44,0.726,v4.1,157,2192,4315
HGNC:9069,PLEC,232,Neurology,periferico,17362,6664,5.951e-44,0.726,v4.1,157,2192,4315
HGNC:9069,PLEC,478,Fetal (including NIPD),central,17362,6664,5.951e-44,0.726,v4.1,157,2192,4315
HGNC:4313,GLDC,285,Developmental disorders,central,10275,2617,2.5009e-21,1.09,v4.1,491,1279,847
HGNC:4313,GLDC,402,Neurology,central,10275,2617,2.5009e-21,1.09,v4.1,491,1279,847
HGNC:4313,GLDC,484,Sin clasificar,central,10275,2617,2.5009e-21,1.09,v4.1,491,1279,847
HGNC:4313,GLDC,302,Metabolic disorders,central,10275,2617,2.5009e-21,1.09,v4.1,491,1279,847
HGNC:28216,COX14,478,Fetal (including NIPD),periferico,3111,45,0.21849,1.203,v4.1,2,19,24
HGNC:28216,COX14,537,Mitochondrial,central,3111,45,0.21849,1.203,v4.1,2,19,24
HGNC:28858,P4HTM,402,Neurology,periferico,9930,121,1.2041e-6,0.815,v4.1,13,14,94
HGNC:452,AMBN,269,Musculoskeletal,central,2005,93,2.6606e-12,1.345,v4.1,5,24,64
HGNC:1421,SLC25A20,112,Mitochondrial,periferico,1987,351,4.4499e-8,1.052,v4.1,75,155,121
HGNC:1421,SLC25A20,749,Cardiology,periferico,1987,351,4.4499e-8,1.052,v4.1,75,155,121
HGNC:1382,CA8,847,Neurology,periferico,11027,90,0.23629,0.698,v4.1,10,47,33
HGNC:1382,CA8,478,Fetal (including NIPD),periferico,11027,90,0.23629,0.698,v4.1,10,47,33
HGNC:1382,CA8,285,Developmental disorders,periferico,11027,90,0.23629,0.698,v4.1,10,47,33
HGNC:1382,CA8,20,Neurology and neurodevelopmental disorders,periferico,11027,90,0.23629,0.698,v4.1,10,47,33
HGNC:1382,CA8,484,Sin clasificar,periferico,11027,90,0.23629,0.698,v4.1,10,47,33
HGNC:1382,CA8,466,Neurology,periferico,11027,90,0.23629,0.698,v4.1,10,47,33
HGNC:1653,CD28,111,Viral research,central,5687,19,0.78043,0.634,v4.1,1,3,15
HGNC:3432,ERBB4,285,Developmental disorders,central,13436,733,1,0.357,v4.1,18,356,359
HGNC:6776,MAF,250,Ophthalmological disorders,periferico,7233,246,0.028112,0.852,v4.1,37,94,115
HGNC:6776,MAF,484,Sin clasificar,central,7233,246,0.028112,0.852,v4.1,37,94,115
HGNC:6776,MAF,478,Fetal (including NIPD),central,7233,246,0.028112,0.852,v4.1,37,94,115
HGNC:6776,MAF,230,Ophthalmology,central,7233,246,0.028112,0.852,v4.1,37,94,115
HGNC:17101,SUZ12,484,Sin clasificar,central,10510,200,1,0.344,v4.1,35,46,119
HGNC:17101,SUZ12,478,Fetal (including NIPD),central,10510,200,1,0.344,v4.1,35,46,119
HGNC:17101,SUZ12,285,Developmental disorders,central,10510,200,1,0.344,v4.1,35,46,119
HGNC:26208,NSUN3,467,Metabolic,periferico,9323,137,0.0062291,0.795,v4.1,5,45,87
HGNC:26208,NSUN3,539,Mitochondrial,periferico,9323,137,0.0062291,0.795,v4.1,5,45,87
HGNC:26208,NSUN3,112,Mitochondrial,periferico,9323,137,0.0062291,0.795,v4.1,5,45,87
HGNC:26208,NSUN3,186,Ophthalmology,periferico,9323,137,0.0062291,0.795,v4.1,5,45,87
HGNC:2267,COX5A,467,Metabolic,central,2674,29,0.653,0.82,v4.1,2,4,23
HGNC:3806,FOXE1,31,Endocrinology,central,3492,118,0.0099304,1.926,v4.1,6,37,75
HGNC:3806,FOXE1,221,Skeletal disorders,periferico,3492,118,0.0099304,1.926,v4.1,6,37,75
HGNC:28672,C17orf62,398,Immunology,periferico,9995,182,3.4921e-9,1.556,v4.1,5,116,61
HGNC:28672,C17orf62,111,Viral research,periferico,9995,182,3.4921e-9,1.556,v4.1,5,116,61
HGNC:18078,ZBTB7A,38,Growth disorders,periferico,13128,160,0.088077,0.878,v4.1,23,24,113
HGNC:12420,TUFM,478,Fetal (including NIPD),central,4021,233,0.0031196,0.703,v4.1,6,97,130
HGNC:12420,TUFM,539,Mitochondrial,central,4021,233,0.0031196,0.703,v4.1,6,97,130
HGNC:12420,TUFM,112,Mitochondrial,central,4021,233,0.0031196,0.703,v4.1,6,97,130
HGNC:12420,TUFM,484,Sin clasificar,central,4021,233,0.0031196,0.703,v4.1,6,97,130
HGNC:12420,TUFM,302,Metabolic disorders,central,4021,233,0.0031196,0.703,v4.1,6,97,130
HGNC:12420,TUFM,42,Neurology and neurodevelopmental disorders,central,4021,233,0.0031196,0.703,v4.1,6,97,130
HGNC:12420,TUFM,476,Neurology,central,4021,233,0.0031196,0.703,v4.1,6,97,130
HGNC:12420,TUFM,467,Metabolic,central,4021,233,0.0031196,0.703,v4.1,6,97,130
HGNC:26169,CTC1,315,Neurology and neurodevelopmental disorders,periferico,11115,1683,4.0781e-18,0.776,v4.1,137,618,928
HGNC:26169,CTC1,243,Cancer susceptibility,periferico,11115,1683,4.0781e-18,0.776,v4.1,137,618,928
HGNC:26169,CTC1,245,Cancer susceptibility,periferico,11115,1683,4.0781e-18,0.776,v4.1,137,618,928
HGNC:26169,CTC1,111,Viral research,periferico,11115,1683,4.0781e-18,0.776,v4.1,137,618,928
HGNC:26169,CTC1,307,Ophthalmology,periferico,11115,1683,4.0781e-18,0.776,v4.1,137,618,928
HGNC:26169,CTC1,579,Neurology,periferico,11115,1683,4.0781e-18,0.776,v4.1,137,618,928
HGNC:26169,CTC1,476,Neurology,periferico,11115,1683,4.0781e-18,0.776,v4.1,137,618,928
HGNC:28128,TMEM107,478,Fetal (including NIPD),periferico,3969,161,5.4756e-7,1.493,v4.1,12,82,67
HGNC:28128,TMEM107,122,Skeletal disorders,periferico,3969,161,5.4756e-7,1.493,v4.1,12,82,67
HGNC:28128,TMEM107,150,Ciliopathies,periferico,3969,161,5.4756e-7,1.493,v4.1,12,82,67
HGNC:28128,TMEM107,725,Renal,periferico,3969,161,5.4756e-7,1.493,v4.1,12,82,67
HGNC:3007,DPM3,25,Metabolic,central,2060,77,0.0094613,1.364,v4.1,13,25,39
HGNC:2579,CYC1,112,Mitochondrial,central,2176,179,0.8463,0.583,v4.1,2,75,102
HGNC:2579,CYC1,302,Metabolic disorders,central,2176,179,0.8463,0.583,v4.1,2,75,102
HGNC:2579,CYC1,285,Developmental disorders,central,2176,179,0.8463,0.583,v4.1,2,75,102
HGNC:2579,CYC1,484,Sin clasificar,central,2176,179,0.8463,0.583,v4.1,2,75,102
HGNC:2579,CYC1,539,Mitochondrial,central,2176,179,0.8463,0.583,v4.1,2,75,102
HGNC:2579,CYC1,467,Metabolic,central,2176,179,0.8463,0.583,v4.1,2,75,102
HGNC:15977,HES7,309,Musculoskeletal,periferico,1937,147,0.0054268,1.319,v4.1,6,58,83
HGNC:15977,HES7,478,Fetal (including NIPD),periferico,1937,147,0.0054268,1.319,v4.1,6,58,83
HGNC:3592,FARSA,285,Developmental disorders,central,3785,98,7.44e-7,0.784,v4.1,4,17,77
HGNC:2592,CYP11B2,314,Renal and urinary tract disorders,central,4726,814,1.3679e-10,1.008,v4.1,132,433,249
HGNC:13743,ALOXE3,556,Dermatology,central,4060,366,5.0055e-23,1.036,v4.1,71,106,189
HGNC:13743,ALOXE3,478,Fetal (including NIPD),periferico,4060,366,5.0055e-23,1.036,v4.1,71,106,189
HGNC:4006,FUCA1,529,Metabolic,central,4945,491,3.6291e-15,1.162,v4.1,90,225,176
HGNC:4006,FUCA1,476,Neurology,periferico,4945,491,3.6291e-15,1.162,v4.1,90,225,176
HGNC:4006,FUCA1,42,Neurology and neurodevelopmental disorders,periferico,4945,491,3.6291e-15,1.162,v4.1,90,225,176
HGNC:1763,CDH4,509,Ophthalmology,periferico,7569,187,0.54084,0.533,v4.1,1,34,152
HGNC:34383,C2orf71,307,Ophthalmology,central,7575,1133,1.0024999999999999e-21,1.032,v4.1,154,334,645
HGNC:34383,C2orf71,484,Sin clasificar,periferico,7575,1133,1.0024999999999999e-21,1.032,v4.1,154,334,645
HGNC:26780,DAND5,478,Fetal (including NIPD),periferico,2039,29,0.0010181,1.521,v4.1,1,5,23
HGNC:28497,TMEM151A,847,Neurology,periferico,4972,90,1.9881e-7,1.322,v4.1,11,6,73
HGNC:9644,PTPN11,131,Endocrine disorders,central,13632,1340,1,0.156,v4.1,200,534,606
HGNC:9644,PTPN11,309,Musculoskeletal,central,13632,1340,1,0.156,v4.1,200,534,606
HGNC:9644,PTPN11,559,Dermatology,central,13632,1340,1,0.156,v4.1,200,534,606
HGNC:9644,PTPN11,478,Fetal (including NIPD),central,13632,1340,1,0.156,v4.1,200,534,606
HGNC:9644,PTPN11,65,Cardiology,central,13632,1340,1,0.156,v4.1,200,534,606
HGNC:9644,PTPN11,285,Developmental disorders,central,13632,1340,1,0.156,v4.1,200,534,606
HGNC:9644,PTPN11,564,Dermatology,central,13632,1340,1,0.156,v4.1,200,534,606
HGNC:9644,PTPN11,484,Sin clasificar,central,13632,1340,1,0.156,v4.1,200,534,606
HGNC:4171,GATA2,478,Fetal (including NIPD),central,7037,1875,0.99993,0.335,v4.1,236,632,1007
HGNC:4171,GATA2,59,Cancer susceptibility,central,7037,1875,0.99993,0.335,v4.1,236,632,1007
HGNC:4171,GATA2,525,Haematology,central,7037,1875,0.99993,0.335,v4.1,236,632,1007
HGNC:4171,GATA2,398,Immunology,central,7037,1875,0.99993,0.335,v4.1,236,632,1007
HGNC:4171,GATA2,407,Tumour syndromes,central,7037,1875,0.99993,0.335,v4.1,236,632,1007
HGNC:4171,GATA2,484,Sin clasificar,central,7037,1875,0.99993,0.335,v4.1,236,632,1007
HGNC:4171,GATA2,159,Haematological disorders,central,7037,1875,0.99993,0.335,v4.1,236,632,1007
HGNC:4171,GATA2,519,Haematology,central,7037,1875,0.99993,0.335,v4.1,236,632,1007
HGNC:4171,GATA2,65,Cardiology,central,7037,1875,0.99993,0.335,v4.1,236,632,1007
HGNC:23794,PACS2,285,Developmental disorders,periferico,15279,1294,0.33356,0.561,v4.1,2,799,493
HGNC:23794,PACS2,402,Neurology,periferico,15279,1294,0.33356,0.561,v4.1,2,799,493
HGNC:23794,PACS2,466,Neurology,periferico,15279,1294,0.33356,0.561,v4.1,2,799,493
HGNC:23794,PACS2,484,Sin clasificar,periferico,15279,1294,0.33356,0.561,v4.1,2,799,493
HGNC:23794,PACS2,478,Fetal (including NIPD),periferico,15279,1294,0.33356,0.561,v4.1,2,799,493
HGNC:30910,VWA1,846,Neurology,periferico,6198,193,8.5474e-5,1.512,v4.1,22,34,137
HGNC:30910,VWA1,85,Neurology and neurodevelopmental disorders,periferico,6198,193,8.5474e-5,1.512,v4.1,22,34,137
HGNC:30910,VWA1,225,Neurology,periferico,6198,193,8.5474e-5,1.512,v4.1,22,34,137
HGNC:15717,GEMIN4,230,Ophthalmology,central,7453,303,3.8288e-15,0.947,v4.1,3,77,223
HGNC:13030,ZBTB18,402,Neurology,periferico,4235,417,1,0.128,v4.1,123,117,177
HGNC:430,ALOX12B,478,Fetal (including NIPD),periferico,6788,429,3.6631e-10,0.783,v4.1,146,89,194
HGNC:430,ALOX12B,556,Dermatology,central,6788,429,3.6631e-10,0.783,v4.1,146,89,194
HGNC:430,ALOX12B,555,Dermatology,central,6788,429,3.6631e-10,0.783,v4.1,146,89,194
HGNC:26789,LACC1,398,Immunology,periferico,9262,69,1.3918e-7,1.158,v4.1,8,11,50
HGNC:13907,ATOH7,484,Sin clasificar,periferico,1519,142,1.4175e-4,1.758,v4.1,5,30,107
HGNC:32331,C1orf194,85,Neurology and neurodevelopmental disorders,periferico,1265,7,6.3732e-9,1.494,v4.1,0,1,6
HGNC:32331,C1orf194,846,Neurology,periferico,1265,7,6.3732e-9,1.494,v4.1,0,1,6
HGNC:8008,NRXN1,402,Neurology,central,26544,2508,1,0.317,v4.1,143,969,1396
HGNC:8008,NRXN1,484,Sin clasificar,central,26544,2508,1,0.317,v4.1,143,969,1396
HGNC:8008,NRXN1,285,Developmental disorders,central,26544,2508,1,0.317,v4.1,143,969,1396
HGNC:17042,PUF60,509,Ophthalmology,periferico,7685,305,1,0.295,v4.1,136,51,118
HGNC:17042,PUF60,294,Ophthalmological disorders,periferico,7685,305,1,0.295,v4.1,136,51,118
HGNC:17042,PUF60,101,Dysmorphic and congenital abnormality syndromes,periferico,7685,305,1,0.295,v4.1,136,51,118
HGNC:17042,PUF60,309,Musculoskeletal,periferico,7685,305,1,0.295,v4.1,136,51,118
HGNC:11782,TH,219,Neurology and neurodevelopmental disorders,central,3499,1238,3.3283e-17,1.27,v4.1,192,604,442
HGNC:11782,TH,484,Sin clasificar,central,3499,1238,3.3283e-17,1.27,v4.1,192,604,442
HGNC:11782,TH,285,Developmental disorders,central,3499,1238,3.3283e-17,1.27,v4.1,192,604,442
HGNC:1913,RCC1,846,Neurology,periferico,9178,54,0.99984,0.396,v4.1,5,2,47
HGNC:1913,RCC1,85,Neurology and neurodevelopmental disorders,periferico,9178,54,0.99984,0.396,v4.1,5,2,47
HGNC:3535,F2,175,Haematological and immunological disorders,central,10087,470,0.15426,0.552,v4.1,41,281,148
HGNC:3535,F2,516,Haematology,periferico,10087,470,0.15426,0.552,v4.1,41,281,148
HGNC:21246,PNPLA1,484,Sin clasificar,periferico,5160,270,1.6659e-8,0.945,v4.1,50,83,137
HGNC:21246,PNPLA1,478,Fetal (including NIPD),periferico,5160,270,1.6659e-8,0.945,v4.1,50,83,137
HGNC:1494,ALX1,509,Ophthalmology,periferico,2228,68,6.0691e-4,0.838,v4.1,3,25,40
HGNC:1494,ALX1,478,Fetal (including NIPD),periferico,2228,68,6.0691e-4,0.838,v4.1,3,25,40
HGNC:1494,ALX1,484,Sin clasificar,periferico,2228,68,6.0691e-4,0.838,v4.1,3,25,40
HGNC:1494,ALX1,309,Musculoskeletal,periferico,2228,68,6.0691e-4,0.838,v4.1,3,25,40
HGNC:8591,PAK2,478,Fetal (including NIPD),central,7046,115,0.83414,0.662,v4.1,50,5,60
HGNC:18451,MCFD2,545,Haematology,periferico,8864,166,4.2579e-4,1.366,v4.1,12,50,104
HGNC:18451,MCFD2,175,Haematological and immunological disorders,periferico,8864,166,4.2579e-4,1.366,v4.1,12,50,104
HGNC:9360,PRF1,398,Immunology,central,5206,766,2.9003e-4,1.438,v4.1,148,272,346
HGNC:9360,PRF1,111,Viral research,central,5206,766,2.9003e-4,1.438,v4.1,148,272,346
HGNC:6757,MAB21L1,285,Developmental disorders,periferico,3961,49,0.99236,0.469,v4.1,9,6,34
HGNC:6757,MAB21L1,484,Sin clasificar,periferico,3961,49,0.99236,0.469,v4.1,9,6,34
HGNC:6757,MAB21L1,478,Fetal (including NIPD),periferico,3961,49,0.99236,0.469,v4.1,9,6,34
HGNC:6757,MAB21L1,658,Ophthalmology,periferico,3961,49,0.99236,0.469,v4.1,9,6,34
HGNC:6757,MAB21L1,511,Ophthalmology,periferico,3961,49,0.99236,0.469,v4.1,9,6,34
HGNC:6757,MAB21L1,477,Neurology,periferico,3961,49,0.99236,0.469,v4.1,9,6,34
HGNC:11963,BHLHE22,568,Neurology,periferico,3263,76,0.0056502,1.31,v4.1,3,4,69
HGNC:6027,CXCR2,519,Haematology,periferico,3471,244,0.24489,1.154,v4.1,7,113,124
HGNC:11326,SSR4,467,Metabolic,periferico,4648,131,0.87499,0.441,v2.1.1,17,57,57
HGNC:11326,SSR4,302,Metabolic disorders,periferico,4648,131,0.87499,0.441,v2.1.1,17,57,57
HGNC:11326,SSR4,25,Metabolic,periferico,4648,131,0.87499,0.441,v2.1.1,17,57,57
HGNC:28358,D2HGDH,476,Neurology,periferico,13249,447,4.6247e-7,0.909,v4.1,32,185,230
HGNC:28358,D2HGDH,42,Neurology and neurodevelopmental disorders,periferico,13249,447,4.6247e-7,0.909,v4.1,32,185,230
HGNC:28358,D2HGDH,302,Metabolic disorders,periferico,13249,447,4.6247e-7,0.909,v4.1,32,185,230
HGNC:28358,D2HGDH,467,Metabolic,periferico,13249,447,4.6247e-7,0.909,v4.1,32,185,230
HGNC:26648,BBS12,130,Endocrinology,central,4616,901,0.0035062,1.419,v4.1,184,316,401
HGNC:17997,FKRP,1141,Neurology,periferico,7115,1238,6.1822e-10,1.543,v4.1,228,450,560
HGNC:17997,FKRP,467,Metabolic,periferico,7115,1238,6.1822e-10,1.543,v4.1,228,450,560
HGNC:17997,FKRP,66,Neurology,periferico,7115,1238,6.1822e-10,1.543,v4.1,228,450,560
HGNC:17997,FKRP,258,Neurology,central,7115,1238,6.1822e-10,1.543,v4.1,228,450,560
HGNC:17997,FKRP,207,Neurology,central,7115,1238,6.1822e-10,1.543,v4.1,228,450,560
HGNC:17997,FKRP,302,Metabolic disorders,periferico,7115,1238,6.1822e-10,1.543,v4.1,228,450,560
HGNC:17997,FKRP,185,Neurology,central,7115,1238,6.1822e-10,1.543,v4.1,228,450,560
HGNC:28380,SLC25A42,539,Mitochondrial,periferico,5835,198,3.3937e-4,0.868,v4.1,4,117,77
HGNC:28380,SLC25A42,225,Neurology,periferico,5835,198,3.3937e-4,0.868,v4.1,4,117,77
HGNC:28380,SLC25A42,112,Mitochondrial,periferico,5835,198,3.3937e-4,0.868,v4.1,4,117,77
HGNC:28380,SLC25A42,467,Metabolic,periferico,5835,198,3.3937e-4,0.868,v4.1,4,117,77
HGNC:28380,SLC25A42,484,Sin clasificar,periferico,5835,198,3.3937e-4,0.868,v4.1,4,117,77
HGNC:26988,METTL23,285,Developmental disorders,periferico,4700,75,1.8818e-10,1.756,v4.1,20,7,48
HGNC:26988,METTL23,484,Sin clasificar,periferico,4700,75,1.8818e-10,1.756,v4.1,20,7,48
HGNC:7910,NPM1,484,Sin clasificar,central,9060,61,0.99648,0.313,v4.1,8,28,25
HGNC:7910,NPM1,159,Haematological disorders,central,9060,61,0.99648,0.313,v4.1,8,28,25
HGNC:7910,NPM1,519,Haematology,central,9060,61,0.99648,0.313,v4.1,8,28,25
HGNC:16648,PJA1,285,Developmental disorders,periferico,2980,73,0.92754,0.366,v2.1.1,0,17,56
HGNC:16648,PJA1,168,Musculoskeletal,periferico,2980,73,0.92754,0.366,v2.1.1,0,17,56
HGNC:23537,DHTKD1,302,Metabolic disorders,central,7139,1041,2.3646e-15,0.864,v4.1,62,403,576
HGNC:23537,DHTKD1,467,Metabolic,central,7139,1041,2.3646e-15,0.864,v4.1,62,403,576
HGNC:23537,DHTKD1,846,Neurology,central,7139,1041,2.3646e-15,0.864,v4.1,62,403,576
HGNC:9187,POLR2A,484,Sin clasificar,central,8355,551,1,0.202,v4.1,47,117,387
HGNC:9187,POLR2A,285,Developmental disorders,central,8355,551,1,0.202,v4.1,47,117,387
HGNC:26703,SYNE4,126,Audiology,periferico,5333,354,1.0452e-13,1.251,v4.1,43,190,121
HGNC:11195,SOX2,126,Audiology,central,2512,301,0.99931,0.302,v4.1,123,62,116
HGNC:11195,SOX2,34,Ophthalmological disorders,central,2512,301,0.99931,0.302,v4.1,123,62,116
HGNC:11195,SOX2,484,Sin clasificar,central,2512,301,0.99931,0.302,v4.1,123,62,116
HGNC:11195,SOX2,131,Endocrine disorders,central,2512,301,0.99931,0.302,v4.1,123,62,116
HGNC:11195,SOX2,294,Ophthalmological disorders,central,2512,301,0.99931,0.302,v4.1,123,62,116
HGNC:11195,SOX2,483,Endocrinology,central,2512,301,0.99931,0.302,v4.1,123,62,116
HGNC:11195,SOX2,285,Developmental disorders,central,2512,301,0.99931,0.302,v4.1,123,62,116
HGNC:11195,SOX2,478,Fetal (including NIPD),central,2512,301,0.99931,0.302,v4.1,123,62,116
HGNC:11195,SOX2,509,Ophthalmology,central,2512,301,0.99931,0.302,v4.1,123,62,116
HGNC:10818,SGSH,749,Cardiology,periferico,7189,1145,1.0282e-16,1.26,v4.1,211,517,417
HGNC:10818,SGSH,529,Metabolic,central,7189,1145,1.0282e-16,1.26,v4.1,211,517,417
HGNC:10818,SGSH,75,Metabolic disorders,central,7189,1145,1.0282e-16,1.26,v4.1,211,517,417
HGNC:10818,SGSH,302,Metabolic disorders,central,7189,1145,1.0282e-16,1.26,v4.1,211,517,417
HGNC:6758,MAB21L2,285,Developmental disorders,periferico,2543,64,0.037864,0.727,v4.1,8,17,39
HGNC:6758,MAB21L2,484,Sin clasificar,periferico,2543,64,0.037864,0.727,v4.1,8,17,39
HGNC:6758,MAB21L2,34,Ophthalmological disorders,periferico,2543,64,0.037864,0.727,v4.1,8,17,39
HGNC:6758,MAB21L2,478,Fetal (including NIPD),periferico,2543,64,0.037864,0.727,v4.1,8,17,39
HGNC:3583,FANCB,101,Dysmorphic and congenital abnormality syndromes,periferico,13814,842,0.99631,0.227,v2.1.1,112,317,413
HGNC:3583,FANCB,245,Cancer susceptibility,periferico,13814,842,0.99631,0.227,v2.1.1,112,317,413
HGNC:3583,FANCB,255,Tumour syndromes,periferico,13814,842,0.99631,0.227,v2.1.1,112,317,413
HGNC:3583,FANCB,243,Cancer susceptibility,periferico,13814,842,0.99631,0.227,v2.1.1,112,317,413
HGNC:3583,FANCB,111,Viral research,periferico,13814,842,0.99631,0.227,v2.1.1,112,317,413
HGNC:3583,FANCB,259,Cancer Programme,periferico,13814,842,0.99631,0.227,v2.1.1,112,317,413
HGNC:3583,FANCB,253,Gastroenterological disorders,periferico,13814,842,0.99631,0.227,v2.1.1,112,317,413
HGNC:3583,FANCB,131,Endocrine disorders,periferico,13814,842,0.99631,0.227,v2.1.1,112,317,413
HGNC:3583,FANCB,549,Respiratory,periferico,13814,842,0.99631,0.227,v2.1.1,112,317,413
HGNC:18420,SETD2,285,Developmental disorders,central,14455,1488,1,0.176,v4.1,77,543,868
HGNC:18420,SETD2,484,Sin clasificar,central,14455,1488,1,0.176,v4.1,77,543,868
HGNC:18420,SETD2,478,Fetal (including NIPD),central,14455,1488,1,0.176,v4.1,77,543,868
HGNC:18420,SETD2,38,Growth disorders,central,14455,1488,1,0.176,v4.1,77,543,868
HGNC:30800,TMIE,126,Audiology,central,2159,144,1.9426e-5,1.475,v4.1,18,45,81
HGNC:14509,MRPS23,112,Mitochondrial,periferico,6460,75,1.3865e-4,1.117,v4.1,1,37,37
HGNC:14509,MRPS23,539,Mitochondrial,periferico,6460,75,1.3865e-4,1.117,v4.1,1,37,37
HGNC:9045,PLAG1,484,Sin clasificar,periferico,8049,82,0.99959,0.373,v4.1,12,5,65
HGNC:9045,PLAG1,1471,Endocrinology,periferico,8049,82,0.99959,0.373,v4.1,12,5,65
HGNC:9045,PLAG1,478,Fetal (including NIPD),periferico,8049,82,0.99959,0.373,v4.1,12,5,65
HGNC:13503,ZBTB20,309,Musculoskeletal,periferico,48954,459,1,0.3,v4.1,90,177,192
HGNC:13503,ZBTB20,472,Endocrinology,periferico,48954,459,1,0.3,v4.1,90,177,192
HGNC:13503,ZBTB20,152,Endocrine disorders,periferico,48954,459,1,0.3,v4.1,90,177,192
HGNC:13503,ZBTB20,179,Neurology,periferico,48954,459,1,0.3,v4.1,90,177,192
HGNC:13503,ZBTB20,126,Audiology,periferico,48954,459,1,0.3,v4.1,90,177,192
HGNC:25777,RFX7,484,Sin clasificar,periferico,13020,369,1,0.3,v4.1,18,85,266
HGNC:25777,RFX7,285,Developmental disorders,periferico,13020,369,1,0.3,v4.1,18,85,266
HGNC:20197,SLC35C1,111,Viral research,periferico,4942,342,0.58493,0.664,v4.1,10,140,192
HGNC:20197,SLC35C1,398,Immunology,periferico,4942,342,0.58493,0.664,v4.1,10,140,192
HGNC:20197,SLC35C1,25,Metabolic,central,4942,342,0.58493,0.664,v4.1,10,140,192
HGNC:11161,SNRPE,484,Sin clasificar,central,2631,21,0.68047,0.954,v4.1,4,6,11
HGNC:5383,IDH2,285,Developmental disorders,central,3235,284,0.97922,0.502,v4.1,6,118,160
HGNC:5383,IDH2,749,Cardiology,central,3235,284,0.97922,0.502,v4.1,6,118,160
HGNC:5383,IDH2,467,Metabolic,central,3235,284,0.97922,0.502,v4.1,6,118,160
HGNC:5383,IDH2,302,Metabolic disorders,central,3235,284,0.97922,0.502,v4.1,6,118,160
HGNC:5383,IDH2,47,Cardiovascular disorders,periferico,3235,284,0.97922,0.502,v4.1,6,118,160
HGNC:14378,NOP10,407,Tumour syndromes,central,1576,84,0.035269,1.215,v4.1,1,37,46
HGNC:14378,NOP10,111,Viral research,periferico,1576,84,0.035269,1.215,v4.1,1,37,46
HGNC:14378,NOP10,243,Cancer susceptibility,periferico,1576,84,0.035269,1.215,v4.1,1,37,46
HGNC:14378,NOP10,259,Cancer Programme,periferico,1576,84,0.035269,1.215,v4.1,1,37,46
HGNC:26922,ERCC6L2,59,Cancer susceptibility,periferico,31540,1735,2.4418e-13,0.792,v4.1,61,623,1051
HGNC:26922,ERCC6L2,159,Haematological disorders,periferico,31540,1735,2.4418e-13,0.792,v4.1,61,623,1051
HGNC:27561,TSEN54,478,Fetal (including NIPD),periferico,6127,715,2.7307e-19,1.258,v4.1,85,362,268
HGNC:27561,TSEN54,258,Neurology,periferico,6127,715,2.7307e-19,1.258,v4.1,85,362,268
HGNC:27561,TSEN54,286,Neurology and neurodevelopmental disorders,central,6127,715,2.7307e-19,1.258,v4.1,85,362,268
HGNC:27561,TSEN54,484,Sin clasificar,periferico,6127,715,2.7307e-19,1.258,v4.1,85,362,268
HGNC:14048,MRPS16,467,Metabolic,central,2877,100,0.22623,0.929,v4.1,2,42,56
HGNC:14048,MRPS16,478,Fetal (including NIPD),central,2877,100,0.22623,0.929,v4.1,2,42,56
HGNC:14048,MRPS16,539,Mitochondrial,central,2877,100,0.22623,0.929,v4.1,2,42,56
HGNC:14048,MRPS16,112,Mitochondrial,central,2877,100,0.22623,0.929,v4.1,2,42,56
HGNC:14048,MRPS16,476,Neurology,central,2877,100,0.22623,0.929,v4.1,2,42,56
HGNC:14048,MRPS16,302,Metabolic disorders,central,2877,100,0.22623,0.929,v4.1,2,42,56
HGNC:14048,MRPS16,42,Neurology and neurodevelopmental disorders,central,2877,100,0.22623,0.929,v4.1,2,42,56
HGNC:3512,EXT1,302,Metabolic disorders,periferico,10809,1261,1,0.339,v4.1,556,271,434
HGNC:3512,EXT1,467,Metabolic,periferico,10809,1261,1,0.339,v4.1,556,271,434
HGNC:3512,EXT1,391,Tumour syndromes,periferico,10809,1261,1,0.339,v4.1,556,271,434
HGNC:3512,EXT1,245,Cancer susceptibility,periferico,10809,1261,1,0.339,v4.1,556,271,434
HGNC:10852,SHMT2,467,Metabolic,central,5079,90,1.136e-7,0.794,v4.1,3,17,70
HGNC:10852,SHMT2,484,Sin clasificar,central,5079,90,1.136e-7,0.794,v4.1,3,17,70
HGNC:10852,SHMT2,478,Fetal (including NIPD),central,5079,90,1.136e-7,0.794,v4.1,3,17,70
HGNC:10852,SHMT2,285,Developmental disorders,central,5079,90,1.136e-7,0.794,v4.1,3,17,70
HGNC:18305,ATP6AP2,544,Gastrohepatology,periferico,10421,270,0.87089,0.429,v2.1.1,6,122,142
HGNC:18305,ATP6AP2,402,Neurology,periferico,10421,270,0.87089,0.429,v2.1.1,6,122,142
HGNC:18305,ATP6AP2,467,Metabolic,periferico,10421,270,0.87089,0.429,v2.1.1,6,122,142
HGNC:18305,ATP6AP2,474,Neurology,periferico,10421,270,0.87089,0.429,v2.1.1,6,122,142
HGNC:18305,ATP6AP2,25,Metabolic,periferico,10421,270,0.87089,0.429,v2.1.1,6,122,142
HGNC:18305,ATP6AP2,398,Immunology,periferico,10421,270,0.87089,0.429,v2.1.1,6,122,142
HGNC:560,AP1S2,180,Neurology and neurodevelopmental disorders,periferico,10025,183,0.86702,0.454,v2.1.1,110,39,34
HGNC:560,AP1S2,476,Neurology,periferico,10025,183,0.86702,0.454,v2.1.1,110,39,34
HGNC:560,AP1S2,315,Neurology and neurodevelopmental disorders,periferico,10025,183,0.86702,0.454,v2.1.1,110,39,34
HGNC:1247,C1S,53,Musculoskeletal,periferico,8783,692,1.8058e-4,0.783,v4.1,40,254,398
HGNC:2079,CLN8,402,Neurology,periferico,10431,602,1.9452e-6,1.183,v4.1,90,236,276
HGNC:2079,CLN8,307,Ophthalmology,periferico,10431,602,1.9452e-6,1.183,v4.1,90,236,276
HGNC:2079,CLN8,467,Metabolic,periferico,10431,602,1.9452e-6,1.183,v4.1,90,236,276
HGNC:2079,CLN8,484,Sin clasificar,periferico,10431,602,1.9452e-6,1.183,v4.1,90,236,276
HGNC:2079,CLN8,285,Developmental disorders,periferico,10431,602,1.9452e-6,1.183,v4.1,90,236,276
HGNC:2079,CLN8,302,Metabolic disorders,periferico,10431,602,1.9452e-6,1.183,v4.1,90,236,276
HGNC:1044,BGN,53,Musculoskeletal,central,5614,467,0.45229,0.637,v2.1.1,20,179,268
HGNC:1044,BGN,309,Musculoskeletal,central,5614,467,0.45229,0.637,v2.1.1,20,179,268
HGNC:1044,BGN,478,Fetal (including NIPD),central,5614,467,0.45229,0.637,v2.1.1,20,179,268
HGNC:1044,BGN,484,Sin clasificar,central,5614,467,0.45229,0.637,v2.1.1,20,179,268
HGNC:20134,GLRX5,112,Mitochondrial,periferico,2913,138,3.8364e-4,1.741,v4.1,9,65,64
HGNC:20134,GLRX5,539,Mitochondrial,periferico,2913,138,3.8364e-4,1.741,v4.1,9,65,64
HGNC:20134,GLRX5,515,Haematology,periferico,2913,138,3.8364e-4,1.741,v4.1,9,65,64
HGNC:1529,CAV3,185,Neurology,central,1968,398,0.039666,1.064,v4.1,27,160,211
HGNC:2433,CSF1R,265,Neurology and neurodevelopmental disorders,periferico,5262,1008,0.97537,0.485,v4.1,84,443,481
HGNC:2433,CSF1R,484,Sin clasificar,central,5262,1008,0.97537,0.485,v4.1,84,443,481
HGNC:2433,CSF1R,42,Neurology and neurodevelopmental disorders,periferico,5262,1008,0.97537,0.485,v4.1,84,443,481
HGNC:2433,CSF1R,478,Fetal (including NIPD),central,5262,1008,0.97537,0.485,v4.1,84,443,481
HGNC:2433,CSF1R,39,Neurology and neurodevelopmental disorders,periferico,5262,1008,0.97537,0.485,v4.1,84,443,481
HGNC:10397,RPS17,159,Haematological disorders,central,3823,43,0.99969,0.17,v4.1,12,13,18
HGNC:10397,RPS17,518,Haematology,central,3823,43,0.99969,0.17,v4.1,12,13,18
HGNC:19358,ALG12,25,Metabolic,central,16485,592,1.4977e-9,0.965,v4.1,43,279,270
HGNC:6524,LCK,398,Immunology,central,3523,323,1,0.332,v4.1,18,201,104
HGNC:6524,LCK,111,Viral research,central,3523,323,1,0.332,v4.1,18,201,104
HGNC:2195,COL18A1,478,Fetal (including NIPD),central,12122,3190,8.5915e-33,1.001,v4.1,216,1648,1326
HGNC:10345,RPL35A,519,Haematology,central,3481,139,0.99874,0.202,v4.1,13,61,65
HGNC:9721,PYCR1,53,Musculoskeletal,periferico,3439,377,1.677e-6,1.268,v4.1,47,171,159
HGNC:26992,SPNS2,126,Audiology,periferico,4203,169,9.7236e-10,0.958,v4.1,3,61,105
HGNC:14411,SLC25A21,539,Mitochondrial,periferico,5026,163,3.4488e-11,1.548,v4.1,1,72,90
HGNC:14411,SLC25A21,112,Mitochondrial,periferico,5026,163,3.4488e-11,1.548,v4.1,1,72,90
HGNC:23,ABAT,112,Mitochondrial,periferico,9926,777,1.1757e-10,0.871,v4.1,39,395,343
HGNC:23,ABAT,539,Mitochondrial,periferico,9926,777,1.1757e-10,0.871,v4.1,39,395,343
HGNC:23,ABAT,533,Mitochondrial,periferico,9926,777,1.1757e-10,0.871,v4.1,39,395,343
HGNC:2488,NKX2-5,31,Endocrinology,periferico,2409,826,0.99954,0.321,v4.1,137,264,425
HGNC:2488,NKX2-5,212,Cardiovascular disorders,central,2409,826,0.99954,0.321,v4.1,137,264,425
HGNC:2488,NKX2-5,478,Fetal (including NIPD),central,2409,826,0.99954,0.321,v4.1,137,264,425
HGNC:2488,NKX2-5,484,Sin clasificar,central,2409,826,0.99954,0.321,v4.1,137,264,425
HGNC:7720,NEB,81,Musculoskeletal,periferico,33996,12475,5.309e-52,0.597,v4.1,1886,6242,4347
HGNC:6938,CHST6,302,Metabolic disorders,periferico,8713,381,0.26408,1.71,v4.1,54,92,235
HGNC:6938,CHST6,467,Metabolic,periferico,8713,381,0.26408,1.71,v4.1,54,92,235
HGNC:6938,CHST6,25,Metabolic,periferico,8713,381,0.26408,1.71,v4.1,54,92,235
HGNC:18674,DDX41,525,Haematology,central,4203,1485,8.2138e-10,0.768,v4.1,150,571,764
HGNC:29426,CCBE1,398,Immunology,periferico,7661,561,2.2995e-8,0.933,v4.1,18,257,286
HGNC:29426,CCBE1,111,Viral research,periferico,7661,561,2.2995e-8,0.933,v4.1,18,257,286
HGNC:29426,CCBE1,514,Gastrohepatology,periferico,7661,561,2.2995e-8,0.933,v4.1,18,257,286
HGNC:29426,CCBE1,484,Sin clasificar,periferico,7661,561,2.2995e-8,0.933,v4.1,18,257,286
HGNC:29426,CCBE1,285,Developmental disorders,periferico,7661,561,2.2995e-8,0.933,v4.1,18,257,286
HGNC:29426,CCBE1,563,Dermatology,periferico,7661,561,2.2995e-8,0.933,v4.1,18,257,286
HGNC:20893,BCOR,34,Ophthalmological disorders,periferico,13270,898,1,0.141,v2.1.1,195,275,428
HGNC:20893,BCOR,81,Musculoskeletal,periferico,13270,898,1,0.141,v2.1.1,195,275,428
HGNC:20893,BCOR,230,Ophthalmology,periferico,13270,898,1,0.141,v2.1.1,195,275,428
HGNC:20893,BCOR,509,Ophthalmology,periferico,13270,898,1,0.141,v2.1.1,195,275,428
HGNC:496,RIPK4,258,Neurology,periferico,5791,322,0.62495,0.577,v4.1,8,120,194
HGNC:496,RIPK4,509,Ophthalmology,periferico,5791,322,0.62495,0.577,v4.1,8,120,194
HGNC:24783,LRIT3,484,Sin clasificar,periferico,4161,460,3.0401e-6,1.144,v4.1,5,168,287
HGNC:4585,GRIN2A,285,Developmental disorders,central,19230,2405,1,0.268,v4.1,311,929,1165
HGNC:4585,GRIN2A,484,Sin clasificar,central,19230,2405,1,0.268,v4.1,311,929,1165
HGNC:4585,GRIN2A,402,Neurology,central,19230,2405,1,0.268,v4.1,311,929,1165
HGNC:18126,ZNRF3,285,Developmental disorders,periferico,8384,148,0.97032,0.503,v4.1,7,13,128
HGNC:18126,ZNRF3,479,Developmental disorders,central,8384,148,0.97032,0.503,v4.1,7,13,128
HGNC:25439,TANGO2,467,Metabolic,periferico,13057,479,8.371e-5,0.914,v4.1,52,274,153
HGNC:25439,TANGO2,248,Metabolic disorders,periferico,13057,479,8.371e-5,0.914,v4.1,52,274,153
HGNC:25439,TANGO2,402,Neurology,periferico,13057,479,8.371e-5,0.914,v4.1,52,274,153
HGNC:25439,TANGO2,477,Neurology,periferico,13057,479,8.371e-5,0.914,v4.1,52,274,153
HGNC:25439,TANGO2,302,Metabolic disorders,periferico,13057,479,8.371e-5,0.914,v4.1,52,274,153
HGNC:25439,TANGO2,1141,Neurology,periferico,13057,479,8.371e-5,0.914,v4.1,52,274,153
HGNC:25439,TANGO2,285,Developmental disorders,periferico,13057,479,8.371e-5,0.914,v4.1,52,274,153
HGNC:25439,TANGO2,484,Sin clasificar,periferico,13057,479,8.371e-5,0.914,v4.1,52,274,153
HGNC:25439,TANGO2,749,Cardiology,periferico,13057,479,8.371e-5,0.914,v4.1,52,274,153
HGNC:25439,TANGO2,66,Neurology,periferico,13057,479,8.371e-5,0.914,v4.1,52,274,153
HGNC:15946,RP1L1,307,Ophthalmology,central,8922,1766,3.1979e-13,1.944,v4.1,53,472,1241
HGNC:7866,NOG,384,Musculoskeletal,central,1913,253,0.99555,0.367,v4.1,54,48,151
HGNC:7866,NOG,478,Fetal (including NIPD),central,1913,253,0.99555,0.367,v4.1,54,48,151
HGNC:7866,NOG,155,Endocrine disorders,periferico,1913,253,0.99555,0.367,v4.1,54,48,151
HGNC:7866,NOG,309,Musculoskeletal,central,1913,253,0.99555,0.367,v4.1,54,48,151
HGNC:7866,NOG,484,Sin clasificar,central,1913,253,0.99555,0.367,v4.1,54,48,151
HGNC:24669,FIGLA,155,Endocrine disorders,central,722,85,0.0014896,1.279,v4.1,6,36,43
HGNC:11584,TBK1,398,Immunology,central,17858,602,0.97193,0.505,v4.1,85,227,290
HGNC:11584,TBK1,474,Neurology,central,17858,602,0.97193,0.505,v4.1,85,227,290
HGNC:11584,TBK1,111,Viral research,central,17858,602,0.97193,0.505,v4.1,85,227,290
HGNC:17550,KREMEN1,553,Dermatology,periferico,10730,131,3.4218e-5,0.848,v4.1,2,40,89
HGNC:16627,CHEK2,525,Haematology,periferico,8426,4638,2.847e-14,1.399,v4.1,1105,1167,2366
HGNC:16627,CHEK2,391,Tumour syndromes,central,8426,4638,2.847e-14,1.399,v4.1,1105,1167,2366
HGNC:16627,CHEK2,158,Tumour syndromes,periferico,8426,4638,2.847e-14,1.399,v4.1,1105,1167,2366
HGNC:16627,CHEK2,245,Cancer susceptibility,central,8426,4638,2.847e-14,1.399,v4.1,1105,1167,2366
HGNC:1092,FOXL2,479,Developmental disorders,central,2914,324,0.028008,1.913,v4.1,191,33,100
HGNC:12410,TUBA8,545,Haematology,periferico,5881,379,6.9178e-9,1.117,v4.1,1,161,217
HGNC:12410,TUBA8,96,Neurology,central,5881,379,6.9178e-9,1.117,v4.1,1,161,217
HGNC:12410,TUBA8,519,Haematology,periferico,5881,379,6.9178e-9,1.117,v4.1,1,161,217
HGNC:10593,SCN5A,47,Cardiovascular disorders,central,11057,4861,1,0.372,v4.1,556,1584,2721
HGNC:10593,SCN5A,749,Cardiology,central,11057,4861,1,0.372,v4.1,556,1584,2721
HGNC:10593,SCN5A,478,Fetal (including NIPD),central,11057,4861,1,0.372,v4.1,556,1584,2721
HGNC:10593,SCN5A,506,Cardiology,central,11057,4861,1,0.372,v4.1,556,1584,2721
HGNC:10820,SH2D1A,407,Tumour syndromes,periferico,4980,260,0.38935,0.959,v2.1.1,132,58,70
HGNC:10820,SH2D1A,59,Cancer susceptibility,periferico,4980,260,0.38935,0.959,v2.1.1,132,58,70
HGNC:144,ACTG1,294,Ophthalmological disorders,periferico,5184,713,0.45871,0.617,v4.1,61,419,233
HGNC:144,ACTG1,96,Neurology,central,5184,713,0.45871,0.617,v4.1,61,419,233
HGNC:144,ACTG1,484,Sin clasificar,central,5184,713,0.45871,0.617,v4.1,61,419,233
HGNC:144,ACTG1,285,Developmental disorders,central,5184,713,0.45871,0.617,v4.1,61,419,233
HGNC:144,ACTG1,478,Fetal (including NIPD),central,5184,713,0.45871,0.617,v4.1,61,419,233
HGNC:19344,DENND5A,484,Sin clasificar,periferico,21348,745,2.3707e-4,0.574,v4.1,32,414,299
HGNC:19344,DENND5A,402,Neurology,periferico,21348,745,2.3707e-4,0.574,v4.1,32,414,299
HGNC:19344,DENND5A,179,Neurology,periferico,21348,745,2.3707e-4,0.574,v4.1,32,414,299
HGNC:19344,DENND5A,478,Fetal (including NIPD),periferico,21348,745,2.3707e-4,0.574,v4.1,32,414,299
HGNC:19344,DENND5A,285,Developmental disorders,periferico,21348,745,2.3707e-4,0.574,v4.1,32,414,299
HGNC:12712,VPS33B,556,Dermatology,periferico,6015,586,3.587e-22,0.971,v4.1,62,249,275
HGNC:12712,VPS33B,258,Neurology,periferico,6015,586,3.587e-22,0.971,v4.1,62,249,275
HGNC:11592,TBX1,398,Immunology,periferico,3930,1399,0.123,0.703,v4.1,251,488,660
HGNC:11592,TBX1,111,Viral research,periferico,3930,1399,0.123,0.703,v4.1,251,488,660
HGNC:11592,TBX1,285,Developmental disorders,periferico,3930,1399,0.123,0.703,v4.1,251,488,660
HGNC:16949,FAM120C,285,Developmental disorders,periferico,9937,67,0.99998,0.136,v2.1.1,0,8,59
HGNC:6297,KCNQ3,285,Developmental disorders,central,12696,1476,0.99883,0.458,v4.1,56,615,805
HGNC:6297,KCNQ3,402,Neurology,central,12696,1476,0.99883,0.458,v4.1,56,615,805
HGNC:6297,KCNQ3,484,Sin clasificar,central,12696,1476,0.99883,0.458,v4.1,56,615,805
HGNC:409,ALDH1A3,34,Ophthalmological disorders,periferico,6404,167,0.0037408,0.667,v4.1,26,94,47
HGNC:24128,TM2D3,484,Sin clasificar,periferico,13848,59,2.0744e-13,1.57,v4.1,4,10,45
HGNC:24128,TM2D3,162,Neurology,periferico,13848,59,2.0744e-13,1.57,v4.1,4,10,45
HGNC:24128,TM2D3,285,Developmental disorders,periferico,13848,59,2.0744e-13,1.57,v4.1,4,10,45
HGNC:10892,SIX6,34,Ophthalmological disorders,central,2592,153,0.0023883,0.921,v4.1,8,57,88
HGNC:9407,PRKD1,553,Dermatology,periferico,5811,270,3.0028e-9,0.762,v4.1,10,60,200
HGNC:11402,SRPK3,285,Developmental disorders,periferico,2254,160,0.29235,0.495,v2.1.1,5,18,137
HGNC:11402,SRPK3,478,Fetal (including NIPD),periferico,2254,160,0.29235,0.495,v2.1.1,5,18,137
HGNC:11402,SRPK3,185,Neurology,periferico,2254,160,0.29235,0.495,v2.1.1,5,18,137
HGNC:11402,SRPK3,225,Neurology,periferico,2254,160,0.29235,0.495,v2.1.1,5,18,137
HGNC:2220,COLEC10,81,Musculoskeletal,periferico,10238,61,0.0054092,1.082,v4.1,6,11,44
HGNC:2220,COLEC10,478,Fetal (including NIPD),periferico,10238,61,0.0054092,1.082,v4.1,6,11,44
HGNC:2220,COLEC10,484,Sin clasificar,periferico,10238,61,0.0054092,1.082,v4.1,6,11,44
HGNC:9039,PLA2G6,39,Neurology and neurodevelopmental disorders,central,8167,1206,1.434e-15,0.972,v4.1,181,555,470
HGNC:9039,PLA2G6,466,Neurology,central,8167,1206,1.434e-15,0.972,v4.1,181,555,470
HGNC:9039,PLA2G6,192,Neurology and neurodevelopmental disorders,central,8167,1206,1.434e-15,0.972,v4.1,181,555,470
HGNC:9039,PLA2G6,112,Mitochondrial,periferico,8167,1206,1.434e-15,0.972,v4.1,181,555,470
HGNC:15592,SS18L1,474,Neurology,periferico,8992,108,0.011264,0.605,v4.1,0,55,53
HGNC:9215,POU3F2,285,Developmental disorders,central,4885,69,0.040965,0.822,v4.1,1,16,52
HGNC:9456,PROS1,516,Haematology,central,10782,683,0.74691,0.53,v4.1,145,191,347
HGNC:27962,TMEM173,1638,Respiratory,periferico,4829,390,0.0014813,0.846,v4.1,12,143,235
HGNC:27962,TMEM173,563,Dermatology,periferico,4829,390,0.0014813,0.846,v4.1,12,143,235
HGNC:11957,MED12,478,Fetal (including NIPD),central,17341,2376,1,0.071,v2.1.1,137,1142,1097
HGNC:11957,MED12,285,Developmental disorders,central,17341,2376,1,0.071,v2.1.1,137,1142,1097
HGNC:11957,MED12,81,Musculoskeletal,central,17341,2376,1,0.071,v2.1.1,137,1142,1097
HGNC:11957,MED12,484,Sin clasificar,central,17341,2376,1,0.071,v2.1.1,137,1142,1097
HGNC:7323,SEPT9,85,Neurology and neurodevelopmental disorders,periferico,17681,764,0.99992,0.39,v4.1,4,388,372
HGNC:7323,SEPT9,288,Neurology and neurodevelopmental disorders,periferico,17681,764,0.99992,0.39,v4.1,4,388,372
HGNC:7323,SEPT9,846,Neurology,periferico,17681,764,0.99992,0.39,v4.1,4,388,372
HGNC:26837,AMER1,943,Musculoskeletal,periferico,8407,634,0.8538,0.371,v2.1.1,49,239,346
HGNC:16687,EIF4ENIF1,155,Endocrine disorders,central,10075,145,1,0.285,v4.1,0,5,140
HGNC:24526,ATL3,288,Neurology and neurodevelopmental disorders,periferico,7600,543,1.991e-9,0.891,v4.1,3,229,311
HGNC:23987,NDUFA12,568,Neurology,periferico,9530,108,3.4682e-5,1.188,v4.1,15,49,44
HGNC:23987,NDUFA12,192,Neurology and neurodevelopmental disorders,periferico,9530,108,3.4682e-5,1.188,v4.1,15,49,44
HGNC:2027,CLCNKB,484,Sin clasificar,periferico,7611,702,1.4730999999999999e-22,1.072,v4.1,88,348,266
HGNC:2027,CLCNKB,292,Renal,central,7611,702,1.4730999999999999e-22,1.072,v4.1,88,348,266
HGNC:2027,CLCNKB,478,Fetal (including NIPD),periferico,7611,702,1.4730999999999999e-22,1.072,v4.1,88,348,266
HGNC:6189,JAG2,185,Neurology,periferico,6564,364,0.90572,0.495,v4.1,5,99,260
HGNC:6189,JAG2,207,Neurology,periferico,6564,364,0.90572,0.495,v4.1,5,99,260
HGNC:33782,PTRHD1,285,Developmental disorders,periferico,2753,44,2.3781e-4,1.332,v4.1,5,7,32
HGNC:12796,WT1,9,Endocrinology,central,8454,2053,1,0.253,v4.1,170,748,1135
HGNC:12796,WT1,259,Cancer Programme,central,8454,2053,1,0.253,v4.1,170,748,1135
HGNC:12796,WT1,478,Fetal (including NIPD),central,8454,2053,1,0.253,v4.1,170,748,1135
HGNC:12796,WT1,484,Sin clasificar,central,8454,2053,1,0.253,v4.1,170,748,1135
HGNC:12796,WT1,1636,Inherited cancer,central,8454,2053,1,0.253,v4.1,170,748,1135
HGNC:12796,WT1,156,Renal and urinary tract disorders,central,8454,2053,1,0.253,v4.1,170,748,1135
HGNC:12616,USP18,402,Neurology,periferico,5113,78,0.99638,0.459,v4.1,4,25,49
HGNC:12616,USP18,476,Neurology,periferico,5113,78,0.99638,0.459,v4.1,4,25,49
HGNC:7690,NDUFA6,467,Metabolic,central,1797,80,0.0010099,1.523,v4.1,7,28,45
HGNC:21478,RFX6,514,Gastrohepatology,periferico,4999,391,1.268e-4,0.692,v4.1,40,192,159
HGNC:11551,BRF1,285,Developmental disorders,periferico,18008,244,3.1018e-15,0.921,v4.1,13,95,136
HGNC:11551,BRF1,466,Neurology,periferico,18008,244,3.1018e-15,0.921,v4.1,13,95,136
HGNC:11551,BRF1,478,Fetal (including NIPD),periferico,18008,244,3.1018e-15,0.921,v4.1,13,95,136
HGNC:11551,BRF1,484,Sin clasificar,periferico,18008,244,3.1018e-15,0.921,v4.1,13,95,136
HGNC:16920,CIB1,111,Viral research,periferico,3933,201,2.3786e-6,1.233,v4.1,15,106,80
HGNC:16920,CIB1,398,Immunology,periferico,3933,201,2.3786e-6,1.233,v4.1,15,106,80
HGNC:20093,ADSSL1,225,Neurology,periferico,6677,506,9.893e-19,1.245,v4.1,30,224,252
HGNC:20093,ADSSL1,235,Neurology,periferico,6677,506,9.893e-19,1.245,v4.1,30,224,252
HGNC:6930,MC2R,145,Endocrinology,central,4614,188,8.2552e-4,1.39,v4.1,34,44,110
HGNC:6930,MC2R,484,Sin clasificar,periferico,4614,188,8.2552e-4,1.39,v4.1,34,44,110
HGNC:9761,RAB11B,476,Neurology,periferico,3337,260,0.66811,0.657,v4.1,6,170,84
HGNC:9761,RAB11B,42,Neurology and neurodevelopmental disorders,central,3337,260,0.66811,0.657,v4.1,6,170,84
HGNC:4439,GP1BA,519,Haematology,central,2530,346,0.099846,1.289,v4.1,95,77,174
HGNC:4439,GP1BA,545,Haematology,central,2530,346,0.099846,1.289,v4.1,95,77,174
HGNC:4439,GP1BA,175,Haematological and immunological disorders,central,2530,346,0.099846,1.289,v4.1,95,77,174
HGNC:28532,KIAA0825,384,Musculoskeletal,periferico,13883,92,2.373e-24,0.943,v4.1,12,22,58
HGNC:28532,KIAA0825,478,Fetal (including NIPD),periferico,13883,92,2.373e-24,0.943,v4.1,12,22,58
HGNC:10799,SFTPA2,1638,Respiratory,central,3497,108,5.3317e-8,1.458,v4.1,6,51,51
HGNC:10799,SFTPA2,1174,Respiratory,central,3497,108,5.3317e-8,1.458,v4.1,6,51,51
HGNC:10799,SFTPA2,200,Respiratory disorders,central,3497,108,5.3317e-8,1.458,v4.1,6,51,51
HGNC:1770,CDK10,285,Developmental disorders,periferico,7377,152,1.8927e-20,1.344,v4.1,33,27,92
HGNC:1770,CDK10,478,Fetal (including NIPD),periferico,7377,152,1.8927e-20,1.344,v4.1,33,27,92
HGNC:11653,TCN2,398,Immunology,periferico,8563,792,4.267e-8,0.888,v4.1,72,432,288
HGNC:11653,TCN2,519,Haematology,periferico,8563,792,4.267e-8,0.888,v4.1,72,432,288
HGNC:11653,TCN2,111,Viral research,periferico,8563,792,4.267e-8,0.888,v4.1,72,432,288
HGNC:11653,TCN2,159,Haematological disorders,periferico,8563,792,4.267e-8,0.888,v4.1,72,432,288
HGNC:8607,PRKN,847,Neurology,central,11665,590,2.9081e-15,1.17,v4.1,109,211,270
HGNC:8607,PRKN,540,Neurology,central,11665,590,2.9081e-15,1.17,v4.1,109,211,270
HGNC:8607,PRKN,474,Neurology,central,11665,590,2.9081e-15,1.17,v4.1,109,211,270
HGNC:20127,C14orf80,484,Sin clasificar,periferico,8290,10,7.380900000000001e-20,1.394,v4.1,0,5,5
HGNC:20127,C14orf80,478,Fetal (including NIPD),periferico,8290,10,7.380900000000001e-20,1.394,v4.1,0,5,5
HGNC:9823,RAD51D,158,Tumour syndromes,central,11618,2083,1.7901e-11,1.092,v4.1,259,721,1103
HGNC:9823,RAD51D,143,Inherited cancer,central,11618,2083,1.7901e-11,1.092,v4.1,259,721,1103
HGNC:28423,STAC3,484,Sin clasificar,periferico,2098,294,6.1295e-6,0.796,v4.1,15,145,134
HGNC:28423,STAC3,478,Fetal (including NIPD),periferico,2098,294,6.1295e-6,0.796,v4.1,15,145,134
HGNC:10256,ROR1,126,Audiology,periferico,6875,262,1,0.326,v4.1,0,79,183
HGNC:7508,MUC1,548,Renal,periferico,2401,145,2.4928e-7,0.964,v4.1,9,29,107
HGNC:26171,FAAP100,179,Neurology,periferico,6089,167,8.6804e-14,1.076,v4.1,4,15,148
HGNC:26171,FAAP100,508,Haematology,periferico,6089,167,8.6804e-14,1.076,v4.1,4,15,148
HGNC:6122,IRF7,398,Immunology,central,2821,766,3.4306e-32,1.766,v4.1,1,303,462
HGNC:6122,IRF7,111,Viral research,central,2821,766,3.4306e-32,1.766,v4.1,1,303,462
HGNC:8789,PDE6G,307,Ophthalmology,central,1506,114,6.2873e-4,1.446,v4.1,4,49,61
HGNC:7976,NR2F2,478,Fetal (including NIPD),central,6617,179,1,0.197,v4.1,38,63,78
HGNC:8548,P4HB,484,Sin clasificar,central,11133,410,0.65156,0.561,v4.1,3,219,188
HGNC:8548,P4HB,309,Musculoskeletal,central,11133,410,0.65156,0.561,v4.1,3,219,188
HGNC:8548,P4HB,196,Musculoskeletal,central,11133,410,0.65156,0.561,v4.1,3,219,188
HGNC:8548,P4HB,478,Fetal (including NIPD),central,11133,410,0.65156,0.561,v4.1,3,219,188
HGNC:8632,PBX1,1537,Renal,periferico,23579,214,1,0.212,v4.1,77,46,91
HGNC:7999,NRG3,63,Gastroenterological disorders,periferico,9504,120,0.0027829,0.636,v4.1,0,14,106
HGNC:30224,SLC52A2,186,Ophthalmology,periferico,4045,560,2.5725e-4,0.955,v4.1,43,227,290
HGNC:30224,SLC52A2,79,Neurology,periferico,4045,560,2.5725e-4,0.955,v4.1,43,227,290
HGNC:30224,SLC52A2,484,Sin clasificar,periferico,4045,560,2.5725e-4,0.955,v4.1,43,227,290
HGNC:30224,SLC52A2,466,Neurology,periferico,4045,560,2.5725e-4,0.955,v4.1,43,227,290
HGNC:30224,SLC52A2,846,Neurology,periferico,4045,560,2.5725e-4,0.955,v4.1,43,227,290
HGNC:30224,SLC52A2,467,Metabolic,periferico,4045,560,2.5725e-4,0.955,v4.1,43,227,290
HGNC:30224,SLC52A2,112,Mitochondrial,periferico,4045,560,2.5725e-4,0.955,v4.1,43,227,290
HGNC:30224,SLC52A2,477,Neurology,periferico,4045,560,2.5725e-4,0.955,v4.1,43,227,290
HGNC:30224,SLC52A2,263,Neurology and neurodevelopmental disorders,periferico,4045,560,2.5725e-4,0.955,v4.1,43,227,290
HGNC:30224,SLC52A2,302,Metabolic disorders,periferico,4045,560,2.5725e-4,0.955,v4.1,43,227,290
HGNC:30224,SLC52A2,126,Audiology,periferico,4045,560,2.5725e-4,0.955,v4.1,43,227,290
HGNC:30224,SLC52A2,85,Neurology and neurodevelopmental disorders,periferico,4045,560,2.5725e-4,0.955,v4.1,43,227,290
HGNC:3046,PIGP,484,Sin clasificar,periferico,5324,162,1.2246e-6,1.937,v4.1,2,75,85
HGNC:3046,PIGP,285,Developmental disorders,periferico,5324,162,1.2246e-6,1.937,v4.1,2,75,85
HGNC:3046,PIGP,478,Fetal (including NIPD),periferico,5324,162,1.2246e-6,1.937,v4.1,2,75,85
HGNC:13176,IKZF1,398,Immunology,central,17460,450,1,0.32,v4.1,31,148,271
HGNC:13176,IKZF1,111,Viral research,central,17460,450,1,0.32,v4.1,31,148,271
HGNC:13176,IKZF1,478,Fetal (including NIPD),central,17460,450,1,0.32,v4.1,31,148,271
HGNC:16695,BCAP31,192,Neurology and neurodevelopmental disorders,periferico,8204,341,0.43366,0.65,v2.1.1,129,115,97
HGNC:16695,BCAP31,476,Neurology,periferico,8204,341,0.43366,0.65,v2.1.1,129,115,97
HGNC:16695,BCAP31,42,Neurology and neurodevelopmental disorders,periferico,8204,341,0.43366,0.65,v2.1.1,129,115,97
HGNC:26267,POMK,478,Fetal (including NIPD),periferico,14024,287,9.6147e-7,1.122,v4.1,27,98,162
HGNC:26267,POMK,467,Metabolic,periferico,14024,287,9.6147e-7,1.122,v4.1,27,98,162
HGNC:26267,POMK,285,Developmental disorders,periferico,14024,287,9.6147e-7,1.122,v4.1,27,98,162
HGNC:26267,POMK,484,Sin clasificar,periferico,14024,287,9.6147e-7,1.122,v4.1,27,98,162
HGNC:9585,PTCH1,78,Neurology,central,17281,6391,1,0.146,v4.1,779,2257,3355
HGNC:9585,PTCH1,285,Developmental disorders,central,17281,6391,1,0.146,v4.1,779,2257,3355
HGNC:9585,PTCH1,81,Musculoskeletal,central,17281,6391,1,0.146,v4.1,779,2257,3355
HGNC:9585,PTCH1,478,Fetal (including NIPD),central,17281,6391,1,0.146,v4.1,779,2257,3355
HGNC:9585,PTCH1,168,Musculoskeletal,central,17281,6391,1,0.146,v4.1,779,2257,3355
HGNC:9585,PTCH1,509,Ophthalmology,central,17281,6391,1,0.146,v4.1,779,2257,3355
HGNC:9585,PTCH1,179,Neurology,central,17281,6391,1,0.146,v4.1,779,2257,3355
HGNC:9585,PTCH1,484,Sin clasificar,central,17281,6391,1,0.146,v4.1,779,2257,3355
HGNC:18666,RNPC3,483,Endocrinology,periferico,7980,103,0.0073898,1.041,v4.1,11,17,75
HGNC:18666,RNPC3,484,Sin clasificar,periferico,7980,103,0.0073898,1.041,v4.1,11,17,75
HGNC:18666,RNPC3,131,Endocrine disorders,periferico,7980,103,0.0073898,1.041,v4.1,11,17,75
HGNC:10853,SHOX,131,Endocrine disorders,periferico,9145,691,0.66566,0.515,v2.1.1,232,114,345
HGNC:10853,SHOX,247,Dysmorphic and congenital abnormality syndromes,periferico,9145,691,0.66566,0.515,v2.1.1,232,114,345
HGNC:17208,BICD2,258,Neurology,periferico,6481,957,0.9526,0.507,v4.1,39,432,486
HGNC:18308,TMLHE,285,Developmental disorders,periferico,10334,198,7.9575e-5,1.177,v2.1.1,108,19,71
HGNC:17194,NDUFA13,467,Metabolic,central,2770,96,5.9454e-6,1.301,v4.1,7,33,56
HGNC:17194,NDUFA13,534,Mitochondrial,periferico,2770,96,5.9454e-6,1.301,v4.1,7,33,56
HGNC:6442,KRT5,119,Dermatological disorders,central,4133,333,0.90196,0.538,v4.1,96,76,161
HGNC:20580,CYP2R1,307,Ophthalmology,periferico,6007,268,2.5249e-12,1.113,v4.1,31,89,148
HGNC:8996,PIP5K1C,258,Neurology,periferico,8369,273,5.8101e-8,0.752,v4.1,7,137,129
HGNC:30076,POLR3C,398,Immunology,periferico,13792,74,2.5367e-4,1.058,v4.1,0,7,67
HGNC:30076,POLR3C,111,Viral research,periferico,13792,74,2.5367e-4,1.058,v4.1,0,7,67
HGNC:12799,WWOX,402,Neurology,central,17849,1136,3.1151999999999995e-33,1.82,v4.1,108,527,501
HGNC:12799,WWOX,478,Fetal (including NIPD),central,17849,1136,3.1151999999999995e-33,1.82,v4.1,108,527,501
HGNC:12799,WWOX,484,Sin clasificar,central,17849,1136,3.1151999999999995e-33,1.82,v4.1,108,527,501
HGNC:12799,WWOX,285,Developmental disorders,central,17849,1136,3.1151999999999995e-33,1.82,v4.1,108,527,501
HGNC:23688,BCL9L,478,Fetal (including NIPD),periferico,10909,297,1,0.3,v4.1,0,22,275
HGNC:20422,POLR1D,251,Hearing and ear disorders,periferico,12515,137,0.0035229,1.63,v4.1,35,41,61
HGNC:29819,MKL2,285,Developmental disorders,periferico,18603,173,1,0.351,v4.1,3,18,152
HGNC:33914,KIAA1024L,126,Audiology,periferico,2339,9,1.5037e-8,1.822,v4.1,3,5,1
HGNC:6413,KRT10,215,Dermatological disorders,central,2496,269,4.9789e-9,0.881,v4.1,42,113,114
HGNC:6413,KRT10,556,Dermatology,central,2496,269,4.9789e-9,0.881,v4.1,42,113,114
HGNC:6413,KRT10,565,Dermatology,periferico,2496,269,4.9789e-9,0.881,v4.1,42,113,114
HGNC:6413,KRT10,564,Dermatology,periferico,2496,269,4.9789e-9,0.881,v4.1,42,113,114
HGNC:6413,KRT10,555,Dermatology,central,2496,269,4.9789e-9,0.881,v4.1,42,113,114
HGNC:29514,GLDN,484,Sin clasificar,periferico,7278,184,6.9905e-13,1.078,v4.1,29,53,102
HGNC:29514,GLDN,478,Fetal (including NIPD),periferico,7278,184,6.9905e-13,1.078,v4.1,29,53,102
HGNC:12261,TRDN,76,Cardiology,central,21646,1553,1.1258000000000001e-24,1.359,v4.1,52,829,672
HGNC:10410,RPS23,484,Sin clasificar,central,4837,13,0.9994,0.184,v4.1,2,4,7
HGNC:10410,RPS23,478,Fetal (including NIPD),central,4837,13,0.9994,0.184,v4.1,2,4,7
HGNC:10410,RPS23,285,Developmental disorders,central,4837,13,0.9994,0.184,v4.1,2,4,7
HGNC:7623,MYT1L,130,Endocrinology,periferico,35249,644,1,0.085,v4.1,135,240,269
HGNC:25363,TMEM222,402,Neurology,periferico,5736,50,1.6996e-5,1.118,v4.1,5,8,37
HGNC:25363,TMEM222,484,Sin clasificar,periferico,5736,50,1.6996e-5,1.118,v4.1,5,8,37
HGNC:25363,TMEM222,285,Developmental disorders,periferico,5736,50,1.6996e-5,1.118,v4.1,5,8,37
HGNC:2026,CLCNKA,478,Fetal (including NIPD),periferico,5900,270,1.2579e-17,0.959,v4.1,5,137,128
HGNC:7773,NF2,167,Tumour syndromes,central,7728,2531,1,0.187,v4.1,311,869,1351
HGNC:7773,NF2,391,Tumour syndromes,central,7728,2531,1,0.187,v4.1,311,869,1351
HGNC:28242,HPDL,112,Mitochondrial,periferico,1816,126,0.010682,1.183,v4.1,48,15,63
HGNC:28242,HPDL,476,Neurology,periferico,1816,126,0.010682,1.183,v4.1,48,15,63
HGNC:28242,HPDL,568,Neurology,periferico,1816,126,0.010682,1.183,v4.1,48,15,63
HGNC:28242,HPDL,539,Mitochondrial,periferico,1816,126,0.010682,1.183,v4.1,48,15,63
HGNC:28242,HPDL,402,Neurology,periferico,1816,126,0.010682,1.183,v4.1,48,15,63
HGNC:28242,HPDL,162,Neurology,central,1816,126,0.010682,1.183,v4.1,48,15,63
HGNC:28242,HPDL,846,Neurology,periferico,1816,126,0.010682,1.183,v4.1,48,15,63
HGNC:19916,KIF24,309,Musculoskeletal,periferico,10623,204,2.525e-9,0.732,v4.1,1,30,173
HGNC:8777,PDE2A,847,Neurology,periferico,7182,357,0.015822,0.564,v4.1,9,196,152
HGNC:8777,PDE2A,541,Neurology,periferico,7182,357,0.015822,0.564,v4.1,9,196,152
HGNC:8777,PDE2A,540,Neurology,periferico,7182,357,0.015822,0.564,v4.1,9,196,152
HGNC:28072,LYRM7,536,Mitochondrial,central,6338,88,0.15982,1.892,v4.1,16,44,28
HGNC:27040,SPIN4,478,Fetal (including NIPD),periferico,4105,16,0.75843,0.636,v2.1.1,1,1,14
HGNC:3808,FOXE3,509,Ophthalmology,central,1768,611,0.11644,1.935,v4.1,32,161,418
HGNC:3808,FOXE3,230,Ophthalmology,central,1768,611,0.11644,1.935,v4.1,32,161,418
HGNC:3808,FOXE3,249,Ophthalmological disorders,central,1768,611,0.11644,1.935,v4.1,32,161,418
HGNC:19439,KCNK18,541,Neurology,periferico,2140,99,0.015792,1.114,v4.1,3,35,61
HGNC:6416,KRT14,119,Dermatological disorders,central,2260,244,1.4584e-7,0.932,v4.1,81,68,95
HGNC:6416,KRT14,554,Dermatology,central,2260,244,1.4584e-7,0.932,v4.1,81,68,95
HGNC:6416,KRT14,215,Dermatological disorders,central,2260,244,1.4584e-7,0.932,v4.1,81,68,95
HGNC:6893,MAPT,474,Neurology,central,19278,576,2.1814e-5,0.723,v4.1,36,260,280
HGNC:6893,MAPT,540,Neurology,central,19278,576,2.1814e-5,0.723,v4.1,36,260,280
HGNC:6893,MAPT,265,Neurology and neurodevelopmental disorders,central,19278,576,2.1814e-5,0.723,v4.1,36,260,280
HGNC:26623,TMEM17,384,Musculoskeletal,periferico,3035,30,0.0060735,1.295,v4.1,0,2,28
HGNC:26623,TMEM17,283,Renal,periferico,3035,30,0.0060735,1.295,v4.1,0,2,28
HGNC:26623,TMEM17,725,Renal,periferico,3035,30,0.0060735,1.295,v4.1,0,2,28
HGNC:3681,FGF3,478,Fetal (including NIPD),central,1607,162,0.0015771,1.815,v4.1,26,52,84
HGNC:3681,FGF3,484,Sin clasificar,central,1607,162,0.0015771,1.815,v4.1,26,52,84
HGNC:16517,TMPRSS6,159,Haematological disorders,periferico,5854,407,7.5568e-14,0.821,v4.1,37,124,246
HGNC:25018,TMEM216,385,Gastroenterological disorders,periferico,2034,321,1.1783e-4,1.453,v4.1,55,139,127
HGNC:7105,MITF,478,Fetal (including NIPD),central,7839,1364,0.99203,0.482,v4.1,147,429,788
HGNC:7105,MITF,559,Dermatology,central,7839,1364,0.99203,0.482,v4.1,147,429,788
HGNC:7105,MITF,484,Sin clasificar,central,7839,1364,0.99203,0.482,v4.1,147,429,788
HGNC:25552,RNF220,476,Neurology,periferico,9881,73,1,0.174,v4.1,2,7,64
HGNC:25552,RNF220,477,Neurology,periferico,9881,73,1,0.174,v4.1,2,7,64
HGNC:25552,RNF220,285,Developmental disorders,periferico,9881,73,1,0.174,v4.1,2,7,64
HGNC:25552,RNF220,749,Cardiology,periferico,9881,73,1,0.174,v4.1,2,7,64
HGNC:25552,RNF220,126,Audiology,periferico,9881,73,1,0.174,v4.1,2,7,64
HGNC:6414,KRT12,658,Ophthalmology,central,2877,93,7.3555e-9,0.979,v4.1,10,20,63
HGNC:6414,KRT12,250,Ophthalmological disorders,central,2877,93,7.3555e-9,0.979,v4.1,10,20,63
HGNC:3416,EPOR,157,Haematology,central,3078,167,4.1923e-4,0.787,v4.1,5,57,105
HGNC:24229,CIDEC,546,Endocrinology,central,2587,75,0.0038824,0.927,v4.1,3,29,43
HGNC:2701,DCC,309,Musculoskeletal,periferico,13109,332,1,0.414,v4.1,57,70,205
HGNC:2701,DCC,467,Metabolic,periferico,13109,332,1,0.414,v4.1,57,70,205
HGNC:2701,DCC,112,Mitochondrial,periferico,13109,332,1,0.414,v4.1,57,70,205
HGNC:2701,DCC,286,Neurology and neurodevelopmental disorders,periferico,13109,332,1,0.414,v4.1,57,70,205
HGNC:18957,MAGI2,106,Renal,periferico,34208,666,1,0.369,v4.1,10,250,406
HGNC:6257,KCNJ11,26,Endocrine disorders,central,6338,557,0.0015654,1.074,v4.1,78,115,364
HGNC:6257,KCNJ11,472,Endocrinology,central,6338,557,0.0015654,1.074,v4.1,78,115,364
HGNC:6257,KCNJ11,293,Endocrinology,central,6338,557,0.0015654,1.074,v4.1,78,115,364
HGNC:2202,COL4A1,34,Ophthalmological disorders,periferico,14959,2894,1,0.238,v4.1,409,1241,1244
HGNC:2202,COL4A1,283,Renal,periferico,14959,2894,1,0.238,v4.1,409,1241,1244
HGNC:2202,COL4A1,474,Neurology,periferico,14959,2894,1,0.238,v4.1,409,1241,1244
HGNC:4278,GJA4,98,Dermatology,periferico,2427,57,0.030077,0.783,v4.1,1,4,52
HGNC:4278,GJA4,564,Dermatology,periferico,2427,57,0.030077,0.783,v4.1,1,4,52
HGNC:29077,IFT140,309,Musculoskeletal,central,11187,2236,8.6859e-35,0.972,v4.1,234,842,1160
HGNC:29077,IFT140,726,Musculoskeletal,central,11187,2236,8.6859e-35,0.972,v4.1,234,842,1160
HGNC:29077,IFT140,150,Ciliopathies,central,11187,2236,8.6859e-35,0.972,v4.1,234,842,1160
HGNC:29077,IFT140,725,Renal,central,11187,2236,8.6859e-35,0.972,v4.1,234,842,1160
HGNC:29077,IFT140,478,Fetal (including NIPD),central,11187,2236,8.6859e-35,0.972,v4.1,234,842,1160
HGNC:33784,AGMO,162,Neurology,periferico,10303,153,6.4021e-16,1.561,v4.1,5,21,127
HGNC:33784,AGMO,285,Developmental disorders,periferico,10303,153,6.4021e-16,1.561,v4.1,5,21,127
HGNC:12630,USP7,402,Neurology,central,9286,601,1,0.085,v4.1,60,275,266
HGNC:12630,USP7,285,Developmental disorders,central,9286,601,1,0.085,v4.1,60,275,266
HGNC:12630,USP7,484,Sin clasificar,central,9286,601,1,0.085,v4.1,60,275,266
HGNC:21576,NHLRC1,474,Neurology,periferico,2238,380,9.5659e-4,1.133,v4.1,50,103,227
HGNC:21576,NHLRC1,528,Metabolic,periferico,2238,380,9.5659e-4,1.133,v4.1,50,103,227
HGNC:21576,NHLRC1,402,Neurology,periferico,2238,380,9.5659e-4,1.133,v4.1,50,103,227
HGNC:21576,NHLRC1,265,Neurology and neurodevelopmental disorders,periferico,2238,380,9.5659e-4,1.133,v4.1,50,103,227
HGNC:4053,ISG15,111,Viral research,central,3498,156,0.11305,1.802,v4.1,4,74,78
HGNC:4053,ISG15,180,Neurology and neurodevelopmental disorders,central,3498,156,0.11305,1.802,v4.1,4,74,78
HGNC:33778,MYMK,478,Fetal (including NIPD),periferico,1027,82,0.0025746,1.02,v4.1,8,28,46
HGNC:33778,MYMK,179,Neurology,periferico,1027,82,0.0025746,1.02,v4.1,8,28,46
HGNC:33778,MYMK,81,Musculoskeletal,periferico,1027,82,0.0025746,1.02,v4.1,8,28,46
HGNC:20207,B3GLCT,25,Metabolic,periferico,4542,351,3.9184e-9,1.109,v4.1,22,145,184
HGNC:20207,B3GLCT,179,Neurology,periferico,4542,351,3.9184e-9,1.109,v4.1,22,145,184
HGNC:20207,B3GLCT,509,Ophthalmology,central,4542,351,3.9184e-9,1.109,v4.1,22,145,184
HGNC:20207,B3GLCT,81,Musculoskeletal,periferico,4542,351,3.9184e-9,1.109,v4.1,22,145,184
HGNC:20207,B3GLCT,467,Metabolic,periferico,4542,351,3.9184e-9,1.109,v4.1,22,145,184
HGNC:20207,B3GLCT,285,Developmental disorders,periferico,4542,351,3.9184e-9,1.109,v4.1,22,145,184
HGNC:20207,B3GLCT,302,Metabolic disorders,periferico,4542,351,3.9184e-9,1.109,v4.1,22,145,184
HGNC:25835,THSD4,700,Cardiology,periferico,16106,248,1.8906e-12,0.727,v4.1,10,43,195
HGNC:30718,DNAJB13,550,Respiratory,central,3707,224,1.9212e-4,0.9,v4.1,13,131,80
HGNC:3582,FANCA,484,Sin clasificar,central,12438,6749,1.7064999999999998e-87,1.344,v4.1,990,2642,3117
HGNC:3582,FANCA,478,Fetal (including NIPD),central,12438,6749,1.7064999999999998e-87,1.344,v4.1,990,2642,3117
HGNC:3582,FANCA,131,Endocrine disorders,central,12438,6749,1.7064999999999998e-87,1.344,v4.1,990,2642,3117
HGNC:3582,FANCA,247,Dysmorphic and congenital abnormality syndromes,central,12438,6749,1.7064999999999998e-87,1.344,v4.1,990,2642,3117
HGNC:3582,FANCA,59,Cancer susceptibility,central,12438,6749,1.7064999999999998e-87,1.344,v4.1,990,2642,3117
HGNC:3582,FANCA,159,Haematological disorders,central,12438,6749,1.7064999999999998e-87,1.344,v4.1,990,2642,3117
HGNC:3582,FANCA,407,Tumour syndromes,central,12438,6749,1.7064999999999998e-87,1.344,v4.1,990,2642,3117
HGNC:30972,SECISBP2,31,Endocrinology,periferico,13627,157,6.2825e-32,1.198,v4.1,15,24,118
HGNC:30972,SECISBP2,700,Cardiology,periferico,13627,157,6.2825e-32,1.198,v4.1,15,24,118
HGNC:23168,FANCM,115,Cancer Programme,periferico,19075,4176,2.395e-13,0.754,v4.1,207,1190,2779
HGNC:23168,FANCM,484,Sin clasificar,central,19075,4176,2.395e-13,0.754,v4.1,207,1190,2779
HGNC:23168,FANCM,59,Cancer susceptibility,central,19075,4176,2.395e-13,0.754,v4.1,207,1190,2779
HGNC:23168,FANCM,407,Tumour syndromes,central,19075,4176,2.395e-13,0.754,v4.1,207,1190,2779
HGNC:23168,FANCM,478,Fetal (including NIPD),central,19075,4176,2.395e-13,0.754,v4.1,207,1190,2779
HGNC:15459,P2RX2,126,Audiology,periferico,1980,338,1.1818e-17,1.276,v4.1,5,136,197
HGNC:12509,UBQLN2,263,Neurology and neurodevelopmental disorders,central,4242,253,0.84968,0.448,v2.1.1,7,65,181
HGNC:12509,UBQLN2,474,Neurology,central,4242,253,0.84968,0.448,v2.1.1,7,65,181
HGNC:21555,EYS,307,Ophthalmology,central,17312,5159,6.4354e-50,0.96,v4.1,1091,2067,2001
HGNC:329,AGRN,258,Neurology,central,10813,2531,1.5815e-20,0.73,v4.1,69,1249,1213
HGNC:329,AGRN,478,Fetal (including NIPD),central,10813,2531,1.5815e-20,0.73,v4.1,69,1249,1213
HGNC:7820,NHS,509,Ophthalmology,periferico,13931,796,0.99999,0.087,v2.1.1,163,275,358
HGNC:20771,TUBB4B,550,Respiratory,periferico,2052,165,0.99971,0.377,v4.1,7,130,28
HGNC:20771,TUBB4B,126,Audiology,periferico,2052,165,0.99971,0.377,v4.1,7,130,28
HGNC:18044,SLC38A3,484,Sin clasificar,periferico,5404,67,0.99947,0.433,v4.1,7,3,57
HGNC:18044,SLC38A3,162,Neurology,central,5404,67,0.99947,0.433,v4.1,7,3,57
HGNC:30452,FAM92A,384,Musculoskeletal,periferico,11472,42,2.5203e-4,1.059,v4.1,3,5,34
HGNC:30452,FAM92A,478,Fetal (including NIPD),periferico,11472,42,2.5203e-4,1.059,v4.1,3,5,34
HGNC:23377,FOCAD,544,Gastrohepatology,periferico,17153,1073,6.8573e-37,0.958,v4.1,13,394,666
HGNC:23377,FOCAD,467,Metabolic,periferico,17153,1073,6.8573e-37,0.958,v4.1,13,394,666
HGNC:18561,BLOC1S5,545,Haematology,periferico,4811,54,6.9658e-10,1.625,v4.1,6,9,39
HGNC:21699,CERKL,307,Ophthalmology,central,6400,1068,2.2725e-17,1.43,v4.1,203,496,369
HGNC:20611,SLC24A5,246,Ophthalmological disorders,central,4786,285,3.6963e-12,1.162,v4.1,39,105,141
HGNC:18603,COL25A1,225,Neurology,periferico,11525,145,5.7892e-16,1.034,v4.1,10,43,92
HGNC:32554,FAM83G,555,Dermatology,periferico,8441,144,1.676e-8,0.862,v4.1,0,15,129
HGNC:32554,FAM83G,556,Dermatology,periferico,8441,144,1.676e-8,0.862,v4.1,0,15,129
HGNC:32554,FAM83G,215,Dermatological disorders,periferico,8441,144,1.676e-8,0.862,v4.1,0,15,129
HGNC:4824,HBA2,157,Haematology,periferico,1138,407,0.0045133,1.915,v4.1,188,52,167
HGNC:26456,CFAP54,550,Respiratory,periferico,12914,18,1.591e-46,0.928,v4.1,9,6,3
HGNC:2074,CLN3,526,Metabolic,central,9833,1209,5.3225e-14,1.022,v4.1,229,578,402
HGNC:2074,CLN3,529,Metabolic,central,9833,1209,5.3225e-14,1.022,v4.1,229,578,402
HGNC:3012,DPYD,285,Developmental disorders,central,31058,556,6.0188e-30,1.09,v4.1,147,121,288
HGNC:3012,DPYD,402,Neurology,central,31058,556,6.0188e-30,1.09,v4.1,147,121,288
HGNC:12592,UROS,560,Dermatology,central,12307,156,0.0035232,0.758,v4.1,31,68,57
HGNC:18475,ZDHHC9,478,Fetal (including NIPD),periferico,12379,379,0.73749,0.479,v2.1.1,106,147,126
HGNC:23845,SLX4,115,Cancer Programme,central,11634,2640,5.1228e-29,0.896,v4.1,158,881,1601
HGNC:23845,SLX4,159,Haematological disorders,central,11634,2640,5.1228e-29,0.896,v4.1,158,881,1601
HGNC:23845,SLX4,478,Fetal (including NIPD),central,11634,2640,5.1228e-29,0.896,v4.1,158,881,1601
HGNC:23845,SLX4,162,Neurology,central,11634,2640,5.1228e-29,0.896,v4.1,158,881,1601
HGNC:23845,SLX4,484,Sin clasificar,central,11634,2640,5.1228e-29,0.896,v4.1,158,881,1601
HGNC:23845,SLX4,285,Developmental disorders,central,11634,2640,5.1228e-29,0.896,v4.1,158,881,1601
HGNC:23845,SLX4,407,Tumour syndromes,central,11634,2640,5.1228e-29,0.896,v4.1,158,881,1601
HGNC:23845,SLX4,247,Dysmorphic and congenital abnormality syndromes,central,11634,2640,5.1228e-29,0.896,v4.1,158,881,1601
HGNC:18618,LRRK2,474,Neurology,central,26845,3986,1.0561999999999998e-40,0.778,v4.1,10,1532,2444
HGNC:18618,LRRK2,39,Neurology and neurodevelopmental disorders,central,26845,3986,1.0561999999999998e-40,0.778,v4.1,10,1532,2444
HGNC:18618,LRRK2,540,Neurology,central,26845,3986,1.0561999999999998e-40,0.778,v4.1,10,1532,2444
HGNC:4285,GJB3,559,Dermatology,periferico,2420,244,0.0065903,1.277,v4.1,11,57,176
HGNC:4285,GJB3,126,Audiology,central,2420,244,0.0065903,1.277,v4.1,11,57,176
HGNC:4285,GJB3,565,Dermatology,periferico,2420,244,0.0065903,1.277,v4.1,11,57,176
HGNC:4285,GJB3,285,Developmental disorders,periferico,2420,244,0.0065903,1.277,v4.1,11,57,176
HGNC:7687,NDUFA4,467,Metabolic,central,5015,70,0.15061,1.689,v4.1,6,46,18
HGNC:9957,RELN,402,Neurology,central,38572,4142,1,0.276,v4.1,118,1851,2173
HGNC:9957,RELN,286,Neurology and neurodevelopmental disorders,periferico,38572,4142,1,0.276,v4.1,118,1851,2173
HGNC:24200,FAM111B,200,Respiratory disorders,periferico,4831,151,0.10723,1.817,v4.1,7,29,115
HGNC:24200,FAM111B,559,Dermatology,periferico,4831,151,0.10723,1.817,v4.1,7,29,115
HGNC:18037,ARID2,285,Developmental disorders,central,18845,571,1,0.224,v4.1,119,155,297
HGNC:18037,ARID2,484,Sin clasificar,central,18845,571,1,0.224,v4.1,119,155,297
HGNC:5997,IL1RAPL2,285,Developmental disorders,periferico,5166,66,0.98424,0.294,v2.1.1,0,8,58
HGNC:14530,SP6,269,Musculoskeletal,periferico,4099,55,0.013065,0.873,v4.1,2,1,52
HGNC:6833,MAOA,484,Sin clasificar,central,13627,327,0.99928,0.143,v2.1.1,97,82,148
HGNC:6833,MAOA,285,Developmental disorders,central,13627,327,0.99928,0.143,v2.1.1,97,82,148
HGNC:12382,TSPYL1,9,Endocrinology,periferico,9089,97,1.3518e-4,1.056,v4.1,3,27,67
HGNC:12382,TSPYL1,479,Developmental disorders,periferico,9089,97,1.3518e-4,1.056,v4.1,3,27,67
HGNC:4286,GJB4,559,Dermatology,periferico,3188,134,0.13158,1.922,v4.1,6,41,87
HGNC:4286,GJB4,565,Dermatology,periferico,3188,134,0.13158,1.922,v4.1,6,41,87
HGNC:4286,GJB4,555,Dermatology,periferico,3188,134,0.13158,1.922,v4.1,6,41,87
HGNC:8619,PAX5,407,Tumour syndromes,periferico,9570,664,0.99992,0.361,v4.1,49,315,300
HGNC:24750,ZNF699,285,Developmental disorders,periferico,6758,106,8.0179e-8,1.414,v4.1,14,13,79
HGNC:24750,ZNF699,478,Fetal (including NIPD),periferico,6758,106,8.0179e-8,1.414,v4.1,14,13,79
HGNC:24750,ZNF699,484,Sin clasificar,periferico,6758,106,8.0179e-8,1.414,v4.1,14,13,79
HGNC:7622,MYT1,478,Fetal (including NIPD),periferico,7393,191,1,0.257,v4.1,2,59,130
HGNC:29118,TMEM63A,476,Neurology,periferico,15472,187,1.6245e-16,0.839,v4.1,10,51,126
HGNC:29118,TMEM63A,484,Sin clasificar,periferico,15472,187,1.6245e-16,0.839,v4.1,10,51,126
HGNC:10483,RYR1,229,Neurology and neurodevelopmental disorders,central,16282,11069,2.293e-56,0.644,v4.1,792,4544,5733
HGNC:10483,RYR1,258,Neurology,central,16282,11069,2.293e-56,0.644,v4.1,792,4544,5733
HGNC:10483,RYR1,225,Neurology,central,16282,11069,2.293e-56,0.644,v4.1,792,4544,5733
HGNC:10483,RYR1,1141,Neurology,central,16282,11069,2.293e-56,0.644,v4.1,792,4544,5733
HGNC:10483,RYR1,478,Fetal (including NIPD),central,16282,11069,2.293e-56,0.644,v4.1,792,4544,5733
HGNC:10483,RYR1,484,Sin clasificar,central,16282,11069,2.293e-56,0.644,v4.1,792,4544,5733
HGNC:20778,TUBB,484,Sin clasificar,central,4200,127,1,0.178,v4.1,40,26,61
HGNC:20778,TUBB,285,Developmental disorders,central,4200,127,1,0.178,v4.1,40,26,61
HGNC:20778,TUBB,478,Fetal (including NIPD),central,4200,127,1,0.178,v4.1,40,26,61
HGNC:20778,TUBB,96,Neurology,central,4200,127,1,0.178,v4.1,40,26,61
HGNC:20778,TUBB,402,Neurology,central,4200,127,1,0.178,v4.1,40,26,61
HGNC:28052,XPNPEP3,846,Neurology,periferico,16287,365,1.6033e-8,0.831,v4.1,20,106,239
HGNC:28052,XPNPEP3,112,Mitochondrial,periferico,16287,365,1.6033e-8,0.831,v4.1,20,106,239
HGNC:4599,GRM7,162,Neurology,periferico,9130,316,0.36781,0.549,v4.1,11,145,160
HGNC:811,ATP2A1,542,Neurology,central,4937,932,9.595399999999999e-21,0.881,v4.1,70,406,456
HGNC:5330,IARS,484,Sin clasificar,central,24136,484,9.6429e-18,0.911,v4.1,38,192,254
HGNC:5330,IARS,285,Developmental disorders,central,24136,484,9.6429e-18,0.911,v4.1,38,192,254
HGNC:5330,IARS,478,Fetal (including NIPD),central,24136,484,9.6429e-18,0.911,v4.1,38,192,254
HGNC:5330,IARS,385,Gastroenterological disorders,periferico,24136,484,9.6429e-18,0.911,v4.1,38,192,254
HGNC:5330,IARS,479,Developmental disorders,periferico,24136,484,9.6429e-18,0.911,v4.1,38,192,254
HGNC:12757,WDR5,484,Sin clasificar,central,5018,40,1,0.053,v4.1,3,4,33
HGNC:12757,WDR5,285,Developmental disorders,central,5018,40,1,0.053,v4.1,3,4,33
HGNC:9479,LONP1,531,Mitochondrial,periferico,8231,1153,0.99964,0.448,v4.1,25,638,490
HGNC:12347,TRRAP,484,Sin clasificar,central,19989,2570,1,0.115,v4.1,37,1272,1261
HGNC:12347,TRRAP,285,Developmental disorders,central,19989,2570,1,0.115,v4.1,37,1272,1261
HGNC:9642,PTPN1,1075,Immunology,periferico,9977,39,1,0.321,v4.1,3,8,28
HGNC:9642,PTPN1,476,Neurology,periferico,9977,39,1,0.321,v4.1,3,8,28
HGNC:9642,PTPN1,847,Neurology,periferico,9977,39,1,0.321,v4.1,3,8,28
HGNC:9642,PTPN1,568,Neurology,periferico,9977,39,1,0.321,v4.1,3,8,28
HGNC:3395,EPHB4,563,Dermatology,periferico,7667,1109,4.3123e-6,0.645,v4.1,137,459,513
HGNC:3395,EPHB4,564,Dermatology,periferico,7667,1109,4.3123e-6,0.645,v4.1,137,459,513
HGNC:2396,CRYBA4,230,Ophthalmology,central,814,111,4.3917e-10,1.238,v4.1,6,56,49
HGNC:23068,TRAPPC2,384,Musculoskeletal,periferico,6557,253,0.002414,1.746,v2.1.1,121,64,68
HGNC:23068,TRAPPC2,484,Sin clasificar,periferico,6557,253,0.002414,1.746,v2.1.1,121,64,68
HGNC:3672,FGF16,478,Fetal (including NIPD),central,1667,18,0.75107,0.65,v2.1.1,6,8,4
HGNC:3672,FGF16,309,Musculoskeletal,central,1667,18,0.75107,0.65,v2.1.1,6,8,4
HGNC:3672,FGF16,384,Musculoskeletal,central,1667,18,0.75107,0.65,v2.1.1,6,8,4
HGNC:18010,GDAP2,466,Neurology,periferico,15105,80,0.051238,1.544,v4.1,9,15,56
HGNC:17358,TPK1,539,Mitochondrial,periferico,9873,301,1.9608e-6,1.337,v4.1,31,149,121
HGNC:17358,TPK1,112,Mitochondrial,periferico,9873,301,1.9608e-6,1.337,v4.1,31,149,121
HGNC:11056,SLC6A9,484,Sin clasificar,periferico,9694,372,0.50591,0.544,v4.1,14,203,155
HGNC:11056,SLC6A9,285,Developmental disorders,periferico,9694,372,0.50591,0.544,v4.1,14,203,155
HGNC:11056,SLC6A9,258,Neurology,periferico,9694,372,0.50591,0.544,v4.1,14,203,155
HGNC:11056,SLC6A9,478,Fetal (including NIPD),periferico,9694,372,0.50591,0.544,v4.1,14,203,155
HGNC:7154,MME,85,Neurology and neurodevelopmental disorders,periferico,14209,788,2.0253e-15,0.931,v4.1,106,333,349
HGNC:6482,LAMA2,258,Neurology,central,36439,5433,1.05e-48,0.801,v4.1,978,2539,1916
HGNC:6482,LAMA2,207,Neurology,central,36439,5433,1.05e-48,0.801,v4.1,978,2539,1916
HGNC:6482,LAMA2,185,Neurology,central,36439,5433,1.05e-48,0.801,v4.1,978,2539,1916
HGNC:9104,PLXNB2,285,Developmental disorders,periferico,8864,366,8.0925e-6,0.545,v4.1,8,74,284
HGNC:9104,PLXNB2,269,Musculoskeletal,periferico,8864,366,8.0925e-6,0.545,v4.1,8,74,284
HGNC:9104,PLXNB2,65,Cardiology,periferico,8864,366,8.0925e-6,0.545,v4.1,8,74,284
HGNC:9104,PLXNB2,484,Sin clasificar,periferico,8864,366,8.0925e-6,0.545,v4.1,8,74,284
HGNC:9104,PLXNB2,126,Audiology,periferico,8864,366,8.0925e-6,0.545,v4.1,8,74,284
HGNC:30801,AJAP1,402,Neurology,periferico,14571,67,0.99921,0.376,v4.1,0,5,62
HGNC:12829,XRCC2,59,Cancer susceptibility,central,7191,853,1.5001e-7,1.209,v4.1,17,248,588
HGNC:12829,XRCC2,508,Haematology,central,7191,853,1.5001e-7,1.209,v4.1,17,248,588
HGNC:12829,XRCC2,407,Tumour syndromes,central,7191,853,1.5001e-7,1.209,v4.1,17,248,588
HGNC:7605,MYO6,126,Audiology,central,13340,952,0.97387,0.482,v4.1,109,283,560
HGNC:14334,MKL1,398,Immunology,periferico,7333,915,0.99999,0.389,v4.1,1,371,543
HGNC:14334,MKL1,545,Haematology,periferico,7333,915,0.99999,0.389,v4.1,1,371,543
HGNC:14334,MKL1,111,Viral research,periferico,7333,915,0.99999,0.389,v4.1,1,371,543
HGNC:4853,HDAC2,478,Fetal (including NIPD),central,18812,36,0.98926,0.367,v4.1,0,8,28
HGNC:14543,WNK3,96,Neurology,periferico,12104,272,0.99999,0.191,v2.1.1,10,49,213
HGNC:19943,TRAPPC4,402,Neurology,periferico,4839,78,1.8799e-11,1.689,v4.1,4,32,42
HGNC:19943,TRAPPC4,484,Sin clasificar,periferico,4839,78,1.8799e-11,1.689,v4.1,4,32,42
HGNC:19943,TRAPPC4,285,Developmental disorders,periferico,4839,78,1.8799e-11,1.689,v4.1,4,32,42
HGNC:25355,SLC30A10,180,Neurology and neurodevelopmental disorders,periferico,9261,303,0.011378,0.99,v4.1,11,137,155
HGNC:25355,SLC30A10,467,Metabolic,periferico,9261,303,0.011378,0.99,v4.1,11,137,155
HGNC:25355,SLC30A10,157,Haematology,periferico,9261,303,0.011378,0.99,v4.1,11,137,155
HGNC:25355,SLC30A10,39,Neurology and neurodevelopmental disorders,periferico,9261,303,0.011378,0.99,v4.1,11,137,155
HGNC:19957,TECPR2,567,Neurology,central,13599,1558,2.1398e-7,0.607,v4.1,127,1012,419
HGNC:19957,TECPR2,568,Neurology,central,13599,1558,2.1398e-7,0.607,v4.1,127,1012,419
HGNC:19957,TECPR2,477,Neurology,central,13599,1558,2.1398e-7,0.607,v4.1,127,1012,419
HGNC:15631,TLR7,398,Immunology,central,5279,334,0.97912,0.305,v2.1.1,8,141,185
HGNC:15631,TLR7,111,Viral research,central,5279,334,0.97912,0.305,v2.1.1,8,141,185
HGNC:21648,TOMM7,509,Ophthalmology,periferico,1891,12,0.0041728,1.584,v4.1,3,0,9
HGNC:21648,TOMM7,309,Musculoskeletal,central,1891,12,0.0041728,1.584,v4.1,3,0,9
HGNC:7765,NF1,65,Cardiology,central,41259,17151,0.99946,0.449,v4.1,5606,4369,7176
HGNC:7765,NF1,243,Cancer susceptibility,central,41259,17151,0.99946,0.449,v4.1,5606,4369,7176
HGNC:7765,NF1,478,Fetal (including NIPD),central,41259,17151,0.99946,0.449,v4.1,5606,4369,7176
HGNC:7765,NF1,391,Tumour syndromes,central,41259,17151,0.99946,0.449,v4.1,5606,4369,7176
HGNC:7765,NF1,245,Cancer susceptibility,central,41259,17151,0.99946,0.449,v4.1,5606,4369,7176
HGNC:7765,NF1,1471,Endocrinology,central,41259,17151,0.99946,0.449,v4.1,5606,4369,7176
HGNC:7765,NF1,285,Developmental disorders,central,41259,17151,0.99946,0.449,v4.1,5606,4369,7176
HGNC:7765,NF1,559,Dermatology,central,41259,17151,0.99946,0.449,v4.1,5606,4369,7176
HGNC:7765,NF1,309,Musculoskeletal,central,41259,17151,0.99946,0.449,v4.1,5606,4369,7176
HGNC:7765,NF1,484,Sin clasificar,central,41259,17151,0.99946,0.449,v4.1,5606,4369,7176
HGNC:7765,NF1,255,Tumour syndromes,central,41259,17151,0.99946,0.449,v4.1,5606,4369,7176
HGNC:7765,NF1,564,Dermatology,central,41259,17151,0.99946,0.449,v4.1,5606,4369,7176
HGNC:7765,NF1,179,Neurology,central,41259,17151,0.99946,0.449,v4.1,5606,4369,7176
HGNC:9217,POU3F4,126,Audiology,central,3838,287,0.5746,0.695,v2.1.1,175,35,77
HGNC:1967,CHRNG,81,Musculoskeletal,periferico,4362,566,4.4206e-25,1.286,v4.1,82,320,164
HGNC:1967,CHRNG,258,Neurology,central,4362,566,4.4206e-25,1.286,v4.1,82,320,164
HGNC:186,ADA,59,Cancer susceptibility,periferico,12184,750,9.64e-15,1.184,v4.1,166,389,195
HGNC:24731,NHLRC2,518,Haematology,periferico,13105,124,0.040434,0.724,v4.1,10,24,90
HGNC:24731,NHLRC2,479,Developmental disorders,periferico,13105,124,0.040434,0.724,v4.1,10,24,90
HGNC:24731,NHLRC2,1471,Endocrinology,central,13105,124,0.040434,0.724,v4.1,10,24,90
HGNC:24731,NHLRC2,484,Sin clasificar,periferico,13105,124,0.040434,0.724,v4.1,10,24,90
HGNC:10596,SCN8A,402,Neurology,central,19021,2529,1,0.189,v4.1,380,893,1256
HGNC:10596,SCN8A,285,Developmental disorders,central,19021,2529,1,0.189,v4.1,380,893,1256
HGNC:3754,FLNA,545,Haematology,central,11206,4203,1,0.082,v2.1.1,457,1823,1923
HGNC:3754,FLNA,258,Neurology,central,11206,4203,1,0.082,v2.1.1,457,1823,1923
HGNC:3754,FLNA,1638,Respiratory,periferico,11206,4203,1,0.082,v2.1.1,457,1823,1923
HGNC:3754,FLNA,309,Musculoskeletal,central,11206,4203,1,0.082,v2.1.1,457,1823,1923
HGNC:3754,FLNA,175,Haematological and immunological disorders,central,11206,4203,1,0.082,v2.1.1,457,1823,1923
HGNC:3754,FLNA,478,Fetal (including NIPD),central,11206,4203,1,0.082,v2.1.1,457,1823,1923
HGNC:3754,FLNA,402,Neurology,central,11206,4203,1,0.082,v2.1.1,457,1823,1923
HGNC:3754,FLNA,484,Sin clasificar,central,11206,4203,1,0.082,v2.1.1,457,1823,1923
HGNC:3754,FLNA,179,Neurology,central,11206,4203,1,0.082,v2.1.1,457,1823,1923
HGNC:3754,FLNA,212,Cardiovascular disorders,periferico,11206,4203,1,0.082,v2.1.1,457,1823,1923
HGNC:3754,FLNA,61,Gastroenterological disorders,central,11206,4203,1,0.082,v2.1.1,457,1823,1923
HGNC:3754,FLNA,247,Dysmorphic and congenital abnormality syndromes,periferico,11206,4203,1,0.082,v2.1.1,457,1823,1923
HGNC:3754,FLNA,193,Respiratory,periferico,11206,4203,1,0.082,v2.1.1,457,1823,1923
HGNC:26058,LAGE3,106,Renal,periferico,1154,94,0.12721,1.806,v2.1.1,3,29,62
HGNC:26058,LAGE3,162,Neurology,periferico,1154,94,0.12721,1.806,v2.1.1,3,29,62
HGNC:26058,LAGE3,478,Fetal (including NIPD),periferico,1154,94,0.12721,1.806,v2.1.1,3,29,62
HGNC:2961,DYNC1H1,402,Neurology,central,38928,5596,1,0.117,v4.1,179,2841,2576
HGNC:2961,DYNC1H1,846,Neurology,central,38928,5596,1,0.117,v4.1,179,2841,2576
HGNC:2961,DYNC1H1,478,Fetal (including NIPD),central,38928,5596,1,0.117,v4.1,179,2841,2576
HGNC:2961,DYNC1H1,466,Neurology,central,38928,5596,1,0.117,v4.1,179,2841,2576
HGNC:2961,DYNC1H1,484,Sin clasificar,central,38928,5596,1,0.117,v4.1,179,2841,2576
HGNC:2961,DYNC1H1,85,Neurology and neurodevelopmental disorders,central,38928,5596,1,0.117,v4.1,179,2841,2576
HGNC:2961,DYNC1H1,285,Developmental disorders,central,38928,5596,1,0.117,v4.1,179,2841,2576
HGNC:2961,DYNC1H1,96,Neurology,central,38928,5596,1,0.117,v4.1,179,2841,2576
HGNC:31399,SLC6A17,478,Fetal (including NIPD),periferico,6663,137,0.99899,0.451,v4.1,2,36,99
HGNC:31399,SLC6A17,484,Sin clasificar,periferico,6663,137,0.99899,0.451,v4.1,2,36,99
HGNC:31399,SLC6A17,285,Developmental disorders,periferico,6663,137,0.99899,0.451,v4.1,2,36,99
HGNC:8648,PCBP2,285,Developmental disorders,central,12428,6,1,0.139,v4.1,0,0,6
HGNC:11283,SRC,545,Haematology,central,9491,93,0.99997,0.383,v4.1,2,48,43
HGNC:11283,SRC,175,Haematological and immunological disorders,central,9491,93,0.99997,0.383,v4.1,2,48,43
HGNC:11283,SRC,519,Haematology,central,9491,93,0.99997,0.383,v4.1,2,48,43
HGNC:8941,SERPINA1,105,Respiratory,periferico,10845,516,8.2861e-7,1.134,v4.1,83,251,182
HGNC:29300,KANK2,556,Dermatology,periferico,8396,545,2.6403e-6,0.704,v4.1,3,237,305
HGNC:4651,GTF2E2,555,Dermatology,periferico,6196,181,0.39887,1.107,v4.1,2,104,75
HGNC:4651,GTF2E2,77,Dermatology,periferico,6196,181,0.39887,1.107,v4.1,2,104,75
HGNC:11497,SYNGAP1,484,Sin clasificar,central,8288,1912,1,0.127,v4.1,448,756,708
HGNC:11497,SYNGAP1,285,Developmental disorders,central,8288,1912,1,0.127,v4.1,448,756,708
HGNC:11497,SYNGAP1,402,Neurology,central,8288,1912,1,0.127,v4.1,448,756,708
HGNC:16135,FITM2,847,Neurology,periferico,4903,63,3.0034e-4,0.989,v4.1,11,16,36
HGNC:1058,BLM,174,Endocrine disorders,periferico,8456,5258,8.7183e-22,0.847,v4.1,595,1647,3016
HGNC:1058,BLM,131,Endocrine disorders,central,8456,5258,8.7183e-22,0.847,v4.1,595,1647,3016
HGNC:1058,BLM,508,Haematology,periferico,8456,5258,8.7183e-22,0.847,v4.1,595,1647,3016
HGNC:1058,BLM,162,Neurology,central,8456,5258,8.7183e-22,0.847,v4.1,595,1647,3016
HGNC:11480,SVIL,185,Neurology,periferico,22502,536,0.12248,0.485,v4.1,8,180,348
HGNC:11480,SVIL,49,Cardiology,periferico,22502,536,0.12248,0.485,v4.1,8,180,348
HGNC:10969,SLC22A5,478,Fetal (including NIPD),periferico,18999,1329,8.4286e-10,0.963,v4.1,287,520,522
HGNC:10969,SLC22A5,112,Mitochondrial,periferico,18999,1329,8.4286e-10,0.963,v4.1,287,520,522
HGNC:10969,SLC22A5,749,Cardiology,periferico,18999,1329,8.4286e-10,0.963,v4.1,287,520,522
HGNC:10969,SLC22A5,484,Sin clasificar,periferico,18999,1329,8.4286e-10,0.963,v4.1,287,520,522
HGNC:226,ADARB1,162,Neurology,periferico,11978,102,1,0.323,v4.1,6,22,74
HGNC:226,ADARB1,285,Developmental disorders,periferico,11978,102,1,0.323,v4.1,6,22,74
HGNC:4851,HTT,847,Neurology,central,22173,712,1,0.353,v4.1,13,428,271
HGNC:4851,HTT,285,Developmental disorders,central,22173,712,1,0.353,v4.1,13,428,271
HGNC:23111,DCHS2,483,Endocrinology,periferico,16663,229,2.1902e-36,0.909,v4.1,0,122,107
HGNC:25590,OGDHL,126,Audiology,periferico,7210,226,9.309400000000001e-19,0.847,v4.1,9,37,180
HGNC:2190,COL13A1,232,Neurology,periferico,11514,817,1.5227e-19,0.886,v4.1,47,495,275
HGNC:2190,COL13A1,225,Neurology,periferico,11514,817,1.5227e-19,0.886,v4.1,47,495,275
HGNC:13444,SLC2A10,1,Cardiovascular disorders,central,6593,742,4.779e-8,1.087,v4.1,54,297,391
HGNC:13444,SLC2A10,700,Cardiology,central,6593,742,4.779e-8,1.087,v4.1,54,297,391
HGNC:7602,MYO5A,222,Dysmorphic and congenital abnormality syndromes,periferico,45298,524,0.9951,0.461,v4.1,11,260,253
HGNC:16935,ATG7,186,Ophthalmology,periferico,20121,124,1.5974e-17,0.985,v4.1,9,21,94
HGNC:16935,ATG7,484,Sin clasificar,central,20121,124,1.5974e-17,0.985,v4.1,9,21,94
HGNC:16935,ATG7,285,Developmental disorders,central,20121,124,1.5974e-17,0.985,v4.1,9,21,94
HGNC:3309,ELANE,398,Immunology,central,1091,932,4.1675e-4,1.245,v4.1,122,331,479
HGNC:3309,ELANE,60,Rheumatological disorders,central,1091,932,4.1675e-4,1.245,v4.1,122,331,479
HGNC:3309,ELANE,407,Tumour syndromes,periferico,1091,932,4.1675e-4,1.245,v4.1,122,331,479
HGNC:3309,ELANE,59,Cancer susceptibility,periferico,1091,932,4.1675e-4,1.245,v4.1,122,331,479
HGNC:8967,PIGN,467,Metabolic,periferico,22540,1370,1.5077e-9,1.46,v4.1,189,701,480
HGNC:8967,PIGN,285,Developmental disorders,periferico,22540,1370,1.5077e-9,1.46,v4.1,189,701,480
HGNC:8967,PIGN,302,Metabolic disorders,periferico,22540,1370,1.5077e-9,1.46,v4.1,189,701,480
HGNC:8967,PIGN,81,Musculoskeletal,central,22540,1370,1.5077e-9,1.46,v4.1,189,701,480
HGNC:8967,PIGN,478,Fetal (including NIPD),periferico,22540,1370,1.5077e-9,1.46,v4.1,189,701,480
HGNC:8967,PIGN,484,Sin clasificar,periferico,22540,1370,1.5077e-9,1.46,v4.1,189,701,480
HGNC:8967,PIGN,402,Neurology,periferico,22540,1370,1.5077e-9,1.46,v4.1,189,701,480
HGNC:3356,ENPP1,482,Endocrinology,central,12780,926,1.7403e-5,0.729,v4.1,100,352,474
HGNC:3356,ENPP1,559,Dermatology,periferico,12780,926,1.7403e-5,0.729,v4.1,100,352,474
HGNC:3356,ENPP1,555,Dermatology,periferico,12780,926,1.7403e-5,0.729,v4.1,100,352,474
HGNC:3356,ENPP1,556,Dermatology,periferico,12780,926,1.7403e-5,0.729,v4.1,100,352,474
HGNC:3356,ENPP1,215,Dermatological disorders,periferico,12780,926,1.7403e-5,0.729,v4.1,100,352,474
HGNC:3356,ENPP1,309,Musculoskeletal,central,12780,926,1.7403e-5,0.729,v4.1,100,352,474
HGNC:26222,FAR1,568,Neurology,periferico,9884,424,0.57071,0.595,v4.1,16,211,197
HGNC:26222,FAR1,114,Metabolic disorders,central,9884,424,0.57071,0.595,v4.1,16,211,197
HGNC:25801,C5orf42,484,Sin clasificar,periferico,21596,2598,2.7961999999999998e-36,0.728,v4.1,349,954,1295
HGNC:25801,C5orf42,285,Developmental disorders,periferico,21596,2598,2.7961999999999998e-36,0.728,v4.1,349,954,1295
HGNC:25801,C5orf42,724,Neurology,central,21596,2598,2.7961999999999998e-36,0.728,v4.1,349,954,1295
HGNC:25801,C5orf42,722,Ophthalmology,central,21596,2598,2.7961999999999998e-36,0.728,v4.1,349,954,1295
HGNC:7576,MYH6,749,Cardiology,central,10958,2987,4.9721e-18,0.634,v4.1,17,1103,1867
HGNC:7576,MYH6,478,Fetal (including NIPD),central,10958,2987,4.9721e-18,0.634,v4.1,17,1103,1867
HGNC:11273,SPTAN1,402,Neurology,central,16625,3252,1,0.222,v4.1,153,1579,1520
HGNC:11273,SPTAN1,484,Sin clasificar,central,16625,3252,1,0.222,v4.1,153,1579,1520
HGNC:11273,SPTAN1,478,Fetal (including NIPD),central,16625,3252,1,0.222,v4.1,153,1579,1520
HGNC:11273,SPTAN1,285,Developmental disorders,central,16625,3252,1,0.222,v4.1,153,1579,1520
HGNC:11273,SPTAN1,466,Neurology,central,16625,3252,1,0.222,v4.1,153,1579,1520
HGNC:10414,RPS26,484,Sin clasificar,central,2388,189,0.99588,0.32,v4.1,37,90,62
HGNC:9498,PSAP,75,Metabolic disorders,periferico,4112,981,0.95247,0.507,v4.1,96,536,349
HGNC:21253,LHFPL5,126,Audiology,central,7536,182,0.0040054,0.976,v4.1,23,39,120
HGNC:2771,CFD,398,Immunology,periferico,3468,317,2.4289e-12,1.948,v4.1,14,139,164
HGNC:11546,TAF13,478,Fetal (including NIPD),periferico,2773,25,0.22464,1.03,v4.1,10,5,10
HGNC:11546,TAF13,162,Neurology,periferico,2773,25,0.22464,1.03,v4.1,10,5,10
HGNC:11546,TAF13,285,Developmental disorders,periferico,2773,25,0.22464,1.03,v4.1,10,5,10
HGNC:11546,TAF13,484,Sin clasificar,periferico,2773,25,0.22464,1.03,v4.1,10,5,10
HGNC:25567,ATAD3A,286,Neurology and neurodevelopmental disorders,periferico,4996,438,5.6203e-10,0.861,v4.1,27,93,318
HGNC:25567,ATAD3A,398,Immunology,periferico,4996,438,5.6203e-10,0.861,v4.1,27,93,318
HGNC:25567,ATAD3A,49,Cardiology,periferico,4996,438,5.6203e-10,0.861,v4.1,27,93,318
HGNC:8104,OCLN,315,Neurology and neurodevelopmental disorders,central,14563,159,0.016764,0.728,v4.1,23,46,90
HGNC:8104,OCLN,180,Neurology and neurodevelopmental disorders,periferico,14563,159,0.016764,0.728,v4.1,23,46,90
HGNC:4446,GPAA1,20,Neurology and neurodevelopmental disorders,periferico,4242,636,2.3103e-15,1.077,v4.1,49,311,276
HGNC:4446,GPAA1,466,Neurology,periferico,4242,636,2.3103e-15,1.077,v4.1,49,311,276
HGNC:4446,GPAA1,477,Neurology,periferico,4242,636,2.3103e-15,1.077,v4.1,49,311,276
HGNC:14631,ADAMTSL2,484,Sin clasificar,periferico,5428,348,2.271e-8,0.679,v4.1,23,96,229
HGNC:14631,ADAMTSL2,309,Musculoskeletal,periferico,5428,348,2.271e-8,0.679,v4.1,23,96,229
HGNC:14631,ADAMTSL2,478,Fetal (including NIPD),periferico,5428,348,2.271e-8,0.679,v4.1,23,96,229
HGNC:253,ADH5,518,Haematology,periferico,5242,37,9.2579e-9,1.191,v4.1,4,2,31
HGNC:11237,SPG7,539,Mitochondrial,central,37947,1235,1.8134e-39,1.547,v4.1,195,429,611
HGNC:11237,SPG7,568,Neurology,central,37947,1235,1.8134e-39,1.547,v4.1,195,429,611
HGNC:11237,SPG7,567,Neurology,central,37947,1235,1.8134e-39,1.547,v4.1,195,429,611
HGNC:11237,SPG7,165,Neurology and neurodevelopmental disorders,central,37947,1235,1.8134e-39,1.547,v4.1,195,429,611
HGNC:11237,SPG7,467,Metabolic,central,37947,1235,1.8134e-39,1.547,v4.1,195,429,611
HGNC:11237,SPG7,20,Neurology and neurodevelopmental disorders,central,37947,1235,1.8134e-39,1.547,v4.1,195,429,611
HGNC:11237,SPG7,847,Neurology,central,37947,1235,1.8134e-39,1.547,v4.1,195,429,611
HGNC:11237,SPG7,112,Mitochondrial,central,37947,1235,1.8134e-39,1.547,v4.1,195,429,611
HGNC:11237,SPG7,85,Neurology and neurodevelopmental disorders,central,37947,1235,1.8134e-39,1.547,v4.1,195,429,611
HGNC:11237,SPG7,846,Neurology,central,37947,1235,1.8134e-39,1.547,v4.1,195,429,611
HGNC:11237,SPG7,42,Neurology and neurodevelopmental disorders,central,37947,1235,1.8134e-39,1.547,v4.1,195,429,611
HGNC:11237,SPG7,477,Neurology,central,37947,1235,1.8134e-39,1.547,v4.1,195,429,611
HGNC:11237,SPG7,466,Neurology,central,37947,1235,1.8134e-39,1.547,v4.1,195,429,611
HGNC:11237,SPG7,186,Ophthalmology,central,37947,1235,1.8134e-39,1.547,v4.1,195,429,611
HGNC:11237,SPG7,302,Metabolic disorders,central,37947,1235,1.8134e-39,1.547,v4.1,195,429,611
HGNC:5417,IFNA1,111,Viral research,central,878,14,0.33726,1.844,v4.1,0,6,8
HGNC:6308,KEL,147,Neurology,periferico,3949,119,6.9359e-31,1.11,v4.1,2,21,96
HGNC:15807,ZNF335,402,Neurology,periferico,8738,738,2.0988e-15,0.718,v4.1,27,310,401
HGNC:14258,CD2AP,106,Renal,central,13367,442,9.8434e-6,0.815,v4.1,20,166,256
HGNC:16110,DDRGK1,309,Musculoskeletal,periferico,4512,161,1.2333e-12,1.213,v4.1,3,76,82
HGNC:29040,SZT2,478,Fetal (including NIPD),periferico,26358,3549,4.7088999999999997e-26,0.582,v4.1,191,1600,1758
HGNC:1392,CACNA1E,258,Neurology,periferico,22219,2536,1,0.221,v4.1,44,1562,930
HGNC:23096,SLC29A3,472,Endocrinology,periferico,7492,564,1.1015e-4,0.933,v4.1,47,245,272
HGNC:23096,SLC29A3,559,Dermatology,periferico,7492,564,1.1015e-4,0.933,v4.1,47,245,272
HGNC:23096,SLC29A3,111,Viral research,periferico,7492,564,1.1015e-4,0.933,v4.1,47,245,272
HGNC:23096,SLC29A3,398,Immunology,periferico,7492,564,1.1015e-4,0.933,v4.1,47,245,272
HGNC:23096,SLC29A3,1075,Immunology,periferico,7492,564,1.1015e-4,0.933,v4.1,47,245,272
HGNC:23096,SLC29A3,152,Endocrine disorders,periferico,7492,564,1.1015e-4,0.933,v4.1,47,245,272
HGNC:23096,SLC29A3,309,Musculoskeletal,periferico,7492,564,1.1015e-4,0.933,v4.1,47,245,272
HGNC:23096,SLC29A3,26,Endocrine disorders,periferico,7492,564,1.1015e-4,0.933,v4.1,47,245,272
HGNC:23096,SLC29A3,92,Endocrine disorders,periferico,7492,564,1.1015e-4,0.933,v4.1,47,245,272
HGNC:23096,SLC29A3,258,Neurology,periferico,7492,564,1.1015e-4,0.933,v4.1,47,245,272
HGNC:23096,SLC29A3,478,Fetal (including NIPD),periferico,7492,564,1.1015e-4,0.933,v4.1,47,245,272
HGNC:23096,SLC29A3,650,Endocrinology,periferico,7492,564,1.1015e-4,0.933,v4.1,47,245,272
HGNC:16393,CARD11,398,Immunology,central,6707,1324,1,0.364,v4.1,47,683,594
HGNC:16393,CARD11,111,Viral research,central,6707,1324,1,0.364,v4.1,47,683,594
HGNC:26558,HYLS1,725,Renal,periferico,3197,238,9.7596e-8,1.132,v4.1,25,126,87
HGNC:26558,HYLS1,484,Sin clasificar,periferico,3197,238,9.7596e-8,1.132,v4.1,25,126,87
HGNC:26558,HYLS1,150,Ciliopathies,periferico,3197,238,9.7596e-8,1.132,v4.1,25,126,87
HGNC:26558,HYLS1,478,Fetal (including NIPD),periferico,3197,238,9.7596e-8,1.132,v4.1,25,126,87
HGNC:26558,HYLS1,122,Skeletal disorders,periferico,3197,238,9.7596e-8,1.132,v4.1,25,126,87
HGNC:26558,HYLS1,722,Ophthalmology,periferico,3197,238,9.7596e-8,1.132,v4.1,25,126,87
HGNC:752,ASNA1,749,Cardiology,periferico,1805,33,0.032654,0.734,v4.1,1,1,31
HGNC:757,ASPH,509,Ophthalmology,periferico,25925,257,2.7445e-21,1.011,v4.1,28,126,103
HGNC:757,ASPH,700,Cardiology,periferico,25925,257,2.7445e-21,1.011,v4.1,28,126,103
HGNC:17722,SPRED2,212,Cardiovascular disorders,periferico,6723,98,1.6444e-15,1.361,v4.1,8,17,73
HGNC:17722,SPRED2,48,Dysmorphic and congenital abnormality syndromes,periferico,6723,98,1.6444e-15,1.361,v4.1,8,17,73
HGNC:17722,SPRED2,1471,Endocrinology,periferico,6723,98,1.6444e-15,1.361,v4.1,8,17,73
HGNC:17722,SPRED2,749,Cardiology,periferico,6723,98,1.6444e-15,1.361,v4.1,8,17,73
HGNC:8031,NTRK1,484,Sin clasificar,central,5209,1561,1.1294e-16,0.954,v4.1,201,800,560
HGNC:8031,NTRK1,285,Developmental disorders,central,5209,1561,1.1294e-16,0.954,v4.1,201,800,560
HGNC:8031,NTRK1,7,Sin clasificar,central,5209,1561,1.1294e-16,0.954,v4.1,201,800,560
HGNC:8031,NTRK1,846,Neurology,central,5209,1561,1.1294e-16,0.954,v4.1,201,800,560
HGNC:8031,NTRK1,85,Neurology and neurodevelopmental disorders,central,5209,1561,1.1294e-16,0.954,v4.1,201,800,560
HGNC:8031,NTRK1,288,Neurology and neurodevelopmental disorders,central,5209,1561,1.1294e-16,0.954,v4.1,201,800,560
HGNC:12437,TXNRD1,402,Neurology,central,9195,94,9.6983e-12,1.006,v4.1,0,13,81
HGNC:12011,TPM2,258,Neurology,central,5075,395,6.6608e-6,0.87,v4.1,75,171,149
HGNC:33230,ZNF808,484,Sin clasificar,periferico,6819,180,0.07278,1.194,v4.1,9,22,149
HGNC:33230,ZNF808,472,Endocrinology,periferico,6819,180,0.07278,1.194,v4.1,9,22,149
HGNC:33230,ZNF808,293,Endocrinology,periferico,6819,180,0.07278,1.194,v4.1,9,22,149
HGNC:11231,ATL1,288,Neurology and neurodevelopmental disorders,periferico,16753,673,0.35895,0.57,v4.1,92,231,350
HGNC:2148,CNGA1,307,Ophthalmology,central,4611,531,4.6542e-5,0.779,v4.1,82,163,286
HGNC:9080,PLN,134,Cardiology,periferico,4733,162,0.41691,1.704,v4.1,11,44,107
HGNC:23170,WDHD1,162,Neurology,central,8523,161,5.472999999999999e-23,0.923,v4.1,0,20,141
HGNC:2515,CTNND1,484,Sin clasificar,central,16977,272,1,0.187,v4.1,37,36,199
HGNC:2515,CTNND1,212,Cardiovascular disorders,periferico,16977,272,1,0.187,v4.1,37,36,199
HGNC:13917,DDX39B,285,Developmental disorders,central,7026,32,1,0.219,v4.1,0,3,29
HGNC:20305,SLC34A3,149,Renal,central,2304,879,1.5210000000000001e-27,1.77,v4.1,95,340,444
HGNC:20305,SLC34A3,482,Endocrinology,central,2304,879,1.5210000000000001e-27,1.77,v4.1,95,340,444
HGNC:1742,LRBA,293,Endocrinology,periferico,22469,2455,0.0099554,0.515,v4.1,187,1039,1229
HGNC:1742,LRBA,152,Endocrine disorders,periferico,22469,2455,0.0099554,0.515,v4.1,187,1039,1229
HGNC:1742,LRBA,176,Gastroenterological disorders,central,22469,2455,0.0099554,0.515,v4.1,187,1039,1229
HGNC:1742,LRBA,26,Endocrine disorders,periferico,22469,2455,0.0099554,0.515,v4.1,187,1039,1229
HGNC:1742,LRBA,33,Gastroenterological disorders,central,22469,2455,0.0099554,0.515,v4.1,187,1039,1229
HGNC:1742,LRBA,1638,Respiratory,periferico,22469,2455,0.0099554,0.515,v4.1,187,1039,1229
HGNC:10484,RYR2,749,Cardiology,central,17971,9952,1,0.424,v4.1,257,4027,5668
HGNC:10484,RYR2,652,Cardiology,central,17971,9952,1,0.424,v4.1,257,4027,5668
HGNC:11573,TAT,555,Dermatology,periferico,5996,471,9.3349e-8,0.844,v4.1,67,298,106
HGNC:11573,TAT,215,Dermatological disorders,periferico,5996,471,9.3349e-8,0.844,v4.1,67,298,106
HGNC:23639,TTC37,467,Metabolic,periferico,27138,1564,9.353599999999999e-33,0.776,v4.1,174,873,517
HGNC:23639,TTC37,111,Viral research,periferico,27138,1564,9.353599999999999e-33,0.776,v4.1,174,873,517
HGNC:23639,TTC37,302,Metabolic disorders,periferico,27138,1564,9.353599999999999e-33,0.776,v4.1,174,873,517
HGNC:8604,PAPSS2,309,Musculoskeletal,periferico,6723,400,6.3954e-14,1.141,v4.1,41,190,169
HGNC:29170,FAN1,156,Renal and urinary tract disorders,periferico,19450,575,5.275700000000001e-25,1.015,v4.1,63,193,319
HGNC:29170,FAN1,1537,Renal,periferico,19450,575,5.275700000000001e-25,1.015,v4.1,63,193,319
HGNC:34,ABCA4,307,Ophthalmology,central,8576,4445,3.4822e-43,0.786,v4.1,1483,1517,1445
HGNC:29021,CEP290,283,Renal,central,25131,4420,1.2493e-48,1.094,v4.1,967,1805,1648
HGNC:29021,CEP290,150,Ciliopathies,central,25131,4420,1.2493e-48,1.094,v4.1,967,1805,1648
HGNC:29021,CEP290,484,Sin clasificar,central,25131,4420,1.2493e-48,1.094,v4.1,967,1805,1648
HGNC:29021,CEP290,478,Fetal (including NIPD),central,25131,4420,1.2493e-48,1.094,v4.1,967,1805,1648
HGNC:29021,CEP290,307,Ophthalmology,central,25131,4420,1.2493e-48,1.094,v4.1,967,1805,1648
HGNC:29021,CEP290,725,Renal,central,25131,4420,1.2493e-48,1.094,v4.1,967,1805,1648
HGNC:19959,TOGARAM1,724,Neurology,periferico,10299,298,4.9374e-15,0.724,v4.1,19,29,250
HGNC:19959,TOGARAM1,484,Sin clasificar,periferico,10299,298,4.9374e-15,0.724,v4.1,19,29,250
HGNC:19959,TOGARAM1,509,Ophthalmology,periferico,10299,298,4.9374e-15,0.724,v4.1,19,29,250
HGNC:19959,TOGARAM1,478,Fetal (including NIPD),periferico,10299,298,4.9374e-15,0.724,v4.1,19,29,250
HGNC:2908,DLL1,478,Fetal (including NIPD),central,4261,744,1,0.236,v4.1,100,279,365
HGNC:2908,DLL1,78,Neurology,periferico,4261,744,1,0.236,v4.1,100,279,365
HGNC:16850,CTR9,1636,Inherited cancer,periferico,6863,768,1,0.368,v4.1,17,361,390
HGNC:16850,CTR9,243,Cancer susceptibility,periferico,6863,768,1,0.368,v4.1,17,361,390
HGNC:20318,SMOC1,34,Ophthalmological disorders,periferico,6131,183,0.17366,0.6,v4.1,18,89,76
HGNC:20318,SMOC1,509,Ophthalmology,periferico,6131,183,0.17366,0.6,v4.1,18,89,76
HGNC:20318,SMOC1,484,Sin clasificar,periferico,6131,183,0.17366,0.6,v4.1,18,89,76
HGNC:20318,SMOC1,285,Developmental disorders,periferico,6131,183,0.17366,0.6,v4.1,18,89,76
HGNC:3542,F5,516,Haematology,central,11413,1449,5.2212e-24,0.704,v4.1,112,723,614
HGNC:25720,GPATCH3,111,Viral research,periferico,2328,97,6.0839e-13,1.009,v4.1,0,11,86
HGNC:3942,MTOR,38,Growth disorders,central,13486,3022,1,0.268,v4.1,55,1812,1155
HGNC:3942,MTOR,484,Sin clasificar,central,13486,3022,1,0.268,v4.1,55,1812,1155
HGNC:3942,MTOR,478,Fetal (including NIPD),central,13486,3022,1,0.268,v4.1,55,1812,1155
HGNC:3942,MTOR,285,Developmental disorders,central,13486,3022,1,0.268,v4.1,55,1812,1155
HGNC:3942,MTOR,96,Neurology,central,13486,3022,1,0.268,v4.1,55,1812,1155
HGNC:3942,MTOR,402,Neurology,central,13486,3022,1,0.268,v4.1,55,1812,1155
HGNC:30386,SCAMP5,285,Developmental disorders,periferico,5242,26,0.98907,0.471,v4.1,0,4,22
HGNC:30386,SCAMP5,402,Neurology,periferico,5242,26,0.98907,0.471,v4.1,0,4,22
HGNC:20889,LRIG2,478,Fetal (including NIPD),periferico,14425,209,7.349e-19,0.95,v4.1,15,36,158
HGNC:20889,LRIG2,479,Developmental disorders,periferico,14425,209,7.349e-19,0.95,v4.1,15,36,158
HGNC:20889,LRIG2,484,Sin clasificar,periferico,14425,209,7.349e-19,0.95,v4.1,15,36,158
HGNC:20889,LRIG2,234,Renal and urinary tract disorders,periferico,14425,209,7.349e-19,0.95,v4.1,15,36,158
HGNC:20889,LRIG2,156,Renal and urinary tract disorders,central,14425,209,7.349e-19,0.95,v4.1,15,36,158
HGNC:17494,GJC2,568,Neurology,central,2310,430,0.45701,1.604,v4.1,77,90,263
HGNC:17494,GJC2,20,Neurology and neurodevelopmental disorders,central,2310,430,0.45701,1.604,v4.1,77,90,263
HGNC:17494,GJC2,579,Neurology,central,2310,430,0.45701,1.604,v4.1,77,90,263
HGNC:17494,GJC2,476,Neurology,central,2310,430,0.45701,1.604,v4.1,77,90,263
HGNC:17494,GJC2,466,Neurology,central,2310,430,0.45701,1.604,v4.1,77,90,263
HGNC:17494,GJC2,567,Neurology,central,2310,430,0.45701,1.604,v4.1,77,90,263
HGNC:17494,GJC2,477,Neurology,central,2310,430,0.45701,1.604,v4.1,77,90,263
HGNC:8140,OPA1,533,Mitochondrial,periferico,16728,1784,0.92269,0.503,v4.1,383,626,775
HGNC:8140,OPA1,539,Mitochondrial,periferico,16728,1784,0.92269,0.503,v4.1,383,626,775
HGNC:8140,OPA1,126,Audiology,periferico,16728,1784,0.92269,0.503,v4.1,383,626,775
HGNC:18416,FICD,472,Endocrinology,periferico,5938,86,0.05551,0.747,v4.1,2,8,76
HGNC:18416,FICD,568,Neurology,periferico,5938,86,0.05551,0.747,v4.1,2,8,76
HGNC:18416,FICD,846,Neurology,periferico,5938,86,0.05551,0.747,v4.1,2,8,76
HGNC:18416,FICD,293,Endocrinology,periferico,5938,86,0.05551,0.747,v4.1,2,8,76
HGNC:18416,FICD,285,Developmental disorders,periferico,5938,86,0.05551,0.747,v4.1,2,8,76
HGNC:16791,TSEN15,402,Neurology,periferico,10303,61,0.02955,1.116,v4.1,2,28,31
HGNC:16791,TSEN15,285,Developmental disorders,periferico,10303,61,0.02955,1.116,v4.1,2,28,31
HGNC:16791,TSEN15,162,Neurology,periferico,10303,61,0.02955,1.116,v4.1,2,28,31
HGNC:16791,TSEN15,478,Fetal (including NIPD),periferico,10303,61,0.02955,1.116,v4.1,2,28,31
HGNC:16791,TSEN15,484,Sin clasificar,periferico,10303,61,0.02955,1.116,v4.1,2,28,31
HGNC:28669,STKLD1,384,Musculoskeletal,periferico,6423,120,2.9429e-25,1.179,v4.1,0,11,109
HGNC:25598,TYW1,568,Neurology,periferico,7401,100,6.5854e-5,0.618,v4.1,0,7,93
HGNC:25598,TYW1,285,Developmental disorders,periferico,7401,100,6.5854e-5,0.618,v4.1,0,7,93
HGNC:6470,L1CAM,285,Developmental disorders,central,7303,1590,1,0.129,v2.1.1,329,809,452
HGNC:6470,L1CAM,61,Gastroenterological disorders,central,7303,1590,1,0.129,v2.1.1,329,809,452
HGNC:6470,L1CAM,478,Fetal (including NIPD),central,7303,1590,1,0.129,v2.1.1,329,809,452
HGNC:6470,L1CAM,484,Sin clasificar,central,7303,1590,1,0.129,v2.1.1,329,809,452
HGNC:6470,L1CAM,165,Neurology and neurodevelopmental disorders,periferico,7303,1590,1,0.129,v2.1.1,329,809,452
HGNC:6470,L1CAM,179,Neurology,central,7303,1590,1,0.129,v2.1.1,329,809,452
HGNC:6470,L1CAM,567,Neurology,periferico,7303,1590,1,0.129,v2.1.1,329,809,452
HGNC:26933,SPOUT1,402,Neurology,periferico,7377,36,2.2699e-11,0.977,v4.1,6,14,16
HGNC:26933,SPOUT1,478,Fetal (including NIPD),periferico,7377,36,2.2699e-11,0.977,v4.1,6,14,16
HGNC:26933,SPOUT1,1471,Endocrinology,periferico,7377,36,2.2699e-11,0.977,v4.1,6,14,16
HGNC:26933,SPOUT1,285,Developmental disorders,periferico,7377,36,2.2699e-11,0.977,v4.1,6,14,16
HGNC:26933,SPOUT1,162,Neurology,periferico,7377,36,2.2699e-11,0.977,v4.1,6,14,16
HGNC:29110,KIAA0753,150,Ciliopathies,periferico,9012,558,3.4291e-23,1.071,v4.1,49,244,265
HGNC:29110,KIAA0753,726,Musculoskeletal,periferico,9012,558,3.4291e-23,1.071,v4.1,49,244,265
HGNC:29110,KIAA0753,725,Renal,periferico,9012,558,3.4291e-23,1.071,v4.1,49,244,265
HGNC:29110,KIAA0753,309,Musculoskeletal,periferico,9012,558,3.4291e-23,1.071,v4.1,49,244,265
HGNC:16859,NOS1AP,1537,Renal,periferico,7869,110,0.98491,0.495,v4.1,2,45,63
HGNC:626,APRT,156,Renal and urinary tract disorders,periferico,3100,203,4.7393e-11,1.789,v4.1,78,45,80
HGNC:626,APRT,302,Metabolic disorders,central,3100,203,4.7393e-11,1.789,v4.1,78,45,80
HGNC:626,APRT,149,Renal,periferico,3100,203,4.7393e-11,1.789,v4.1,78,45,80
HGNC:626,APRT,467,Metabolic,central,3100,203,4.7393e-11,1.789,v4.1,78,45,80
HGNC:2928,DMD,61,Gastroenterological disorders,periferico,56537,10365,1,0.154,v2.1.1,2514,3858,3993
HGNC:2928,DMD,749,Cardiology,central,56537,10365,1,0.154,v2.1.1,2514,3858,3993
HGNC:2928,DMD,185,Neurology,central,56537,10365,1,0.154,v2.1.1,2514,3858,3993
HGNC:7631,NAGA,846,Neurology,periferico,7999,435,5.2571e-14,1.121,v4.1,42,254,139
HGNC:7631,NAGA,85,Neurology and neurodevelopmental disorders,periferico,7999,435,5.2571e-14,1.121,v4.1,42,254,139
HGNC:23419,KIF1BP,285,Developmental disorders,periferico,7533,248,1.6272e-9,1.016,v4.1,17,72,159
HGNC:23419,KIF1BP,478,Fetal (including NIPD),periferico,7533,248,1.6272e-9,1.016,v4.1,17,72,159
HGNC:23419,KIF1BP,162,Neurology,periferico,7533,248,1.6272e-9,1.016,v4.1,17,72,159
HGNC:23419,KIF1BP,484,Sin clasificar,periferico,7533,248,1.6272e-9,1.016,v4.1,17,72,159
HGNC:23419,KIF1BP,96,Neurology,periferico,7533,248,1.6272e-9,1.016,v4.1,17,72,159
HGNC:23419,KIF1BP,81,Musculoskeletal,periferico,7533,248,1.6272e-9,1.016,v4.1,17,72,159
HGNC:23791,INF2,156,Renal and urinary tract disorders,central,13874,1796,0.33382,0.526,v4.1,60,890,846
HGNC:23791,INF2,106,Renal,central,13874,1796,0.33382,0.526,v4.1,60,890,846
HGNC:4440,GP1BB,175,Haematological and immunological disorders,central,1060,161,0.010404,1.922,v4.1,46,28,87
HGNC:4440,GP1BB,545,Haematology,central,1060,161,0.010404,1.922,v4.1,46,28,87
HGNC:26970,COX20,302,Metabolic disorders,periferico,5251,162,0.056908,1.927,v4.1,15,76,71
HGNC:26970,COX20,477,Neurology,periferico,5251,162,0.056908,1.927,v4.1,15,76,71
HGNC:26970,COX20,846,Neurology,periferico,5251,162,0.056908,1.927,v4.1,15,76,71
HGNC:26970,COX20,20,Neurology and neurodevelopmental disorders,periferico,5251,162,0.056908,1.927,v4.1,15,76,71
HGNC:26970,COX20,466,Neurology,periferico,5251,162,0.056908,1.927,v4.1,15,76,71
HGNC:26970,COX20,847,Neurology,periferico,5251,162,0.056908,1.927,v4.1,15,76,71
HGNC:26970,COX20,537,Mitochondrial,central,5251,162,0.056908,1.927,v4.1,15,76,71
HGNC:3619,FCGR3A,111,Viral research,central,5138,68,4.2413e-4,1.012,v4.1,0,18,50
HGNC:3619,FCGR3A,398,Immunology,central,5138,68,4.2413e-4,1.012,v4.1,0,18,50
HGNC:6663,LOR,556,Dermatology,central,1245,142,0.0012634,1.938,v4.1,8,33,101
HGNC:6663,LOR,555,Dermatology,central,1245,142,0.0012634,1.938,v4.1,8,33,101
HGNC:27424,RBM20,749,Cardiology,central,8717,2397,0.011358,0.568,v4.1,106,874,1417
HGNC:27424,RBM20,47,Cardiovascular disorders,central,8717,2397,0.011358,0.568,v4.1,106,874,1417
HGNC:21390,RIPPLY2,309,Musculoskeletal,periferico,4078,104,8.7072e-6,1.76,v4.1,1,45,58
HGNC:21390,RIPPLY2,478,Fetal (including NIPD),periferico,4078,104,8.7072e-6,1.76,v4.1,1,45,58
HGNC:4226,GDI1,285,Developmental disorders,central,5324,262,0.99471,0.192,v2.1.1,125,40,97
HGNC:11194,SOX18,559,Dermatology,periferico,2852,225,0.21823,1.483,v4.1,8,54,163
HGNC:23452,LIPN,484,Sin clasificar,periferico,6053,135,8.2245e-4,1.072,v4.1,0,54,81
HGNC:6408,MAFB,309,Musculoskeletal,central,3389,238,0.97972,0.469,v4.1,26,49,163
HGNC:1078,BMPR2,1638,Respiratory,periferico,17821,2179,1,0.376,v4.1,539,608,1032
HGNC:2187,COL11A2,126,Audiology,central,7597,3157,2.2512e-4,0.503,v4.1,199,1641,1317
HGNC:2210,COL5A2,53,Musculoskeletal,central,9107,2372,1,0.106,v4.1,68,1226,1078
HGNC:9545,PSMB8,484,Sin clasificar,central,3480,264,2.8809e-4,0.849,v4.1,21,108,135
HGNC:9545,PSMB8,1075,Immunology,central,3480,264,2.8809e-4,0.849,v4.1,21,108,135
HGNC:44,TAP2,111,Viral research,periferico,10639,481,2.2008e-11,0.842,v4.1,26,227,228
HGNC:44,TAP2,398,Immunology,periferico,10639,481,2.2008e-11,0.842,v4.1,26,227,228
HGNC:29502,DFNB59,126,Audiology,central,5321,297,2.6728e-9,1.174,v4.1,47,139,111
HGNC:10898,SKIV2L,302,Metabolic disorders,periferico,6246,1225,7.3063e-26,0.867,v4.1,143,642,440
HGNC:10898,SKIV2L,478,Fetal (including NIPD),central,6246,1225,7.3063e-26,0.867,v4.1,143,642,440
HGNC:10683,SDHD,467,Metabolic,central,4877,928,0.90513,0.581,v4.1,165,281,482
HGNC:10683,SDHD,539,Mitochondrial,central,4877,928,0.90513,0.581,v4.1,165,281,482
HGNC:10683,SDHD,183,Cancer Programme,periferico,4877,928,0.90513,0.581,v4.1,165,281,482
HGNC:7758,NEU1,466,Neurology,periferico,5417,347,4.2346e-10,1.045,v4.1,67,163,117
HGNC:7758,NEU1,75,Metabolic disorders,periferico,5417,347,4.2346e-10,1.045,v4.1,67,163,117
HGNC:7758,NEU1,477,Neurology,periferico,5417,347,4.2346e-10,1.045,v4.1,67,163,117
HGNC:7758,NEU1,144,Dysmorphic and congenital abnormality syndromes,periferico,5417,347,4.2346e-10,1.045,v4.1,67,163,117
HGNC:12651,VARS,402,Neurology,central,6312,340,2.7777e-14,0.663,v4.1,36,58,246
HGNC:12651,VARS,285,Developmental disorders,central,6312,340,2.7777e-14,0.663,v4.1,36,58,246
HGNC:13921,ABHD16A,476,Neurology,periferico,4973,93,4.0184e-7,0.686,v4.1,8,14,71
HGNC:13921,ABHD16A,484,Sin clasificar,periferico,4973,93,4.0184e-7,0.686,v4.1,8,14,71
HGNC:13921,ABHD16A,478,Fetal (including NIPD),periferico,4973,93,4.0184e-7,0.686,v4.1,8,14,71
HGNC:13921,ABHD16A,165,Neurology and neurodevelopmental disorders,periferico,4973,93,4.0184e-7,0.686,v4.1,8,14,71
HGNC:7090,MICA,111,Viral research,periferico,5505,48,0.0032109,0.782,v4.1,0,13,35
HGNC:1802,CDSN,554,Dermatology,periferico,2555,162,0.083225,0.77,v4.1,11,78,73
HGNC:2739,DHX16,225,Neurology,periferico,6836,219,1.0486e-14,0.716,v4.1,7,22,190
HGNC:18791,ZFP57,478,Fetal (including NIPD),periferico,5521,160,9.4789e-4,1.134,v4.1,15,48,97
HGNC:18791,ZFP57,131,Endocrine disorders,periferico,5521,160,9.4789e-4,1.134,v4.1,15,48,97
HGNC:18791,ZFP57,484,Sin clasificar,periferico,5521,160,9.4789e-4,1.134,v4.1,15,48,97
HGNC:18791,ZFP57,285,Developmental disorders,periferico,5521,160,9.4789e-4,1.134,v4.1,15,48,97
HGNC:7197,MOG,541,Neurology,periferico,5515,40,3.089e-4,0.873,v4.1,1,9,30
HGNC:25280,TTC25,550,Respiratory,central,3388,83,1.0902e-10,1.044,v4.1,13,18,52
HGNC:25280,TTC25,549,Respiratory,central,3388,83,1.0902e-10,1.044,v4.1,13,18,52
HGNC:2711,DCTN1,846,Neurology,central,10439,1572,0.99981,0.448,v4.1,14,678,880
HGNC:2711,DCTN1,85,Neurology and neurodevelopmental disorders,central,10439,1572,0.99981,0.448,v4.1,14,678,880
HGNC:2711,DCTN1,474,Neurology,central,10439,1572,0.99981,0.448,v4.1,14,678,880
HGNC:34399,UQCC3,467,Metabolic,periferico,2712,50,0.001616,1.81,v4.1,1,19,30
HGNC:34399,UQCC3,112,Mitochondrial,periferico,2712,50,0.001616,1.81,v4.1,1,19,30
HGNC:34399,UQCC3,539,Mitochondrial,periferico,2712,50,0.001616,1.81,v4.1,1,19,30
HGNC:34399,UQCC3,536,Mitochondrial,periferico,2712,50,0.001616,1.81,v4.1,1,19,30
HGNC:9475,PRSS1,524,Inherited cancer,central,1872,947,2.2086e-8,1.301,v4.1,18,326,603
HGNC:20313,PKHD1L1,126,Audiology,periferico,21790,719,8.171199999999999e-97,1.054,v4.1,21,56,642
HGNC:37234,TMEM231,285,Developmental disorders,periferico,7242,522,2.6458e-9,1.41,v4.1,53,204,265
HGNC:25186,TMEM240,474,Neurology,periferico,2009,158,0.96857,0.496,v4.1,3,69,86
HGNC:25186,TMEM240,285,Developmental disorders,periferico,2009,158,0.96857,0.496,v4.1,3,69,86
HGNC:25186,TMEM240,484,Sin clasificar,periferico,2009,158,0.96857,0.496,v4.1,3,69,86
HGNC:30100,PSENEN,559,Dermatology,periferico,1716,67,0.93551,0.552,v4.1,7,30,30
HGNC:30100,PSENEN,111,Viral research,periferico,1716,67,0.93551,0.552,v4.1,7,30,30
HGNC:30100,PSENEN,398,Immunology,periferico,1716,67,0.93551,0.552,v4.1,7,30,30
HGNC:9538,PSMB10,514,Gastrohepatology,periferico,2008,61,3.8082e-10,1.299,v4.1,9,13,39
HGNC:4512,ADGRG1,477,Neurology,periferico,11473,1100,6.3056e-12,0.871,v4.1,127,628,345
HGNC:4512,ADGRG1,286,Neurology and neurodevelopmental disorders,periferico,11473,1100,6.3056e-12,0.871,v4.1,127,628,345
HGNC:4512,ADGRG1,96,Neurology,periferico,11473,1100,6.3056e-12,0.871,v4.1,127,628,345
HGNC:4512,ADGRG1,466,Neurology,periferico,11473,1100,6.3056e-12,0.871,v4.1,127,628,345
HGNC:5394,CFI,478,Fetal (including NIPD),periferico,7358,819,4.9115e-15,1.076,v4.1,135,246,438
HGNC:1348,SAMD9,285,Developmental disorders,periferico,6874,2728,0.026071,1.773,v4.1,33,820,1875
HGNC:1348,SAMD9,145,Endocrinology,periferico,6874,2728,0.026071,1.773,v4.1,33,820,1875
HGNC:1348,SAMD9,559,Dermatology,periferico,6874,2728,0.026071,1.773,v4.1,33,820,1875
HGNC:1348,SAMD9,9,Endocrinology,periferico,6874,2728,0.026071,1.773,v4.1,33,820,1875
HGNC:1348,SAMD9,478,Fetal (including NIPD),periferico,6874,2728,0.026071,1.773,v4.1,33,820,1875
HGNC:1348,SAMD9,61,Gastroenterological disorders,periferico,6874,2728,0.026071,1.773,v4.1,33,820,1875
HGNC:1348,SAMD9,176,Gastroenterological disorders,periferico,6874,2728,0.026071,1.773,v4.1,33,820,1875
HGNC:1348,SAMD9,33,Gastroenterological disorders,periferico,6874,2728,0.026071,1.773,v4.1,33,820,1875
HGNC:1348,SAMD9,484,Sin clasificar,periferico,6874,2728,0.026071,1.773,v4.1,33,820,1875
HGNC:1348,SAMD9,131,Endocrine disorders,periferico,6874,2728,0.026071,1.773,v4.1,33,820,1875
HGNC:6443,KRT6A,215,Dermatological disorders,central,2934,249,6.2076e-5,0.755,v4.1,30,92,127
HGNC:27365,TECRL,76,Cardiology,periferico,10108,392,1.9485e-6,1.563,v4.1,25,154,213
HGNC:6183,ITSN1,285,Developmental disorders,central,23688,483,1,0.304,v4.1,59,112,312
HGNC:18525,CYS1,725,Renal,periferico,3154,54,0.0072056,1.86,v4.1,1,4,49
HGNC:35126,BHLHA9,484,Sin clasificar,periferico,1372,95,0.12142,1.931,v4.1,5,29,61
HGNC:35126,BHLHA9,309,Musculoskeletal,periferico,1372,95,0.12142,1.931,v4.1,5,29,61
HGNC:35126,BHLHA9,478,Fetal (including NIPD),periferico,1372,95,0.12142,1.931,v4.1,5,29,61
HGNC:20165,NYNRIN,243,Cancer susceptibility,periferico,7983,533,8.3869e-15,0.696,v4.1,0,141,392
HGNC:30528,DNAJC19,112,Mitochondrial,central,7005,166,7.1195e-5,1.547,v4.1,21,86,59
HGNC:30528,DNAJC19,467,Metabolic,central,7005,166,7.1195e-5,1.547,v4.1,21,86,59
HGNC:30528,DNAJC19,539,Mitochondrial,central,7005,166,7.1195e-5,1.547,v4.1,21,86,59
HGNC:30528,DNAJC19,477,Neurology,central,7005,166,7.1195e-5,1.547,v4.1,21,86,59
HGNC:16644,IFITM5,196,Musculoskeletal,central,743,183,9.0352e-5,1.83,v4.1,3,83,97
HGNC:4823,HBA1,157,Haematology,periferico,868,328,0.039004,1.868,v4.1,156,47,125
HGNC:32669,TRIM71,478,Fetal (including NIPD),periferico,9684,178,1,0.275,v4.1,7,30,141
HGNC:32669,TRIM71,179,Neurology,periferico,9684,178,1,0.275,v4.1,7,30,141
HGNC:32669,TRIM71,484,Sin clasificar,periferico,9684,178,1,0.275,v4.1,7,30,141
HGNC:2226,COLQ,232,Neurology,central,9349,659,6.171e-12,0.902,v4.1,121,281,257
HGNC:17229,CFAP45,549,Respiratory,periferico,2627,122,1.0658e-6,0.713,v4.1,5,10,107
HGNC:31814,LINGO4,285,Developmental disorders,periferico,2644,99,7.9143e-7,1.137,v4.1,0,3,96
HGNC:7989,NRAS,144,Dysmorphic and congenital abnormality syndromes,central,4498,323,0.93745,0.55,v4.1,26,122,175
HGNC:7989,NRAS,484,Sin clasificar,central,4498,323,0.93745,0.55,v4.1,26,122,175
HGNC:7989,NRAS,285,Developmental disorders,central,4498,323,0.93745,0.55,v4.1,26,122,175
HGNC:7989,NRAS,398,Immunology,central,4498,323,0.93745,0.55,v4.1,26,122,175
HGNC:7989,NRAS,478,Fetal (including NIPD),central,4498,323,0.93745,0.55,v4.1,26,122,175
HGNC:7989,NRAS,559,Dermatology,central,4498,323,0.93745,0.55,v4.1,26,122,175
HGNC:7989,NRAS,131,Endocrine disorders,central,4498,323,0.93745,0.55,v4.1,26,122,175
HGNC:18623,COG8,467,Metabolic,periferico,10049,288,1.4237e-15,1.257,v4.1,17,103,168
HGNC:18623,COG8,302,Metabolic disorders,periferico,10049,288,1.4237e-15,1.257,v4.1,17,103,168
HGNC:23724,ARHGAP19,85,Neurology and neurodevelopmental disorders,periferico,6284,73,9.2321e-11,1.023,v4.1,4,2,67
HGNC:23724,ARHGAP19,846,Neurology,periferico,6284,73,9.2321e-11,1.023,v4.1,4,2,67
HGNC:6522,LCAT,106,Renal,periferico,4369,351,0.76515,0.568,v4.1,39,143,169
HGNC:6522,LCAT,658,Ophthalmology,periferico,4369,351,0.76515,0.568,v4.1,39,143,169
HGNC:30739,TMX2,96,Neurology,periferico,6002,79,2.2454e-5,0.866,v4.1,8,14,57
HGNC:30739,TMX2,162,Neurology,periferico,6002,79,2.2454e-5,0.866,v4.1,8,14,57
HGNC:30739,TMX2,478,Fetal (including NIPD),periferico,6002,79,2.2454e-5,0.866,v4.1,8,14,57
HGNC:30739,TMX2,484,Sin clasificar,periferico,6002,79,2.2454e-5,0.866,v4.1,8,14,57
HGNC:30739,TMX2,285,Developmental disorders,periferico,6002,79,2.2454e-5,0.866,v4.1,8,14,57
HGNC:30739,TMX2,402,Neurology,periferico,6002,79,2.2454e-5,0.866,v4.1,8,14,57
HGNC:4878,HEXA,302,Metabolic disorders,periferico,16165,1336,5.5652e-11,0.947,v4.1,334,527,475
HGNC:4878,HEXA,466,Neurology,periferico,16165,1336,5.5652e-11,0.947,v4.1,334,527,475
HGNC:4878,HEXA,484,Sin clasificar,periferico,16165,1336,5.5652e-11,0.947,v4.1,334,527,475
HGNC:4878,HEXA,402,Neurology,periferico,16165,1336,5.5652e-11,0.947,v4.1,334,527,475
HGNC:4878,HEXA,847,Neurology,periferico,16165,1336,5.5652e-11,0.947,v4.1,334,527,475
HGNC:4878,HEXA,285,Developmental disorders,periferico,16165,1336,5.5652e-11,0.947,v4.1,334,527,475
HGNC:4878,HEXA,20,Neurology and neurodevelopmental disorders,periferico,16165,1336,5.5652e-11,0.947,v4.1,334,527,475
HGNC:4878,HEXA,579,Neurology,periferico,16165,1336,5.5652e-11,0.947,v4.1,334,527,475
HGNC:4878,HEXA,846,Neurology,periferico,16165,1336,5.5652e-11,0.947,v4.1,334,527,475
HGNC:4878,HEXA,474,Neurology,periferico,16165,1336,5.5652e-11,0.947,v4.1,334,527,475
HGNC:4878,HEXA,477,Neurology,periferico,16165,1336,5.5652e-11,0.947,v4.1,334,527,475
HGNC:4878,HEXA,467,Metabolic,periferico,16165,1336,5.5652e-11,0.947,v4.1,334,527,475
HGNC:7710,NDUFS3,467,Metabolic,central,4759,166,4.259e-4,0.856,v4.1,9,55,102
HGNC:7710,NDUFS3,749,Cardiology,central,4759,166,4.259e-4,0.856,v4.1,9,55,102
HGNC:7710,NDUFS3,539,Mitochondrial,central,4759,166,4.259e-4,0.856,v4.1,9,55,102
HGNC:7710,NDUFS3,302,Metabolic disorders,central,4759,166,4.259e-4,0.856,v4.1,9,55,102
HGNC:7710,NDUFS3,112,Mitochondrial,central,4759,166,4.259e-4,0.856,v4.1,9,55,102
HGNC:25151,ADAT3,478,Fetal (including NIPD),periferico,3295,179,5.6981e-4,1.929,v4.1,5,29,145
HGNC:9282,PPP1CB,478,Fetal (including NIPD),central,10328,368,0.99993,0.247,v4.1,14,248,106
HGNC:9282,PPP1CB,484,Sin clasificar,central,10328,368,0.99993,0.247,v4.1,14,248,106
HGNC:9282,PPP1CB,285,Developmental disorders,central,10328,368,0.99993,0.247,v4.1,14,248,106
HGNC:9282,PPP1CB,245,Cancer susceptibility,periferico,10328,368,0.99993,0.247,v4.1,14,248,106
HGNC:9282,PPP1CB,48,Dysmorphic and congenital abnormality syndromes,central,10328,368,0.99993,0.247,v4.1,14,248,106
HGNC:18874,LAT,519,Haematology,periferico,4556,226,0.99364,0.474,v4.1,9,139,78
HGNC:18874,LAT,159,Haematological disorders,periferico,4556,226,0.99364,0.474,v4.1,9,139,78
HGNC:12269,TREX1,302,Metabolic disorders,periferico,1448,615,7.6781e-4,1.265,v4.1,80,153,382
HGNC:12269,TREX1,50,Cardiovascular disorders,periferico,1448,615,7.6781e-4,1.265,v4.1,80,153,382
HGNC:12269,TREX1,579,Neurology,periferico,1448,615,7.6781e-4,1.265,v4.1,80,153,382
HGNC:12269,TREX1,749,Cardiology,periferico,1448,615,7.6781e-4,1.265,v4.1,80,153,382
HGNC:12269,TREX1,478,Fetal (including NIPD),periferico,1448,615,7.6781e-4,1.265,v4.1,80,153,382
HGNC:12269,TREX1,307,Ophthalmology,periferico,1448,615,7.6781e-4,1.265,v4.1,80,153,382
HGNC:12269,TREX1,484,Sin clasificar,periferico,1448,615,7.6781e-4,1.265,v4.1,80,153,382
HGNC:12269,TREX1,474,Neurology,periferico,1448,615,7.6781e-4,1.265,v4.1,80,153,382
HGNC:12269,TREX1,467,Metabolic,periferico,1448,615,7.6781e-4,1.265,v4.1,80,153,382
HGNC:10419,RPS29,518,Haematology,central,11086,71,0.98428,0.308,v4.1,4,40,27
HGNC:4135,GALT,478,Fetal (including NIPD),periferico,6186,973,4.2797e-11,0.935,v4.1,338,304,331
HGNC:4135,GALT,230,Ophthalmology,periferico,6186,973,4.2797e-11,0.935,v4.1,338,304,331
HGNC:4135,GALT,385,Gastroenterological disorders,periferico,6186,973,4.2797e-11,0.935,v4.1,338,304,331
HGNC:4135,GALT,484,Sin clasificar,periferico,6186,973,4.2797e-11,0.935,v4.1,338,304,331
HGNC:4135,GALT,467,Metabolic,periferico,6186,973,4.2797e-11,0.935,v4.1,338,304,331
HGNC:4135,GALT,285,Developmental disorders,periferico,6186,973,4.2797e-11,0.935,v4.1,338,304,331
HGNC:4135,GALT,302,Metabolic disorders,periferico,6186,973,4.2797e-11,0.935,v4.1,338,304,331
HGNC:4135,GALT,155,Endocrine disorders,periferico,6186,973,4.2797e-11,0.935,v4.1,338,304,331
HGNC:4135,GALT,544,Gastrohepatology,periferico,6186,973,4.2797e-11,0.935,v4.1,338,304,331
HGNC:30684,TAX1BP3,652,Cardiology,periferico,1798,38,5.7897e-5,1.433,v4.1,0,9,29
HGNC:25576,NAXD,476,Neurology,periferico,12555,179,0.001564,0.843,v4.1,18,89,72
HGNC:25576,NAXD,484,Sin clasificar,periferico,12555,179,0.001564,0.843,v4.1,18,89,72
HGNC:25576,NAXD,749,Cardiology,periferico,12555,179,0.001564,0.843,v4.1,18,89,72
HGNC:25576,NAXD,112,Mitochondrial,periferico,12555,179,0.001564,0.843,v4.1,18,89,72
HGNC:25576,NAXD,554,Dermatology,periferico,12555,179,0.001564,0.843,v4.1,18,89,72
HGNC:23056,ALG3,25,Metabolic,central,3488,256,1.7952e-10,0.972,v4.1,41,82,133
HGNC:23056,ALG3,309,Musculoskeletal,periferico,3488,256,1.7952e-10,0.972,v4.1,41,82,133
HGNC:483,ANG,263,Neurology and neurodevelopmental disorders,periferico,5970,124,0.41982,1.697,v4.1,7,44,73
HGNC:35123,FOXI3,251,Hearing and ear disorders,periferico,4802,410,0.65256,0.73,v4.1,8,131,271
HGNC:35123,FOXI3,398,Immunology,periferico,4802,410,0.65256,0.73,v4.1,8,131,271
HGNC:35123,FOXI3,478,Fetal (including NIPD),periferico,4802,410,0.65256,0.73,v4.1,8,131,271
HGNC:35123,FOXI3,479,Developmental disorders,periferico,4802,410,0.65256,0.73,v4.1,8,131,271
HGNC:37276,ISPD,286,Neurology and neurodevelopmental disorders,central,8924,746,3.8872e-6,1.462,v4.1,70,246,430
HGNC:37276,ISPD,484,Sin clasificar,periferico,8924,746,3.8872e-6,1.462,v4.1,70,246,430
HGNC:37276,ISPD,509,Ophthalmology,periferico,8924,746,3.8872e-6,1.462,v4.1,70,246,430
HGNC:37276,ISPD,207,Neurology,central,8924,746,3.8872e-6,1.462,v4.1,70,246,430
HGNC:22965,PEX26,478,Fetal (including NIPD),periferico,18799,609,3.7786e-4,0.893,v4.1,64,246,299
HGNC:22965,PEX26,484,Sin clasificar,periferico,18799,609,3.7786e-4,0.893,v4.1,64,246,299
HGNC:22965,PEX26,285,Developmental disorders,periferico,18799,609,3.7786e-4,0.893,v4.1,64,246,299
HGNC:31673,GRXCR1,126,Audiology,central,1545,164,9.1796e-9,1.377,v4.1,17,58,89
HGNC:25790,FASTKD5,484,Sin clasificar,periferico,5808,112,3.5908e-8,0.915,v4.1,5,9,98
HGNC:2745,DDX3X,285,Developmental disorders,central,15836,1017,0.99986,0.118,v2.1.1,442,316,259
HGNC:2745,DDX3X,478,Fetal (including NIPD),central,15836,1017,0.99986,0.118,v2.1.1,442,316,259
HGNC:2745,DDX3X,402,Neurology,central,15836,1017,0.99986,0.118,v2.1.1,442,316,259
HGNC:2745,DDX3X,568,Neurology,periferico,15836,1017,0.99986,0.118,v2.1.1,442,316,259
HGNC:2745,DDX3X,484,Sin clasificar,central,15836,1017,0.99986,0.118,v2.1.1,442,316,259
HGNC:2745,DDX3X,81,Musculoskeletal,central,15836,1017,0.99986,0.118,v2.1.1,442,316,259
HGNC:14584,VPS16,467,Metabolic,periferico,4344,274,1.8091e-18,0.813,v4.1,23,36,215
HGNC:14584,VPS16,540,Neurology,periferico,4344,274,1.8091e-18,0.813,v4.1,23,36,215
HGNC:14584,VPS16,847,Neurology,periferico,4344,274,1.8091e-18,0.813,v4.1,23,36,215
HGNC:14584,VPS16,529,Metabolic,periferico,4344,274,1.8091e-18,0.813,v4.1,23,36,215
HGNC:19904,ZNF407,285,Developmental disorders,periferico,12212,549,1,0.226,v4.1,2,138,409
HGNC:5017,HMX1,251,Hearing and ear disorders,periferico,2339,387,0.0021009,1.957,v4.1,3,149,235
HGNC:5017,HMX1,230,Ophthalmology,periferico,2339,387,0.0021009,1.957,v4.1,3,149,235
HGNC:5017,HMX1,294,Ophthalmological disorders,periferico,2339,387,0.0021009,1.957,v4.1,3,149,235
HGNC:5017,HMX1,484,Sin clasificar,periferico,2339,387,0.0021009,1.957,v4.1,3,149,235
HGNC:5017,HMX1,509,Ophthalmology,periferico,2339,387,0.0021009,1.957,v4.1,3,149,235
HGNC:5017,HMX1,478,Fetal (including NIPD),periferico,2339,387,0.0021009,1.957,v4.1,3,149,235
HGNC:5017,HMX1,307,Ophthalmology,periferico,2339,387,0.0021009,1.957,v4.1,3,149,235
HGNC:5017,HMX1,250,Ophthalmological disorders,periferico,2339,387,0.0021009,1.957,v4.1,3,149,235
HGNC:29418,FNIP1,398,Immunology,periferico,16074,474,1,0.394,v4.1,24,256,194
HGNC:29418,FNIP1,749,Cardiology,periferico,16074,474,1,0.394,v4.1,24,256,194
HGNC:30690,SP9,484,Sin clasificar,periferico,2767,70,0.58234,0.731,v4.1,6,3,61
HGNC:29679,PAM16,478,Fetal (including NIPD),periferico,4474,81,0.007929,1.033,v4.1,2,61,18
HGNC:29944,TENM3,478,Fetal (including NIPD),periferico,13313,651,1,0.305,v4.1,12,248,391
HGNC:29944,TENM3,34,Ophthalmological disorders,periferico,13313,651,1,0.305,v4.1,12,248,391
HGNC:29944,TENM3,285,Developmental disorders,periferico,13313,651,1,0.305,v4.1,12,248,391
HGNC:29944,TENM3,294,Ophthalmological disorders,periferico,13313,651,1,0.305,v4.1,12,248,391
HGNC:12643,VAMP2,484,Sin clasificar,central,3950,56,0.99957,0.176,v4.1,14,12,30
HGNC:12643,VAMP2,402,Neurology,central,3950,56,0.99957,0.176,v4.1,14,12,30
HGNC:12643,VAMP2,285,Developmental disorders,central,3950,56,0.99957,0.176,v4.1,14,12,30
HGNC:12643,VAMP2,847,Neurology,central,3950,56,0.99957,0.176,v4.1,14,12,30
HGNC:12643,VAMP2,540,Neurology,central,3950,56,0.99957,0.176,v4.1,14,12,30
HGNC:12643,VAMP2,541,Neurology,periferico,3950,56,0.99957,0.176,v4.1,14,12,30
HGNC:3588,FANCG,407,Tumour syndromes,central,8337,1551,1.516e-20,1.05,v4.1,214,623,714
HGNC:3588,FANCG,508,Haematology,periferico,8337,1551,1.516e-20,1.05,v4.1,214,623,714
HGNC:3588,FANCG,59,Cancer susceptibility,central,8337,1551,1.516e-20,1.05,v4.1,214,623,714
HGNC:574,AP4M1,162,Neurology,periferico,6658,488,5.0074e-18,1.106,v4.1,67,216,205
HGNC:14253,CERS1,402,Neurology,periferico,4396,333,0.16869,0.685,v4.1,4,169,160
HGNC:14344,C1QTNF5,307,Ophthalmology,periferico,1538,303,0.13707,1.037,v4.1,6,92,205
HGNC:33551,NDUFAF8,539,Mitochondrial,periferico,1339,22,9.3729e-5,1.825,v4.1,5,10,7
HGNC:33551,NDUFAF8,478,Fetal (including NIPD),periferico,1339,22,9.3729e-5,1.825,v4.1,5,10,7
HGNC:33551,NDUFAF8,484,Sin clasificar,periferico,1339,22,9.3729e-5,1.825,v4.1,5,10,7
HGNC:33551,NDUFAF8,112,Mitochondrial,periferico,1339,22,9.3729e-5,1.825,v4.1,5,10,7
HGNC:29017,PLEKHM1,111,Viral research,periferico,16386,187,0.99991,0.433,v4.1,4,34,149
HGNC:23216,ZNF469,250,Ophthalmological disorders,central,13774,5364,0.26375,1.711,v4.1,203,2400,2761
HGNC:3438,ERCC6,258,Neurology,periferico,27192,1986,1.2087e-23,0.803,v4.1,352,969,665
HGNC:33154,ELFN1,285,Developmental disorders,periferico,6236,203,0.0033237,1.841,v4.1,5,32,166
HGNC:2861,DHFR,484,Sin clasificar,central,5265,201,0.060812,0.994,v4.1,5,123,73
HGNC:2861,DHFR,285,Developmental disorders,central,5265,201,0.060812,0.994,v4.1,5,123,73
HGNC:40038,PET100,478,Fetal (including NIPD),periferico,2246,112,9.3657e-6,1.597,v4.1,11,65,36
HGNC:40038,PET100,484,Sin clasificar,periferico,2246,112,9.3657e-6,1.597,v4.1,11,65,36
HGNC:40038,PET100,285,Developmental disorders,periferico,2246,112,9.3657e-6,1.597,v4.1,11,65,36
HGNC:40038,PET100,537,Mitochondrial,central,2246,112,9.3657e-6,1.597,v4.1,11,65,36
HGNC:23339,ACBD6,568,Neurology,periferico,13465,54,1.2278e-5,1.037,v4.1,7,11,36
HGNC:23339,ACBD6,162,Neurology,periferico,13465,54,1.2278e-5,1.037,v4.1,7,11,36
HGNC:23339,ACBD6,847,Neurology,periferico,13465,54,1.2278e-5,1.037,v4.1,7,11,36
HGNC:23339,ACBD6,478,Fetal (including NIPD),periferico,13465,54,1.2278e-5,1.037,v4.1,7,11,36
HGNC:23339,ACBD6,477,Neurology,periferico,13465,54,1.2278e-5,1.037,v4.1,7,11,36
HGNC:23357,MCTS1,398,Immunology,periferico,11048,10,0.87474,0.441,v2.1.1,3,2,5
HGNC:11892,TNF,111,Viral research,central,1685,17,0.8577,0.592,v4.1,1,6,10
HGNC:40045,PET117,467,Metabolic,periferico,1303,18,0.021293,1.821,v4.1,1,5,12
HGNC:40045,PET117,539,Mitochondrial,periferico,1303,18,0.021293,1.821,v4.1,1,5,12
HGNC:20670,TWIST2,553,Dermatology,periferico,6835,41,0.79374,0.714,v4.1,7,9,25
HGNC:10418,RPS28,59,Cancer susceptibility,periferico,2641,40,0.56144,0.908,v4.1,0,32,8
HGNC:10418,RPS28,407,Tumour syndromes,periferico,2641,40,0.56144,0.908,v4.1,0,32,8
HGNC:37227,KBTBD13,484,Sin clasificar,periferico,3203,743,4.9492e-15,1.961,v4.1,4,220,519
HGNC:37227,KBTBD13,225,Neurology,central,3203,743,4.9492e-15,1.961,v4.1,4,220,519
HGNC:40050,MCIDAS,178,Ciliopathies,central,2915,239,3.6926e-6,0.989,v4.1,17,123,99
HGNC:609,APOC2,60,Rheumatological disorders,periferico,3939,135,0.074299,1.054,v4.1,18,65,52
HGNC:609,APOC2,502,Renal,periferico,3939,135,0.074299,1.054,v4.1,18,65,52
HGNC:18121,MFRP,478,Fetal (including NIPD),periferico,4096,728,2.0484e-27,1.307,v4.1,67,280,381
HGNC:18121,MFRP,484,Sin clasificar,periferico,4096,728,2.0484e-27,1.307,v4.1,67,280,381
HGNC:32689,SLFN14,545,Haematology,periferico,7169,204,8.5512e-13,1.021,v4.1,4,45,155
HGNC:32689,SLFN14,175,Haematological and immunological disorders,periferico,7169,204,8.5512e-13,1.021,v4.1,4,45,155
HGNC:32689,SLFN14,519,Haematology,periferico,7169,204,8.5512e-13,1.021,v4.1,4,45,155
HGNC:39433,PRSS56,478,Fetal (including NIPD),periferico,2462,250,3.8589e-16,1.11,v4.1,24,85,141
HGNC:39433,PRSS56,484,Sin clasificar,periferico,2462,250,3.8589e-16,1.11,v4.1,24,85,141
HGNC:16905,KLHL41,225,Neurology,central,2675,357,8.9595e-5,0.83,v4.1,33,143,181
HGNC:291,ADSL,302,Metabolic disorders,central,12591,900,2.8047e-10,0.915,v4.1,72,271,557
HGNC:291,ADSL,402,Neurology,central,12591,900,2.8047e-10,0.915,v4.1,72,271,557
HGNC:291,ADSL,467,Metabolic,central,12591,900,2.8047e-10,0.915,v4.1,72,271,557
HGNC:291,ADSL,484,Sin clasificar,central,12591,900,2.8047e-10,0.915,v4.1,72,271,557
HGNC:291,ADSL,285,Developmental disorders,central,12591,900,2.8047e-10,0.915,v4.1,72,271,557
HGNC:18153,TNFRSF13B,484,Sin clasificar,periferico,3554,381,4.2736e-16,1.794,v4.1,35,129,217
HGNC:633,AQP1,193,Respiratory,periferico,4386,86,0.013569,0.915,v4.1,3,42,41
HGNC:23529,NSUN6,478,Fetal (including NIPD),periferico,9705,87,2.1855e-6,1.546,v4.1,3,3,81
HGNC:707,ARPC4,162,Neurology,periferico,3597,29,0.9982,0.362,v4.1,0,5,24
HGNC:707,ARPC4,484,Sin clasificar,periferico,3597,29,0.9982,0.362,v4.1,0,5,24
HGNC:11866,TMEFF1,398,Immunology,periferico,2880,13,0.035537,0.661,v4.1,0,0,13
HGNC:850,ATP5O,478,Fetal (including NIPD),central,6539,41,0.0080616,0.87,v4.1,4,5,32
HGNC:850,ATP5O,539,Mitochondrial,central,6539,41,0.0080616,0.87,v4.1,4,5,32
HGNC:850,ATP5O,112,Mitochondrial,central,6539,41,0.0080616,0.87,v4.1,4,5,32
HGNC:850,ATP5O,467,Metabolic,central,6539,41,0.0080616,0.87,v4.1,4,5,32
HGNC:25155,HOGA1,114,Metabolic disorders,periferico,5320,583,2.6411e-9,1.131,v4.1,141,236,206
HGNC:8983,PI4KA,42,Neurology and neurodevelopmental disorders,periferico,14042,406,1.9549e-6,0.548,v4.1,47,206,153
HGNC:8983,PI4KA,476,Neurology,periferico,14042,406,1.9549e-6,0.548,v4.1,47,206,153
HGNC:8983,PI4KA,176,Gastroenterological disorders,periferico,14042,406,1.9549e-6,0.548,v4.1,47,206,153
HGNC:8983,PI4KA,477,Neurology,periferico,14042,406,1.9549e-6,0.548,v4.1,47,206,153
HGNC:8983,PI4KA,568,Neurology,periferico,14042,406,1.9549e-6,0.548,v4.1,47,206,153
HGNC:8983,PI4KA,398,Immunology,periferico,14042,406,1.9549e-6,0.548,v4.1,47,206,153
HGNC:8983,PI4KA,286,Neurology and neurodevelopmental disorders,periferico,14042,406,1.9549e-6,0.548,v4.1,47,206,153
HGNC:451,AMACR,544,Gastrohepatology,central,8561,457,1.0248e-5,1.239,v4.1,4,188,265
HGNC:451,AMACR,307,Ophthalmology,periferico,8561,457,1.0248e-5,1.239,v4.1,4,188,265
HGNC:451,AMACR,385,Gastroenterological disorders,central,8561,457,1.0248e-5,1.239,v4.1,4,188,265
HGNC:8717,PCDHGC4,484,Sin clasificar,periferico,4972,122,1,0.363,v4.1,10,8,104
HGNC:8717,PCDHGC4,162,Neurology,periferico,4972,122,1,0.363,v4.1,10,8,104
HGNC:8717,PCDHGC4,402,Neurology,periferico,4972,122,1,0.363,v4.1,10,8,104
HGNC:8717,PCDHGC4,285,Developmental disorders,periferico,4972,122,1,0.363,v4.1,10,8,104
HGNC:22197,AP5Z1,307,Ophthalmology,periferico,8760,1251,1.001e-47,1.641,v4.1,72,476,703
HGNC:22197,AP5Z1,568,Neurology,central,8760,1251,1.001e-47,1.641,v4.1,72,476,703
HGNC:16035,STRC,126,Audiology,central,9773,375,3.8356e-6,0.713,v4.1,82,65,228
HGNC:1037,CFB,156,Renal and urinary tract disorders,periferico,5403,633,1.4693e-10,0.719,v4.1,13,242,378
HGNC:15910,NFS1,467,Metabolic,central,7832,179,0.073263,0.669,v4.1,0,99,80
HGNC:15910,NFS1,539,Mitochondrial,central,7832,179,0.073263,0.669,v4.1,0,99,80
HGNC:2728,DDOST,25,Metabolic,central,5205,306,7.799e-4,0.747,v4.1,3,145,158
HGNC:2728,DDOST,467,Metabolic,central,5205,306,7.799e-4,0.747,v4.1,3,145,158
HGNC:18085,TMEM199,25,Metabolic,periferico,4586,91,9.3946e-9,1.374,v4.1,7,39,45
HGNC:18085,TMEM199,484,Sin clasificar,periferico,4586,91,9.3946e-9,1.374,v4.1,7,39,45
HGNC:18085,TMEM199,467,Metabolic,periferico,4586,91,9.3946e-9,1.374,v4.1,7,39,45
HGNC:4888,CFHR1,139,Renal,periferico,3647,150,6.9235e-7,1.208,v4.1,5,79,66
HGNC:19869,SCARF2,478,Fetal (including NIPD),periferico,4260,281,2.8576e-11,0.992,v4.1,14,94,173
HGNC:19869,SCARF2,81,Musculoskeletal,periferico,4260,281,2.8576e-11,0.992,v4.1,14,94,173
HGNC:19869,SCARF2,484,Sin clasificar,periferico,4260,281,2.8576e-11,0.992,v4.1,14,94,173
HGNC:19869,SCARF2,309,Musculoskeletal,periferico,4260,281,2.8576e-11,0.992,v4.1,14,94,173
HGNC:19869,SCARF2,258,Neurology,periferico,4260,281,2.8576e-11,0.992,v4.1,14,94,173
HGNC:4827,HBB,159,Haematological disorders,central,1749,1678,7.4233e-10,1.964,v4.1,434,856,388
HGNC:4827,HBB,518,Haematology,central,1749,1678,7.4233e-10,1.964,v4.1,434,856,388
HGNC:2398,CRYBB2,230,Ophthalmology,central,2827,143,0.089294,0.765,v4.1,15,56,72
HGNC:1833,CEBPA,407,Tumour syndromes,periferico,2601,1319,0.26038,1.372,v4.1,66,397,856
HGNC:40028,UBAP1L,307,Ophthalmology,periferico,9683,106,5.0745e-12,1.548,v4.1,8,5,93
HGNC:25133,MARS2,474,Neurology,periferico,3027,313,1.4138e-8,0.952,v4.1,7,79,227
HGNC:25133,MARS2,20,Neurology and neurodevelopmental disorders,periferico,3027,313,1.4138e-8,0.952,v4.1,7,79,227
HGNC:986,BCKDHA,467,Metabolic,central,3052,820,5.6705e-13,1.086,v4.1,184,410,226
HGNC:986,BCKDHA,302,Metabolic disorders,central,3052,820,5.6705e-13,1.086,v4.1,184,410,226
HGNC:986,BCKDHA,402,Neurology,central,3052,820,5.6705e-13,1.086,v4.1,184,410,226
HGNC:986,BCKDHA,285,Developmental disorders,central,3052,820,5.6705e-13,1.086,v4.1,184,410,226
HGNC:14294,SHANK3,285,Developmental disorders,central,14270,1228,0.99961,0.446,v4.1,281,397,550
HGNC:14294,SHANK3,402,Neurology,central,14270,1228,0.99961,0.446,v4.1,281,397,550
HGNC:14294,SHANK3,484,Sin clasificar,central,14270,1228,0.99961,0.446,v4.1,281,397,550
HGNC:14294,SHANK3,65,Cardiology,periferico,14270,1228,0.99961,0.446,v4.1,281,397,550
HGNC:32456,ALG11,25,Metabolic,central,16771,219,1.5591e-6,0.908,v4.1,19,63,137
HGNC:9413,PRKDC,111,Viral research,central,29818,5004,1,0.183,v4.1,3,2288,2713
HGNC:9413,PRKDC,398,Immunology,central,29818,5004,1,0.183,v4.1,3,2288,2713
HGNC:6735,LYN,398,Immunology,central,6748,304,1,0.282,v4.1,4,172,128
HGNC:6081,INS,26,Endocrine disorders,central,656,186,0.019816,1.195,v4.1,39,54,93
HGNC:6081,INS,293,Endocrinology,central,656,186,0.019816,1.195,v4.1,39,54,93
HGNC:6081,INS,472,Endocrinology,central,656,186,0.019816,1.195,v4.1,39,54,93
HGNC:6081,INS,152,Endocrine disorders,central,656,186,0.019816,1.195,v4.1,39,54,93
HGNC:37247,BORCS8,402,Neurology,periferico,6123,34,6.1325e-4,1.104,v4.1,5,1,28
HGNC:37247,BORCS8,568,Neurology,periferico,6123,34,6.1325e-4,1.104,v4.1,5,1,28
HGNC:37247,BORCS8,484,Sin clasificar,periferico,6123,34,6.1325e-4,1.104,v4.1,5,1,28
HGNC:37247,BORCS8,285,Developmental disorders,periferico,6123,34,6.1325e-4,1.104,v4.1,5,1,28
HGNC:28213,PIGY,478,Fetal (including NIPD),periferico,1323,21,0.08398,1.641,v4.1,2,7,12
HGNC:28213,PIGY,484,Sin clasificar,periferico,1323,21,0.08398,1.641,v4.1,2,7,12
HGNC:20492,APOPT1,112,Mitochondrial,periferico,5737,190,1.1686e-6,1.305,v4.1,16,97,77
HGNC:20492,APOPT1,467,Metabolic,periferico,5737,190,1.1686e-6,1.305,v4.1,16,97,77
HGNC:20492,APOPT1,484,Sin clasificar,periferico,5737,190,1.1686e-6,1.305,v4.1,16,97,77
HGNC:20492,APOPT1,476,Neurology,periferico,5737,190,1.1686e-6,1.305,v4.1,16,97,77
HGNC:20492,APOPT1,285,Developmental disorders,periferico,5737,190,1.1686e-6,1.305,v4.1,16,97,77
HGNC:20492,APOPT1,302,Metabolic disorders,periferico,5737,190,1.1686e-6,1.305,v4.1,16,97,77
HGNC:20492,APOPT1,539,Mitochondrial,periferico,5737,190,1.1686e-6,1.305,v4.1,16,97,77
HGNC:20492,APOPT1,537,Mitochondrial,periferico,5737,190,1.1686e-6,1.305,v4.1,16,97,77
HGNC:4982,HMBS,467,Metabolic,central,6080,752,0.81406,0.546,v4.1,187,271,294
HGNC:4982,HMBS,302,Metabolic disorders,central,6080,752,0.81406,0.546,v4.1,187,271,294
HGNC:9180,POLG2,533,Mitochondrial,central,4804,570,1.5891e-8,1.156,v4.1,33,186,351
HGNC:2557,CUX1,285,Developmental disorders,central,19431,590,1,0.277,v4.1,56,152,382
HGNC:2557,CUX1,484,Sin clasificar,central,19431,590,1,0.277,v4.1,56,152,382
HGNC:15888,RTEL1,1174,Respiratory,central,10321,4816,1.271e-13,0.661,v4.1,287,2214,2315
HGNC:15888,RTEL1,33,Gastroenterological disorders,periferico,10321,4816,1.271e-13,0.661,v4.1,287,2214,2315
HGNC:15888,RTEL1,407,Tumour syndromes,central,10321,4816,1.271e-13,0.661,v4.1,287,2214,2315
HGNC:15888,RTEL1,176,Gastroenterological disorders,periferico,10321,4816,1.271e-13,0.661,v4.1,287,2214,2315
HGNC:15888,RTEL1,525,Haematology,periferico,10321,4816,1.271e-13,0.661,v4.1,287,2214,2315
HGNC:15888,RTEL1,59,Cancer susceptibility,central,10321,4816,1.271e-13,0.661,v4.1,287,2214,2315
HGNC:20772,TUBB3,477,Neurology,central,7421,384,0.042291,0.69,v4.1,55,142,187
HGNC:20772,TUBB3,484,Sin clasificar,central,7421,384,0.042291,0.69,v4.1,55,142,187
HGNC:20772,TUBB3,286,Neurology and neurodevelopmental disorders,periferico,7421,384,0.042291,0.69,v4.1,55,142,187
HGNC:20772,TUBB3,478,Fetal (including NIPD),central,7421,384,0.042291,0.69,v4.1,55,142,187
HGNC:20772,TUBB3,402,Neurology,central,7421,384,0.042291,0.69,v4.1,55,142,187
HGNC:20772,TUBB3,285,Developmental disorders,central,7421,384,0.042291,0.69,v4.1,55,142,187
HGNC:20772,TUBB3,96,Neurology,central,7421,384,0.042291,0.69,v4.1,55,142,187
HGNC:6156,ITGB3,175,Haematological and immunological disorders,central,9758,969,6.4519e-7,0.685,v4.1,193,415,361
HGNC:6156,ITGB3,545,Haematology,central,9758,969,6.4519e-7,0.685,v4.1,193,415,361
HGNC:1362,FRRS1L,402,Neurology,periferico,15513,438,1.4941e-4,1.41,v4.1,39,171,228
HGNC:1362,FRRS1L,478,Fetal (including NIPD),periferico,15513,438,1.4941e-4,1.41,v4.1,39,171,228
HGNC:38705,ZNF865,96,Neurology,periferico,4078,154,0.63395,1.076,v4.1,1,4,149
HGNC:38705,ZNF865,285,Developmental disorders,central,4078,154,0.63395,1.076,v4.1,1,4,149
HGNC:38705,ZNF865,478,Fetal (including NIPD),periferico,4078,154,0.63395,1.076,v4.1,1,4,149
HGNC:44662,CCER2,147,Neurology,periferico,1151,39,2.5499e-7,1.298,v4.1,0,26,13
HGNC:43444,MYZAP,749,Cardiology,periferico,7396,8,8.5514e-20,1.114,v4.1,8,0,0
HGNC:43444,MYZAP,652,Cardiology,periferico,7396,8,8.5514e-20,1.114,v4.1,8,0,0
HGNC:9905,RBM8A,484,Sin clasificar,central,6369,98,0.93671,0.546,v4.1,11,65,22
HGNC:9905,RBM8A,478,Fetal (including NIPD),central,6369,98,0.93671,0.546,v4.1,11,65,22
HGNC:30172,STRADA,149,Renal,periferico,11434,434,0.0078763,0.649,v4.1,24,210,200
HGNC:30172,STRADA,179,Neurology,periferico,11434,434,0.0078763,0.649,v4.1,24,210,200
HGNC:30546,FDX2,302,Metabolic disorders,central,1533,153,3.7103e-4,1.164,v4.1,4,102,47
HGNC:30546,FDX2,467,Metabolic,central,1533,153,3.7103e-4,1.164,v4.1,4,102,47
HGNC:24846,GAS2L2,178,Ciliopathies,periferico,3396,225,8.2195e-5,0.884,v4.1,1,64,160
HGNC:24846,GAS2L2,484,Sin clasificar,periferico,3396,225,8.2195e-5,0.884,v4.1,1,64,160
HGNC:10632,CCL5,111,Viral research,central,1372,11,0.14581,1.387,v4.1,0,2,9
HGNC:21157,GTF2H5,77,Dermatology,central,9484,68,0.013389,1.727,v4.1,10,28,30
HGNC:15840,KMT2B,180,Neurology and neurodevelopmental disorders,periferico,10807,2635,1,0.127,v4.1,151,1313,1171
HGNC:4586,GRIN2B,478,Fetal (including NIPD),central,31141,1827,1,0.102,v4.1,299,807,721
HGNC:4586,GRIN2B,402,Neurology,central,31141,1827,1,0.102,v4.1,299,807,721
HGNC:4586,GRIN2B,285,Developmental disorders,central,31141,1827,1,0.102,v4.1,299,807,721
HGNC:4586,GRIN2B,484,Sin clasificar,central,31141,1827,1,0.102,v4.1,299,807,721
HGNC:12309,ZNHIT3,478,Fetal (including NIPD),periferico,6909,48,4.6604e-11,1.869,v4.1,3,10,35
HGNC:11630,HNF1B,150,Ciliopathies,periferico,5810,972,1,0.239,v4.1,339,236,397
HGNC:11630,HNF1B,548,Renal,periferico,5810,972,1,0.239,v4.1,339,236,397
HGNC:11630,HNF1B,725,Renal,periferico,5810,972,1,0.239,v4.1,339,236,397
HGNC:11630,HNF1B,472,Endocrinology,central,5810,972,1,0.239,v4.1,339,236,397
HGNC:25896,ORAI1,111,Viral research,periferico,2735,468,2.062e-4,1.24,v4.1,22,171,275
HGNC:25896,ORAI1,269,Musculoskeletal,periferico,2735,468,2.062e-4,1.24,v4.1,22,171,275
HGNC:25896,ORAI1,185,Neurology,periferico,2735,468,2.062e-4,1.24,v4.1,22,171,275
HGNC:25896,ORAI1,175,Haematological and immunological disorders,periferico,2735,468,2.062e-4,1.24,v4.1,22,171,275
HGNC:20449,PADI6,1471,Endocrinology,periferico,2396,135,2.6604e-18,0.995,v4.1,20,42,73
HGNC:24945,GPIHBP1,467,Metabolic,periferico,2503,203,6.9154e-5,1.723,v4.1,22,104,77
HGNC:7739,NEFL,85,Neurology and neurodevelopmental disorders,central,3940,702,8.8766e-10,0.986,v4.1,51,197,454
HGNC:7739,NEFL,846,Neurology,central,3940,702,8.8766e-10,0.986,v4.1,51,197,454
HGNC:84,ACACA,285,Developmental disorders,central,14983,417,1,0.374,v4.1,2,196,219
HGNC:84,ACACA,467,Metabolic,central,14983,417,1,0.374,v4.1,2,196,219
HGNC:7974,NR2E3,307,Ophthalmology,central,3244,866,7.8371e-15,1.47,v4.1,154,343,369
HGNC:30162,EXOC3L2,150,Ciliopathies,periferico,5977,131,0.045725,0.687,v4.1,3,45,83
HGNC:30162,EXOC3L2,234,Renal and urinary tract disorders,periferico,5977,131,0.045725,0.687,v4.1,3,45,83
HGNC:30162,EXOC3L2,724,Neurology,periferico,5977,131,0.045725,0.687,v4.1,3,45,83
HGNC:30162,EXOC3L2,478,Fetal (including NIPD),periferico,5977,131,0.045725,0.687,v4.1,3,45,83
HGNC:11582,TBCE,846,Neurology,periferico,12932,638,2.2119e-12,0.868,v4.1,64,378,196
HGNC:11582,TBCE,309,Musculoskeletal,periferico,12932,638,2.2119e-12,0.868,v4.1,64,378,196
HGNC:11582,TBCE,131,Endocrine disorders,periferico,12932,638,2.2119e-12,0.868,v4.1,64,378,196
HGNC:25244,CCDC39,550,Respiratory,central,10665,967,6.1729e-20,1.226,v4.1,177,459,331
HGNC:25033,LRTOMT,126,Audiology,periferico,3830,253,1.5876e-9,1.315,v4.1,27,69,157
HGNC:5961,IKBKG,565,Dermatology,central,6418,282,0.084853,1.373,v2.1.1,185,32,65
HGNC:5961,IKBKG,65,Cardiology,periferico,6418,282,0.084853,1.373,v2.1.1,185,32,65
HGNC:5961,IKBKG,111,Viral research,central,6418,282,0.084853,1.373,v2.1.1,185,32,65
HGNC:5961,IKBKG,554,Dermatology,periferico,6418,282,0.084853,1.373,v2.1.1,185,32,65
HGNC:5961,IKBKG,307,Ophthalmology,central,6418,282,0.084853,1.373,v2.1.1,185,32,65
HGNC:13486,USP27X,285,Developmental disorders,periferico,3075,85,0.92373,0.363,v2.1.1,10,13,62
HGNC:13486,USP27X,478,Fetal (including NIPD),periferico,3075,85,0.92373,0.363,v2.1.1,10,13,62
HGNC:13486,USP27X,484,Sin clasificar,periferico,3075,85,0.92373,0.363,v2.1.1,10,13,62
